ID_Q;CUARTO;ID_partido;#;EQUIPO;JORNADA;RESULTADO;RIVAL;RESULTADO_RIVAL;LOCAL;TITULAR;VICTORIA;MIN_Q;SEG_Q;PTS_Q;TCA_Q;TCI_Q;TCF_Q;T2A_Q;T2I_Q;T2F_Q;T3A_Q;T3I_Q;T3F_Q;TLA_Q;TLI_Q;TLF_Q;RO_Q;RD_Q;RT_Q;ASI_Q;PER_Q;REC_Q;TAP_Q;TAPR_Q;FP_Q;FPR_Q;MAT_Q;+/-_Q;VAL_Q;MIN_Eq_Q;PTS_Eq_Q;TCA_Eq_Q;TCI_Eq_Q;TCF_Eq_Q;T2A_Eq_Q;T2I_Eq_Q;T2F_Eq_Q;T3A_Eq_Q;T3I_Eq_Q;T3F_Eq_Q;TLA_Eq_Q;TLI_Eq_Q;TLF_Eq_Q;RO_Eq_Q;RD_Eq_Q;RT_Eq_Q;ASI_Eq_Q;PER_Eq_Q;REC_Eq_Q;TAP_Eq_Q;TAPR_Eq_Q;FP_Eq_Q;FPR_Eq_Q;MAT_Eq_Q;VAL_Eq_Q
0_UNI_J1_Q1;1;0_UNI_J1;0;UNI;1;86;SBB;68;True;True;True;4,9;294;0;0;2;2;0;1;1;0;1;1;0;0;0;1;2;3;0;0;0;0;0;1;0;0;-4;0;20,0;15;6;12;6;5;8;3;1;4;3;2;3;1;1;5;6;6;6;3;0;0;4;4;1;17
2_UNI_J1_Q1;1;2_UNI_J1;2;UNI;1;86;SBB;68;True;True;True;4,9;294;2;0;1;1;0;1;1;0;0;0;2;2;0;0;0;0;0;0;0;0;0;1;1;0;-4;1;20,0;15;6;12;6;5;8;3;1;4;3;2;3;1;1;5;6;6;6;3;0;0;4;4;1;17
4_UNI_J1_Q1;1;4_UNI_J1;4;UNI;1;86;SBB;68;True;False;True;4,6;276;3;1;1;0;0;0;0;1;1;0;0;0;0;0;0;0;1;1;0;0;0;0;0;0;2;3;20,0;15;6;12;6;5;8;3;1;4;3;2;3;1;1;5;6;6;6;3;0;0;4;4;1;17
7_UNI_J1_Q1;1;7_UNI_J1;7;UNI;1;86;SBB;68;True;False;True;6,1;366;2;1;1;0;1;1;0;0;0;0;0;1;1;0;0;0;0;0;1;0;0;0;2;0;-2;4;20,0;15;6;12;6;5;8;3;1;4;3;2;3;1;1;5;6;6;6;3;0;0;4;4;1;17
9_UNI_J1_Q1;1;9_UNI_J1;9;UNI;1;86;SBB;68;True;False;True;5,1;306;2;1;1;0;1;1;0;0;0;0;0;0;0;0;0;0;0;0;0;0;0;0;1;0;1;3;20,0;15;6;12;6;5;8;3;1;4;3;2;3;1;1;5;6;6;6;3;0;0;4;4;1;17
13_UNI_J1_Q1;1;13_UNI_J1;13;UNI;1;86;SBB;68;True;False;True;1,6;96;0;0;0;0;0;0;0;0;0;0;0;0;0;0;0;0;0;0;0;0;0;0;0;0;-4;0;20,0;15;6;12;6;5;8;3;1;4;3;2;3;1;1;5;6;6;6;3;0;0;4;4;1;17
14_UNI_J1_Q1;1;14_UNI_J1;14;UNI;1;86;SBB;68;True;True;True;3,85;231;0;0;1;1;0;0;0;0;1;1;0;0;0;0;1;1;0;2;0;0;0;0;0;0;-1;-2;20,0;15;6;12;6;5;8;3;1;4;3;2;3;1;1;5;6;6;6;3;0;0;4;4;1;17
19_UNI_J1_Q1;1;19_UNI_J1;19;UNI;1;86;SBB;68;True;False;True;1,55;93;0;0;0;0;0;0;0;0;0;0;0;0;0;0;0;0;0;1;0;0;0;1;0;0;-4;-2;20,0;15;6;12;6;5;8;3;1;4;3;2;3;1;1;5;6;6;6;3;0;0;4;4;1;17
27_UNI_J1_Q1;1;27_UNI_J1;27;UNI;1;86;SBB;68;True;True;True;3,85;231;2;1;1;0;1;1;0;0;0;0;0;0;0;0;0;0;1;0;0;0;0;0;0;0;-1;3;20,0;15;6;12;6;5;8;3;1;4;3;2;3;1;1;5;6;6;6;3;0;0;4;4;1;17
33_UNI_J1_Q1;1;33_UNI_J1;33;UNI;1;86;SBB;68;True;False;True;3,55;213;0;0;1;1;0;0;0;0;1;1;0;0;0;0;1;1;2;1;1;0;0;0;0;0;5;2;20,0;15;6;12;6;5;8;3;1;4;3;2;3;1;1;5;6;6;6;3;0;0;4;4;1;17
45_UNI_J1_Q1;1;45_UNI_J1;45;UNI;1;86;SBB;68;True;False;True;5,1;306;2;1;2;1;1;2;1;0;0;0;0;0;0;0;1;1;1;1;0;0;0;0;0;1;1;2;20,0;15;6;12;6;5;8;3;1;4;3;2;3;1;1;5;6;6;6;3;0;0;4;4;1;17
55_UNI_J1_Q1;1;55_UNI_J1;55;UNI;1;86;SBB;68;True;True;True;4,9;294;2;1;1;0;1;1;0;0;0;0;0;0;0;0;0;0;1;0;1;0;0;1;0;0;-4;3;20,0;15;6;12;6;5;8;3;1;4;3;2;3;1;1;5;6;6;6;3;0;0;4;4;1;17
UNI_UNI_J1_Q1;1;UNI_UNI_J1;UNI;UNI;1;86;SBB;68;True;False;True;50,0;3000;0;0;0;0;0;0;0;0;0;0;0;0;0;0;0;0;0;0;0;0;0;0;0;0;0;0;20,0;15;6;12;6;5;8;3;1;4;3;2;3;1;1;5;6;6;6;3;0;0;4;4;1;17
0_UNI_J1_Q2;2;0_UNI_J1;0;UNI;1;86;SBB;68;True;True;True;4,433333333333334;266;4;2;2;0;2;2;0;0;0;0;0;0;0;0;0;0;0;0;0;0;0;0;0;1;8;4;20,0;31;11;19;8;5;11;6;6;8;2;3;3;0;2;9;11;8;1;1;0;1;6;4;1;39
2_UNI_J1_Q2;2;2_UNI_J1;2;UNI;1;86;SBB;68;True;True;True;3,683333333333333;221;6;2;3;1;1;2;1;1;1;0;1;1;0;0;3;3;0;0;0;0;1;1;2;0;8;8;20,0;31;11;19;8;5;11;6;6;8;2;3;3;0;2;9;11;8;1;1;0;1;6;4;1;39
4_UNI_J1_Q2;2;4_UNI_J1;4;UNI;1;86;SBB;68;True;False;True;5,833333333333333;350;0;0;2;2;0;2;2;0;0;0;0;0;0;1;0;1;0;0;0;0;0;1;0;0;9;-2;20,0;31;11;19;8;5;11;6;6;8;2;3;3;0;2;9;11;8;1;1;0;1;6;4;1;39
7_UNI_J1_Q2;2;7_UNI_J1;7;UNI;1;86;SBB;68;True;False;True;1,15;69;2;0;1;1;0;0;0;0;1;1;2;2;0;0;0;0;0;0;0;0;0;0;1;0;2;2;20,0;31;11;19;8;5;11;6;6;8;2;3;3;0;2;9;11;8;1;1;0;1;6;4;1;39
9_UNI_J1_Q2;2;9_UNI_J1;9;UNI;1;86;SBB;68;True;False;True;3,8333333333333335;230;3;1;1;0;0;0;0;1;1;0;0;0;0;0;0;0;1;0;0;0;0;0;0;0;8;4;20,0;31;11;19;8;5;11;6;6;8;2;3;3;0;2;9;11;8;1;1;0;1;6;4;1;39
13_UNI_J1_Q2;2;13_UNI_J1;13;UNI;1;86;SBB;68;True;False;True;4,066666666666666;244;0;0;1;1;0;0;0;0;1;1;0;0;0;0;0;0;2;0;0;0;0;0;0;0;7;1;20,0;31;11;19;8;5;11;6;6;8;2;3;3;0;2;9;11;8;1;1;0;1;6;4;1;39
14_UNI_J1_Q2;2;14_UNI_J1;14;UNI;1;86;SBB;68;True;True;True;5,933333333333334;356;5;2;4;2;1;3;2;1;1;0;0;0;0;0;0;0;0;0;1;0;0;1;0;0;8;3;20,0;31;11;19;8;5;11;6;6;8;2;3;3;0;2;9;11;8;1;1;0;1;6;4;1;39
19_UNI_J1_Q2;2;19_UNI_J1;19;UNI;1;86;SBB;68;True;False;True;3,25;195;2;1;1;0;1;1;0;0;0;0;0;0;0;0;2;2;0;0;0;0;0;1;0;0;4;3;20,0;31;11;19;8;5;11;6;6;8;2;3;3;0;2;9;11;8;1;1;0;1;6;4;1;39
27_UNI_J1_Q2;2;27_UNI_J1;27;UNI;1;86;SBB;68;True;True;True;5,233333333333333;314;3;1;1;0;0;0;0;1;1;0;0;0;0;0;1;1;1;1;0;0;0;0;0;0;8;4;20,0;31;11;19;8;5;11;6;6;8;2;3;3;0;2;9;11;8;1;1;0;1;6;4;1;39
33_UNI_J1_Q2;2;33_UNI_J1;33;UNI;1;86;SBB;68;True;False;True;2,316666666666667;139;0;0;0;0;0;0;0;0;0;0;0;0;0;0;1;1;0;0;0;0;0;0;0;0;3;1;20,0;31;11;19;8;5;11;6;6;8;2;3;3;0;2;9;11;8;1;1;0;1;6;4;1;39
45_UNI_J1_Q2;2;45_UNI_J1;45;UNI;1;86;SBB;68;True;False;True;6,316666666666666;379;3;1;1;0;0;0;0;1;1;0;0;0;0;1;2;3;2;0;0;0;0;1;0;0;7;7;20,0;31;11;19;8;5;11;6;6;8;2;3;3;0;2;9;11;8;1;1;0;1;6;4;1;39
55_UNI_J1_Q2;2;55_UNI_J1;55;UNI;1;86;SBB;68;True;True;True;3,95;237;3;1;2;1;0;1;1;1;1;0;0;0;0;0;0;0;2;0;0;0;0;1;1;0;3;4;20,0;31;11;19;8;5;11;6;6;8;2;3;3;0;2;9;11;8;1;1;0;1;6;4;1;39
UNI_UNI_J1_Q2;2;UNI_UNI_J1;UNI;UNI;1;86;SBB;68;True;False;True;50,0;3000;0;0;0;0;0;0;0;0;0;0;0;0;0;0;0;0;0;0;0;0;0;0;0;0;0;0;20,0;31;11;19;8;5;11;6;6;8;2;3;3;0;2;9;11;8;1;1;0;1;6;4;1;39
0_UNI_J1_Q3;3;0_UNI_J1;0;UNI;1;86;SBB;68;True;True;True;3,066666666666667;184;2;0;1;1;0;0;0;0;1;1;2;2;0;0;0;0;0;0;0;0;0;1;1;0;-1;1;20,0;20;8;14;6;8;11;3;0;3;3;4;4;0;2;2;4;7;5;1;0;1;6;5;0;19
2_UNI_J1_Q3;3;2_UNI_J1;2;UNI;1;86;SBB;68;True;True;True;5,966666666666667;358;4;2;2;0;2;2;0;0;0;0;0;0;0;0;0;0;0;1;0;0;0;1;1;0;-9;3;20,0;20;8;14;6;8;11;3;0;3;3;4;4;0;2;2;4;7;5;1;0;1;6;5;0;19
4_UNI_J1_Q3;3;4_UNI_J1;4;UNI;1;86;SBB;68;True;False;True;1,5833333333333333;95;0;0;0;0;0;0;0;0;0;0;0;0;0;0;0;0;0;0;0;0;0;1;0;0;0;-1;20,0;20;8;14;6;8;11;3;0;3;3;4;4;0;2;2;4;7;5;1;0;1;6;5;0;19
7_UNI_J1_Q3;3;7_UNI_J1;7;UNI;1;86;SBB;68;True;False;True;2,216666666666667;133;0;0;0;0;0;0;0;0;0;0;0;0;0;0;0;0;0;0;0;0;0;1;0;0;-7;-1;20,0;20;8;14;6;8;11;3;0;3;3;4;4;0;2;2;4;7;5;1;0;1;6;5;0;19
9_UNI_J1_Q3;3;9_UNI_J1;9;UNI;1;86;SBB;68;True;False;True;5,183333333333334;311;0;0;0;0;0;0;0;0;0;0;0;0;0;1;0;1;1;1;0;0;0;0;1;0;-7;2;20,0;20;8;14;6;8;11;3;0;3;3;4;4;0;2;2;4;7;5;1;0;1;6;5;0;19
13_UNI_J1_Q3;3;13_UNI_J1;13;UNI;1;86;SBB;68;True;False;True;2,216666666666667;133;2;1;3;2;1;2;1;0;1;1;0;0;0;0;0;0;0;1;0;0;1;0;0;0;-7;-2;20,0;20;8;14;6;8;11;3;0;3;3;4;4;0;2;2;4;7;5;1;0;1;6;5;0;19
14_UNI_J1_Q3;3;14_UNI_J1;14;UNI;1;86;SBB;68;True;True;True;6,2;372;4;2;2;0;2;2;0;0;0;0;0;0;0;0;0;0;0;0;0;0;0;0;0;0;4;4;20,0;20;8;14;6;8;11;3;0;3;3;4;4;0;2;2;4;7;5;1;0;1;6;5;0;19
19_UNI_J1_Q3;3;19_UNI_J1;19;UNI;1;86;SBB;68;True;False;True;3,8833333333333333;233;2;1;2;1;1;2;1;0;0;0;0;0;0;0;0;0;0;1;0;0;0;1;0;0;6;-1;20,0;20;8;14;6;8;11;3;0;3;3;4;4;0;2;2;4;7;5;1;0;1;6;5;0;19
27_UNI_J1_Q3;3;27_UNI_J1;27;UNI;1;86;SBB;68;True;True;True;7,783333333333333;467;2;1;2;1;1;2;1;0;0;0;0;0;0;0;1;1;4;0;0;0;0;0;0;0;4;6;20,0;20;8;14;6;8;11;3;0;3;3;4;4;0;2;2;4;7;5;1;0;1;6;5;0;19
33_UNI_J1_Q3;3;33_UNI_J1;33;UNI;1;86;SBB;68;True;False;True;3,05;183;0;0;0;0;0;0;0;0;0;0;0;0;0;0;0;0;0;0;0;0;0;0;0;0;-8;0;20,0;20;8;14;6;8;11;3;0;3;3;4;4;0;2;2;4;7;5;1;0;1;6;5;0;19
45_UNI_J1_Q3;3;45_UNI_J1;45;UNI;1;86;SBB;68;True;False;True;4,033333333333333;242;2;1;1;0;1;1;0;0;0;0;0;0;0;0;1;1;1;1;0;0;0;0;0;0;6;3;20,0;20;8;14;6;8;11;3;0;3;3;4;4;0;2;2;4;7;5;1;0;1;6;5;0;19
55_UNI_J1_Q3;3;55_UNI_J1;55;UNI;1;86;SBB;68;True;True;True;4,816666666666666;289;2;0;1;1;0;0;0;0;1;1;2;2;0;0;0;0;1;0;1;0;0;1;2;0;4;4;20,0;20;8;14;6;8;11;3;0;3;3;4;4;0;2;2;4;7;5;1;0;1;6;5;0;19
UNI_UNI_J1_Q3;3;UNI_UNI_J1;UNI;UNI;1;86;SBB;68;True;False;True;50,0;3000;0;0;0;0;0;0;0;0;0;0;0;0;0;1;0;1;0;0;0;0;0;0;0;0;0;1;20,0;20;8;14;6;8;11;3;0;3;3;4;4;0;2;2;4;7;5;1;0;1;6;5;0;19
0_UNI_J1_Q4;4;0_UNI_J1;0;UNI;1;86;SBB;68;True;True;True;0,0;0;0;0;0;0;0;0;0;0;0;0;0;0;0;0;0;0;0;0;0;0;0;0;0;0;0;0;20,0;20;7;16;9;7;13;6;0;3;3;6;12;6;6;10;16;5;5;2;0;1;9;9;2;22
2_UNI_J1_Q4;4;2_UNI_J1;2;UNI;1;86;SBB;68;True;True;True;5,933333333333334;356;5;1;1;0;1;1;0;0;0;0;3;4;1;0;1;1;0;0;0;0;0;1;2;1;8;6;20,0;20;7;16;9;7;13;6;0;3;3;6;12;6;6;10;16;5;5;2;0;1;9;9;2;22
4_UNI_J1_Q4;4;4_UNI_J1;4;UNI;1;86;SBB;68;True;False;True;4,433333333333334;266;3;1;1;0;1;1;0;0;0;0;1;2;1;1;1;2;1;0;0;0;0;0;2;0;6;7;20,0;20;7;16;9;7;13;6;0;3;3;6;12;6;6;10;16;5;5;2;0;1;9;9;2;22
7_UNI_J1_Q4;4;7_UNI_J1;7;UNI;1;86;SBB;68;True;False;True;4,133333333333334;248;0;0;0;0;0;0;0;0;0;0;0;0;0;0;1;1;0;0;0;0;0;0;0;0;1;1;20,0;20;7;16;9;7;13;6;0;3;3;6;12;6;6;10;16;5;5;2;0;1;9;9;2;22
9_UNI_J1_Q4;4;9_UNI_J1;9;UNI;1;86;SBB;68;True;False;True;3,5166666666666666;211;1;0;0;0;0;0;0;0;0;0;1;2;1;0;0;0;0;0;0;0;0;0;1;0;5;1;20,0;20;7;16;9;7;13;6;0;3;3;6;12;6;6;10;16;5;5;2;0;1;9;9;2;22
13_UNI_J1_Q4;4;13_UNI_J1;13;UNI;1;86;SBB;68;True;False;True;5,566666666666666;334;0;0;2;2;0;2;2;0;0;0;0;0;0;0;1;1;0;1;1;0;0;2;0;0;3;-3;20,0;20;7;16;9;7;13;6;0;3;3;6;12;6;6;10;16;5;5;2;0;1;9;9;2;22
14_UNI_J1_Q4;4;14_UNI_J1;14;UNI;1;86;SBB;68;True;True;True;4,2;252;2;1;1;0;1;1;0;0;0;0;0;2;2;0;0;0;0;0;0;0;0;1;1;0;5;0;20,0;20;7;16;9;7;13;6;0;3;3;6;12;6;6;10;16;5;5;2;0;1;9;9;2;22
19_UNI_J1_Q4;4;19_UNI_J1;19;UNI;1;86;SBB;68;True;False;True;4,1;246;5;2;2;0;2;2;0;0;0;0;1;2;1;3;1;4;1;0;0;0;0;0;2;1;5;11;20,0;20;7;16;9;7;13;6;0;3;3;6;12;6;6;10;16;5;5;2;0;1;9;9;2;22
27_UNI_J1_Q4;4;27_UNI_J1;27;UNI;1;86;SBB;68;True;True;True;5,8;348;2;1;4;3;1;2;1;0;2;2;0;0;0;0;1;1;0;3;1;0;1;3;1;0;4;-5;20,0;20;7;16;9;7;13;6;0;3;3;6;12;6;6;10;16;5;5;2;0;1;9;9;2;22
33_UNI_J1_Q4;4;33_UNI_J1;33;UNI;1;86;SBB;68;True;False;True;5,9;354;2;1;3;2;1;2;1;0;1;1;0;0;0;2;3;5;2;0;0;0;0;0;0;0;4;7;20,0;20;7;16;9;7;13;6;0;3;3;6;12;6;6;10;16;5;5;2;0;1;9;9;2;22
45_UNI_J1_Q4;4;45_UNI_J1;45;UNI;1;86;SBB;68;True;False;True;4,066666666666666;244;0;0;2;2;0;2;2;0;0;0;0;0;0;0;0;0;0;0;0;0;0;2;0;0;1;-4;20,0;20;7;16;9;7;13;6;0;3;3;6;12;6;6;10;16;5;5;2;0;1;9;9;2;22
55_UNI_J1_Q4;4;55_UNI_J1;55;UNI;1;86;SBB;68;True;True;True;2,35;141;0;0;0;0;0;0;0;0;0;0;0;0;0;0;0;0;1;0;0;0;0;0;0;0;3;1;20,0;20;7;16;9;7;13;6;0;3;3;6;12;6;6;10;16;5;5;2;0;1;9;9;2;22
UNI_UNI_J1_Q4;4;UNI_UNI_J1;UNI;UNI;1;86;SBB;68;True;False;True;50,0;3000;0;0;0;0;0;0;0;0;0;0;0;0;0;0;1;1;0;1;0;0;0;0;0;0;0;0;20,0;20;7;16;9;7;13;6;0;3;3;6;12;6;6;10;16;5;5;2;0;1;9;9;2;22
2_SBB_J1_Q1;1;2_SBB_J1;2;SBB;1;68;UNI;86;False;True;False;6,083333333333333;365;0;0;1;1;0;0;0;0;1;1;0;0;0;0;1;1;0;0;0;0;0;0;0;0;1;0;20,0;18;8;14;6;7;10;3;1;4;3;1;2;1;1;6;7;4;5;3;0;0;4;4;2;20
3_SBB_J1_Q1;1;3_SBB_J1;3;SBB;1;68;UNI;86;False;True;False;5,216666666666667;313;2;1;1;0;1;1;0;0;0;0;0;0;0;0;1;1;0;1;1;0;0;0;0;0;5;3;20,0;18;8;14;6;7;10;3;1;4;3;1;2;1;1;6;7;4;5;3;0;0;4;4;2;20
7_SBB_J1_Q1;1;7_SBB_J1;7;SBB;1;68;UNI;86;False;False;False;3,9166666666666665;235;2;1;3;2;1;3;2;0;0;0;0;0;0;0;0;0;0;0;0;0;0;0;0;0;2;0;20,0;18;8;14;6;7;10;3;1;4;3;1;2;1;1;6;7;4;5;3;0;0;4;4;2;20
10_SBB_J1_Q1;1;10_SBB_J1;10;SBB;1;68;UNI;86;False;False;False;3,216666666666667;193;3;1;2;1;1;2;1;0;0;0;1;2;1;0;1;1;0;0;0;0;0;0;1;1;0;3;20,0;18;8;14;6;7;10;3;1;4;3;1;2;1;1;6;7;4;5;3;0;0;4;4;2;20
11_SBB_J1_Q1;1;11_SBB_J1;11;SBB;1;68;UNI;86;False;True;False;6,083333333333333;365;2;1;2;1;1;1;0;0;1;1;0;0;0;0;0;0;1;2;1;0;0;0;2;0;1;3;20,0;18;8;14;6;7;10;3;1;4;3;1;2;1;1;6;7;4;5;3;0;0;4;4;2;20
12_SBB_J1_Q1;1;12_SBB_J1;12;SBB;1;68;UNI;86;False;False;False;0,0;0;0;0;0;0;0;0;0;0;0;0;0;0;0;0;0;0;0;0;0;0;0;0;0;0;0;0;20,0;18;8;14;6;7;10;3;1;4;3;1;2;1;1;6;7;4;5;3;0;0;4;4;2;20
18_SBB_J1_Q1;1;18_SBB_J1;18;SBB;1;68;UNI;86;False;True;False;5,233333333333333;314;3;1;1;0;0;0;0;1;1;0;0;0;0;0;1;1;0;1;0;0;0;1;0;0;-1;2;20,0;18;8;14;6;7;10;3;1;4;3;1;2;1;1;6;7;4;5;3;0;0;4;4;2;20
19_SBB_J1_Q1;1;19_SBB_J1;19;SBB;1;68;UNI;86;False;False;False;4,783333333333333;287;0;0;1;1;0;0;0;0;1;1;0;0;0;0;0;0;1;0;1;0;0;0;0;0;-2;1;20,0;18;8;14;6;7;10;3;1;4;3;1;2;1;1;6;7;4;5;3;0;0;4;4;2;20
20_SBB_J1_Q1;1;20_SBB_J1;20;SBB;1;68;UNI;86;False;False;False;4,783333333333333;287;0;0;0;0;0;0;0;0;0;0;0;0;0;0;0;0;1;0;0;0;0;0;0;0;-2;1;20,0;18;8;14;6;7;10;3;1;4;3;1;2;1;1;6;7;4;5;3;0;0;4;4;2;20
22_SBB_J1_Q1;1;22_SBB_J1;22;SBB;1;68;UNI;86;False;False;False;0,0;0;0;0;0;0;0;0;0;0;0;0;0;0;0;0;0;0;0;0;0;0;0;0;0;0;0;0;20,0;18;8;14;6;7;10;3;1;4;3;1;2;1;1;6;7;4;5;3;0;0;4;4;2;20
32_SBB_J1_Q1;1;32_SBB_J1;32;SBB;1;68;UNI;86;False;True;False;5,216666666666667;313;4;2;2;0;2;2;0;0;0;0;0;0;0;0;1;1;0;0;0;0;0;1;0;1;5;4;20,0;18;8;14;6;7;10;3;1;4;3;1;2;1;1;6;7;4;5;3;0;0;4;4;2;20
73_SBB_J1_Q1;1;73_SBB_J1;73;SBB;1;68;UNI;86;False;False;False;5,466666666666667;328;2;1;1;0;1;1;0;0;0;0;0;0;0;1;1;2;1;1;0;0;0;2;1;0;6;3;20,0;18;8;14;6;7;10;3;1;4;3;1;2;1;1;6;7;4;5;3;0;0;4;4;2;20
SBB_SBB_J1_Q1;1;SBB_SBB_J1;SBB;SBB;1;68;UNI;86;False;False;False;50,0;3000;0;0;0;0;0;0;0;0;0;0;0;0;0;0;0;0;0;0;0;0;0;0;0;0;0;0;20,0;18;8;14;6;7;10;3;1;4;3;1;2;1;1;6;7;4;5;3;0;0;4;4;2;20
2_SBB_J1_Q2;2;2_SBB_J1;2;SBB;1;68;UNI;86;False;True;False;4,133333333333334;248;0;0;1;1;0;0;0;0;1;1;0;0;0;0;1;1;0;1;0;0;0;0;0;0;-14;-1;20,0;16;2;14;12;0;6;6;2;8;6;10;12;2;2;6;8;2;1;1;1;0;4;6;0;15
3_SBB_J1_Q2;2;3_SBB_J1;3;SBB;1;68;UNI;86;False;True;False;4,166666666666667;250;0;0;2;2;0;1;1;0;1;1;0;0;0;1;0;1;0;0;1;0;0;0;0;0;-7;0;20,0;16;2;14;12;0;6;6;2;8;6;10;12;2;2;6;8;2;1;1;1;0;4;6;0;15
7_SBB_J1_Q2;2;7_SBB_J1;7;SBB;1;68;UNI;86;False;False;False;5,866666666666666;352;3;1;4;3;0;1;1;1;3;2;0;0;0;0;0;0;0;0;0;0;0;1;0;0;-1;-1;20,0;16;2;14;12;0;6;6;2;8;6;10;12;2;2;6;8;2;1;1;1;0;4;6;0;15
10_SBB_J1_Q2;2;10_SBB_J1;10;SBB;1;68;UNI;86;False;False;False;6,683333333333334;401;2;0;1;1;0;1;1;0;0;0;2;2;0;0;0;0;0;0;0;0;0;1;1;0;-9;1;20,0;16;2;14;12;0;6;6;2;8;6;10;12;2;2;6;8;2;1;1;1;0;4;6;0;15
11_SBB_J1_Q2;2;11_SBB_J1;11;SBB;1;68;UNI;86;False;True;False;5,883333333333334;353;7;1;4;3;0;1;1;1;3;2;4;4;0;0;0;0;0;0;0;0;0;0;2;0;-11;6;20,0;16;2;14;12;0;6;6;2;8;6;10;12;2;2;6;8;2;1;1;1;0;4;6;0;15
12_SBB_J1_Q2;2;12_SBB_J1;12;SBB;1;68;UNI;86;False;False;False;0,0;0;0;0;0;0;0;0;0;0;0;0;0;0;0;0;0;0;0;0;0;0;0;0;0;0;0;0;20,0;16;2;14;12;0;6;6;2;8;6;10;12;2;2;6;8;2;1;1;1;0;4;6;0;15
18_SBB_J1_Q2;2;18_SBB_J1;18;SBB;1;68;UNI;86;False;True;False;5,933333333333334;356;0;0;0;0;0;0;0;0;0;0;0;0;0;0;0;0;1;0;0;0;0;0;0;0;-8;1;20,0;16;2;14;12;0;6;6;2;8;6;10;12;2;2;6;8;2;1;1;1;0;4;6;0;15
19_SBB_J1_Q2;2;19_SBB_J1;19;SBB;1;68;UNI;86;False;False;False;5,833333333333333;350;2;0;1;1;0;1;1;0;0;0;2;2;0;0;1;1;0;0;0;0;0;1;1;0;-8;2;20,0;16;2;14;12;0;6;6;2;8;6;10;12;2;2;6;8;2;1;1;1;0;4;6;0;15
20_SBB_J1_Q2;2;20_SBB_J1;20;SBB;1;68;UNI;86;False;False;False;1,9333333333333333;116;0;0;1;1;0;1;1;0;0;0;0;0;0;0;2;2;0;0;0;0;0;1;0;0;-5;0;20,0;16;2;14;12;0;6;6;2;8;6;10;12;2;2;6;8;2;1;1;1;0;4;6;0;15
22_SBB_J1_Q2;2;22_SBB_J1;22;SBB;1;68;UNI;86;False;False;False;2,216666666666667;133;0;0;0;0;0;0;0;0;0;0;0;0;0;0;0;0;0;0;0;0;0;0;0;0;-4;0;20,0;16;2;14;12;0;6;6;2;8;6;10;12;2;2;6;8;2;1;1;1;0;4;6;0;15
32_SBB_J1_Q2;2;32_SBB_J1;32;SBB;1;68;UNI;86;False;True;False;5,45;327;2;0;0;0;0;0;0;0;0;0;2;4;2;1;1;2;1;0;0;1;0;0;2;0;-8;6;20,0;16;2;14;12;0;6;6;2;8;6;10;12;2;2;6;8;2;1;1;1;0;4;6;0;15
73_SBB_J1_Q2;2;73_SBB_J1;73;SBB;1;68;UNI;86;False;False;False;1,9;114;0;0;0;0;0;0;0;0;0;0;0;0;0;0;0;0;0;0;0;0;0;0;0;0;0;0;20,0;16;2;14;12;0;6;6;2;8;6;10;12;2;2;6;8;2;1;1;1;0;4;6;0;15
SBB_SBB_J1_Q2;2;SBB_SBB_J1;SBB;SBB;1;68;UNI;86;False;False;False;50,0;3000;0;0;0;0;0;0;0;0;0;0;0;0;0;0;1;1;0;0;0;0;0;0;0;0;0;1;20,0;16;2;14;12;0;6;6;2;8;6;10;12;2;2;6;8;2;1;1;1;0;4;6;0;15
2_SBB_J1_Q3;3;2_SBB_J1;2;SBB;1;68;UNI;86;False;True;False;4,2;252;4;1;2;1;1;1;0;0;1;1;2;2;0;0;0;0;0;1;0;0;0;0;1;0;-2;3;20,0;23;9;13;4;7;9;2;2;4;2;3;4;1;2;4;6;4;6;3;1;0;5;6;1;27
3_SBB_J1_Q3;3;3_SBB_J1;3;SBB;1;68;UNI;86;False;True;False;7,016666666666667;421;0;0;0;0;0;0;0;0;0;0;0;0;0;0;0;0;1;1;0;0;0;2;1;0;4;-1;20,0;23;9;13;4;7;9;2;2;4;2;3;4;1;2;4;6;4;6;3;1;0;5;6;1;27
7_SBB_J1_Q3;3;7_SBB_J1;7;SBB;1;68;UNI;86;False;False;False;5,8;348;2;1;1;0;1;1;0;0;0;0;0;0;0;0;0;0;1;3;0;0;0;1;0;0;5;-1;20,0;23;9;13;4;7;9;2;2;4;2;3;4;1;2;4;6;4;6;3;1;0;5;6;1;27
10_SBB_J1_Q3;3;10_SBB_J1;10;SBB;1;68;UNI;86;False;False;False;3,8833333333333333;233;0;0;0;0;0;0;0;0;0;0;0;0;0;0;0;0;0;0;0;0;0;1;1;0;-6;0;20,0;23;9;13;4;7;9;2;2;4;2;3;4;1;2;4;6;4;6;3;1;0;5;6;1;27
11_SBB_J1_Q3;3;11_SBB_J1;11;SBB;1;68;UNI;86;False;True;False;4,633333333333334;278;5;2;3;1;1;2;1;1;1;0;0;0;0;0;0;0;1;0;2;0;0;0;1;0;8;8;20,0;23;9;13;4;7;9;2;2;4;2;3;4;1;2;4;6;4;6;3;1;0;5;6;1;27
12_SBB_J1_Q3;3;12_SBB_J1;12;SBB;1;68;UNI;86;False;False;False;0,0;0;0;0;0;0;0;0;0;0;0;0;0;0;0;0;0;0;0;0;0;0;0;0;0;0;0;0;20,0;23;9;13;4;7;9;2;2;4;2;3;4;1;2;4;6;4;6;3;1;0;5;6;1;27
18_SBB_J1_Q3;3;18_SBB_J1;18;SBB;1;68;UNI;86;False;True;False;6,116666666666666;367;7;3;4;1;2;2;0;1;2;1;0;0;0;0;0;0;0;0;0;0;0;0;1;0;9;7;20,0;23;9;13;4;7;9;2;2;4;2;3;4;1;2;4;6;4;6;3;1;0;5;6;1;27
19_SBB_J1_Q3;3;19_SBB_J1;19;SBB;1;68;UNI;86;False;False;False;2,9833333333333334;179;2;1;1;0;1;1;0;0;0;0;0;0;0;1;0;1;0;1;1;0;0;1;0;0;-1;2;20,0;23;9;13;4;7;9;2;2;4;2;3;4;1;2;4;6;4;6;3;1;0;5;6;1;27
20_SBB_J1_Q3;3;20_SBB_J1;20;SBB;1;68;UNI;86;False;False;False;2,9833333333333334;179;1;0;0;0;0;0;0;0;0;0;1;2;1;0;0;0;0;0;0;0;0;0;1;0;-1;1;20,0;23;9;13;4;7;9;2;2;4;2;3;4;1;2;4;6;4;6;3;1;0;5;6;1;27
22_SBB_J1_Q3;3;22_SBB_J1;22;SBB;1;68;UNI;86;False;False;False;0,0;0;0;0;0;0;0;0;0;0;0;0;0;0;0;0;0;0;0;0;0;0;0;0;0;0;0;0;20,0;23;9;13;4;7;9;2;2;4;2;3;4;1;2;4;6;4;6;3;1;0;5;6;1;27
32_SBB_J1_Q3;3;32_SBB_J1;32;SBB;1;68;UNI;86;False;True;False;7,016666666666667;421;2;1;1;0;1;1;0;0;0;0;0;0;0;1;2;3;1;0;0;1;0;0;0;1;4;7;20,0;23;9;13;4;7;9;2;2;4;2;3;4;1;2;4;6;4;6;3;1;0;5;6;1;27
73_SBB_J1_Q3;3;73_SBB_J1;73;SBB;1;68;UNI;86;False;False;False;5,366666666666666;322;0;0;1;1;0;1;1;0;0;0;0;0;0;0;2;2;0;0;0;0;0;0;0;0;-5;1;20,0;23;9;13;4;7;9;2;2;4;2;3;4;1;2;4;6;4;6;3;1;0;5;6;1;27
SBB_SBB_J1_Q3;3;SBB_SBB_J1;SBB;SBB;1;68;UNI;86;False;False;False;50,0;3000;0;0;0;0;0;0;0;0;0;0;0;0;0;0;0;0;0;0;0;0;0;0;0;0;0;0;20,0;23;9;13;4;7;9;2;2;4;2;3;4;1;2;4;6;4;6;3;1;0;5;6;1;27
2_SBB_J1_Q4;4;2_SBB_J1;2;SBB;1;68;UNI;86;False;True;False;6,95;417;0;0;1;1;0;0;0;0;1;1;0;0;0;0;0;0;0;0;0;0;0;0;0;0;-6;-1;20,0;11;3;15;12;2;8;6;1;7;6;4;10;6;3;6;9;3;3;2;1;0;9;9;1;5
3_SBB_J1_Q4;4;3_SBB_J1;3;SBB;1;68;UNI;86;False;True;False;5,516666666666667;331;2;1;2;1;1;1;0;0;1;1;0;2;2;1;1;2;1;1;0;0;0;0;2;0;-8;3;20,0;11;3;15;12;2;8;6;1;7;6;4;10;6;3;6;9;3;3;2;1;0;9;9;1;5
7_SBB_J1_Q4;4;7_SBB_J1;7;SBB;1;68;UNI;86;False;False;False;2,3;138;1;0;1;1;0;0;0;0;1;1;1;2;1;0;0;0;0;0;0;0;0;3;1;0;-3;-3;20,0;11;3;15;12;2;8;6;1;7;6;4;10;6;3;6;9;3;3;2;1;0;9;9;1;5
10_SBB_J1_Q4;4;10_SBB_J1;10;SBB;1;68;UNI;86;False;False;False;3,316666666666667;199;1;0;0;0;0;0;0;0;0;0;1;2;1;0;0;0;0;0;1;0;0;1;3;0;2;3;20,0;11;3;15;12;2;8;6;1;7;6;4;10;6;3;6;9;3;3;2;1;0;9;9;1;5
11_SBB_J1_Q4;4;11_SBB_J1;11;SBB;1;68;UNI;86;False;True;False;1,6666666666666667;100;0;0;1;1;0;0;0;0;1;1;0;0;0;0;1;1;0;0;0;1;0;1;0;0;-2;0;20,0;11;3;15;12;2;8;6;1;7;6;4;10;6;3;6;9;3;3;2;1;0;9;9;1;5
12_SBB_J1_Q4;4;12_SBB_J1;12;SBB;1;68;UNI;86;False;False;False;0,0;0;0;0;0;0;0;0;0;0;0;0;0;0;0;0;0;0;0;0;0;0;0;0;0;0;0;0;20,0;11;3;15;12;2;8;6;1;7;6;4;10;6;3;6;9;3;3;2;1;0;9;9;1;5
18_SBB_J1_Q4;4;18_SBB_J1;18;SBB;1;68;UNI;86;False;True;False;4,083333333333333;245;3;1;2;1;0;1;1;1;1;0;0;0;0;0;0;0;0;0;0;0;0;1;0;0;-4;1;20,0;11;3;15;12;2;8;6;1;7;6;4;10;6;3;6;9;3;3;2;1;0;9;9;1;5
19_SBB_J1_Q4;4;19_SBB_J1;19;SBB;1;68;UNI;86;False;False;False;6,833333333333333;410;1;0;4;4;0;3;3;0;1;1;1;2;1;0;1;1;1;1;0;0;0;0;1;0;-3;-2;20,0;11;3;15;12;2;8;6;1;7;6;4;10;6;3;6;9;3;3;2;1;0;9;9;1;5
20_SBB_J1_Q4;4;20_SBB_J1;20;SBB;1;68;UNI;86;False;False;False;3,25;195;1;0;0;0;0;0;0;0;0;0;1;2;1;0;0;0;0;0;0;0;0;1;1;0;-5;0;20,0;11;3;15;12;2;8;6;1;7;6;4;10;6;3;6;9;3;3;2;1;0;9;9;1;5
22_SBB_J1_Q4;4;22_SBB_J1;22;SBB;1;68;UNI;86;False;False;False;3,216666666666667;193;0;0;2;2;0;1;1;0;1;1;0;0;0;1;1;2;0;0;0;0;0;0;0;0;-1;0;20,0;11;3;15;12;2;8;6;1;7;6;4;10;6;3;6;9;3;3;2;1;0;9;9;1;5
32_SBB_J1_Q4;4;32_SBB_J1;32;SBB;1;68;UNI;86;False;True;False;6,0;360;2;1;1;0;1;1;0;0;0;0;0;0;0;1;0;1;1;1;0;0;0;1;0;1;-5;2;20,0;11;3;15;12;2;8;6;1;7;6;4;10;6;3;6;9;3;3;2;1;0;9;9;1;5
73_SBB_J1_Q4;4;73_SBB_J1;73;SBB;1;68;UNI;86;False;False;False;6,866666666666666;412;0;0;1;1;0;1;1;0;0;0;0;0;0;0;1;1;0;0;0;0;0;1;1;0;-10;0;20,0;11;3;15;12;2;8;6;1;7;6;4;10;6;3;6;9;3;3;2;1;0;9;9;1;5
SBB_SBB_J1_Q4;4;SBB_SBB_J1;SBB;SBB;1;68;UNI;86;False;False;False;50,0;3000;0;0;0;0;0;0;0;0;0;0;0;0;0;0;1;1;0;0;1;0;0;0;0;0;0;2;20,0;11;3;15;12;2;8;6;1;7;6;4;10;6;3;6;9;3;3;2;1;0;9;9;1;5
00_BUR_J1_Q1;1;00_BUR_J1;00;BUR;1;97;GIR;79;True;True;True;5,316666666666666;319;5;2;2;0;2;2;0;0;0;0;1;2;1;1;0;1;0;1;0;0;0;0;1;0;8;5;20,0;22;7;17;10;5;9;4;2;8;6;6;8;2;4;7;11;4;5;4;0;0;7;6;0;23
3_BUR_J1_Q1;1;3_BUR_J1;3;BUR;1;97;GIR;79;True;False;True;1,3666666666666667;82;2;1;1;0;1;1;0;0;0;0;0;0;0;0;1;1;0;0;0;0;0;0;0;0;4;3;20,0;22;7;17;10;5;9;4;2;8;6;6;8;2;4;7;11;4;5;4;0;0;7;6;0;23
6_BUR_J1_Q1;1;6_BUR_J1;6;BUR;1;97;GIR;79;True;True;True;6,633333333333334;398;3;1;1;0;0;0;0;1;1;0;0;0;0;0;3;3;2;1;2;0;0;1;0;0;8;8;20,0;22;7;17;10;5;9;4;2;8;6;6;8;2;4;7;11;4;5;4;0;0;7;6;0;23
8_BUR_J1_Q1;1;8_BUR_J1;8;BUR;1;97;GIR;79;True;False;True;3,1;186;0;0;0;0;0;0;0;0;0;0;0;0;0;0;0;0;0;0;1;0;0;2;0;0;-5;-1;20,0;22;7;17;10;5;9;4;2;8;6;6;8;2;4;7;11;4;5;4;0;0;7;6;0;23
10_BUR_J1_Q1;1;10_BUR_J1;10;BUR;1;97;GIR;79;True;False;True;4,683333333333334;281;0;0;2;2;0;1;1;0;1;1;0;0;0;1;1;2;0;0;0;0;0;0;0;0;-2;0;20,0;22;7;17;10;5;9;4;2;8;6;6;8;2;4;7;11;4;5;4;0;0;7;6;0;23
11_BUR_J1_Q1;1;11_BUR_J1;11;BUR;1;97;GIR;79;True;False;True;4,683333333333334;281;0;0;3;3;0;0;0;0;3;3;0;0;0;0;0;0;0;1;0;0;0;0;0;0;-2;-4;20,0;22;7;17;10;5;9;4;2;8;6;6;8;2;4;7;11;4;5;4;0;0;7;6;0;23
17_BUR_J1_Q1;1;17_BUR_J1;17;BUR;1;97;GIR;79;True;False;True;0,0;0;0;0;0;0;0;0;0;0;0;0;0;0;0;0;0;0;0;0;0;0;0;0;0;0;0;0;20,0;22;7;17;10;5;9;4;2;8;6;6;8;2;4;7;11;4;5;4;0;0;7;6;0;23
19_BUR_J1_Q1;1;19_BUR_J1;19;BUR;1;97;GIR;79;True;False;True;3,3666666666666667;202;2;0;2;2;0;1;1;0;1;1;2;2;0;1;0;1;0;1;0;0;0;0;2;0;-2;2;20,0;22;7;17;10;5;9;4;2;8;6;6;8;2;4;7;11;4;5;4;0;0;7;6;0;23
22_BUR_J1_Q1;1;22_BUR_J1;22;BUR;1;97;GIR;79;True;False;True;2,0;120;0;0;0;0;0;0;0;0;0;0;0;0;0;0;0;0;0;0;0;0;0;2;0;0;-6;-2;20,0;22;7;17;10;5;9;4;2;8;6;6;8;2;4;7;11;4;5;4;0;0;7;6;0;23
23_BUR_J1_Q1;1;23_BUR_J1;23;BUR;1;97;GIR;79;True;True;True;5,466666666666667;328;3;1;3;2;1;2;1;0;1;1;1;2;1;0;0;0;1;0;0;0;0;2;2;0;8;1;20,0;22;7;17;10;5;9;4;2;8;6;6;8;2;4;7;11;4;5;4;0;0;7;6;0;23
40_BUR_J1_Q1;1;40_BUR_J1;40;BUR;1;97;GIR;79;True;True;True;6,633333333333334;398;4;1;1;0;1;1;0;0;0;0;2;2;0;0;1;1;0;1;1;0;0;0;1;0;8;6;20,0;22;7;17;10;5;9;4;2;8;6;6;8;2;4;7;11;4;5;4;0;0;7;6;0;23
56_BUR_J1_Q1;1;56_BUR_J1;56;BUR;1;97;GIR;79;True;True;True;6,75;405;3;1;2;1;0;1;1;1;1;0;0;0;0;1;1;2;1;0;0;0;0;0;0;0;11;5;20,0;22;7;17;10;5;9;4;2;8;6;6;8;2;4;7;11;4;5;4;0;0;7;6;0;23
BUR_BUR_J1_Q1;1;BUR_BUR_J1;BUR;BUR;1;97;GIR;79;True;False;True;50,0;3000;0;0;0;0;0;0;0;0;0;0;0;0;0;0;0;0;0;0;0;0;0;0;0;0;0;0;20,0;22;7;17;10;5;9;4;2;8;6;6;8;2;4;7;11;4;5;4;0;0;7;6;0;23
00_BUR_J1_Q2;2;00_BUR_J1;00;BUR;1;97;GIR;79;True;True;True;5,4;324;2;1;2;1;1;2;1;0;0;0;0;0;0;0;2;2;0;1;0;0;0;2;0;0;0;0;20,0;27;9;18;9;8;14;6;1;4;3;8;11;3;2;8;10;3;3;3;0;0;8;9;0;29
3_BUR_J1_Q2;2;3_BUR_J1;3;BUR;1;97;GIR;79;True;False;True;2,9833333333333334;179;0;0;1;1;0;1;1;0;0;0;0;0;0;0;0;0;1;0;1;0;0;2;0;0;0;-1;20,0;27;9;18;9;8;14;6;1;4;3;8;11;3;2;8;10;3;3;3;0;0;8;9;0;29
6_BUR_J1_Q2;2;6_BUR_J1;6;BUR;1;97;GIR;79;True;True;True;3,95;237;3;1;1;0;1;1;0;0;0;0;1;1;0;0;0;0;0;0;0;0;0;0;1;0;2;4;20,0;27;9;18;9;8;14;6;1;4;3;8;11;3;2;8;10;3;3;3;0;0;8;9;0;29
8_BUR_J1_Q2;2;8_BUR_J1;8;BUR;1;97;GIR;79;True;False;True;0,9833333333333333;59;0;0;0;0;0;0;0;0;0;0;0;0;0;0;0;0;0;0;0;0;0;1;0;0;-1;-1;20,0;27;9;18;9;8;14;6;1;4;3;8;11;3;2;8;10;3;3;3;0;0;8;9;0;29
10_BUR_J1_Q2;2;10_BUR_J1;10;BUR;1;97;GIR;79;True;False;True;4,8;288;2;1;1;0;1;1;0;0;0;0;0;0;0;0;1;1;0;1;0;0;0;0;0;0;-1;2;20,0;27;9;18;9;8;14;6;1;4;3;8;11;3;2;8;10;3;3;3;0;0;8;9;0;29
11_BUR_J1_Q2;2;11_BUR_J1;11;BUR;1;97;GIR;79;True;False;True;5,233333333333333;314;2;1;1;0;1;1;0;0;0;0;0;0;0;0;2;2;0;1;0;0;0;0;1;0;0;4;20,0;27;9;18;9;8;14;6;1;4;3;8;11;3;2;8;10;3;3;3;0;0;8;9;0;29
17_BUR_J1_Q2;2;17_BUR_J1;17;BUR;1;97;GIR;79;True;False;True;2,4833333333333334;149;0;0;0;0;0;0;0;0;0;0;0;0;0;0;0;0;0;0;1;0;0;1;0;0;3;0;20,0;27;9;18;9;8;14;6;1;4;3;8;11;3;2;8;10;3;3;3;0;0;8;9;0;29
19_BUR_J1_Q2;2;19_BUR_J1;19;BUR;1;97;GIR;79;True;False;True;2,933333333333333;176;3;1;3;2;1;1;0;0;2;2;1;2;1;1;0;1;0;0;1;0;0;0;1;0;-1;3;20,0;27;9;18;9;8;14;6;1;4;3;8;11;3;2;8;10;3;3;3;0;0;8;9;0;29
22_BUR_J1_Q2;2;22_BUR_J1;22;BUR;1;97;GIR;79;True;False;True;0,0;0;0;0;0;0;0;0;0;0;0;0;0;0;0;0;0;0;0;0;0;0;0;0;0;0;0;0;20,0;27;9;18;9;8;14;6;1;4;3;8;11;3;2;8;10;3;3;3;0;0;8;9;0;29
23_BUR_J1_Q2;2;23_BUR_J1;23;BUR;1;97;GIR;79;True;True;True;5,2;312;6;1;3;2;1;3;2;0;0;0;4;4;0;0;1;1;0;0;0;0;0;0;2;0;3;7;20,0;27;9;18;9;8;14;6;1;4;3;8;11;3;2;8;10;3;3;3;0;0;8;9;0;29
40_BUR_J1_Q2;2;40_BUR_J1;40;BUR;1;97;GIR;79;True;True;True;7,016666666666667;421;3;1;1;0;1;1;0;0;0;0;1;3;2;1;0;1;0;0;0;0;0;0;2;0;2;4;20,0;27;9;18;9;8;14;6;1;4;3;8;11;3;2;8;10;3;3;3;0;0;8;9;0;29
56_BUR_J1_Q2;2;56_BUR_J1;56;BUR;1;97;GIR;79;True;True;True;9,016666666666667;541;6;2;5;3;1;3;2;1;2;1;1;1;0;0;0;0;2;0;0;0;0;2;2;0;3;5;20,0;27;9;18;9;8;14;6;1;4;3;8;11;3;2;8;10;3;3;3;0;0;8;9;0;29
BUR_BUR_J1_Q2;2;BUR_BUR_J1;BUR;BUR;1;97;GIR;79;True;False;True;50,0;3000;0;0;0;0;0;0;0;0;0;0;0;0;0;0;2;2;0;0;0;0;0;0;0;0;0;2;20,0;27;9;18;9;8;14;6;1;4;3;8;11;3;2;8;10;3;3;3;0;0;8;9;0;29
00_BUR_J1_Q3;3;00_BUR_J1;00;BUR;1;97;GIR;79;True;True;True;6,216666666666667;373;2;0;1;1;0;0;0;0;1;1;2;2;0;0;0;0;1;0;0;0;0;0;1;0;7;3;20,0;27;8;19;11;6;8;2;2;11;9;9;9;0;5;12;17;3;3;4;1;1;3;7;1;41
3_BUR_J1_Q3;3;3_BUR_J1;3;BUR;1;97;GIR;79;True;False;True;0,0;0;0;0;0;0;0;0;0;0;0;0;0;0;0;0;0;0;0;0;0;0;0;0;0;0;0;0;20,0;27;8;19;11;6;8;2;2;11;9;9;9;0;5;12;17;3;3;4;1;1;3;7;1;41
6_BUR_J1_Q3;3;6_BUR_J1;6;BUR;1;97;GIR;79;True;True;True;7,166666666666667;430;6;2;4;2;0;0;0;2;4;2;0;0;0;0;2;2;0;0;0;0;0;1;1;0;7;6;20,0;27;8;19;11;6;8;2;2;11;9;9;9;0;5;12;17;3;3;4;1;1;3;7;1;41
8_BUR_J1_Q3;3;8_BUR_J1;8;BUR;1;97;GIR;79;True;False;True;2,8333333333333335;170;0;0;0;0;0;0;0;0;0;0;0;0;0;0;0;0;0;0;1;0;0;0;0;0;8;1;20,0;27;8;19;11;6;8;2;2;11;9;9;9;0;5;12;17;3;3;4;1;1;3;7;1;41
10_BUR_J1_Q3;3;10_BUR_J1;10;BUR;1;97;GIR;79;True;False;True;5,816666666666666;349;6;3;5;2;3;3;0;0;2;2;0;0;0;1;2;3;0;0;1;0;0;0;0;1;15;8;20,0;27;8;19;11;6;8;2;2;11;9;9;9;0;5;12;17;3;3;4;1;1;3;7;1;41
11_BUR_J1_Q3;3;11_BUR_J1;11;BUR;1;97;GIR;79;True;False;True;4,333333333333333;260;2;0;1;1;0;0;0;0;1;1;2;2;0;1;2;3;1;0;0;0;0;0;0;0;10;5;20,0;27;8;19;11;6;8;2;2;11;9;9;9;0;5;12;17;3;3;4;1;1;3;7;1;41
17_BUR_J1_Q3;3;17_BUR_J1;17;BUR;1;97;GIR;79;True;False;True;0,0;0;0;0;0;0;0;0;0;0;0;0;0;0;0;0;0;0;0;0;0;0;0;0;0;0;0;0;20,0;27;8;19;11;6;8;2;2;11;9;9;9;0;5;12;17;3;3;4;1;1;3;7;1;41
19_BUR_J1_Q3;3;19_BUR_J1;19;BUR;1;97;GIR;79;True;False;True;2,8333333333333335;170;2;0;0;0;0;0;0;0;0;0;2;2;0;0;0;0;0;0;0;0;0;0;1;0;8;3;20,0;27;8;19;11;6;8;2;2;11;9;9;9;0;5;12;17;3;3;4;1;1;3;7;1;41
22_BUR_J1_Q3;3;22_BUR_J1;22;BUR;1;97;GIR;79;True;False;True;5,266666666666667;316;2;1;2;1;1;2;1;0;0;0;0;0;0;1;0;1;0;1;0;0;0;1;1;0;13;1;20,0;27;8;19;11;6;8;2;2;11;9;9;9;0;5;12;17;3;3;4;1;1;3;7;1;41
23_BUR_J1_Q3;3;23_BUR_J1;23;BUR;1;97;GIR;79;True;True;True;7,166666666666667;430;5;2;4;2;2;2;0;0;2;2;1;1;0;0;2;2;0;1;1;0;0;0;1;0;7;6;20,0;27;8;19;11;6;8;2;2;11;9;9;9;0;5;12;17;3;3;4;1;1;3;7;1;41
40_BUR_J1_Q3;3;40_BUR_J1;40;BUR;1;97;GIR;79;True;True;True;4,183333333333334;251;0;0;1;1;0;1;1;0;0;0;0;0;0;0;1;1;1;1;0;1;1;0;0;0;0;0;20,0;27;8;19;11;6;8;2;2;11;9;9;9;0;5;12;17;3;3;4;1;1;3;7;1;41
56_BUR_J1_Q3;3;56_BUR_J1;56;BUR;1;97;GIR;79;True;True;True;4,183333333333334;251;2;0;1;1;0;0;0;0;1;1;2;2;0;1;2;3;0;0;1;0;0;1;2;0;0;6;20,0;27;8;19;11;6;8;2;2;11;9;9;9;0;5;12;17;3;3;4;1;1;3;7;1;41
BUR_BUR_J1_Q3;3;BUR_BUR_J1;BUR;BUR;1;97;GIR;79;True;False;True;50,0;3000;0;0;0;0;0;0;0;0;0;0;0;0;0;1;1;2;0;0;0;0;0;0;0;0;0;2;20,0;27;8;19;11;6;8;2;2;11;9;9;9;0;5;12;17;3;3;4;1;1;3;7;1;41
00_BUR_J1_Q4;4;00_BUR_J1;00;BUR;1;97;GIR;79;True;True;True;0,0;0;0;0;0;0;0;0;0;0;0;0;0;0;0;0;0;0;0;0;0;0;0;0;0;0;0;0;20,0;21;7;17;10;4;7;3;3;10;7;4;6;2;2;5;7;5;4;4;2;0;8;5;1;20
3_BUR_J1_Q4;4;3_BUR_J1;3;BUR;1;97;GIR;79;True;False;True;0,0;0;0;0;0;0;0;0;0;0;0;0;0;0;0;0;0;0;0;0;0;0;0;0;0;0;0;0;20,0;21;7;17;10;4;7;3;3;10;7;4;6;2;2;5;7;5;4;4;2;0;8;5;1;20
6_BUR_J1_Q4;4;6_BUR_J1;6;BUR;1;97;GIR;79;True;True;True;9,583333333333334;575;1;0;0;0;0;0;0;0;0;0;1;2;1;0;1;1;3;2;1;0;0;3;3;0;-4;3;20,0;21;7;17;10;4;7;3;3;10;7;4;6;2;2;5;7;5;4;4;2;0;8;5;1;20
8_BUR_J1_Q4;4;8_BUR_J1;8;BUR;1;97;GIR;79;True;False;True;3,65;219;0;0;0;0;0;0;0;0;0;0;0;0;0;0;0;0;0;0;0;0;0;1;0;0;1;-1;20,0;21;7;17;10;4;7;3;3;10;7;4;6;2;2;5;7;5;4;4;2;0;8;5;1;20
10_BUR_J1_Q4;4;10_BUR_J1;10;BUR;1;97;GIR;79;True;False;True;4,0;240;5;2;4;2;2;3;1;0;1;1;1;2;1;0;0;0;0;0;0;0;0;0;1;0;2;3;20,0;21;7;17;10;4;7;3;3;10;7;4;6;2;2;5;7;5;4;4;2;0;8;5;1;20
11_BUR_J1_Q4;4;11_BUR_J1;11;BUR;1;97;GIR;79;True;False;True;10,0;600;3;1;3;2;0;0;0;1;3;2;0;0;0;1;1;2;1;0;1;0;0;0;0;0;-5;5;20,0;21;7;17;10;4;7;3;3;10;7;4;6;2;2;5;7;5;4;4;2;0;8;5;1;20
17_BUR_J1_Q4;4;17_BUR_J1;17;BUR;1;97;GIR;79;True;False;True;0,0;0;0;0;0;0;0;0;0;0;0;0;0;0;0;0;0;0;0;0;0;0;0;0;0;0;0;0;20,0;21;7;17;10;4;7;3;3;10;7;4;6;2;2;5;7;5;4;4;2;0;8;5;1;20
19_BUR_J1_Q4;4;19_BUR_J1;19;BUR;1;97;GIR;79;True;False;True;0,0;0;0;0;0;0;0;0;0;0;0;0;0;0;0;0;0;0;0;0;0;0;0;0;0;0;0;0;20,0;21;7;17;10;4;7;3;3;10;7;4;6;2;2;5;7;5;4;4;2;0;8;5;1;20
22_BUR_J1_Q4;4;22_BUR_J1;22;BUR;1;97;GIR;79;True;False;True;3,5833333333333335;215;0;0;2;2;0;2;2;0;0;0;0;0;0;0;1;1;0;0;1;1;0;1;0;0;3;0;20,0;21;7;17;10;4;7;3;3;10;7;4;6;2;2;5;7;5;4;4;2;0;8;5;1;20
23_BUR_J1_Q4;4;23_BUR_J1;23;BUR;1;97;GIR;79;True;True;True;6,416666666666667;385;4;1;4;3;1;1;0;0;3;3;2;2;0;0;0;0;1;1;1;0;0;1;1;1;-8;2;20,0;21;7;17;10;4;7;3;3;10;7;4;6;2;2;5;7;5;4;4;2;0;8;5;1;20
40_BUR_J1_Q4;4;40_BUR_J1;40;BUR;1;97;GIR;79;True;True;True;6,416666666666667;385;2;1;1;0;1;1;0;0;0;0;0;0;0;1;2;3;0;1;0;1;0;1;0;0;-8;4;20,0;21;7;17;10;4;7;3;3;10;7;4;6;2;2;5;7;5;4;4;2;0;8;5;1;20
56_BUR_J1_Q4;4;56_BUR_J1;56;BUR;1;97;GIR;79;True;True;True;6,35;381;6;2;3;1;0;0;0;2;3;1;0;0;0;0;0;0;0;0;0;0;0;1;0;0;-6;4;20,0;21;7;17;10;4;7;3;3;10;7;4;6;2;2;5;7;5;4;4;2;0;8;5;1;20
BUR_BUR_J1_Q4;4;BUR_BUR_J1;BUR;BUR;1;97;GIR;79;True;False;True;50,0;3000;0;0;0;0;0;0;0;0;0;0;0;0;0;0;0;0;0;0;0;0;0;0;0;0;0;0;20,0;21;7;17;10;4;7;3;3;10;7;4;6;2;2;5;7;5;4;4;2;0;8;5;1;20
4_GIR_J1_Q1;1;4_GIR_J1;4;GIR;1;79;BUR;97;False;False;False;4,25;255;4;2;2;0;2;2;0;0;0;0;0;0;0;0;0;0;0;1;0;0;0;0;1;0;6;4;20,0;16;5;13;8;4;7;3;1;6;5;5;8;3;0;5;5;2;5;3;0;0;6;7;0;11
5_GIR_J1_Q1;1;5_GIR_J1;5;GIR;1;79;BUR;97;False;True;False;5,183333333333334;311;3;1;4;3;0;1;1;1;3;2;0;0;0;0;0;0;0;1;0;0;0;1;0;0;-6;-2;20,0;16;5;13;8;4;7;3;1;6;5;5;8;3;0;5;5;2;5;3;0;0;6;7;0;11
7_GIR_J1_Q1;1;7_GIR_J1;7;GIR;1;79;BUR;97;False;False;False;1,4166666666666667;85;0;0;0;0;0;0;0;0;0;0;0;0;0;0;0;0;0;0;0;0;0;0;0;0;-4;0;20,0;16;5;13;8;4;7;3;1;6;5;5;8;3;0;5;5;2;5;3;0;0;6;7;0;11
8_GIR_J1_Q1;1;8_GIR_J1;8;GIR;1;79;BUR;97;False;True;False;4,333333333333333;260;0;0;1;1;0;0;0;0;1;1;0;0;0;0;1;1;0;0;1;0;0;1;0;0;-8;0;20,0;16;5;13;8;4;7;3;1;6;5;5;8;3;0;5;5;2;5;3;0;0;6;7;0;11
9_GIR_J1_Q1;1;9_GIR_J1;9;GIR;1;79;BUR;97;False;False;False;2,8666666666666667;172;0;0;0;0;0;0;0;0;0;0;0;0;0;0;0;0;1;1;0;0;0;0;0;0;3;0;20,0;16;5;13;8;4;7;3;1;6;5;5;8;3;0;5;5;2;5;3;0;0;6;7;0;11
10_GIR_J1_Q1;1;10_GIR_J1;10;GIR;1;79;BUR;97;False;False;False;4,816666666666666;289;0;0;1;1;0;1;1;0;0;0;0;0;0;0;0;0;0;0;0;0;0;0;1;0;0;0;20,0;16;5;13;8;4;7;3;1;6;5;5;8;3;0;5;5;2;5;3;0;0;6;7;0;11
11_GIR_J1_Q1;1;11_GIR_J1;11;GIR;1;79;BUR;97;False;True;False;7,133333333333334;428;3;1;4;3;1;2;1;0;2;2;1;2;1;0;0;0;1;1;1;0;0;0;1;0;-9;1;20,0;16;5;13;8;4;7;3;1;6;5;5;8;3;0;5;5;2;5;3;0;0;6;7;0;11
12_GIR_J1_Q1;1;12_GIR_J1;12;GIR;1;79;BUR;97;False;False;False;4,55;273;0;0;0;0;0;0;0;0;0;0;0;0;0;0;0;0;0;1;0;0;0;2;0;0;-7;-3;20,0;16;5;13;8;4;7;3;1;6;5;5;8;3;0;5;5;2;5;3;0;0;6;7;0;11
21_GIR_J1_Q1;1;21_GIR_J1;21;GIR;1;79;BUR;97;False;False;False;5,45;327;1;0;0;0;0;0;0;0;0;0;1;2;1;0;3;3;0;0;0;0;0;0;2;0;1;5;20,0;16;5;13;8;4;7;3;1;6;5;5;8;3;0;5;5;2;5;3;0;0;6;7;0;11
23_GIR_J1_Q1;1;23_GIR_J1;23;GIR;1;79;BUR;97;False;True;False;5,183333333333334;311;3;1;1;0;1;1;0;0;0;0;1;2;1;0;0;0;0;0;1;0;0;1;1;0;-8;3;20,0;16;5;13;8;4;7;3;1;6;5;5;8;3;0;5;5;2;5;3;0;0;6;7;0;11
25_GIR_J1_Q1;1;25_GIR_J1;25;GIR;1;79;BUR;97;False;False;False;0,0;0;0;0;0;0;0;0;0;0;0;0;0;0;0;0;0;0;0;0;0;0;0;0;0;0;0;0;20,0;16;5;13;8;4;7;3;1;6;5;5;8;3;0;5;5;2;5;3;0;0;6;7;0;11
29_GIR_J1_Q1;1;29_GIR_J1;29;GIR;1;79;BUR;97;False;False;False;4,816666666666666;289;2;0;0;0;0;0;0;0;0;0;2;2;0;0;1;1;0;0;0;0;0;1;1;0;2;3;20,0;16;5;13;8;4;7;3;1;6;5;5;8;3;0;5;5;2;5;3;0;0;6;7;0;11
GIR_GIR_J1_Q1;1;GIR_GIR_J1;GIR;GIR;1;79;BUR;97;False;False;False;50,0;3000;0;0;0;0;0;0;0;0;0;0;0;0;0;0;0;0;0;0;0;0;0;0;0;0;0;0;20,0;16;5;13;8;4;7;3;1;6;5;5;8;3;0;5;5;2;5;3;0;0;6;7;0;11
4_GIR_J1_Q2;2;4_GIR_J1;4;GIR;1;79;BUR;97;False;False;False;7,016666666666667;421;9;2;3;1;1;1;0;1;2;1;4;5;1;0;0;0;1;1;0;0;0;2;2;0;-2;7;20,0;25;6;16;10;5;9;4;1;7;6;12;15;3;3;7;10;9;4;2;0;0;9;8;0;28
5_GIR_J1_Q2;2;5_GIR_J1;5;GIR;1;79;BUR;97;False;True;False;2,05;123;0;0;2;2;0;2;2;0;0;0;0;0;0;0;0;0;0;1;1;0;0;1;0;0;-2;-3;20,0;25;6;16;10;5;9;4;1;7;6;12;15;3;3;7;10;9;4;2;0;0;9;8;0;28
7_GIR_J1_Q2;2;7_GIR_J1;7;GIR;1;79;BUR;97;False;False;False;0,0;0;0;0;0;0;0;0;0;0;0;0;0;0;0;0;0;0;0;0;0;0;0;0;0;0;0;0;20,0;25;6;16;10;5;9;4;1;7;6;12;15;3;3;7;10;9;4;2;0;0;9;8;0;28
8_GIR_J1_Q2;2;8_GIR_J1;8;GIR;1;79;BUR;97;False;True;False;2,9833333333333334;179;0;0;0;0;0;0;0;0;0;0;0;0;0;0;0;0;0;1;0;0;0;2;0;0;0;-3;20,0;25;6;16;10;5;9;4;1;7;6;12;15;3;3;7;10;9;4;2;0;0;9;8;0;28
9_GIR_J1_Q2;2;9_GIR_J1;9;GIR;1;79;BUR;97;False;False;False;4,85;291;0;0;1;1;0;0;0;0;1;1;0;0;0;0;0;0;3;0;0;0;0;0;0;0;2;2;20,0;25;6;16;10;5;9;4;1;7;6;12;15;3;3;7;10;9;4;2;0;0;9;8;0;28
10_GIR_J1_Q2;2;10_GIR_J1;10;GIR;1;79;BUR;97;False;False;False;6,333333333333333;380;5;2;3;1;2;2;0;0;1;1;1;1;0;0;1;1;1;1;0;0;0;0;1;0;0;6;20,0;25;6;16;10;5;9;4;1;7;6;12;15;3;3;7;10;9;4;2;0;0;9;8;0;28
11_GIR_J1_Q2;2;11_GIR_J1;11;GIR;1;79;BUR;97;False;True;False;6,766666666666667;406;2;0;2;2;0;2;2;0;0;0;2;2;0;1;0;1;2;0;0;0;0;0;1;0;-4;4;20,0;25;6;16;10;5;9;4;1;7;6;12;15;3;3;7;10;9;4;2;0;0;9;8;0;28
12_GIR_J1_Q2;2;12_GIR_J1;12;GIR;1;79;BUR;97;False;False;False;0,0;0;0;0;0;0;0;0;0;0;0;0;0;0;0;0;0;0;0;0;0;0;0;0;0;0;0;0;20,0;25;6;16;10;5;9;4;1;7;6;12;15;3;3;7;10;9;4;2;0;0;9;8;0;28
21_GIR_J1_Q2;2;21_GIR_J1;21;GIR;1;79;BUR;97;False;False;False;5,783333333333333;347;5;1;3;2;1;1;0;0;2;2;3;3;0;0;1;1;1;0;0;0;0;1;2;0;1;6;20,0;25;6;16;10;5;9;4;1;7;6;12;15;3;3;7;10;9;4;2;0;0;9;8;0;28
23_GIR_J1_Q2;2;23_GIR_J1;23;GIR;1;79;BUR;97;False;True;False;4,116666666666666;247;0;0;1;1;0;0;0;0;1;1;0;0;0;1;2;3;0;0;0;0;0;2;0;0;-3;0;20,0;25;6;16;10;5;9;4;1;7;6;12;15;3;3;7;10;9;4;2;0;0;9;8;0;28
25_GIR_J1_Q2;2;25_GIR_J1;25;GIR;1;79;BUR;97;False;False;False;4,216666666666667;253;2;0;0;0;0;0;0;0;0;0;2;4;2;0;2;2;0;0;0;0;0;0;2;0;-3;4;20,0;25;6;16;10;5;9;4;1;7;6;12;15;3;3;7;10;9;4;2;0;0;9;8;0;28
29_GIR_J1_Q2;2;29_GIR_J1;29;GIR;1;79;BUR;97;False;False;False;5,883333333333334;353;2;1;1;0;1;1;0;0;0;0;0;0;0;1;1;2;1;0;1;0;0;1;0;0;1;5;20,0;25;6;16;10;5;9;4;1;7;6;12;15;3;3;7;10;9;4;2;0;0;9;8;0;28
GIR_GIR_J1_Q2;2;GIR_GIR_J1;GIR;GIR;1;79;BUR;97;False;False;False;50,0;3000;0;0;0;0;0;0;0;0;0;0;0;0;0;0;0;0;0;0;0;0;0;0;0;0;0;0;20,0;25;6;16;10;5;9;4;1;7;6;12;15;3;3;7;10;9;4;2;0;0;9;8;0;28
4_GIR_J1_Q3;3;4_GIR_J1;4;GIR;1;79;BUR;97;False;False;False;7,066666666666666;424;2;1;3;2;1;2;1;0;1;1;0;0;0;0;0;0;1;0;0;0;0;1;0;0;-8;0;20,0;12;5;20;15;4;9;5;1;11;10;1;1;0;2;6;8;4;4;2;1;1;7;3;0;3
5_GIR_J1_Q3;3;5_GIR_J1;5;GIR;1;79;BUR;97;False;True;False;5,516666666666667;331;0;0;3;3;0;1;1;0;2;2;0;0;0;0;0;0;0;2;0;0;0;1;0;0;-13;-6;20,0;12;5;20;15;4;9;5;1;11;10;1;1;0;2;6;8;4;4;2;1;1;7;3;0;3
7_GIR_J1_Q3;3;7_GIR_J1;7;GIR;1;79;BUR;97;False;False;False;0,0;0;0;0;0;0;0;0;0;0;0;0;0;0;0;0;0;0;0;0;0;0;0;0;0;0;0;0;20,0;12;5;20;15;4;9;5;1;11;10;1;1;0;2;6;8;4;4;2;1;1;7;3;0;3
8_GIR_J1_Q3;3;8_GIR_J1;8;GIR;1;79;BUR;97;False;True;False;2,933333333333333;176;0;0;1;1;0;0;0;0;1;1;0;0;0;0;1;1;1;1;1;0;0;1;0;0;-7;0;20,0;12;5;20;15;4;9;5;1;11;10;1;1;0;2;6;8;4;4;2;1;1;7;3;0;3
9_GIR_J1_Q3;3;9_GIR_J1;9;GIR;1;79;BUR;97;False;False;False;5,516666666666667;331;0;0;1;1;0;0;0;0;1;1;0;0;0;0;0;0;1;0;0;0;0;0;0;0;-11;0;20,0;12;5;20;15;4;9;5;1;11;10;1;1;0;2;6;8;4;4;2;1;1;7;3;0;3
10_GIR_J1_Q3;3;10_GIR_J1;10;GIR;1;79;BUR;97;False;False;False;4,483333333333333;269;0;0;1;1;0;0;0;0;1;1;0;0;0;1;2;3;0;0;0;0;0;0;0;0;-4;2;20,0;12;5;20;15;4;9;5;1;11;10;1;1;0;2;6;8;4;4;2;1;1;7;3;0;3
11_GIR_J1_Q3;3;11_GIR_J1;11;GIR;1;79;BUR;97;False;True;False;4,483333333333333;269;3;1;2;1;0;1;1;1;1;0;0;0;0;0;1;1;1;0;0;0;0;1;1;0;-2;4;20,0;12;5;20;15;4;9;5;1;11;10;1;1;0;2;6;8;4;4;2;1;1;7;3;0;3
12_GIR_J1_Q3;3;12_GIR_J1;12;GIR;1;79;BUR;97;False;False;False;6,016666666666667;361;2;1;3;2;1;2;1;0;1;1;0;0;0;0;0;0;0;0;1;0;0;2;0;0;-6;-1;20,0;12;5;20;15;4;9;5;1;11;10;1;1;0;2;6;8;4;4;2;1;1;7;3;0;3
21_GIR_J1_Q3;3;21_GIR_J1;21;GIR;1;79;BUR;97;False;False;False;2,783333333333333;167;3;1;1;0;1;1;0;0;0;0;1;1;0;0;0;0;0;1;0;0;0;1;2;0;-7;3;20,0;12;5;20;15;4;9;5;1;11;10;1;1;0;2;6;8;4;4;2;1;1;7;3;0;3
23_GIR_J1_Q3;3;23_GIR_J1;23;GIR;1;79;BUR;97;False;True;False;7,116666666666666;427;2;1;2;1;1;1;0;0;1;1;0;0;0;1;1;2;0;0;0;0;0;0;0;0;-17;3;20,0;12;5;20;15;4;9;5;1;11;10;1;1;0;2;6;8;4;4;2;1;1;7;3;0;3
25_GIR_J1_Q3;3;25_GIR_J1;25;GIR;1;79;BUR;97;False;False;False;1,2;72;0;0;1;1;0;1;1;0;0;0;0;0;0;0;0;0;0;0;0;0;0;0;0;0;-2;-1;20,0;12;5;20;15;4;9;5;1;11;10;1;1;0;2;6;8;4;4;2;1;1;7;3;0;3
29_GIR_J1_Q3;3;29_GIR_J1;29;GIR;1;79;BUR;97;False;False;False;2,8833333333333333;173;0;0;2;2;0;0;0;0;2;2;0;0;0;0;0;0;0;0;0;1;1;0;0;0;2;-2;20,0;12;5;20;15;4;9;5;1;11;10;1;1;0;2;6;8;4;4;2;1;1;7;3;0;3
GIR_GIR_J1_Q3;3;GIR_GIR_J1;GIR;GIR;1;79;BUR;97;False;False;False;50,0;3000;0;0;0;0;0;0;0;0;0;0;0;0;0;0;1;1;0;0;0;0;0;0;0;0;0;1;20,0;12;5;20;15;4;9;5;1;11;10;1;1;0;2;6;8;4;4;2;1;1;7;3;0;3
4_GIR_J1_Q4;4;4_GIR_J1;4;GIR;1;79;BUR;97;False;False;False;8,016666666666667;481;11;4;6;2;4;5;1;0;1;1;3;3;0;0;2;2;1;2;0;0;1;0;3;0;6;12;20,0;26;9;17;8;7;11;4;2;6;4;6;9;3;3;8;11;8;5;3;0;2;6;7;0;31
5_GIR_J1_Q4;4;5_GIR_J1;5;GIR;1;79;BUR;97;False;True;False;4,683333333333334;281;0;0;1;1;0;0;0;0;1;1;0;0;0;0;0;0;3;1;0;0;0;1;1;0;5;1;20,0;26;9;17;8;7;11;4;2;6;4;6;9;3;3;8;11;8;5;3;0;2;6;7;0;31
7_GIR_J1_Q4;4;7_GIR_J1;7;GIR;1;79;BUR;97;False;False;False;0,0;0;0;0;0;0;0;0;0;0;0;0;0;0;0;0;0;0;0;0;0;0;0;0;0;0;0;0;20,0;26;9;17;8;7;11;4;2;6;4;6;9;3;3;8;11;8;5;3;0;2;6;7;0;31
8_GIR_J1_Q4;4;8_GIR_J1;8;GIR;1;79;BUR;97;False;True;False;4,683333333333334;281;8;2;4;2;1;1;0;1;3;2;3;4;1;1;1;2;1;0;0;0;0;0;2;0;5;10;20,0;26;9;17;8;7;11;4;2;6;4;6;9;3;3;8;11;8;5;3;0;2;6;7;0;31
9_GIR_J1_Q4;4;9_GIR_J1;9;GIR;1;79;BUR;97;False;False;False;0,0;0;0;0;0;0;0;0;0;0;0;0;0;0;0;0;0;0;0;0;0;0;0;0;0;0;0;0;20,0;26;9;17;8;7;11;4;2;6;4;6;9;3;3;8;11;8;5;3;0;2;6;7;0;31
10_GIR_J1_Q4;4;10_GIR_J1;10;GIR;1;79;BUR;97;False;False;False;5,316666666666666;319;0;0;1;1;0;1;1;0;0;0;0;0;0;0;0;0;2;1;1;0;0;0;0;0;0;1;20,0;26;9;17;8;7;11;4;2;6;4;6;9;3;3;8;11;8;5;3;0;2;6;7;0;31
11_GIR_J1_Q4;4;11_GIR_J1;11;GIR;1;79;BUR;97;False;True;False;7,3;438;5;2;3;1;1;2;1;1;1;0;0;0;0;0;1;1;1;1;1;0;0;3;0;0;-1;3;20,0;26;9;17;8;7;11;4;2;6;4;6;9;3;3;8;11;8;5;3;0;2;6;7;0;31
12_GIR_J1_Q4;4;12_GIR_J1;12;GIR;1;79;BUR;97;False;False;False;3,3833333333333333;203;0;0;0;0;0;0;0;0;0;0;0;0;0;0;0;0;0;0;0;0;0;1;0;0;3;-1;20,0;26;9;17;8;7;11;4;2;6;4;6;9;3;3;8;11;8;5;3;0;2;6;7;0;31
21_GIR_J1_Q4;4;21_GIR_J1;21;GIR;1;79;BUR;97;False;False;False;4,05;243;2;1;1;0;1;1;0;0;0;0;0;0;0;0;1;1;0;0;0;0;0;0;0;0;2;3;20,0;26;9;17;8;7;11;4;2;6;4;6;9;3;3;8;11;8;5;3;0;2;6;7;0;31
23_GIR_J1_Q4;4;23_GIR_J1;23;GIR;1;79;BUR;97;False;True;False;4,6;276;0;0;0;0;0;0;0;0;0;0;0;2;2;0;1;1;0;0;1;0;0;1;1;0;3;0;20,0;26;9;17;8;7;11;4;2;6;4;6;9;3;3;8;11;8;5;3;0;2;6;7;0;31
25_GIR_J1_Q4;4;25_GIR_J1;25;GIR;1;79;BUR;97;False;False;False;2,566666666666667;154;0;0;1;1;0;1;1;0;0;0;0;0;0;1;0;1;0;0;0;0;1;0;0;0;0;-1;20,0;26;9;17;8;7;11;4;2;6;4;6;9;3;3;8;11;8;5;3;0;2;6;7;0;31
29_GIR_J1_Q4;4;29_GIR_J1;29;GIR;1;79;BUR;97;False;False;False;5,4;324;0;0;0;0;0;0;0;0;0;0;0;0;0;0;1;1;0;0;0;0;0;0;0;0;2;1;20,0;26;9;17;8;7;11;4;2;6;4;6;9;3;3;8;11;8;5;3;0;2;6;7;0;31
GIR_GIR_J1_Q4;4;GIR_GIR_J1;GIR;GIR;1;79;BUR;97;False;False;False;50,0;3000;0;0;0;0;0;0;0;0;0;0;0;0;0;1;1;2;0;0;0;0;0;0;0;0;0;2;20,0;26;9;17;8;7;11;4;2;6;4;6;9;3;3;8;11;8;5;3;0;2;6;7;0;31
2_LLT_J1_Q1;1;2_LLT_J1;2;LLT;1;104;BAX;93;True;False;True;3,3333333333333335;200;0;0;0;0;0;0;0;0;0;0;0;0;0;0;0;0;0;1;0;0;0;2;0;0;-4;-3;20,0;23;7;15;8;6;11;5;1;4;3;8;10;2;5;5;10;4;5;3;0;1;4;6;2;26
3_LLT_J1_Q1;1;3_LLT_J1;3;LLT;1;104;BAX;93;True;False;True;4,866666666666666;292;5;1;2;1;1;2;1;0;0;0;3;4;1;0;0;0;0;0;0;0;1;0;2;0;-1;4;20,0;23;7;15;8;6;11;5;1;4;3;8;10;2;5;5;10;4;5;3;0;1;4;6;2;26
6_LLT_J1_Q1;1;6_LLT_J1;6;LLT;1;104;BAX;93;True;True;True;6,05;363;3;1;4;3;0;1;1;1;3;2;0;0;0;0;0;0;1;0;0;0;0;0;0;0;2;1;20,0;23;7;15;8;6;11;5;1;4;3;8;10;2;5;5;10;4;5;3;0;1;4;6;2;26
9_LLT_J1_Q1;1;9_LLT_J1;9;LLT;1;104;BAX;93;True;True;True;8,116666666666667;487;2;0;3;3;0;3;3;0;0;0;2;2;0;2;1;3;2;3;0;0;0;1;1;0;-1;1;20,0;23;7;15;8;6;11;5;1;4;3;8;10;2;5;5;10;4;5;3;0;1;4;6;2;26
11_LLT_J1_Q1;1;11_LLT_J1;11;LLT;1;104;BAX;93;True;False;True;3,95;237;0;0;0;0;0;0;0;0;0;0;0;0;0;0;0;0;0;0;1;0;0;0;0;0;-2;1;20,0;23;7;15;8;6;11;5;1;4;3;8;10;2;5;5;10;4;5;3;0;1;4;6;2;26
13_LLT_J1_Q1;1;13_LLT_J1;13;LLT;1;104;BAX;93;True;False;True;0,0;0;0;0;0;0;0;0;0;0;0;0;0;0;0;0;0;0;0;0;0;0;0;0;0;0;0;0;20,0;23;7;15;8;6;11;5;1;4;3;8;10;2;5;5;10;4;5;3;0;1;4;6;2;26
15_LLT_J1_Q1;1;15_LLT_J1;15;LLT;1;104;BAX;93;True;False;True;0,9666666666666667;58;0;0;0;0;0;0;0;0;0;0;0;0;0;0;1;1;0;0;0;0;0;0;0;0;0;1;20,0;23;7;15;8;6;11;5;1;4;3;8;10;2;5;5;10;4;5;3;0;1;4;6;2;26
19_LLT_J1_Q1;1;19_LLT_J1;19;LLT;1;104;BAX;93;True;True;True;3,6333333333333333;218;5;2;2;0;2;2;0;0;0;0;1;2;1;0;0;0;0;0;0;0;0;0;1;1;-3;5;20,0;23;7;15;8;6;11;5;1;4;3;8;10;2;5;5;10;4;5;3;0;1;4;6;2;26
21_LLT_J1_Q1;1;21_LLT_J1;21;LLT;1;104;BAX;93;True;False;True;4,866666666666666;292;2;1;1;0;1;1;0;0;0;0;0;0;0;0;1;1;0;0;0;0;0;0;0;0;-1;3;20,0;23;7;15;8;6;11;5;1;4;3;8;10;2;5;5;10;4;5;3;0;1;4;6;2;26
31_LLT_J1_Q1;1;31_LLT_J1;31;LLT;1;104;BAX;93;True;True;True;6,05;363;4;1;1;0;1;1;0;0;0;0;2;2;0;0;0;0;0;0;1;0;0;0;1;1;2;6;20,0;23;7;15;8;6;11;5;1;4;3;8;10;2;5;5;10;4;5;3;0;1;4;6;2;26
35_LLT_J1_Q1;1;35_LLT_J1;35;LLT;1;104;BAX;93;True;False;True;3,033333333333333;182;2;1;1;0;1;1;0;0;0;0;0;0;0;1;2;3;1;1;1;0;0;1;1;0;7;6;20,0;23;7;15;8;6;11;5;1;4;3;8;10;2;5;5;10;4;5;3;0;1;4;6;2;26
42_LLT_J1_Q1;1;42_LLT_J1;42;LLT;1;104;BAX;93;True;True;True;5,133333333333334;308;0;0;1;1;0;0;0;0;1;1;0;0;0;1;0;1;0;0;0;0;0;0;0;0;1;0;20,0;23;7;15;8;6;11;5;1;4;3;8;10;2;5;5;10;4;5;3;0;1;4;6;2;26
LLT_LLT_J1_Q1;1;LLT_LLT_J1;LLT;LLT;1;104;BAX;93;True;False;True;50,0;3000;0;0;0;0;0;0;0;0;0;0;0;0;0;1;0;1;0;0;0;0;0;0;0;0;0;1;20,0;23;7;15;8;6;11;5;1;4;3;8;10;2;5;5;10;4;5;3;0;1;4;6;2;26
2_LLT_J1_Q2;2;2_LLT_J1;2;LLT;1;104;BAX;93;True;False;True;0,0;0;0;0;0;0;0;0;0;0;0;0;0;0;0;0;0;0;1;0;0;0;0;0;0;0;0;1;20,0;25;8;19;11;6;14;8;2;5;3;7;8;1;5;9;14;3;1;2;0;0;3;7;1;35
3_LLT_J1_Q2;2;3_LLT_J1;3;LLT;1;104;BAX;93;True;False;True;4,683333333333334;281;0;0;3;3;0;1;1;0;2;2;0;0;0;0;1;1;0;0;0;0;0;0;0;0;3;-2;20,0;25;8;19;11;6;14;8;2;5;3;7;8;1;5;9;14;3;1;2;0;0;3;7;1;35
6_LLT_J1_Q2;2;6_LLT_J1;6;LLT;1;104;BAX;93;True;True;True;6,716666666666667;403;3;1;1;0;0;0;0;1;1;0;0;0;0;0;0;0;0;0;0;0;0;1;0;0;5;2;20,0;25;8;19;11;6;14;8;2;5;3;7;8;1;5;9;14;3;1;2;0;0;3;7;1;35
9_LLT_J1_Q2;2;9_LLT_J1;9;LLT;1;104;BAX;93;True;True;True;2,95;177;6;3;4;1;3;4;1;0;0;0;0;0;0;1;0;1;1;1;0;0;0;0;1;0;3;7;20,0;25;8;19;11;6;14;8;2;5;3;7;8;1;5;9;14;3;1;2;0;0;3;7;1;35
11_LLT_J1_Q2;2;11_LLT_J1;11;LLT;1;104;BAX;93;True;False;True;4,383333333333334;263;2;0;1;1;0;1;1;0;0;0;2;2;0;0;1;1;0;0;1;0;0;0;1;0;6;4;20,0;25;8;19;11;6;14;8;2;5;3;7;8;1;5;9;14;3;1;2;0;0;3;7;1;35
13_LLT_J1_Q2;2;13_LLT_J1;13;LLT;1;104;BAX;93;True;False;True;0,06666666666666667;4;0;0;0;0;0;0;0;0;0;0;0;0;0;0;0;0;0;0;0;0;0;0;0;0;0;0;20,0;25;8;19;11;6;14;8;2;5;3;7;8;1;5;9;14;3;1;2;0;0;3;7;1;35
15_LLT_J1_Q2;2;15_LLT_J1;15;LLT;1;104;BAX;93;True;False;True;5,583333333333333;335;0;0;1;1;0;1;1;0;0;0;0;0;0;0;1;1;0;0;0;0;0;1;1;0;5;0;20,0;25;8;19;11;6;14;8;2;5;3;7;8;1;5;9;14;3;1;2;0;0;3;7;1;35
19_LLT_J1_Q2;2;19_LLT_J1;19;LLT;1;104;BAX;93;True;True;True;6,1;366;10;3;6;3;3;6;3;0;0;0;4;4;0;3;0;3;1;0;0;0;0;0;2;1;7;13;20,0;25;8;19;11;6;14;8;2;5;3;7;8;1;5;9;14;3;1;2;0;0;3;7;1;35
21_LLT_J1_Q2;2;21_LLT_J1;21;LLT;1;104;BAX;93;True;False;True;5,0;300;0;0;0;0;0;0;0;0;0;0;0;0;0;0;2;2;0;0;0;0;0;0;0;0;5;2;20,0;25;8;19;11;6;14;8;2;5;3;7;8;1;5;9;14;3;1;2;0;0;3;7;1;35
31_LLT_J1_Q2;2;31_LLT_J1;31;LLT;1;104;BAX;93;True;True;True;5,616666666666666;337;0;0;1;1;0;0;0;0;1;1;0;0;0;0;0;0;0;0;0;0;0;0;0;0;2;-1;20,0;25;8;19;11;6;14;8;2;5;3;7;8;1;5;9;14;3;1;2;0;0;3;7;1;35
35_LLT_J1_Q2;2;35_LLT_J1;35;LLT;1;104;BAX;93;True;False;True;3,9;234;0;0;1;1;0;1;1;0;0;0;0;0;0;1;2;3;0;0;0;0;0;0;0;0;1;2;20,0;25;8;19;11;6;14;8;2;5;3;7;8;1;5;9;14;3;1;2;0;0;3;7;1;35
42_LLT_J1_Q2;2;42_LLT_J1;42;LLT;1;104;BAX;93;True;True;True;5,0;300;4;1;1;0;0;0;0;1;1;0;1;2;1;0;1;1;0;0;1;0;0;1;2;0;3;6;20,0;25;8;19;11;6;14;8;2;5;3;7;8;1;5;9;14;3;1;2;0;0;3;7;1;35
LLT_LLT_J1_Q2;2;LLT_LLT_J1;LLT;LLT;1;104;BAX;93;True;False;True;50,0;3000;0;0;0;0;0;0;0;0;0;0;0;0;0;0;1;1;0;0;0;0;0;0;0;0;0;1;20,0;25;8;19;11;6;14;8;2;5;3;7;8;1;5;9;14;3;1;2;0;0;3;7;1;35
2_LLT_J1_Q3;3;2_LLT_J1;2;LLT;1;104;BAX;93;True;False;True;0,0;0;0;0;0;0;0;0;0;0;0;0;0;0;0;0;0;0;0;0;0;0;0;0;0;0;0;0;20,0;28;10;19;9;6;10;4;4;9;5;4;4;0;2;6;8;3;3;3;0;1;8;8;1;29
3_LLT_J1_Q3;3;3_LLT_J1;3;LLT;1;104;BAX;93;True;False;True;4,733333333333333;284;9;3;3;0;2;2;0;1;1;0;2;2;0;0;0;0;1;0;0;0;0;1;2;0;7;11;20,0;28;10;19;9;6;10;4;4;9;5;4;4;0;2;6;8;3;3;3;0;1;8;8;1;29
6_LLT_J1_Q3;3;6_LLT_J1;6;LLT;1;104;BAX;93;True;True;True;7,066666666666666;424;5;2;3;1;1;2;1;1;1;0;0;0;0;0;0;0;0;0;1;0;0;0;1;0;5;6;20,0;28;10;19;9;6;10;4;4;9;5;4;4;0;2;6;8;3;3;3;0;1;8;8;1;29
9_LLT_J1_Q3;3;9_LLT_J1;9;LLT;1;104;BAX;93;True;True;True;6,533333333333333;392;2;1;4;3;1;4;3;0;0;0;0;0;0;0;1;1;1;0;0;0;0;1;0;0;-3;0;20,0;28;10;19;9;6;10;4;4;9;5;4;4;0;2;6;8;3;3;3;0;1;8;8;1;29
11_LLT_J1_Q3;3;11_LLT_J1;11;LLT;1;104;BAX;93;True;False;True;3,1166666666666667;187;0;0;2;2;0;0;0;0;2;2;0;0;0;1;0;1;0;0;0;0;1;0;0;0;-1;-2;20,0;28;10;19;9;6;10;4;4;9;5;4;4;0;2;6;8;3;3;3;0;1;8;8;1;29
13_LLT_J1_Q3;3;13_LLT_J1;13;LLT;1;104;BAX;93;True;False;True;0,0;0;0;0;0;0;0;0;0;0;0;0;0;0;0;0;0;0;0;0;0;0;0;0;0;0;0;0;20,0;28;10;19;9;6;10;4;4;9;5;4;4;0;2;6;8;3;3;3;0;1;8;8;1;29
15_LLT_J1_Q3;3;15_LLT_J1;15;LLT;1;104;BAX;93;True;False;True;1,6666666666666667;100;0;0;0;0;0;0;0;0;0;0;0;0;0;0;0;0;1;0;0;0;0;0;0;0;9;1;20,0;28;10;19;9;6;10;4;4;9;5;4;4;0;2;6;8;3;3;3;0;1;8;8;1;29
19_LLT_J1_Q3;3;19_LLT_J1;19;LLT;1;104;BAX;93;True;True;True;7,9;474;6;2;2;0;2;2;0;0;0;0;2;2;0;1;2;3;0;1;0;0;0;1;3;1;4;10;20,0;28;10;19;9;6;10;4;4;9;5;4;4;0;2;6;8;3;3;3;0;1;8;8;1;29
21_LLT_J1_Q3;3;21_LLT_J1;21;LLT;1;104;BAX;93;True;False;True;5,616666666666666;337;3;1;1;0;0;0;0;1;1;0;0;0;0;0;0;0;0;0;0;0;0;0;0;0;15;3;20,0;28;10;19;9;6;10;4;4;9;5;4;4;0;2;6;8;3;3;3;0;1;8;8;1;29
31_LLT_J1_Q3;3;31_LLT_J1;31;LLT;1;104;BAX;93;True;True;True;6,883333333333334;413;3;1;2;1;0;0;0;1;2;1;0;0;0;0;2;2;0;1;1;0;0;2;2;0;10;4;20,0;28;10;19;9;6;10;4;4;9;5;4;4;0;2;6;8;3;3;3;0;1;8;8;1;29
35_LLT_J1_Q3;3;35_LLT_J1;35;LLT;1;104;BAX;93;True;False;True;1,9333333333333333;116;0;0;0;0;0;0;0;0;0;0;0;0;0;0;0;0;0;0;1;0;0;1;0;0;3;0;20,0;28;10;19;9;6;10;4;4;9;5;4;4;0;2;6;8;3;3;3;0;1;8;8;1;29
42_LLT_J1_Q3;3;42_LLT_J1;42;LLT;1;104;BAX;93;True;True;True;4,55;273;0;0;2;2;0;0;0;0;2;2;0;0;0;0;1;1;0;0;0;0;0;2;0;0;-4;-3;20,0;28;10;19;9;6;10;4;4;9;5;4;4;0;2;6;8;3;3;3;0;1;8;8;1;29
LLT_LLT_J1_Q3;3;LLT_LLT_J1;LLT;LLT;1;104;BAX;93;True;False;True;50,0;3000;0;0;0;0;0;0;0;0;0;0;0;0;0;0;0;0;0;1;0;0;0;0;0;0;0;-1;20,0;28;10;19;9;6;10;4;4;9;5;4;4;0;2;6;8;3;3;3;0;1;8;8;1;29
2_LLT_J1_Q4;4;2_LLT_J1;2;LLT;1;104;BAX;93;True;False;True;0,0;0;0;0;0;0;0;0;0;0;0;0;0;0;0;0;0;0;0;0;0;0;0;0;0;0;0;0;20,0;28;9;16;7;5;7;2;4;9;5;6;6;0;2;4;6;6;4;2;1;0;3;5;1;34
3_LLT_J1_Q4;4;3_LLT_J1;3;LLT;1;104;BAX;93;True;False;True;5,466666666666667;328;4;1;2;1;0;0;0;1;2;1;1;1;0;0;0;0;4;0;2;0;0;1;0;0;5;8;20,0;28;9;16;7;5;7;2;4;9;5;6;6;0;2;4;6;6;4;2;1;0;3;5;1;34
6_LLT_J1_Q4;4;6_LLT_J1;6;LLT;1;104;BAX;93;True;True;True;5,683333333333334;341;0;0;0;0;0;0;0;0;0;0;0;0;0;0;0;0;0;0;0;0;0;0;0;0;-1;0;20,0;28;9;16;7;5;7;2;4;9;5;6;6;0;2;4;6;6;4;2;1;0;3;5;1;34
9_LLT_J1_Q4;4;9_LLT_J1;9;LLT;1;104;BAX;93;True;True;True;6,266666666666667;376;10;2;4;2;0;1;1;2;3;1;4;4;0;0;1;1;0;2;0;0;0;0;4;0;-9;11;20,0;28;9;16;7;5;7;2;4;9;5;6;6;0;2;4;6;6;4;2;1;0;3;5;1;34
11_LLT_J1_Q4;4;11_LLT_J1;11;LLT;1;104;BAX;93;True;False;True;2,0166666666666666;121;0;0;0;0;0;0;0;0;0;0;0;0;0;0;0;0;0;0;0;0;0;0;0;0;-6;0;20,0;28;9;16;7;5;7;2;4;9;5;6;6;0;2;4;6;6;4;2;1;0;3;5;1;34
13_LLT_J1_Q4;4;13_LLT_J1;13;LLT;1;104;BAX;93;True;False;True;0,0;0;0;0;0;0;0;0;0;0;0;0;0;0;0;0;0;0;0;0;0;0;0;0;0;0;0;0;20,0;28;9;16;7;5;7;2;4;9;5;6;6;0;2;4;6;6;4;2;1;0;3;5;1;34
15_LLT_J1_Q4;4;15_LLT_J1;15;LLT;1;104;BAX;93;True;False;True;3,933333333333333;236;0;0;0;0;0;0;0;0;0;0;0;0;0;0;0;0;0;0;0;0;0;0;0;0;-8;0;20,0;28;9;16;7;5;7;2;4;9;5;6;6;0;2;4;6;6;4;2;1;0;3;5;1;34
19_LLT_J1_Q4;4;19_LLT_J1;19;LLT;1;104;BAX;93;True;True;True;7,533333333333333;452;7;3;4;1;3;4;1;0;0;0;1;1;0;1;0;1;1;0;0;1;0;0;1;0;-14;10;20,0;28;9;16;7;5;7;2;4;9;5;6;6;0;2;4;6;6;4;2;1;0;3;5;1;34
21_LLT_J1_Q4;4;21_LLT_J1;21;LLT;1;104;BAX;93;True;False;True;2,1666666666666665;130;0;0;1;1;0;0;0;0;1;1;0;0;0;0;0;0;0;1;0;0;0;1;0;0;-6;-3;20,0;28;9;16;7;5;7;2;4;9;5;6;6;0;2;4;6;6;4;2;1;0;3;5;1;34
31_LLT_J1_Q4;4;31_LLT_J1;31;LLT;1;104;BAX;93;True;True;True;6,633333333333334;398;7;3;4;1;2;2;0;1;2;1;0;0;0;1;1;2;0;0;0;0;0;0;0;1;1;8;20,0;28;9;16;7;5;7;2;4;9;5;6;6;0;2;4;6;6;4;2;1;0;3;5;1;34
35_LLT_J1_Q4;4;35_LLT_J1;35;LLT;1;104;BAX;93;True;False;True;2,316666666666667;139;0;0;0;0;0;0;0;0;0;0;0;0;0;0;1;1;1;1;0;0;0;1;0;0;8;0;20,0;28;9;16;7;5;7;2;4;9;5;6;6;0;2;4;6;6;4;2;1;0;3;5;1;34
42_LLT_J1_Q4;4;42_LLT_J1;42;LLT;1;104;BAX;93;True;True;True;7,983333333333333;479;0;0;1;1;0;0;0;0;1;1;0;0;0;0;1;1;0;0;0;0;0;0;0;0;0;0;20,0;28;9;16;7;5;7;2;4;9;5;6;6;0;2;4;6;6;4;2;1;0;3;5;1;34
LLT_LLT_J1_Q4;4;LLT_LLT_J1;LLT;LLT;1;104;BAX;93;True;False;True;50,0;3000;0;0;0;0;0;0;0;0;0;0;0;0;0;0;0;0;0;0;0;0;0;0;0;0;0;0;20,0;28;9;16;7;5;7;2;4;9;5;6;6;0;2;4;6;6;4;2;1;0;3;5;1;34
0_BAX_J1_Q1;1;0_BAX_J1;0;BAX;1;93;LLT;104;False;False;False;3,9;234;2;1;1;0;1;1;0;0;0;0;0;0;0;0;0;0;0;1;0;0;0;0;0;1;1;1;20,0;23;9;16;7;8;12;4;1;4;3;4;5;1;2;3;5;5;4;2;1;0;6;4;1;22
2_BAX_J1_Q1;1;2_BAX_J1;2;BAX;1;93;LLT;104;False;False;False;5,483333333333333;329;5;2;4;2;2;4;2;0;0;0;1;1;0;0;0;0;1;1;1;0;0;0;1;0;-3;5;20,0;23;9;16;7;8;12;4;1;4;3;4;5;1;2;3;5;5;4;2;1;0;6;4;1;22
4_BAX_J1_Q1;1;4_BAX_J1;4;BAX;1;93;LLT;104;False;False;False;0,9666666666666667;58;0;0;0;0;0;0;0;0;0;0;0;0;0;0;0;0;0;0;0;1;0;0;1;0;0;2;20,0;23;9;16;7;8;12;4;1;4;3;4;5;1;2;3;5;5;4;2;1;0;6;4;1;22
8_BAX_J1_Q1;1;8_BAX_J1;8;BAX;1;93;LLT;104;False;True;False;5,133333333333334;308;2;1;1;0;1;1;0;0;0;0;0;0;0;1;1;2;0;0;0;0;0;0;0;0;-1;4;20,0;23;9;16;7;8;12;4;1;4;3;4;5;1;2;3;5;5;4;2;1;0;6;4;1;22
11_BAX_J1_Q1;1;11_BAX_J1;11;BAX;1;93;LLT;104;False;False;False;3,9;234;2;0;0;0;0;0;0;0;0;0;2;2;0;0;0;0;0;0;1;0;0;2;1;0;3;2;20,0;23;9;16;7;8;12;4;1;4;3;4;5;1;2;3;5;5;4;2;1;0;6;4;1;22
12_BAX_J1_Q1;1;12_BAX_J1;12;BAX;1;93;LLT;104;False;False;False;5,016666666666667;301;0;0;1;1;0;1;1;0;0;0;0;0;0;0;0;0;0;0;0;0;0;0;0;0;-6;-1;20,0;23;9;16;7;8;12;4;1;4;3;4;5;1;2;3;5;5;4;2;1;0;6;4;1;22
19_BAX_J1_Q1;1;19_BAX_J1;19;BAX;1;93;LLT;104;False;True;False;5,866666666666666;352;5;2;3;1;1;1;0;1;2;1;0;0;0;0;0;0;0;0;0;0;0;1;0;0;4;3;20,0;23;9;16;7;8;12;4;1;4;3;4;5;1;2;3;5;5;4;2;1;0;6;4;1;22
32_BAX_J1_Q1;1;32_BAX_J1;32;BAX;1;93;LLT;104;False;True;False;6,05;363;3;1;2;1;1;1;0;0;1;1;1;2;1;0;0;0;1;1;0;0;0;2;1;0;-2;0;20,0;23;9;16;7;8;12;4;1;4;3;4;5;1;2;3;5;5;4;2;1;0;6;4;1;22
33_BAX_J1_Q1;1;33_BAX_J1;33;BAX;1;93;LLT;104;False;True;False;6,1;366;4;2;3;1;2;3;1;0;0;0;0;0;0;1;1;2;3;0;0;0;0;0;0;0;-1;8;20,0;23;9;16;7;8;12;4;1;4;3;4;5;1;2;3;5;5;4;2;1;0;6;4;1;22
47_BAX_J1_Q1;1;47_BAX_J1;47;BAX;1;93;LLT;104;False;False;False;0,0;0;0;0;0;0;0;0;0;0;0;0;0;0;0;0;0;0;0;0;0;0;0;0;0;0;0;0;20,0;23;9;16;7;8;12;4;1;4;3;4;5;1;2;3;5;5;4;2;1;0;6;4;1;22
55_BAX_J1_Q1;1;55_BAX_J1;55;BAX;1;93;LLT;104;False;True;False;4,6;276;0;0;1;1;0;0;0;0;1;1;0;0;0;0;0;0;0;1;0;0;0;0;0;0;3;-2;20,0;23;9;16;7;8;12;4;1;4;3;4;5;1;2;3;5;5;4;2;1;0;6;4;1;22
99_BAX_J1_Q1;1;99_BAX_J1;99;BAX;1;93;LLT;104;False;False;False;2,9833333333333334;179;0;0;0;0;0;0;0;0;0;0;0;0;0;0;0;0;0;0;0;0;0;1;0;0;2;-1;20,0;23;9;16;7;8;12;4;1;4;3;4;5;1;2;3;5;5;4;2;1;0;6;4;1;22
BAX_BAX_J1_Q1;1;BAX_BAX_J1;BAX;BAX;1;93;LLT;104;False;False;False;50,0;3000;0;0;0;0;0;0;0;0;0;0;0;0;0;0;1;1;0;0;0;0;0;0;0;0;0;1;20,0;23;9;16;7;8;12;4;1;4;3;4;5;1;2;3;5;5;4;2;1;0;6;4;1;22
0_BAX_J1_Q2;2;0_BAX_J1;0;BAX;1;93;LLT;104;False;False;False;4,333333333333333;260;0;0;1;1;0;1;1;0;0;0;0;0;0;0;1;1;0;0;0;0;0;2;0;0;-5;-2;20,0;17;8;19;11;7;14;7;1;5;4;0;0;0;0;6;6;5;2;0;0;0;7;3;0;11
2_BAX_J1_Q2;2;2_BAX_J1;2;BAX;1;93;LLT;104;False;False;False;4,683333333333334;281;2;1;1;0;1;1;0;0;0;0;0;0;0;0;1;1;2;1;0;0;0;1;0;0;-8;3;20,0;17;8;19;11;7;14;7;1;5;4;0;0;0;0;6;6;5;2;0;0;0;7;3;0;11
4_BAX_J1_Q2;2;4_BAX_J1;4;BAX;1;93;LLT;104;False;False;False;7,183333333333334;431;6;3;3;0;3;3;0;0;0;0;0;0;0;0;0;0;1;0;0;0;0;2;0;0;0;5;20,0;17;8;19;11;7;14;7;1;5;4;0;0;0;0;6;6;5;2;0;0;0;7;3;0;11
8_BAX_J1_Q2;2;8_BAX_J1;8;BAX;1;93;LLT;104;False;True;False;6,3;378;0;0;2;2;0;1;1;0;1;1;0;0;0;0;1;1;1;0;0;0;0;1;0;0;0;-1;20,0;17;8;19;11;7;14;7;1;5;4;0;0;0;0;6;6;5;2;0;0;0;7;3;0;11
11_BAX_J1_Q2;2;11_BAX_J1;11;BAX;1;93;LLT;104;False;False;False;1,6833333333333333;101;0;0;1;1;0;1;1;0;0;0;0;0;0;0;1;1;0;0;0;0;0;1;0;0;-4;-1;20,0;17;8;19;11;7;14;7;1;5;4;0;0;0;0;6;6;5;2;0;0;0;7;3;0;11
12_BAX_J1_Q2;2;12_BAX_J1;12;BAX;1;93;LLT;104;False;False;False;4,216666666666667;253;3;1;2;1;0;0;0;1;2;1;0;0;0;0;0;0;0;0;0;0;0;0;0;0;-3;2;20,0;17;8;19;11;7;14;7;1;5;4;0;0;0;0;6;6;5;2;0;0;0;7;3;0;11
19_BAX_J1_Q2;2;19_BAX_J1;19;BAX;1;93;LLT;104;False;True;False;7,216666666666667;433;0;0;0;0;0;0;0;0;0;0;0;0;0;0;1;1;0;0;0;0;0;0;1;0;-7;2;20,0;17;8;19;11;7;14;7;1;5;4;0;0;0;0;6;6;5;2;0;0;0;7;3;0;11
32_BAX_J1_Q2;2;32_BAX_J1;32;BAX;1;93;LLT;104;False;True;False;3,433333333333333;206;2;1;1;0;1;1;0;0;0;0;0;0;0;0;0;0;0;0;0;0;0;0;2;0;-3;4;20,0;17;8;19;11;7;14;7;1;5;4;0;0;0;0;6;6;5;2;0;0;0;7;3;0;11
33_BAX_J1_Q2;2;33_BAX_J1;33;BAX;1;93;LLT;104;False;True;False;5,666666666666667;340;4;2;5;3;2;5;3;0;0;0;0;0;0;0;1;1;0;1;0;0;0;0;0;0;-3;1;20,0;17;8;19;11;7;14;7;1;5;4;0;0;0;0;6;6;5;2;0;0;0;7;3;0;11
47_BAX_J1_Q2;2;47_BAX_J1;47;BAX;1;93;LLT;104;False;False;False;0,0;0;0;0;0;0;0;0;0;0;0;0;0;0;0;0;0;0;0;0;0;0;0;0;0;0;0;0;20,0;17;8;19;11;7;14;7;1;5;4;0;0;0;0;6;6;5;2;0;0;0;7;3;0;11
55_BAX_J1_Q2;2;55_BAX_J1;55;BAX;1;93;LLT;104;False;True;False;3,1166666666666667;187;0;0;1;1;0;1;1;0;0;0;0;0;0;0;0;0;1;0;0;0;0;0;0;0;-1;0;20,0;17;8;19;11;7;14;7;1;5;4;0;0;0;0;6;6;5;2;0;0;0;7;3;0;11
99_BAX_J1_Q2;2;99_BAX_J1;99;BAX;1;93;LLT;104;False;False;False;2,1666666666666665;130;0;0;2;2;0;0;0;0;2;2;0;0;0;0;0;0;0;0;0;0;0;0;0;0;-6;-2;20,0;17;8;19;11;7;14;7;1;5;4;0;0;0;0;6;6;5;2;0;0;0;7;3;0;11
BAX_BAX_J1_Q2;2;BAX_BAX_J1;BAX;BAX;1;93;LLT;104;False;False;False;50,0;3000;0;0;0;0;0;0;0;0;0;0;0;0;0;0;0;0;0;0;0;0;0;0;0;0;0;0;20,0;17;8;19;11;7;14;7;1;5;4;0;0;0;0;6;6;5;2;0;0;0;7;3;0;11
0_BAX_J1_Q3;3;0_BAX_J1;0;BAX;1;93;LLT;104;False;False;False;4,383333333333334;263;2;1;1;0;1;1;0;0;0;0;0;0;0;1;0;1;1;1;0;0;0;0;0;1;6;3;20,0;19;3;11;8;2;6;4;1;5;4;12;13;1;2;7;9;2;6;2;1;0;8;7;1;17
2_BAX_J1_Q3;3;2_BAX_J1;2;BAX;1;93;LLT;104;False;False;False;5,75;345;0;0;2;2;0;2;2;0;0;0;0;0;0;0;0;0;1;0;0;0;0;1;0;0;-5;-2;20,0;19;3;11;8;2;6;4;1;5;4;12;13;1;2;7;9;2;6;2;1;0;8;7;1;17
4_BAX_J1_Q3;3;4_BAX_J1;4;BAX;1;93;LLT;104;False;False;False;0,16666666666666666;10;0;0;0;0;0;0;0;0;0;0;0;0;0;0;0;0;0;0;0;0;0;0;0;0;-2;0;20,0;19;3;11;8;2;6;4;1;5;4;12;13;1;2;7;9;2;6;2;1;0;8;7;1;17
8_BAX_J1_Q3;3;8_BAX_J1;8;BAX;1;93;LLT;104;False;True;False;6,533333333333333;392;1;0;3;3;0;1;1;0;2;2;1;1;0;0;2;2;0;0;0;0;0;0;0;0;-3;0;20,0;19;3;11;8;2;6;4;1;5;4;12;13;1;2;7;9;2;6;2;1;0;8;7;1;17
11_BAX_J1_Q3;3;11_BAX_J1;11;BAX;1;93;LLT;104;False;False;False;3,466666666666667;208;3;0;0;0;0;0;0;0;0;0;3;4;1;0;1;1;0;0;0;0;0;0;2;0;-6;5;20,0;19;3;11;8;2;6;4;1;5;4;12;13;1;2;7;9;2;6;2;1;0;8;7;1;17
12_BAX_J1_Q3;3;12_BAX_J1;12;BAX;1;93;LLT;104;False;False;False;4,466666666666667;268;0;0;0;0;0;0;0;0;0;0;0;0;0;0;0;0;0;0;0;0;0;0;0;0;-16;0;20,0;19;3;11;8;2;6;4;1;5;4;12;13;1;2;7;9;2;6;2;1;0;8;7;1;17
19_BAX_J1_Q3;3;19_BAX_J1;19;BAX;1;93;LLT;104;False;True;False;5,7;342;0;0;1;1;0;0;0;0;1;1;0;0;0;0;1;1;0;0;2;0;0;0;1;0;5;3;20,0;19;3;11;8;2;6;4;1;5;4;12;13;1;2;7;9;2;6;2;1;0;8;7;1;17
32_BAX_J1_Q3;3;32_BAX_J1;32;BAX;1;93;LLT;104;False;True;False;3,933333333333333;236;2;0;0;0;0;0;0;0;0;0;2;2;0;0;1;1;0;1;0;0;0;1;1;0;-14;2;20,0;19;3;11;8;2;6;4;1;5;4;12;13;1;2;7;9;2;6;2;1;0;8;7;1;17
33_BAX_J1_Q3;3;33_BAX_J1;33;BAX;1;93;LLT;104;False;True;False;3,566666666666667;214;2;0;0;0;0;0;0;0;0;0;2;2;0;0;0;0;0;0;0;0;0;1;1;0;-4;2;20,0;19;3;11;8;2;6;4;1;5;4;12;13;1;2;7;9;2;6;2;1;0;8;7;1;17
47_BAX_J1_Q3;3;47_BAX_J1;47;BAX;1;93;LLT;104;False;False;False;1,8833333333333333;113;0;0;0;0;0;0;0;0;0;0;0;0;0;0;0;0;0;1;0;0;0;2;0;0;-9;-3;20,0;19;3;11;8;2;6;4;1;5;4;12;13;1;2;7;9;2;6;2;1;0;8;7;1;17
55_BAX_J1_Q3;3;55_BAX_J1;55;BAX;1;93;LLT;104;False;True;False;4,25;255;2;0;0;0;0;0;0;0;0;0;2;2;0;0;1;1;0;3;0;0;0;1;1;0;-4;0;20,0;19;3;11;8;2;6;4;1;5;4;12;13;1;2;7;9;2;6;2;1;0;8;7;1;17
99_BAX_J1_Q3;3;99_BAX_J1;99;BAX;1;93;LLT;104;False;False;False;5,9;354;7;2;4;2;1;2;1;1;2;1;2;2;0;0;0;0;0;0;0;1;0;2;1;0;7;5;20,0;19;3;11;8;2;6;4;1;5;4;12;13;1;2;7;9;2;6;2;1;0;8;7;1;17
BAX_BAX_J1_Q3;3;BAX_BAX_J1;BAX;BAX;1;93;LLT;104;False;False;False;50,0;3000;0;0;0;0;0;0;0;0;0;0;0;0;0;1;1;2;0;0;0;0;0;0;0;0;0;2;20,0;19;3;11;8;2;6;4;1;5;4;12;13;1;2;7;9;2;6;2;1;0;8;7;1;17
0_BAX_J1_Q4;4;0_BAX_J1;0;BAX;1;93;LLT;104;False;False;False;3,716666666666667;223;6;3;3;0;3;3;0;0;0;0;0;0;0;0;0;0;0;0;0;0;0;1;0;3;4;5;20,0;34;15;23;8;11;18;7;4;5;1;0;0;0;4;5;9;11;3;0;0;1;6;3;3;39
2_BAX_J1_Q4;4;2_BAX_J1;2;BAX;1;93;LLT;104;False;False;False;8,8;528;6;3;6;3;3;5;2;0;1;1;0;0;0;2;2;4;7;0;0;0;0;1;0;0;13;13;20,0;34;15;23;8;11;18;7;4;5;1;0;0;0;4;5;9;11;3;0;0;1;6;3;3;39
4_BAX_J1_Q4;4;4_BAX_J1;4;BAX;1;93;LLT;104;False;False;False;4,75;285;2;1;1;0;1;1;0;0;0;0;0;0;0;1;0;1;1;0;0;0;0;2;1;0;8;3;20,0;34;15;23;8;11;18;7;4;5;1;0;0;0;4;5;9;11;3;0;0;1;6;3;3;39
8_BAX_J1_Q4;4;8_BAX_J1;8;BAX;1;93;LLT;104;False;True;False;4,683333333333334;281;0;0;0;0;0;0;0;0;0;0;0;0;0;0;1;1;0;0;0;0;0;0;0;0;-5;1;20,0;34;15;23;8;11;18;7;4;5;1;0;0;0;4;5;9;11;3;0;0;1;6;3;3;39
11_BAX_J1_Q4;4;11_BAX_J1;11;BAX;1;93;LLT;104;False;False;False;5,7;342;0;0;1;1;0;1;1;0;0;0;0;0;0;0;1;1;0;0;0;0;0;0;0;0;11;0;20,0;34;15;23;8;11;18;7;4;5;1;0;0;0;4;5;9;11;3;0;0;1;6;3;3;39
12_BAX_J1_Q4;4;12_BAX_J1;12;BAX;1;93;LLT;104;False;False;False;0,4166666666666667;25;0;0;0;0;0;0;0;0;0;0;0;0;0;0;0;0;0;0;0;0;0;0;0;0;-5;0;20,0;34;15;23;8;11;18;7;4;5;1;0;0;0;4;5;9;11;3;0;0;1;6;3;3;39
19_BAX_J1_Q4;4;19_BAX_J1;19;BAX;1;93;LLT;104;False;True;False;4,75;285;3;1;2;1;0;1;1;1;1;0;0;0;0;1;0;1;0;0;0;0;1;0;1;0;8;3;20,0;34;15;23;8;11;18;7;4;5;1;0;0;0;4;5;9;11;3;0;0;1;6;3;3;39
32_BAX_J1_Q4;4;32_BAX_J1;32;BAX;1;93;LLT;104;False;True;False;0,0;0;0;0;0;0;0;0;0;0;0;0;0;0;0;0;0;0;0;0;0;0;0;0;0;0;0;0;20,0;34;15;23;8;11;18;7;4;5;1;0;0;0;4;5;9;11;3;0;0;1;6;3;3;39
33_BAX_J1_Q4;4;33_BAX_J1;33;BAX;1;93;LLT;104;False;True;False;6,283333333333333;377;8;4;6;2;4;6;2;0;0;0;0;0;0;0;0;0;2;1;0;0;0;0;0;0;2;7;20,0;34;15;23;8;11;18;7;4;5;1;0;0;0;4;5;9;11;3;0;0;1;6;3;3;39
47_BAX_J1_Q4;4;47_BAX_J1;47;BAX;1;93;LLT;104;False;False;False;0,0;0;0;0;0;0;0;0;0;0;0;0;0;0;0;0;0;0;0;0;0;0;0;0;0;0;0;0;20,0;34;15;23;8;11;18;7;4;5;1;0;0;0;4;5;9;11;3;0;0;1;6;3;3;39
55_BAX_J1_Q4;4;55_BAX_J1;55;BAX;1;93;LLT;104;False;True;False;6,033333333333333;362;0;0;0;0;0;0;0;0;0;0;0;0;0;0;1;1;1;1;0;0;0;0;1;0;-4;2;20,0;34;15;23;8;11;18;7;4;5;1;0;0;0;4;5;9;11;3;0;0;1;6;3;3;39
99_BAX_J1_Q4;4;99_BAX_J1;99;BAX;1;93;LLT;104;False;False;False;4,866666666666666;292;9;3;4;1;0;1;1;3;3;0;0;0;0;0;0;0;0;0;0;0;0;1;0;0;-2;7;20,0;34;15;23;8;11;18;7;4;5;1;0;0;0;4;5;9;11;3;0;0;1;6;3;3;39
BAX_BAX_J1_Q4;4;BAX_BAX_J1;BAX;BAX;1;93;LLT;104;False;False;False;50,0;3000;0;0;0;0;0;0;0;0;0;0;0;0;0;0;0;0;0;1;0;0;0;1;0;0;0;-2;20,0;34;15;23;8;11;18;7;4;5;1;0;0;0;4;5;9;11;3;0;0;1;6;3;3;39
1_HIO_J1_Q1;1;1_HIO_J1;1;HIO;1;87;BRE;68;True;True;True;5,716666666666667;343;5;2;4;2;1;1;0;1;3;2;0;0;0;0;0;0;1;0;0;0;0;0;0;0;10;4;20,0;23;10;17;7;7;7;0;3;10;7;0;0;0;2;9;11;6;2;1;2;0;4;1;1;31
2_HIO_J1_Q1;1;2_HIO_J1;2;HIO;1;87;BRE;68;True;False;True;6,35;381;0;0;2;2;0;0;0;0;2;2;0;0;0;0;0;0;1;0;0;0;0;1;0;0;4;-2;20,0;23;10;17;7;7;7;0;3;10;7;0;0;0;2;9;11;6;2;1;2;0;4;1;1;31
3_HIO_J1_Q1;1;3_HIO_J1;3;HIO;1;87;BRE;68;True;True;True;5,716666666666667;343;5;2;2;0;1;1;0;1;1;0;0;0;0;0;2;2;0;0;0;0;0;0;1;0;10;8;20,0;23;10;17;7;7;7;0;3;10;7;0;0;0;2;9;11;6;2;1;2;0;4;1;1;31
4_HIO_J1_Q1;1;4_HIO_J1;4;HIO;1;87;BRE;68;True;True;True;3,65;219;7;3;4;1;2;2;0;1;2;1;0;0;0;0;1;1;1;0;0;0;0;2;0;0;4;6;20,0;23;10;17;7;7;7;0;3;10;7;0;0;0;2;9;11;6;2;1;2;0;4;1;1;31
5_HIO_J1_Q1;1;5_HIO_J1;5;HIO;1;87;BRE;68;True;False;True;4,283333333333333;257;0;0;0;0;0;0;0;0;0;0;0;0;0;1;0;1;2;0;0;0;0;0;0;0;-2;3;20,0;23;10;17;7;7;7;0;3;10;7;0;0;0;2;9;11;6;2;1;2;0;4;1;1;31
6_HIO_J1_Q1;1;6_HIO_J1;6;HIO;1;87;BRE;68;True;False;True;4,283333333333333;257;0;0;2;2;0;0;0;0;2;2;0;0;0;0;2;2;0;0;0;0;0;0;0;0;-2;0;20,0;23;10;17;7;7;7;0;3;10;7;0;0;0;2;9;11;6;2;1;2;0;4;1;1;31
7_HIO_J1_Q1;1;7_HIO_J1;7;HIO;1;87;BRE;68;True;False;True;5,45;327;2;1;1;0;1;1;0;0;0;0;0;0;0;1;2;3;0;0;0;1;0;0;0;1;0;6;20,0;23;10;17;7;7;7;0;3;10;7;0;0;0;2;9;11;6;2;1;2;0;4;1;1;31
12_HIO_J1_Q1;1;12_HIO_J1;12;HIO;1;87;BRE;68;True;True;True;4,55;273;0;0;0;0;0;0;0;0;0;0;0;0;0;0;0;0;0;0;1;0;0;1;0;0;8;0;20,0;23;10;17;7;7;7;0;3;10;7;0;0;0;2;9;11;6;2;1;2;0;4;1;1;31
14_HIO_J1_Q1;1;14_HIO_J1;14;HIO;1;87;BRE;68;True;False;True;6,35;381;4;2;2;0;2;2;0;0;0;0;0;0;0;0;2;2;1;1;0;1;0;0;0;0;4;7;20,0;23;10;17;7;7;7;0;3;10;7;0;0;0;2;9;11;6;2;1;2;0;4;1;1;31
16_HIO_J1_Q1;1;16_HIO_J1;16;HIO;1;87;BRE;68;True;True;True;3,65;219;0;0;0;0;0;0;0;0;0;0;0;0;0;0;0;0;0;0;0;0;0;0;0;0;4;0;20,0;23;10;17;7;7;7;0;3;10;7;0;0;0;2;9;11;6;2;1;2;0;4;1;1;31
25_HIO_J1_Q1;1;25_HIO_J1;25;HIO;1;87;BRE;68;True;False;True;0,0;0;0;0;0;0;0;0;0;0;0;0;0;0;0;0;0;0;0;0;0;0;0;0;0;0;0;0;20,0;23;10;17;7;7;7;0;3;10;7;0;0;0;2;9;11;6;2;1;2;0;4;1;1;31
52_HIO_J1_Q1;1;52_HIO_J1;52;HIO;1;87;BRE;68;True;False;True;0,0;0;0;0;0;0;0;0;0;0;0;0;0;0;0;0;0;0;0;0;0;0;0;0;0;0;0;0;20,0;23;10;17;7;7;7;0;3;10;7;0;0;0;2;9;11;6;2;1;2;0;4;1;1;31
HIO_HIO_J1_Q1;1;HIO_HIO_J1;HIO;HIO;1;87;BRE;68;True;False;True;50,0;3000;0;0;0;0;0;0;0;0;0;0;0;0;0;0;0;0;0;1;0;0;0;0;0;0;0;-1;20,0;23;10;17;7;7;7;0;3;10;7;0;0;0;2;9;11;6;2;1;2;0;4;1;1;31
1_HIO_J1_Q2;2;1_HIO_J1;1;HIO;1;87;BRE;68;True;True;True;7,15;429;3;1;1;0;0;0;0;1;1;0;0;0;0;0;0;0;1;2;1;0;0;0;0;0;6;3;20,0;22;10;16;6;9;14;5;1;2;1;1;3;2;4;7;11;6;4;2;1;0;5;4;1;29
2_HIO_J1_Q2;2;2_HIO_J1;2;HIO;1;87;BRE;68;True;False;True;1,5333333333333334;92;2;1;1;0;1;1;0;0;0;0;0;0;0;0;0;0;1;0;1;0;0;1;0;0;2;3;20,0;22;10;16;6;9;14;5;1;2;1;1;3;2;4;7;11;6;4;2;1;0;5;4;1;29
3_HIO_J1_Q2;2;3_HIO_J1;3;HIO;1;87;BRE;68;True;True;True;7,9;474;3;1;4;3;1;3;2;0;1;1;1;2;1;2;1;3;0;0;0;1;0;1;2;0;6;4;20,0;22;10;16;6;9;14;5;1;2;1;1;3;2;4;7;11;6;4;2;1;0;5;4;1;29
4_HIO_J1_Q2;2;4_HIO_J1;4;HIO;1;87;BRE;68;True;True;True;3,7;222;0;0;2;2;0;2;2;0;0;0;0;0;0;0;1;1;0;0;0;0;0;0;0;0;1;-1;20,0;22;10;16;6;9;14;5;1;2;1;1;3;2;4;7;11;6;4;2;1;0;5;4;1;29
5_HIO_J1_Q2;2;5_HIO_J1;5;HIO;1;87;BRE;68;True;False;True;5,966666666666667;358;0;0;0;0;0;0;0;0;0;0;0;0;0;0;1;1;2;2;0;0;0;0;0;0;7;1;20,0;22;10;16;6;9;14;5;1;2;1;1;3;2;4;7;11;6;4;2;1;0;5;4;1;29
6_HIO_J1_Q2;2;6_HIO_J1;6;HIO;1;87;BRE;68;True;False;True;6,3;378;2;1;1;0;1;1;0;0;0;0;0;1;1;0;0;0;1;0;0;0;0;0;2;0;6;4;20,0;22;10;16;6;9;14;5;1;2;1;1;3;2;4;7;11;6;4;2;1;0;5;4;1;29
7_HIO_J1_Q2;2;7_HIO_J1;7;HIO;1;87;BRE;68;True;False;True;2,85;171;6;3;4;1;3;4;1;0;0;0;0;0;0;0;1;1;0;0;0;0;0;0;0;1;4;6;20,0;22;10;16;6;9;14;5;1;2;1;1;3;2;4;7;11;6;4;2;1;0;5;4;1;29
12_HIO_J1_Q2;2;12_HIO_J1;12;HIO;1;87;BRE;68;True;True;True;2,1333333333333333;128;4;2;2;0;2;2;0;0;0;0;0;0;0;1;1;2;0;0;0;0;0;1;0;0;3;5;20,0;22;10;16;6;9;14;5;1;2;1;1;3;2;4;7;11;6;4;2;1;0;5;4;1;29
14_HIO_J1_Q2;2;14_HIO_J1;14;HIO;1;87;BRE;68;True;False;True;2,1;126;2;1;1;0;1;1;0;0;0;0;0;0;0;0;0;0;0;0;0;0;0;0;0;0;1;2;20,0;22;10;16;6;9;14;5;1;2;1;1;3;2;4;7;11;6;4;2;1;0;5;4;1;29
16_HIO_J1_Q2;2;16_HIO_J1;16;HIO;1;87;BRE;68;True;True;True;5,35;321;0;0;0;0;0;0;0;0;0;0;0;0;0;0;0;0;1;0;0;0;0;1;0;0;-1;0;20,0;22;10;16;6;9;14;5;1;2;1;1;3;2;4;7;11;6;4;2;1;0;5;4;1;29
25_HIO_J1_Q2;2;25_HIO_J1;25;HIO;1;87;BRE;68;True;False;True;5,016666666666667;301;0;0;0;0;0;0;0;0;0;0;0;0;0;1;2;3;0;0;0;0;0;1;0;0;0;2;20,0;22;10;16;6;9;14;5;1;2;1;1;3;2;4;7;11;6;4;2;1;0;5;4;1;29
52_HIO_J1_Q2;2;52_HIO_J1;52;HIO;1;87;BRE;68;True;False;True;0,0;0;0;0;0;0;0;0;0;0;0;0;0;0;0;0;0;0;0;0;0;0;0;0;0;0;0;0;20,0;22;10;16;6;9;14;5;1;2;1;1;3;2;4;7;11;6;4;2;1;0;5;4;1;29
HIO_HIO_J1_Q2;2;HIO_HIO_J1;HIO;HIO;1;87;BRE;68;True;False;True;50,0;3000;0;0;0;0;0;0;0;0;0;0;0;0;0;0;0;0;0;0;0;0;0;0;0;0;0;0;20,0;22;10;16;6;9;14;5;1;2;1;1;3;2;4;7;11;6;4;2;1;0;5;4;1;29
1_HIO_J1_Q3;3;1_HIO_J1;1;HIO;1;87;BRE;68;True;True;True;5,733333333333333;344;0;0;1;1;0;1;1;0;0;0;0;0;0;0;1;1;0;0;0;0;1;0;1;0;6;0;20,0;19;7;22;15;5;12;7;2;10;8;3;8;5;8;9;17;6;4;3;2;3;6;7;1;21
2_HIO_J1_Q3;3;2_HIO_J1;2;HIO;1;87;BRE;68;True;False;True;3,0166666666666666;181;3;1;2;1;0;0;0;1;2;1;0;0;0;0;0;0;1;1;2;0;0;2;0;0;-1;2;20,0;19;7;22;15;5;12;7;2;10;8;3;8;5;8;9;17;6;4;3;2;3;6;7;1;21
3_HIO_J1_Q3;3;3_HIO_J1;3;HIO;1;87;BRE;68;True;True;True;5,466666666666667;328;0;0;4;4;0;3;3;0;1;1;0;0;0;1;0;1;0;0;0;0;1;0;1;0;6;-3;20,0;19;7;22;15;5;12;7;2;10;8;3;8;5;8;9;17;6;4;3;2;3;6;7;1;21
4_HIO_J1_Q3;3;4_HIO_J1;4;HIO;1;87;BRE;68;True;True;True;5,416666666666667;325;4;2;3;1;2;3;1;0;0;0;0;1;1;2;2;4;3;0;1;1;0;0;1;0;1;12;20,0;19;7;22;15;5;12;7;2;10;8;3;8;5;8;9;17;6;4;3;2;3;6;7;1;21
5_HIO_J1_Q3;3;5_HIO_J1;5;HIO;1;87;BRE;68;True;False;True;3,3;198;0;0;1;1;0;0;0;0;1;1;0;0;0;0;1;1;0;0;0;0;0;0;0;0;-3;0;20,0;19;7;22;15;5;12;7;2;10;8;3;8;5;8;9;17;6;4;3;2;3;6;7;1;21
6_HIO_J1_Q3;3;6_HIO_J1;6;HIO;1;87;BRE;68;True;False;True;4,583333333333333;275;1;0;2;2;0;1;1;0;1;1;1;2;1;1;1;2;2;0;0;0;0;1;1;0;2;2;20,0;19;7;22;15;5;12;7;2;10;8;3;8;5;8;9;17;6;4;3;2;3;6;7;1;21
7_HIO_J1_Q3;3;7_HIO_J1;7;HIO;1;87;BRE;68;True;False;True;4,5;270;3;1;1;0;1;1;0;0;0;0;1;1;0;1;2;3;0;1;0;0;0;1;1;0;-1;5;20,0;19;7;22;15;5;12;7;2;10;8;3;8;5;8;9;17;6;4;3;2;3;6;7;1;21
12_HIO_J1_Q3;3;12_HIO_J1;12;HIO;1;87;BRE;68;True;True;True;1,2833333333333334;77;0;0;1;1;0;1;1;0;0;0;0;0;0;1;0;1;0;0;0;1;0;1;0;0;2;0;20,0;19;7;22;15;5;12;7;2;10;8;3;8;5;8;9;17;6;4;3;2;3;6;7;1;21
14_HIO_J1_Q3;3;14_HIO_J1;14;HIO;1;87;BRE;68;True;False;True;7,066666666666666;424;0;0;1;1;0;0;0;0;1;1;0;0;0;0;1;1;0;0;0;0;0;0;0;0;0;0;20,0;19;7;22;15;5;12;7;2;10;8;3;8;5;8;9;17;6;4;3;2;3;6;7;1;21
16_HIO_J1_Q3;3;16_HIO_J1;16;HIO;1;87;BRE;68;True;True;True;5,416666666666667;325;3;1;4;3;0;0;0;1;4;3;0;0;0;0;1;1;0;0;0;0;1;0;0;0;1;0;20,0;19;7;22;15;5;12;7;2;10;8;3;8;5;8;9;17;6;4;3;2;3;6;7;1;21
25_HIO_J1_Q3;3;25_HIO_J1;25;HIO;1;87;BRE;68;True;False;True;4,216666666666667;253;5;2;2;0;2;2;0;0;0;0;1;4;3;1;0;1;0;0;0;0;0;0;2;1;2;5;20,0;19;7;22;15;5;12;7;2;10;8;3;8;5;8;9;17;6;4;3;2;3;6;7;1;21
52_HIO_J1_Q3;3;52_HIO_J1;52;HIO;1;87;BRE;68;True;False;True;0,0;0;0;0;0;0;0;0;0;0;0;0;0;0;0;0;0;0;0;0;0;0;0;0;0;0;0;0;20,0;19;7;22;15;5;12;7;2;10;8;3;8;5;8;9;17;6;4;3;2;3;6;7;1;21
HIO_HIO_J1_Q3;3;HIO_HIO_J1;HIO;HIO;1;87;BRE;68;True;False;True;50,0;3000;0;0;0;0;0;0;0;0;0;0;0;0;0;1;0;1;0;2;0;0;0;1;0;0;0;-2;20,0;19;7;22;15;5;12;7;2;10;8;3;8;5;8;9;17;6;4;3;2;3;6;7;1;21
1_HIO_J1_Q4;4;1_HIO_J1;1;HIO;1;87;BRE;68;True;True;True;2,3666666666666667;142;0;0;0;0;0;0;0;0;0;0;0;0;0;0;0;0;0;1;0;0;0;1;0;0;-4;-2;20,0;23;8;15;7;6;10;4;2;5;3;5;8;3;1;8;9;9;4;2;0;2;8;7;2;26
2_HIO_J1_Q4;4;2_HIO_J1;2;HIO;1;87;BRE;68;True;False;True;1,7666666666666666;106;0;0;0;0;0;0;0;0;0;0;0;0;0;0;0;0;0;0;0;0;0;1;0;0;0;-1;20,0;23;8;15;7;6;10;4;2;5;3;5;8;3;1;8;9;9;4;2;0;2;8;7;2;26
3_HIO_J1_Q4;4;3_HIO_J1;3;HIO;1;87;BRE;68;True;True;True;6,383333333333334;383;5;2;3;1;2;3;1;0;0;0;1;2;1;1;1;2;2;1;0;0;1;0;2;0;3;7;20,0;23;8;15;7;6;10;4;2;5;3;5;8;3;1;8;9;9;4;2;0;2;8;7;2;26
4_HIO_J1_Q4;4;4_HIO_J1;4;HIO;1;87;BRE;68;True;True;True;7,633333333333334;458;3;1;2;1;0;1;1;1;1;0;0;0;0;0;1;1;2;1;0;0;0;2;0;0;5;2;20,0;23;8;15;7;6;10;4;2;5;3;5;8;3;1;8;9;9;4;2;0;2;8;7;2;26
5_HIO_J1_Q4;4;5_HIO_J1;5;HIO;1;87;BRE;68;True;False;True;4,183333333333334;251;4;1;2;1;1;2;1;0;0;0;2;2;0;0;0;0;1;1;1;0;0;0;1;1;-2;5;20,0;23;8;15;7;6;10;4;2;5;3;5;8;3;1;8;9;9;4;2;0;2;8;7;2;26
6_HIO_J1_Q4;4;6_HIO_J1;6;HIO;1;87;BRE;68;True;False;True;8,216666666666667;493;4;1;2;1;0;0;0;1;2;1;1;2;1;0;1;1;2;0;1;0;0;1;1;0;1;6;20,0;23;8;15;7;6;10;4;2;5;3;5;8;3;1;8;9;9;4;2;0;2;8;7;2;26
7_HIO_J1_Q4;4;7_HIO_J1;7;HIO;1;87;BRE;68;True;False;True;4,35;261;5;2;3;1;2;2;0;0;1;1;1;2;1;0;2;2;0;0;0;0;0;1;1;1;5;5;20,0;23;8;15;7;6;10;4;2;5;3;5;8;3;1;8;9;9;4;2;0;2;8;7;2;26
12_HIO_J1_Q4;4;12_HIO_J1;12;HIO;1;87;BRE;68;True;True;True;3,6166666666666667;217;0;0;0;0;0;0;0;0;0;0;0;0;0;0;1;1;0;0;0;0;0;1;1;0;-2;1;20,0;23;8;15;7;6;10;4;2;5;3;5;8;3;1;8;9;9;4;2;0;2;8;7;2;26
14_HIO_J1_Q4;4;14_HIO_J1;14;HIO;1;87;BRE;68;True;False;True;5,666666666666667;340;0;0;1;1;0;0;0;0;1;1;0;0;0;0;2;2;0;0;0;0;0;1;0;0;-4;0;20,0;23;8;15;7;6;10;4;2;5;3;5;8;3;1;8;9;9;4;2;0;2;8;7;2;26
16_HIO_J1_Q4;4;16_HIO_J1;16;HIO;1;87;BRE;68;True;True;True;3,783333333333333;227;2;1;2;1;1;2;1;0;0;0;0;0;0;0;0;0;1;0;0;0;1;0;0;0;5;1;20,0;23;8;15;7;6;10;4;2;5;3;5;8;3;1;8;9;9;4;2;0;2;8;7;2;26
25_HIO_J1_Q4;4;25_HIO_J1;25;HIO;1;87;BRE;68;True;False;True;2,033333333333333;122;0;0;0;0;0;0;0;0;0;0;0;0;0;0;0;0;1;0;0;0;0;0;1;0;-2;2;20,0;23;8;15;7;6;10;4;2;5;3;5;8;3;1;8;9;9;4;2;0;2;8;7;2;26
52_HIO_J1_Q4;4;52_HIO_J1;52;HIO;1;87;BRE;68;True;False;True;0,0;0;0;0;0;0;0;0;0;0;0;0;0;0;0;0;0;0;0;0;0;0;0;0;0;0;0;0;20,0;23;8;15;7;6;10;4;2;5;3;5;8;3;1;8;9;9;4;2;0;2;8;7;2;26
HIO_HIO_J1_Q4;4;HIO_HIO_J1;HIO;HIO;1;87;BRE;68;True;False;True;50,0;3000;0;0;0;0;0;0;0;0;0;0;0;0;0;0;0;0;0;0;0;0;0;0;0;0;0;0;20,0;23;8;15;7;6;10;4;2;5;3;5;8;3;1;8;9;9;4;2;0;2;8;7;2;26
0_BRE_J1_Q1;1;0_BRE_J1;0;BRE;1;68;HIO;87;False;False;False;4,283333333333333;257;5;2;2;0;1;1;0;1;1;0;0;0;0;0;0;0;0;0;0;0;0;0;0;1;2;5;20,0;15;5;14;9;2;8;6;3;6;3;2;2;0;0;5;5;5;2;1;0;2;1;4;1;16
1_BRE_J1_Q1;1;1_BRE_J1;1;BRE;1;68;HIO;87;False;True;False;7,5;450;5;1;2;1;0;1;1;1;1;0;2;2;0;0;1;1;0;0;0;0;0;0;1;0;-10;6;20,0;15;5;14;9;2;8;6;3;6;3;2;2;0;0;5;5;5;2;1;0;2;1;4;1;16
4_BRE_J1_Q1;1;4_BRE_J1;4;BRE;1;68;HIO;87;False;True;False;6,583333333333333;395;2;1;2;1;1;2;1;0;0;0;0;0;0;0;0;0;1;0;0;0;0;0;1;0;-10;3;20,0;15;5;14;9;2;8;6;3;6;3;2;2;0;0;5;5;5;2;1;0;2;1;4;1;16
8_BRE_J1_Q1;1;8_BRE_J1;8;BRE;1;68;HIO;87;False;False;False;0,0;0;0;0;0;0;0;0;0;0;0;0;0;0;0;0;0;0;0;0;0;0;0;0;0;0;0;0;20,0;15;5;14;9;2;8;6;3;6;3;2;2;0;0;5;5;5;2;1;0;2;1;4;1;16
10_BRE_J1_Q1;1;10_BRE_J1;10;BRE;1;68;HIO;87;False;False;False;5,45;327;3;1;2;1;0;0;0;1;2;1;0;0;0;0;0;0;0;0;0;0;0;1;0;0;0;1;20,0;15;5;14;9;2;8;6;3;6;3;2;2;0;0;5;5;5;2;1;0;2;1;4;1;16
17_BRE_J1_Q1;1;17_BRE_J1;17;BRE;1;68;HIO;87;False;False;False;2,5;150;0;0;0;0;0;0;0;0;0;0;0;0;0;0;0;0;0;0;0;0;0;0;0;0;2;0;20,0;15;5;14;9;2;8;6;3;6;3;2;2;0;0;5;5;5;2;1;0;2;1;4;1;16
18_BRE_J1_Q1;1;18_BRE_J1;18;BRE;1;68;HIO;87;False;False;False;5,383333333333334;323;0;0;1;1;0;1;1;0;0;0;0;0;0;0;1;1;1;0;0;0;1;0;1;0;0;1;20,0;15;5;14;9;2;8;6;3;6;3;2;2;0;0;5;5;5;2;1;0;2;1;4;1;16
19_BRE_J1_Q1;1;19_BRE_J1;19;BRE;1;68;HIO;87;False;False;False;3,4833333333333334;209;0;0;2;2;0;2;2;0;0;0;0;0;0;0;0;0;2;0;0;0;1;0;0;0;2;-1;20,0;15;5;14;9;2;8;6;3;6;3;2;2;0;0;5;5;5;2;1;0;2;1;4;1;16
22_BRE_J1_Q1;1;22_BRE_J1;22;BRE;1;68;HIO;87;False;True;False;4,55;273;0;0;1;1;0;1;1;0;0;0;0;0;0;0;1;1;0;0;0;0;0;0;1;0;-8;1;20,0;15;5;14;9;2;8;6;3;6;3;2;2;0;0;5;5;5;2;1;0;2;1;4;1;16
23_BRE_J1_Q1;1;23_BRE_J1;23;BRE;1;68;HIO;87;False;False;False;0,0;0;0;0;0;0;0;0;0;0;0;0;0;0;0;0;0;0;0;0;0;0;0;0;0;0;0;0;20,0;15;5;14;9;2;8;6;3;6;3;2;2;0;0;5;5;5;2;1;0;2;1;4;1;16
24_BRE_J1_Q1;1;24_BRE_J1;24;BRE;1;68;HIO;87;False;True;False;5,716666666666667;343;0;0;1;1;0;0;0;0;1;1;0;0;0;0;0;0;0;0;0;0;0;0;0;0;-10;-1;20,0;15;5;14;9;2;8;6;3;6;3;2;2;0;0;5;5;5;2;1;0;2;1;4;1;16
47_BRE_J1_Q1;1;47_BRE_J1;47;BRE;1;68;HIO;87;False;True;False;4,55;273;0;0;1;1;0;0;0;0;1;1;0;0;0;0;0;0;1;2;0;0;0;0;0;0;-8;-2;20,0;15;5;14;9;2;8;6;3;6;3;2;2;0;0;5;5;5;2;1;0;2;1;4;1;16
BRE_BRE_J1_Q1;1;BRE_BRE_J1;BRE;BRE;1;68;HIO;87;False;False;False;50,0;3000;0;0;0;0;0;0;0;0;0;0;0;0;0;0;2;2;0;0;1;0;0;0;0;0;0;3;20,0;15;5;14;9;2;8;6;3;6;3;2;2;0;0;5;5;5;2;1;0;2;1;4;1;16
0_BRE_J1_Q2;2;0_BRE_J1;0;BRE;1;68;HIO;87;False;False;False;4,9;294;2;1;1;0;1;1;0;0;0;0;0;0;0;1;0;1;1;0;0;0;0;0;0;1;-5;4;20,0;15;6;17;11;4;10;6;2;7;5;1;2;1;5;3;8;4;3;2;0;1;4;5;2;14
1_BRE_J1_Q2;2;1_BRE_J1;1;BRE;1;68;HIO;87;False;True;False;3,1166666666666667;187;0;0;2;2;0;1;1;0;1;1;0;0;0;0;0;0;0;0;0;0;0;0;0;0;-6;-2;20,0;15;6;17;11;4;10;6;2;7;5;1;2;1;5;3;8;4;3;2;0;1;4;5;2;14
4_BRE_J1_Q2;2;4_BRE_J1;4;BRE;1;68;HIO;87;False;True;False;6,9;414;0;0;3;3;0;2;2;0;1;1;0;0;0;1;1;2;2;0;1;0;0;0;0;0;-4;2;20,0;15;6;17;11;4;10;6;2;7;5;1;2;1;5;3;8;4;3;2;0;1;4;5;2;14
8_BRE_J1_Q2;2;8_BRE_J1;8;BRE;1;68;HIO;87;False;False;False;5,85;351;0;0;1;1;0;1;1;0;0;0;0;0;0;1;0;1;0;0;0;0;1;1;2;0;-2;0;20,0;15;6;17;11;4;10;6;2;7;5;1;2;1;5;3;8;4;3;2;0;1;4;5;2;14
10_BRE_J1_Q2;2;10_BRE_J1;10;BRE;1;68;HIO;87;False;False;False;1,7666666666666666;106;0;0;0;0;0;0;0;0;0;0;0;0;0;0;0;0;0;1;0;0;0;0;0;0;-2;-1;20,0;15;6;17;11;4;10;6;2;7;5;1;2;1;5;3;8;4;3;2;0;1;4;5;2;14
17_BRE_J1_Q2;2;17_BRE_J1;17;BRE;1;68;HIO;87;False;False;False;6,883333333333334;413;6;2;4;2;1;2;1;1;2;1;1;2;1;0;0;0;0;0;0;0;0;0;1;0;-1;4;20,0;15;6;17;11;4;10;6;2;7;5;1;2;1;5;3;8;4;3;2;0;1;4;5;2;14
18_BRE_J1_Q2;2;18_BRE_J1;18;BRE;1;68;HIO;87;False;False;False;1,0;60;0;0;0;0;0;0;0;0;0;0;0;0;0;0;0;0;0;0;0;0;0;0;0;0;-2;0;20,0;15;6;17;11;4;10;6;2;7;5;1;2;1;5;3;8;4;3;2;0;1;4;5;2;14
19_BRE_J1_Q2;2;19_BRE_J1;19;BRE;1;68;HIO;87;False;False;False;3,1;186;0;0;1;1;0;0;0;0;1;1;0;0;0;0;1;1;0;0;1;0;0;1;1;0;-3;1;20,0;15;6;17;11;4;10;6;2;7;5;1;2;1;5;3;8;4;3;2;0;1;4;5;2;14
22_BRE_J1_Q2;2;22_BRE_J1;22;BRE;1;68;HIO;87;False;True;False;3,15;189;4;2;3;1;2;3;1;0;0;0;0;0;0;0;0;0;0;1;0;0;0;0;0;1;-3;2;20,0;15;6;17;11;4;10;6;2;7;5;1;2;1;5;3;8;4;3;2;0;1;4;5;2;14
23_BRE_J1_Q2;2;23_BRE_J1;23;BRE;1;68;HIO;87;False;False;False;0,0;0;0;0;0;0;0;0;0;0;0;0;0;0;0;0;0;0;0;0;0;0;0;0;0;0;0;0;20,0;15;6;17;11;4;10;6;2;7;5;1;2;1;5;3;8;4;3;2;0;1;4;5;2;14
24_BRE_J1_Q2;2;24_BRE_J1;24;BRE;1;68;HIO;87;False;True;False;5,1;306;0;0;0;0;0;0;0;0;0;0;0;0;0;0;0;0;1;1;0;0;0;1;1;0;-2;0;20,0;15;6;17;11;4;10;6;2;7;5;1;2;1;5;3;8;4;3;2;0;1;4;5;2;14
47_BRE_J1_Q2;2;47_BRE_J1;47;BRE;1;68;HIO;87;False;True;False;8,233333333333333;494;3;1;2;1;0;0;0;1;2;1;0;0;0;0;0;0;0;0;0;0;0;1;0;0;-5;1;20,0;15;6;17;11;4;10;6;2;7;5;1;2;1;5;3;8;4;3;2;0;1;4;5;2;14
BRE_BRE_J1_Q2;2;BRE_BRE_J1;BRE;BRE;1;68;HIO;87;False;False;False;50,0;3000;0;0;0;0;0;0;0;0;0;0;0;0;0;2;1;3;0;0;0;0;0;0;0;0;0;3;20,0;15;6;17;11;4;10;6;2;7;5;1;2;1;5;3;8;4;3;2;0;1;4;5;2;14
0_BRE_J1_Q3;3;0_BRE_J1;0;BRE;1;68;HIO;87;False;False;False;8,433333333333334;506;1;0;3;3;0;1;1;0;2;2;1;2;1;0;1;1;0;1;0;2;1;2;1;0;-1;-3;20,0;16;3;15;12;1;7;6;2;8;6;8;11;3;4;9;13;5;4;1;3;2;7;5;0;15
1_BRE_J1_Q3;3;1_BRE_J1;1;BRE;1;68;HIO;87;False;True;False;8,583333333333334;515;9;2;4;2;1;2;1;1;2;1;4;5;1;0;1;1;0;0;0;0;0;2;2;0;0;7;20,0;16;3;15;12;1;7;6;2;8;6;8;11;3;4;9;13;5;4;1;3;2;7;5;0;15
4_BRE_J1_Q3;3;4_BRE_J1;4;BRE;1;68;HIO;87;False;True;False;5,416666666666667;325;0;0;1;1;0;1;1;0;0;0;0;0;0;0;0;0;1;0;0;1;0;0;0;0;-1;1;20,0;16;3;15;12;1;7;6;2;8;6;8;11;3;4;9;13;5;4;1;3;2;7;5;0;15
8_BRE_J1_Q3;3;8_BRE_J1;8;BRE;1;68;HIO;87;False;False;False;2,8666666666666667;172;0;0;1;1;0;1;1;0;0;0;0;0;0;0;1;1;1;0;0;0;0;1;0;0;-3;0;20,0;16;3;15;12;1;7;6;2;8;6;8;11;3;4;9;13;5;4;1;3;2;7;5;0;15
10_BRE_J1_Q3;3;10_BRE_J1;10;BRE;1;68;HIO;87;False;False;False;2,8666666666666667;172;0;0;1;1;0;1;1;0;0;0;0;0;0;0;0;0;0;0;0;0;0;0;0;0;-3;-1;20,0;16;3;15;12;1;7;6;2;8;6;8;11;3;4;9;13;5;4;1;3;2;7;5;0;15
17_BRE_J1_Q3;3;17_BRE_J1;17;BRE;1;68;HIO;87;False;False;False;1,4166666666666667;85;0;0;0;0;0;0;0;0;0;0;0;0;0;0;1;1;0;0;0;0;0;0;0;0;-3;1;20,0;16;3;15;12;1;7;6;2;8;6;8;11;3;4;9;13;5;4;1;3;2;7;5;0;15
18_BRE_J1_Q3;3;18_BRE_J1;18;BRE;1;68;HIO;87;False;False;False;5,85;351;0;0;0;0;0;0;0;0;0;0;0;0;0;1;3;4;2;0;0;0;0;0;0;0;2;6;20,0;16;3;15;12;1;7;6;2;8;6;8;11;3;4;9;13;5;4;1;3;2;7;5;0;15
19_BRE_J1_Q3;3;19_BRE_J1;19;BRE;1;68;HIO;87;False;False;False;4,583333333333333;275;3;0;0;0;0;0;0;0;0;0;3;4;1;0;0;0;1;2;0;0;0;1;2;0;-2;2;20,0;16;3;15;12;1;7;6;2;8;6;8;11;3;4;9;13;5;4;1;3;2;7;5;0;15
22_BRE_J1_Q3;3;22_BRE_J1;22;BRE;1;68;HIO;87;False;True;False;1,2833333333333334;77;0;0;1;1;0;1;1;0;0;0;0;0;0;0;1;1;0;1;0;0;1;0;0;0;-2;-2;20,0;16;3;15;12;1;7;6;2;8;6;8;11;3;4;9;13;5;4;1;3;2;7;5;0;15
23_BRE_J1_Q3;3;23_BRE_J1;23;BRE;1;68;HIO;87;False;False;False;0,0;0;0;0;0;0;0;0;0;0;0;0;0;0;0;0;0;0;0;0;0;0;0;0;0;0;0;0;20,0;16;3;15;12;1;7;6;2;8;6;8;11;3;4;9;13;5;4;1;3;2;7;5;0;15
24_BRE_J1_Q3;3;24_BRE_J1;24;BRE;1;68;HIO;87;False;True;False;1,5666666666666667;94;0;0;1;1;0;0;0;0;1;1;0;0;0;0;0;0;0;0;0;0;0;0;0;0;-2;-1;20,0;16;3;15;12;1;7;6;2;8;6;8;11;3;4;9;13;5;4;1;3;2;7;5;0;15
47_BRE_J1_Q3;3;47_BRE_J1;47;BRE;1;68;HIO;87;False;True;False;7,133333333333334;428;3;1;3;2;0;0;0;1;3;2;0;0;0;0;0;0;0;0;0;0;0;1;0;0;0;0;20,0;16;3;15;12;1;7;6;2;8;6;8;11;3;4;9;13;5;4;1;3;2;7;5;0;15
BRE_BRE_J1_Q3;3;BRE_BRE_J1;BRE;BRE;1;68;HIO;87;False;False;False;50,0;3000;0;0;0;0;0;0;0;0;0;0;0;0;0;3;1;4;0;0;1;0;0;0;0;0;0;5;20,0;16;3;15;12;1;7;6;2;8;6;8;11;3;4;9;13;5;4;1;3;2;7;5;0;15
0_BRE_J1_Q4;4;0_BRE_J1;0;BRE;1;68;HIO;87;False;False;False;4,1;246;2;1;2;1;1;1;0;0;1;1;0;0;0;0;0;0;0;0;0;0;0;2;0;0;-5;-1;20,0;22;8;21;13;7;10;3;1;11;10;5;8;3;6;6;12;3;3;1;3;0;7;8;1;23
1_BRE_J1_Q4;4;1_BRE_J1;1;BRE;1;68;HIO;87;False;True;False;4,1;246;4;0;3;3;0;0;0;0;3;3;4;4;0;1;1;2;0;0;0;0;0;0;2;0;-5;5;20,0;22;8;21;13;7;10;3;1;11;10;5;8;3;6;6;12;3;3;1;3;0;7;8;1;23
4_BRE_J1_Q4;4;4_BRE_J1;4;BRE;1;68;HIO;87;False;True;False;7,966666666666667;478;0;0;2;2;0;1;1;0;1;1;0;0;0;0;0;0;1;1;1;0;0;0;1;0;-3;0;20,0;22;8;21;13;7;10;3;1;11;10;5;8;3;6;6;12;3;3;1;3;0;7;8;1;23
8_BRE_J1_Q4;4;8_BRE_J1;8;BRE;1;68;HIO;87;False;False;False;5,65;339;0;0;0;0;0;0;0;0;0;0;0;0;0;1;1;2;2;1;0;0;0;1;1;0;4;3;20,0;22;8;21;13;7;10;3;1;11;10;5;8;3;6;6;12;3;3;1;3;0;7;8;1;23
10_BRE_J1_Q4;4;10_BRE_J1;10;BRE;1;68;HIO;87;False;False;False;7,133333333333334;428;5;2;3;1;1;1;0;1;2;1;0;0;0;0;0;0;0;0;0;0;0;0;2;0;0;6;20,0;22;8;21;13;7;10;3;1;11;10;5;8;3;6;6;12;3;3;1;3;0;7;8;1;23
17_BRE_J1_Q4;4;17_BRE_J1;17;BRE;1;68;HIO;87;False;False;False;5,9;354;0;0;3;3;0;1;1;0;2;2;0;0;0;0;2;2;0;1;0;1;0;2;0;0;4;-3;20,0;22;8;21;13;7;10;3;1;11;10;5;8;3;6;6;12;3;3;1;3;0;7;8;1;23
18_BRE_J1_Q4;4;18_BRE_J1;18;BRE;1;68;HIO;87;False;False;False;0,0;0;0;0;0;0;0;0;0;0;0;0;0;0;0;0;0;0;0;0;0;0;0;0;0;0;0;0;20,0;22;8;21;13;7;10;3;1;11;10;5;8;3;6;6;12;3;3;1;3;0;7;8;1;23
19_BRE_J1_Q4;4;19_BRE_J1;19;BRE;1;68;HIO;87;False;False;False;2,033333333333333;122;2;1;1;0;1;1;0;0;0;0;0;0;0;0;0;0;0;0;0;0;0;0;0;0;2;2;20,0;22;8;21;13;7;10;3;1;11;10;5;8;3;6;6;12;3;3;1;3;0;7;8;1;23
22_BRE_J1_Q4;4;22_BRE_J1;22;BRE;1;68;HIO;87;False;True;False;4,35;261;4;2;3;1;2;3;1;0;0;0;0;2;2;3;0;3;0;0;0;2;0;0;1;1;-5;7;20,0;22;8;21;13;7;10;3;1;11;10;5;8;3;6;6;12;3;3;1;3;0;7;8;1;23
23_BRE_J1_Q4;4;23_BRE_J1;23;BRE;1;68;HIO;87;False;False;False;0,0;0;0;0;0;0;0;0;0;0;0;0;0;0;0;0;0;0;0;0;0;0;0;0;0;0;0;0;20,0;22;8;21;13;7;10;3;1;11;10;5;8;3;6;6;12;3;3;1;3;0;7;8;1;23
24_BRE_J1_Q4;4;24_BRE_J1;24;BRE;1;68;HIO;87;False;True;False;5,9;354;5;2;2;0;2;2;0;0;0;0;1;2;1;1;0;1;0;0;0;0;0;2;1;0;4;4;20,0;22;8;21;13;7;10;3;1;11;10;5;8;3;6;6;12;3;3;1;3;0;7;8;1;23
47_BRE_J1_Q4;4;47_BRE_J1;47;BRE;1;68;HIO;87;False;True;False;2,8666666666666667;172;0;0;2;2;0;0;0;0;2;2;0;0;0;0;1;1;0;0;0;0;0;0;0;0;-1;-1;20,0;22;8;21;13;7;10;3;1;11;10;5;8;3;6;6;12;3;3;1;3;0;7;8;1;23
BRE_BRE_J1_Q4;4;BRE_BRE_J1;BRE;BRE;1;68;HIO;87;False;False;False;50,0;3000;0;0;0;0;0;0;0;0;0;0;0;0;0;0;1;1;0;0;0;0;0;0;0;0;0;1;20,0;22;8;21;13;7;10;3;1;11;10;5;8;3;6;6;12;3;3;1;3;0;7;8;1;23
2_COV_J1_Q1;1;2_COV_J1;2;COV;1;75;JOV;87;True;False;False;4,266666666666667;256;0;0;0;0;0;0;0;0;0;0;0;0;0;0;0;0;0;0;0;0;0;1;1;0;-4;0;20,0;14;6;15;9;4;7;3;2;8;6;0;2;2;2;7;9;3;3;0;0;1;5;4;0;10
3_COV_J1_Q1;1;3_COV_J1;3;COV;1;75;JOV;87;True;True;False;5,733333333333333;344;2;1;2;1;1;1;0;0;1;1;0;0;0;0;0;0;0;0;0;0;0;0;0;0;-4;1;20,0;14;6;15;9;4;7;3;2;8;6;0;2;2;2;7;9;3;3;0;0;1;5;4;0;10
7_COV_J1_Q1;1;7_COV_J1;7;COV;1;75;JOV;87;True;True;False;5,383333333333334;323;0;0;0;0;0;0;0;0;0;0;0;2;2;0;0;0;0;0;0;0;0;1;1;0;-4;-2;20,0;14;6;15;9;4;7;3;2;8;6;0;2;2;2;7;9;3;3;0;0;1;5;4;0;10
11_COV_J1_Q1;1;11_COV_J1;11;COV;1;75;JOV;87;True;True;False;7,216666666666667;433;2;1;3;2;1;2;1;0;1;1;0;0;0;1;1;2;1;0;0;0;0;2;0;0;-3;1;20,0;14;6;15;9;4;7;3;2;8;6;0;2;2;2;7;9;3;3;0;0;1;5;4;0;10
13_COV_J1_Q1;1;13_COV_J1;13;COV;1;75;JOV;87;True;True;False;5,383333333333334;323;0;0;1;1;0;0;0;0;1;1;0;0;0;0;1;1;1;2;0;0;0;1;0;0;-4;-2;20,0;14;6;15;9;4;7;3;2;8;6;0;2;2;2;7;9;3;3;0;0;1;5;4;0;10
15_COV_J1_Q1;1;15_COV_J1;15;COV;1;75;JOV;87;True;False;False;0,0;0;0;0;0;0;0;0;0;0;0;0;0;0;0;0;0;0;0;0;0;0;0;0;0;0;0;0;20,0;14;6;15;9;4;7;3;2;8;6;0;2;2;2;7;9;3;3;0;0;1;5;4;0;10
16_COV_J1_Q1;1;16_COV_J1;16;COV;1;75;JOV;87;True;False;False;0,0;0;0;0;0;0;0;0;0;0;0;0;0;0;0;0;0;0;0;0;0;0;0;0;0;0;0;0;20,0;14;6;15;9;4;7;3;2;8;6;0;2;2;2;7;9;3;3;0;0;1;5;4;0;10
22_COV_J1_Q1;1;22_COV_J1;22;COV;1;75;JOV;87;True;False;False;2,783333333333333;167;3;1;2;1;0;0;0;1;2;1;0;0;0;0;0;0;0;0;0;0;0;0;0;0;-5;2;20,0;14;6;15;9;4;7;3;2;8;6;0;2;2;2;7;9;3;3;0;0;1;5;4;0;10
23_COV_J1_Q1;1;23_COV_J1;23;COV;1;75;JOV;87;True;False;False;4,616666666666666;277;5;2;5;3;1;3;2;1;2;1;0;0;0;0;1;1;1;1;0;0;0;0;0;0;-4;3;20,0;14;6;15;9;4;7;3;2;8;6;0;2;2;2;7;9;3;3;0;0;1;5;4;0;10
29_COV_J1_Q1;1;29_COV_J1;29;COV;1;75;JOV;87;True;True;False;6,383333333333334;383;2;1;1;0;1;1;0;0;0;0;0;0;0;0;1;1;0;0;0;0;0;0;0;0;-4;3;20,0;14;6;15;9;4;7;3;2;8;6;0;2;2;2;7;9;3;3;0;0;1;5;4;0;10
35_COV_J1_Q1;1;35_COV_J1;35;COV;1;75;JOV;87;True;False;False;4,616666666666666;277;0;0;0;0;0;0;0;0;0;0;0;0;0;0;2;2;0;0;0;0;0;0;0;0;-4;2;20,0;14;6;15;9;4;7;3;2;8;6;0;2;2;2;7;9;3;3;0;0;1;5;4;0;10
77_COV_J1_Q1;1;77_COV_J1;77;COV;1;75;JOV;87;True;False;False;3,6166666666666667;217;0;0;1;1;0;0;0;0;1;1;0;0;0;0;1;1;0;0;0;0;1;0;2;0;-4;1;20,0;14;6;15;9;4;7;3;2;8;6;0;2;2;2;7;9;3;3;0;0;1;5;4;0;10
COV_COV_J1_Q1;1;COV_COV_J1;COV;COV;1;75;JOV;87;True;False;False;50,0;3000;0;0;0;0;0;0;0;0;0;0;0;0;0;1;0;1;0;0;0;0;0;0;0;0;0;1;20,0;14;6;15;9;4;7;3;2;8;6;0;2;2;2;7;9;3;3;0;0;1;5;4;0;10
2_COV_J1_Q2;2;2_COV_J1;2;COV;1;75;JOV;87;True;False;False;3,0166666666666666;181;0;0;2;2;0;0;0;0;2;2;0;0;0;0;1;1;0;0;0;0;0;0;0;0;1;-1;20,0;18;6;14;8;5;11;6;1;3;2;5;7;2;2;8;10;5;2;2;2;1;3;5;0;26
3_COV_J1_Q2;2;3_COV_J1;3;COV;1;75;JOV;87;True;True;False;6,983333333333333;419;4;1;1;0;1;1;0;0;0;0;2;2;0;0;0;0;2;2;0;0;0;1;1;0;5;4;20,0;18;6;14;8;5;11;6;1;3;2;5;7;2;2;8;10;5;2;2;2;1;3;5;0;26
7_COV_J1_Q2;2;7_COV_J1;7;COV;1;75;JOV;87;True;True;False;3,5833333333333335;215;2;1;1;0;1;1;0;0;0;0;0;0;0;0;0;0;0;0;0;0;0;0;0;0;3;2;20,0;18;6;14;8;5;11;6;1;3;2;5;7;2;2;8;10;5;2;2;2;1;3;5;0;26
11_COV_J1_Q2;2;11_COV_J1;11;COV;1;75;JOV;87;True;True;False;3,6333333333333333;218;0;0;0;0;0;0;0;0;0;0;0;0;0;0;1;1;1;0;0;1;0;0;0;0;8;3;20,0;18;6;14;8;5;11;6;1;3;2;5;7;2;2;8;10;5;2;2;2;1;3;5;0;26
13_COV_J1_Q2;2;13_COV_J1;13;COV;1;75;JOV;87;True;True;False;8,383333333333333;503;3;1;2;1;0;1;1;1;1;0;0;0;0;1;0;1;2;0;0;0;1;0;0;0;6;4;20,0;18;6;14;8;5;11;6;1;3;2;5;7;2;2;8;10;5;2;2;2;1;3;5;0;26
15_COV_J1_Q2;2;15_COV_J1;15;COV;1;75;JOV;87;True;False;False;0,0;0;0;0;0;0;0;0;0;0;0;0;0;0;0;0;0;0;0;0;0;0;0;0;0;0;0;0;20,0;18;6;14;8;5;11;6;1;3;2;5;7;2;2;8;10;5;2;2;2;1;3;5;0;26
16_COV_J1_Q2;2;16_COV_J1;16;COV;1;75;JOV;87;True;False;False;0,0;0;0;0;0;0;0;0;0;0;0;0;0;0;0;0;0;0;0;0;0;0;0;0;0;0;0;0;20,0;18;6;14;8;5;11;6;1;3;2;5;7;2;2;8;10;5;2;2;2;1;3;5;0;26
22_COV_J1_Q2;2;22_COV_J1;22;COV;1;75;JOV;87;True;False;False;3,0166666666666666;181;0;0;0;0;0;0;0;0;0;0;0;0;0;0;0;0;0;0;0;0;0;0;0;0;1;0;20,0;18;6;14;8;5;11;6;1;3;2;5;7;2;2;8;10;5;2;2;2;1;3;5;0;26
23_COV_J1_Q2;2;23_COV_J1;23;COV;1;75;JOV;87;True;False;False;4,966666666666667;298;0;0;1;1;0;1;1;0;0;0;0;0;0;0;0;0;0;0;0;0;0;0;0;0;-3;-1;20,0;18;6;14;8;5;11;6;1;3;2;5;7;2;2;8;10;5;2;2;2;1;3;5;0;26
29_COV_J1_Q2;2;29_COV_J1;29;COV;1;75;JOV;87;True;True;False;7,833333333333333;470;5;1;3;2;1;3;2;0;0;0;3;5;2;1;2;3;0;0;1;0;0;1;3;0;10;7;20,0;18;6;14;8;5;11;6;1;3;2;5;7;2;2;8;10;5;2;2;2;1;3;5;0;26
35_COV_J1_Q2;2;35_COV_J1;35;COV;1;75;JOV;87;True;False;False;6,416666666666667;385;4;2;3;1;2;3;1;0;0;0;0;0;0;0;3;3;0;0;0;1;0;1;0;0;3;6;20,0;18;6;14;8;5;11;6;1;3;2;5;7;2;2;8;10;5;2;2;2;1;3;5;0;26
77_COV_J1_Q2;2;77_COV_J1;77;COV;1;75;JOV;87;True;False;False;2,1666666666666665;130;0;0;1;1;0;1;1;0;0;0;0;0;0;0;0;0;0;0;0;0;0;0;1;0;-4;0;20,0;18;6;14;8;5;11;6;1;3;2;5;7;2;2;8;10;5;2;2;2;1;3;5;0;26
COV_COV_J1_Q2;2;COV_COV_J1;COV;COV;1;75;JOV;87;True;False;False;50,0;3000;0;0;0;0;0;0;0;0;0;0;0;0;0;0;1;1;0;0;1;0;0;0;0;0;0;2;20,0;18;6;14;8;5;11;6;1;3;2;5;7;2;2;8;10;5;2;2;2;1;3;5;0;26
2_COV_J1_Q3;3;2_COV_J1;2;COV;1;75;JOV;87;True;False;False;4,85;291;6;2;2;0;2;2;0;0;0;0;2;3;1;0;0;0;0;0;0;0;0;0;1;0;-7;6;20,0;21;6;14;8;6;12;6;0;2;2;9;14;5;4;3;7;2;1;1;0;2;8;7;0;14
3_COV_J1_Q3;3;3_COV_J1;3;COV;1;75;JOV;87;True;True;False;6,933333333333334;416;0;0;3;3;0;3;3;0;0;0;0;0;0;0;0;0;0;0;0;0;1;2;0;0;-2;-6;20,0;21;6;14;8;6;12;6;0;2;2;9;14;5;4;3;7;2;1;1;0;2;8;7;0;14
7_COV_J1_Q3;3;7_COV_J1;7;COV;1;75;JOV;87;True;True;False;3,033333333333333;182;0;0;0;0;0;0;0;0;0;0;0;0;0;1;0;1;0;0;0;0;0;0;0;0;2;1;20,0;21;6;14;8;6;12;6;0;2;2;9;14;5;4;3;7;2;1;1;0;2;8;7;0;14
11_COV_J1_Q3;3;11_COV_J1;11;COV;1;75;JOV;87;True;True;False;5,366666666666666;322;3;1;2;1;1;2;1;0;0;0;1;2;1;0;0;0;0;0;0;0;0;1;1;0;-1;1;20,0;21;6;14;8;6;12;6;0;2;2;9;14;5;4;3;7;2;1;1;0;2;8;7;0;14
13_COV_J1_Q3;3;13_COV_J1;13;COV;1;75;JOV;87;True;True;False;8,216666666666667;493;1;0;2;2;0;0;0;0;2;2;1;1;0;0;0;0;0;0;0;0;0;2;0;0;-7;-3;20,0;21;6;14;8;6;12;6;0;2;2;9;14;5;4;3;7;2;1;1;0;2;8;7;0;14
15_COV_J1_Q3;3;15_COV_J1;15;COV;1;75;JOV;87;True;False;False;0,0;0;0;0;0;0;0;0;0;0;0;0;0;0;0;0;0;0;0;0;0;0;0;0;0;0;0;0;20,0;21;6;14;8;6;12;6;0;2;2;9;14;5;4;3;7;2;1;1;0;2;8;7;0;14
16_COV_J1_Q3;3;16_COV_J1;16;COV;1;75;JOV;87;True;False;False;0,0;0;0;0;0;0;0;0;0;0;0;0;0;0;0;0;0;0;0;0;0;0;0;0;0;0;0;0;20,0;21;6;14;8;6;12;6;0;2;2;9;14;5;4;3;7;2;1;1;0;2;8;7;0;14
22_COV_J1_Q3;3;22_COV_J1;22;COV;1;75;JOV;87;True;False;False;0,0;0;0;0;0;0;0;0;0;0;0;0;0;0;0;0;0;0;0;0;0;0;0;0;0;0;0;0;20,0;21;6;14;8;6;12;6;0;2;2;9;14;5;4;3;7;2;1;1;0;2;8;7;0;14
23_COV_J1_Q3;3;23_COV_J1;23;COV;1;75;JOV;87;True;False;False;4,633333333333334;278;0;0;1;1;0;1;1;0;0;0;0;0;0;0;0;0;2;1;0;0;1;0;0;0;-7;-1;20,0;21;6;14;8;6;12;6;0;2;2;9;14;5;4;3;7;2;1;1;0;2;8;7;0;14
29_COV_J1_Q3;3;29_COV_J1;29;COV;1;75;JOV;87;True;True;False;6,483333333333333;389;9;2;2;0;2;2;0;0;0;0;5;6;1;1;0;1;0;0;1;0;0;0;4;0;-2;14;20,0;21;6;14;8;6;12;6;0;2;2;9;14;5;4;3;7;2;1;1;0;2;8;7;0;14
35_COV_J1_Q3;3;35_COV_J1;35;COV;1;75;JOV;87;True;False;False;6,766666666666667;406;2;1;2;1;1;2;1;0;0;0;0;0;0;0;1;1;0;0;0;0;0;3;0;0;-11;-1;20,0;21;6;14;8;6;12;6;0;2;2;9;14;5;4;3;7;2;1;1;0;2;8;7;0;14
77_COV_J1_Q3;3;77_COV_J1;77;COV;1;75;JOV;87;True;False;False;3,716666666666667;223;0;0;0;0;0;0;0;0;0;0;0;2;2;0;2;2;0;0;0;0;0;0;1;0;-5;1;20,0;21;6;14;8;6;12;6;0;2;2;9;14;5;4;3;7;2;1;1;0;2;8;7;0;14
COV_COV_J1_Q3;3;COV_COV_J1;COV;COV;1;75;JOV;87;True;False;False;50,0;3000;0;0;0;0;0;0;0;0;0;0;0;0;0;2;0;2;0;0;0;0;0;0;0;0;0;2;20,0;21;6;14;8;6;12;6;0;2;2;9;14;5;4;3;7;2;1;1;0;2;8;7;0;14
2_COV_J1_Q4;4;2_COV_J1;2;COV;1;75;JOV;87;True;False;False;5,433333333333334;326;4;2;3;1;2;2;0;0;1;1;0;0;0;0;0;0;0;2;1;0;0;0;0;0;1;2;20,0;22;8;15;7;7;10;3;1;5;4;5;8;3;3;7;10;2;5;1;0;1;4;6;0;21
3_COV_J1_Q4;4;3_COV_J1;3;COV;1;75;JOV;87;True;True;False;4,566666666666666;274;2;1;2;1;1;1;0;0;1;1;0;0;0;0;0;0;0;1;0;0;0;1;0;0;-3;-1;20,0;22;8;15;7;7;10;3;1;5;4;5;8;3;3;7;10;2;5;1;0;1;4;6;0;21
7_COV_J1_Q4;4;7_COV_J1;7;COV;1;75;JOV;87;True;True;False;3,5833333333333335;215;2;1;1;0;1;1;0;0;0;0;0;0;0;0;1;1;0;0;0;0;0;1;0;0;-3;2;20,0;22;8;15;7;7;10;3;1;5;4;5;8;3;3;7;10;2;5;1;0;1;4;6;0;21
11_COV_J1_Q4;4;11_COV_J1;11;COV;1;75;JOV;87;True;True;False;6,416666666666667;385;0;0;1;1;0;0;0;0;1;1;0;0;0;0;0;0;0;0;0;0;1;1;0;0;1;-3;20,0;22;8;15;7;7;10;3;1;5;4;5;8;3;3;7;10;2;5;1;0;1;4;6;0;21
13_COV_J1_Q4;4;13_COV_J1;13;COV;1;75;JOV;87;True;True;False;10,0;600;5;1;2;1;1;2;1;0;0;0;3;3;0;0;0;0;1;1;0;0;0;0;1;0;-2;5;20,0;22;8;15;7;7;10;3;1;5;4;5;8;3;3;7;10;2;5;1;0;1;4;6;0;21
15_COV_J1_Q4;4;15_COV_J1;15;COV;1;75;JOV;87;True;False;False;0,0;0;0;0;0;0;0;0;0;0;0;0;0;0;0;0;0;0;0;0;0;0;0;0;0;0;0;0;20,0;22;8;15;7;7;10;3;1;5;4;5;8;3;3;7;10;2;5;1;0;1;4;6;0;21
16_COV_J1_Q4;4;16_COV_J1;16;COV;1;75;JOV;87;True;False;False;0,0;0;0;0;0;0;0;0;0;0;0;0;0;0;0;0;0;0;0;0;0;0;0;0;0;0;0;0;20,0;22;8;15;7;7;10;3;1;5;4;5;8;3;3;7;10;2;5;1;0;1;4;6;0;21
22_COV_J1_Q4;4;22_COV_J1;22;COV;1;75;JOV;87;True;False;False;0,0;0;0;0;0;0;0;0;0;0;0;0;0;0;0;0;0;0;0;0;0;0;0;0;0;0;0;0;20,0;22;8;15;7;7;10;3;1;5;4;5;8;3;3;7;10;2;5;1;0;1;4;6;0;21
23_COV_J1_Q4;4;23_COV_J1;23;COV;1;75;JOV;87;True;False;False;3,5833333333333335;215;3;1;2;1;0;0;0;1;2;1;0;0;0;0;1;1;0;0;0;0;0;0;1;0;-3;4;20,0;22;8;15;7;7;10;3;1;5;4;5;8;3;3;7;10;2;5;1;0;1;4;6;0;21
29_COV_J1_Q4;4;29_COV_J1;29;COV;1;75;JOV;87;True;True;False;10,0;600;6;2;3;1;2;3;1;0;0;0;2;3;1;2;1;3;0;0;0;0;0;1;3;0;-2;9;20,0;22;8;15;7;7;10;3;1;5;4;5;8;3;3;7;10;2;5;1;0;1;4;6;0;21
35_COV_J1_Q4;4;35_COV_J1;35;COV;1;75;JOV;87;True;False;False;6,416666666666667;385;0;0;1;1;0;1;1;0;0;0;0;2;2;0;4;4;1;1;0;0;0;0;1;0;1;2;20,0;22;8;15;7;7;10;3;1;5;4;5;8;3;3;7;10;2;5;1;0;1;4;6;0;21
77_COV_J1_Q4;4;77_COV_J1;77;COV;1;75;JOV;87;True;False;False;0,0;0;0;0;0;0;0;0;0;0;0;0;0;0;0;0;0;0;0;0;0;0;0;0;0;0;0;0;20,0;22;8;15;7;7;10;3;1;5;4;5;8;3;3;7;10;2;5;1;0;1;4;6;0;21
COV_COV_J1_Q4;4;COV_COV_J1;COV;COV;1;75;JOV;87;True;False;False;50,0;3000;0;0;0;0;0;0;0;0;0;0;0;0;0;1;0;1;0;0;0;0;0;0;0;0;0;1;20,0;22;8;15;7;7;10;3;1;5;4;5;8;3;3;7;10;2;5;1;0;1;4;6;0;21
0_JOV_J1_Q1;1;0_JOV_J1;0;JOV;1;87;COV;75;False;False;True;3,6166666666666667;217;3;1;2;1;0;1;1;1;1;0;0;0;0;0;0;0;0;0;0;1;0;1;0;0;4;2;20,0;22;7;18;11;5;8;3;2;10;8;6;8;2;3;8;11;3;0;2;1;0;4;5;0;27
1_JOV_J1_Q1;1;1_JOV_J1;1;JOV;1;87;COV;75;False;False;True;3,6166666666666667;217;0;0;1;1;0;0;0;0;1;1;0;0;0;0;0;0;0;0;0;0;0;1;0;0;4;-2;20,0;22;7;18;11;5;8;3;2;10;8;6;8;2;3;8;11;3;0;2;1;0;4;5;0;27
9_JOV_J1_Q1;1;9_JOV_J1;9;JOV;1;87;COV;75;False;False;True;4,616666666666666;277;6;1;1;0;1;1;0;0;0;0;4;4;0;0;2;2;0;0;1;0;0;0;2;0;4;11;20,0;22;7;18;11;5;8;3;2;10;8;6;8;2;3;8;11;3;0;2;1;0;4;5;0;27
12_JOV_J1_Q1;1;12_JOV_J1;12;JOV;1;87;COV;75;False;False;True;4,616666666666666;277;3;1;1;0;0;0;0;1;1;0;0;0;0;0;0;0;0;0;0;0;0;1;0;0;4;2;20,0;22;7;18;11;5;8;3;2;10;8;6;8;2;3;8;11;3;0;2;1;0;4;5;0;27
16_JOV_J1_Q1;1;16_JOV_J1;16;JOV;1;87;COV;75;False;True;True;5,383333333333334;323;0;0;0;0;0;0;0;0;0;0;0;0;0;1;0;1;0;0;0;0;0;0;0;0;4;1;20,0;22;7;18;11;5;8;3;2;10;8;6;8;2;3;8;11;3;0;2;1;0;4;5;0;27
17_JOV_J1_Q1;1;17_JOV_J1;17;JOV;1;87;COV;75;False;True;True;6,383333333333334;383;0;0;3;3;0;1;1;0;2;2;0;0;0;1;4;5;2;0;0;0;0;0;0;0;4;4;20,0;22;7;18;11;5;8;3;2;10;8;6;8;2;3;8;11;3;0;2;1;0;4;5;0;27
20_JOV_J1_Q1;1;20_JOV_J1;20;JOV;1;87;COV;75;False;False;True;0,0;0;0;0;0;0;0;0;0;0;0;0;0;0;0;0;0;0;0;0;0;0;0;0;0;0;0;0;20,0;22;7;18;11;5;8;3;2;10;8;6;8;2;3;8;11;3;0;2;1;0;4;5;0;27
21_JOV_J1_Q1;1;21_JOV_J1;21;JOV;1;87;COV;75;False;False;True;0,0;0;0;0;0;0;0;0;0;0;0;0;0;0;0;0;0;0;0;0;0;0;0;0;0;0;0;0;20,0;22;7;18;11;5;8;3;2;10;8;6;8;2;3;8;11;3;0;2;1;0;4;5;0;27
24_JOV_J1_Q1;1;24_JOV_J1;24;JOV;1;87;COV;75;False;True;True;6,383333333333334;383;4;1;4;3;1;1;0;0;3;3;2;2;0;0;0;0;0;0;0;0;0;0;2;0;4;3;20,0;22;7;18;11;5;8;3;2;10;8;6;8;2;3;8;11;3;0;2;1;0;4;5;0;27
35_JOV_J1_Q1;1;35_JOV_J1;35;JOV;1;87;COV;75;False;True;True;5,383333333333334;323;2;1;1;0;1;1;0;0;0;0;0;0;0;0;0;0;0;0;0;0;0;1;0;0;4;1;20,0;22;7;18;11;5;8;3;2;10;8;6;8;2;3;8;11;3;0;2;1;0;4;5;0;27
44_JOV_J1_Q1;1;44_JOV_J1;44;JOV;1;87;COV;75;False;False;True;4,616666666666666;277;0;0;1;1;0;1;1;0;0;0;0;0;0;0;2;2;1;0;0;0;0;0;0;0;4;2;20,0;22;7;18;11;5;8;3;2;10;8;6;8;2;3;8;11;3;0;2;1;0;4;5;0;27
88_JOV_J1_Q1;1;88_JOV_J1;88;JOV;1;87;COV;75;False;True;True;5,383333333333334;323;4;2;4;2;2;2;0;0;2;2;0;2;2;1;0;1;0;0;1;0;0;0;1;0;4;3;20,0;22;7;18;11;5;8;3;2;10;8;6;8;2;3;8;11;3;0;2;1;0;4;5;0;27
JOV_JOV_J1_Q1;1;JOV_JOV_J1;JOV;JOV;1;87;COV;75;False;False;True;50,0;3000;0;0;0;0;0;0;0;0;0;0;0;0;0;0;0;0;0;0;0;0;0;0;0;0;0;0;20,0;22;7;18;11;5;8;3;2;10;8;6;8;2;3;8;11;3;0;2;1;0;4;5;0;27
0_JOV_J1_Q2;2;0_JOV_J1;0;JOV;1;87;COV;75;False;False;True;3,966666666666667;238;0;0;1;1;0;1;1;0;0;0;0;0;0;1;0;1;0;0;0;0;1;0;0;0;-6;-1;20,0;12;6;18;12;6;15;9;0;3;3;0;0;0;3;7;10;5;2;2;1;2;5;3;2;12
1_JOV_J1_Q2;2;1_JOV_J1;1;JOV;1;87;COV;75;False;False;True;2,1666666666666665;130;2;1;1;0;1;1;0;0;0;0;0;0;0;0;0;0;0;0;1;0;0;1;0;1;4;2;20,0;12;6;18;12;6;15;9;0;3;3;0;0;0;3;7;10;5;2;2;1;2;5;3;2;12
9_JOV_J1_Q2;2;9_JOV_J1;9;JOV;1;87;COV;75;False;False;True;4,25;255;0;0;1;1;0;1;1;0;0;0;0;0;0;1;0;1;1;0;0;0;0;1;1;0;-7;1;20,0;12;6;18;12;6;15;9;0;3;3;0;0;0;3;7;10;5;2;2;1;2;5;3;2;12
12_JOV_J1_Q2;2;12_JOV_J1;12;JOV;1;87;COV;75;False;False;True;3,9;234;0;0;2;2;0;2;2;0;0;0;0;0;0;0;0;0;0;0;0;0;0;0;0;0;-1;-2;20,0;12;6;18;12;6;15;9;0;3;3;0;0;0;3;7;10;5;2;2;1;2;5;3;2;12
16_JOV_J1_Q2;2;16_JOV_J1;16;JOV;1;87;COV;75;False;True;True;5,75;345;0;0;1;1;0;0;0;0;1;1;0;0;0;0;0;0;1;0;0;0;0;0;0;0;1;0;20,0;12;6;18;12;6;15;9;0;3;3;0;0;0;3;7;10;5;2;2;1;2;5;3;2;12
17_JOV_J1_Q2;2;17_JOV_J1;17;JOV;1;87;COV;75;False;True;True;5,233333333333333;314;2;1;3;2;1;1;0;0;2;2;0;0;0;0;1;1;0;0;0;0;0;2;1;0;-4;0;20,0;12;6;18;12;6;15;9;0;3;3;0;0;0;3;7;10;5;2;2;1;2;5;3;2;12
20_JOV_J1_Q2;2;20_JOV_J1;20;JOV;1;87;COV;75;False;False;True;0,0;0;0;0;0;0;0;0;0;0;0;0;0;0;0;0;0;0;0;0;0;0;0;0;0;0;0;0;20,0;12;6;18;12;6;15;9;0;3;3;0;0;0;3;7;10;5;2;2;1;2;5;3;2;12
21_JOV_J1_Q2;2;21_JOV_J1;21;JOV;1;87;COV;75;False;False;True;0,0;0;0;0;0;0;0;0;0;0;0;0;0;0;0;0;0;0;0;0;0;0;0;0;0;0;0;0;20,0;12;6;18;12;6;15;9;0;3;3;0;0;0;3;7;10;5;2;2;1;2;5;3;2;12
24_JOV_J1_Q2;2;24_JOV_J1;24;JOV;1;87;COV;75;False;True;True;6,35;381;0;0;1;1;0;1;1;0;0;0;0;0;0;0;0;0;1;0;0;0;1;0;0;0;-5;-1;20,0;12;6;18;12;6;15;9;0;3;3;0;0;0;3;7;10;5;2;2;1;2;5;3;2;12
35_JOV_J1_Q2;2;35_JOV_J1;35;JOV;1;87;COV;75;False;True;True;4,9;294;4;2;2;0;2;2;0;0;0;0;0;0;0;0;2;2;0;0;0;1;0;0;1;1;3;8;20,0;12;6;18;12;6;15;9;0;3;3;0;0;0;3;7;10;5;2;2;1;2;5;3;2;12
44_JOV_J1_Q2;2;44_JOV_J1;44;JOV;1;87;COV;75;False;False;True;5,1;306;4;2;5;3;2;5;3;0;0;0;0;0;0;1;2;3;0;1;0;0;0;0;0;0;-9;3;20,0;12;6;18;12;6;15;9;0;3;3;0;0;0;3;7;10;5;2;2;1;2;5;3;2;12
88_JOV_J1_Q2;2;88_JOV_J1;88;JOV;1;87;COV;75;False;True;True;8,383333333333333;503;0;0;1;1;0;1;1;0;0;0;0;0;0;0;1;1;2;0;1;0;0;1;0;0;-6;2;20,0;12;6;18;12;6;15;9;0;3;3;0;0;0;3;7;10;5;2;2;1;2;5;3;2;12
JOV_JOV_J1_Q2;2;JOV_JOV_J1;JOV;JOV;1;87;COV;75;False;False;True;50,0;3000;0;0;0;0;0;0;0;0;0;0;0;0;0;0;1;1;0;1;0;0;0;0;0;0;0;0;20,0;12;6;18;12;6;15;9;0;3;3;0;0;0;3;7;10;5;2;2;1;2;5;3;2;12
0_JOV_J1_Q3;3;0_JOV_J1;0;JOV;1;87;COV;75;False;False;True;0,2;12;0;0;0;0;0;0;0;0;0;0;0;0;0;0;0;0;0;0;0;1;0;0;0;0;-1;1;20,0;29;10;15;5;9;10;1;1;5;4;8;9;1;3;7;10;5;3;1;2;0;8;8;0;38
1_JOV_J1_Q3;3;1_JOV_J1;1;JOV;1;87;COV;75;False;False;True;5,016666666666667;301;2;1;1;0;1;1;0;0;0;0;0;0;0;0;1;1;0;0;0;0;0;0;0;0;-1;3;20,0;29;10;15;5;9;10;1;1;5;4;8;9;1;3;7;10;5;3;1;2;0;8;8;0;38
9_JOV_J1_Q3;3;9_JOV_J1;9;JOV;1;87;COV;75;False;False;True;4,483333333333333;269;3;0;0;0;0;0;0;0;0;0;3;3;0;0;0;0;1;0;1;0;0;1;2;0;2;6;20,0;29;10;15;5;9;10;1;1;5;4;8;9;1;3;7;10;5;3;1;2;0;8;8;0;38
12_JOV_J1_Q3;3;12_JOV_J1;12;JOV;1;87;COV;75;False;False;True;3,283333333333333;197;0;0;2;2;0;1;1;0;1;1;0;0;0;0;0;0;1;0;0;0;0;0;0;0;6;-1;20,0;29;10;15;5;9;10;1;1;5;4;8;9;1;3;7;10;5;3;1;2;0;8;8;0;38
16_JOV_J1_Q3;3;16_JOV_J1;16;JOV;1;87;COV;75;False;True;True;5,516666666666667;331;0;0;0;0;0;0;0;0;0;0;0;0;0;0;0;0;1;1;0;1;0;0;1;0;6;2;20,0;29;10;15;5;9;10;1;1;5;4;8;9;1;3;7;10;5;3;1;2;0;8;8;0;38
17_JOV_J1_Q3;3;17_JOV_J1;17;JOV;1;87;COV;75;False;True;True;6,633333333333334;398;2;1;3;2;1;1;0;0;2;2;0;0;0;1;0;1;1;0;0;0;0;2;0;0;10;0;20,0;29;10;15;5;9;10;1;1;5;4;8;9;1;3;7;10;5;3;1;2;0;8;8;0;38
20_JOV_J1_Q3;3;20_JOV_J1;20;JOV;1;87;COV;75;False;False;True;0,0;0;0;0;0;0;0;0;0;0;0;0;0;0;0;0;0;0;0;0;0;0;0;0;0;0;0;0;20,0;29;10;15;5;9;10;1;1;5;4;8;9;1;3;7;10;5;3;1;2;0;8;8;0;38
21_JOV_J1_Q3;3;21_JOV_J1;21;JOV;1;87;COV;75;False;False;True;0,6833333333333333;41;0;0;0;0;0;0;0;0;0;0;0;0;0;1;0;1;0;0;0;0;0;1;0;0;3;0;20,0;29;10;15;5;9;10;1;1;5;4;8;9;1;3;7;10;5;3;1;2;0;8;8;0;38
24_JOV_J1_Q3;3;24_JOV_J1;24;JOV;1;87;COV;75;False;True;True;7,666666666666667;460;5;1;2;1;0;0;0;1;2;1;2;2;0;0;0;0;0;0;0;0;0;2;1;0;4;3;20,0;29;10;15;5;9;10;1;1;5;4;8;9;1;3;7;10;5;3;1;2;0;8;8;0;38
35_JOV_J1_Q3;3;35_JOV_J1;35;JOV;1;87;COV;75;False;True;True;6,633333333333334;398;10;5;5;0;5;5;0;0;0;0;0;0;0;0;2;2;0;1;0;0;0;1;1;0;4;11;20,0;29;10;15;5;9;10;1;1;5;4;8;9;1;3;7;10;5;3;1;2;0;8;8;0;38
44_JOV_J1_Q3;3;44_JOV_J1;44;JOV;1;87;COV;75;False;False;True;3,1666666666666665;190;7;2;2;0;2;2;0;0;0;0;3;4;1;0;1;1;0;0;0;0;0;0;3;0;5;10;20,0;29;10;15;5;9;10;1;1;5;4;8;9;1;3;7;10;5;3;1;2;0;8;8;0;38
88_JOV_J1_Q3;3;88_JOV_J1;88;JOV;1;87;COV;75;False;True;True;6,716666666666667;403;0;0;0;0;0;0;0;0;0;0;0;0;0;0;2;2;1;0;0;0;0;1;0;0;2;2;20,0;29;10;15;5;9;10;1;1;5;4;8;9;1;3;7;10;5;3;1;2;0;8;8;0;38
JOV_JOV_J1_Q3;3;JOV_JOV_J1;JOV;JOV;1;87;COV;75;False;False;True;50,0;3000;0;0;0;0;0;0;0;0;0;0;0;0;0;1;1;2;0;1;0;0;0;0;0;0;0;1;20,0;29;10;15;5;9;10;1;1;5;4;8;9;1;3;7;10;5;3;1;2;0;8;8;0;38
0_JOV_J1_Q4;4;0_JOV_J1;0;JOV;1;87;COV;75;False;False;True;5,55;333;7;3;4;1;3;3;0;0;1;1;1;1;0;1;0;1;0;0;0;0;0;2;1;1;-3;6;20,0;24;10;21;11;9;13;4;1;8;7;3;3;0;4;6;10;5;1;3;1;0;6;4;1;29
1_JOV_J1_Q4;4;1_JOV_J1;1;JOV;1;87;COV;75;False;False;True;0,0;0;0;0;0;0;0;0;0;0;0;0;0;0;0;0;0;0;0;0;0;0;0;0;0;0;0;0;20,0;24;10;21;11;9;13;4;1;8;7;3;3;0;4;6;10;5;1;3;1;0;6;4;1;29
9_JOV_J1_Q4;4;9_JOV_J1;9;JOV;1;87;COV;75;False;False;True;5,866666666666666;352;9;3;5;2;2;2;0;1;3;2;2;2;0;0;0;0;2;0;1;0;0;0;2;0;1;12;20,0;24;10;21;11;9;13;4;1;8;7;3;3;0;4;6;10;5;1;3;1;0;6;4;1;29
12_JOV_J1_Q4;4;12_JOV_J1;12;JOV;1;87;COV;75;False;False;True;7,3;438;2;1;2;1;1;1;0;0;1;1;0;0;0;0;0;0;1;0;1;0;0;1;0;0;6;2;20,0;24;10;21;11;9;13;4;1;8;7;3;3;0;4;6;10;5;1;3;1;0;6;4;1;29
16_JOV_J1_Q4;4;16_JOV_J1;16;JOV;1;87;COV;75;False;True;True;3,1;186;0;0;0;0;0;0;0;0;0;0;0;0;0;0;0;0;0;0;0;0;0;1;0;0;0;-1;20,0;24;10;21;11;9;13;4;1;8;7;3;3;0;4;6;10;5;1;3;1;0;6;4;1;29
17_JOV_J1_Q4;4;17_JOV_J1;17;JOV;1;87;COV;75;False;True;True;4,45;267;0;0;1;1;0;0;0;0;1;1;0;0;0;1;1;2;0;0;0;0;0;0;0;0;5;1;20,0;24;10;21;11;9;13;4;1;8;7;3;3;0;4;6;10;5;1;3;1;0;6;4;1;29
20_JOV_J1_Q4;4;20_JOV_J1;20;JOV;1;87;COV;75;False;False;True;0,0;0;0;0;0;0;0;0;0;0;0;0;0;0;0;0;0;0;0;0;0;0;0;0;0;0;0;0;20,0;24;10;21;11;9;13;4;1;8;7;3;3;0;4;6;10;5;1;3;1;0;6;4;1;29
21_JOV_J1_Q4;4;21_JOV_J1;21;JOV;1;87;COV;75;False;False;True;0,0;0;0;0;0;0;0;0;0;0;0;0;0;0;0;0;0;0;0;0;0;0;0;0;0;0;0;0;20,0;24;10;21;11;9;13;4;1;8;7;3;3;0;4;6;10;5;1;3;1;0;6;4;1;29
24_JOV_J1_Q4;4;24_JOV_J1;24;JOV;1;87;COV;75;False;True;True;6,9;414;4;2;3;1;2;3;1;0;0;0;0;0;0;0;0;0;0;0;1;1;0;0;0;0;2;5;20,0;24;10;21;11;9;13;4;1;8;7;3;3;0;4;6;10;5;1;3;1;0;6;4;1;29
35_JOV_J1_Q4;4;35_JOV_J1;35;JOV;1;87;COV;75;False;True;True;3,9833333333333334;239;0;0;2;2;0;2;2;0;0;0;0;0;0;1;1;2;0;1;0;0;0;1;0;0;-3;-2;20,0;24;10;21;11;9;13;4;1;8;7;3;3;0;4;6;10;5;1;3;1;0;6;4;1;29
44_JOV_J1_Q4;4;44_JOV_J1;44;JOV;1;87;COV;75;False;False;True;6,016666666666667;361;2;1;2;1;1;2;1;0;0;0;0;0;0;1;1;2;1;0;0;0;0;0;1;0;5;5;20,0;24;10;21;11;9;13;4;1;8;7;3;3;0;4;6;10;5;1;3;1;0;6;4;1;29
88_JOV_J1_Q4;4;88_JOV_J1;88;JOV;1;87;COV;75;False;True;True;6,833333333333333;410;0;0;2;2;0;0;0;0;2;2;0;0;0;0;1;1;1;0;0;0;0;1;0;0;-3;-1;20,0;24;10;21;11;9;13;4;1;8;7;3;3;0;4;6;10;5;1;3;1;0;6;4;1;29
JOV_JOV_J1_Q4;4;JOV_JOV_J1;JOV;JOV;1;87;COV;75;False;False;True;50,0;3000;0;0;0;0;0;0;0;0;0;0;0;0;0;0;2;2;0;0;0;0;0;0;0;0;0;2;20,0;24;10;21;11;9;13;4;1;8;7;3;3;0;4;6;10;5;1;3;1;0;6;4;1;29
0_RMB_J1_Q1;1;0_RMB_J1;0;RMB;1;81;DGC;71;True;True;True;6,15;369;0;0;3;3;0;2;2;0;1;1;0;0;0;0;0;0;1;0;0;0;1;0;0;0;5;-3;20,0;22;8;15;7;3;5;2;5;10;5;1;2;1;1;5;6;6;3;2;0;1;4;2;0;22
1_RMB_J1_Q1;1;1_RMB_J1;1;RMB;1;81;DGC;71;True;True;True;5,25;315;3;1;2;1;0;0;0;1;2;1;0;0;0;1;0;1;0;1;0;0;0;1;1;0;3;2;20,0;22;8;15;7;3;5;2;5;10;5;1;2;1;1;5;6;6;3;2;0;1;4;2;0;22
6_RMB_J1_Q1;1;6_RMB_J1;6;RMB;1;81;DGC;71;True;False;True;4,75;285;0;0;0;0;0;0;0;0;0;0;0;0;0;0;1;1;1;0;0;0;0;0;0;0;1;2;20,0;22;8;15;7;3;5;2;5;10;5;1;2;1;1;5;6;6;3;2;0;1;4;2;0;22
7_RMB_J1_Q1;1;7_RMB_J1;7;RMB;1;81;DGC;71;True;True;True;6,15;369;3;1;1;0;0;0;0;1;1;0;0;0;0;0;3;3;1;2;0;0;0;0;0;0;5;5;20,0;22;8;15;7;3;5;2;5;10;5;1;2;1;1;5;6;6;3;2;0;1;4;2;0;22
8_RMB_J1_Q1;1;8_RMB_J1;8;RMB;1;81;DGC;71;True;False;True;3,85;231;0;0;1;1;0;0;0;0;1;1;0;0;0;0;0;0;0;0;0;0;0;0;0;0;-1;-1;20,0;22;8;15;7;3;5;2;5;10;5;1;2;1;1;5;6;6;3;2;0;1;4;2;0;22
11_RMB_J1_Q1;1;11_RMB_J1;11;RMB;1;81;DGC;71;True;True;True;5,25;315;3;1;1;0;0;0;0;1;1;0;0;0;0;0;0;0;0;0;0;0;0;0;0;0;3;3;20,0;22;8;15;7;3;5;2;5;10;5;1;2;1;1;5;6;6;3;2;0;1;4;2;0;22
13_RMB_J1_Q1;1;13_RMB_J1;13;RMB;1;81;DGC;71;True;False;True;2,05;123;2;1;1;0;1;1;0;0;0;0;0;0;0;0;1;1;1;0;0;0;0;0;0;0;0;4;20,0;22;8;15;7;3;5;2;5;10;5;1;2;1;1;5;6;6;3;2;0;1;4;2;0;22
20_RMB_J1_Q1;1;20_RMB_J1;20;RMB;1;81;DGC;71;True;False;True;1,8;108;1;0;0;0;0;0;0;0;0;0;1;2;1;0;0;0;0;0;1;0;0;2;1;0;-1;0;20,0;22;8;15;7;3;5;2;5;10;5;1;2;1;1;5;6;6;3;2;0;1;4;2;0;22
22_RMB_J1_Q1;1;22_RMB_J1;22;RMB;1;81;DGC;71;True;True;True;6,15;369;4;2;2;0;2;2;0;0;0;0;0;0;0;0;0;0;0;0;1;0;0;0;0;0;5;5;20,0;22;8;15;7;3;5;2;5;10;5;1;2;1;1;5;6;6;3;2;0;1;4;2;0;22
23_RMB_J1_Q1;1;23_RMB_J1;23;RMB;1;81;DGC;71;True;False;True;4,75;285;3;1;2;1;0;0;0;1;2;1;0;0;0;0;0;0;1;0;0;0;0;1;0;0;1;2;20,0;22;8;15;7;3;5;2;5;10;5;1;2;1;1;5;6;6;3;2;0;1;4;2;0;22
24_RMB_J1_Q1;1;24_RMB_J1;24;RMB;1;81;DGC;71;True;False;True;3,85;231;3;1;2;1;0;0;0;1;2;1;0;0;0;0;0;0;1;0;0;0;0;0;0;0;-1;3;20,0;22;8;15;7;3;5;2;5;10;5;1;2;1;1;5;6;6;3;2;0;1;4;2;0;22
33_RMB_J1_Q1;1;33_RMB_J1;33;RMB;1;81;DGC;71;True;False;True;0,0;0;0;0;0;0;0;0;0;0;0;0;0;0;0;0;0;0;0;0;0;0;0;0;0;0;0;0;20,0;22;8;15;7;3;5;2;5;10;5;1;2;1;1;5;6;6;3;2;0;1;4;2;0;22
RMB_RMB_J1_Q1;1;RMB_RMB_J1;RMB;RMB;1;81;DGC;71;True;False;True;50,0;3000;0;0;0;0;0;0;0;0;0;0;0;0;0;0;0;0;0;0;0;0;0;0;0;0;0;0;20,0;22;8;15;7;3;5;2;5;10;5;1;2;1;1;5;6;6;3;2;0;1;4;2;0;22
0_RMB_J1_Q2;2;0_RMB_J1;0;RMB;1;81;DGC;71;True;True;True;5,35;321;3;1;1;0;0;0;0;1;1;0;0;0;0;0;1;1;0;0;0;1;0;0;0;0;4;5;20,0;22;9;15;6;5;9;4;4;6;2;0;0;0;2;8;10;8;3;0;2;0;5;3;2;31
1_RMB_J1_Q2;2;1_RMB_J1;1;RMB;1;81;DGC;71;True;True;True;4,65;279;5;2;3;1;1;2;1;1;1;0;0;0;0;2;1;3;0;1;0;0;0;0;0;1;3;6;20,0;22;9;15;6;5;9;4;4;6;2;0;0;0;2;8;10;8;3;0;2;0;5;3;2;31
6_RMB_J1_Q2;2;6_RMB_J1;6;RMB;1;81;DGC;71;True;False;True;3,7333333333333334;224;3;1;1;0;0;0;0;1;1;0;0;0;0;0;0;0;0;2;0;0;0;2;0;0;2;-1;20,0;22;9;15;6;5;9;4;4;6;2;0;0;0;2;8;10;8;3;0;2;0;5;3;2;31
7_RMB_J1_Q2;2;7_RMB_J1;7;RMB;1;81;DGC;71;True;True;True;6,266666666666667;376;2;1;1;0;1;1;0;0;0;0;0;0;0;0;0;0;4;0;0;0;0;1;0;0;5;5;20,0;22;9;15;6;5;9;4;4;6;2;0;0;0;2;8;10;8;3;0;2;0;5;3;2;31
8_RMB_J1_Q2;2;8_RMB_J1;8;RMB;1;81;DGC;71;True;False;True;8,383333333333333;503;0;0;2;2;0;1;1;0;1;1;0;0;0;0;0;0;0;0;0;1;0;1;0;0;5;-2;20,0;22;9;15;6;5;9;4;4;6;2;0;0;0;2;8;10;8;3;0;2;0;5;3;2;31
11_RMB_J1_Q2;2;11_RMB_J1;11;RMB;1;81;DGC;71;True;True;True;6,266666666666667;376;5;2;4;2;1;2;1;1;2;1;0;0;0;0;2;2;2;0;0;0;0;0;1;1;5;8;20,0;22;9;15;6;5;9;4;4;6;2;0;0;0;2;8;10;8;3;0;2;0;5;3;2;31
13_RMB_J1_Q2;2;13_RMB_J1;13;RMB;1;81;DGC;71;True;False;True;4,65;279;4;2;2;0;2;2;0;0;0;0;0;0;0;0;0;0;0;0;0;0;0;0;0;0;3;4;20,0;22;9;15;6;5;9;4;4;6;2;0;0;0;2;8;10;8;3;0;2;0;5;3;2;31
20_RMB_J1_Q2;2;20_RMB_J1;20;RMB;1;81;DGC;71;True;False;True;0,0;0;0;0;0;0;0;0;0;0;0;0;0;0;0;0;0;0;0;0;0;0;0;0;0;0;0;0;20,0;22;9;15;6;5;9;4;4;6;2;0;0;0;2;8;10;8;3;0;2;0;5;3;2;31
22_RMB_J1_Q2;2;22_RMB_J1;22;RMB;1;81;DGC;71;True;True;True;5,35;321;0;0;1;1;0;1;1;0;0;0;0;0;0;0;3;3;0;0;0;0;0;1;1;0;4;2;20,0;22;9;15;6;5;9;4;4;6;2;0;0;0;2;8;10;8;3;0;2;0;5;3;2;31
23_RMB_J1_Q2;2;23_RMB_J1;23;RMB;1;81;DGC;71;True;False;True;5,35;321;0;0;0;0;0;0;0;0;0;0;0;0;0;0;1;1;2;0;0;0;0;0;1;0;4;4;20,0;22;9;15;6;5;9;4;4;6;2;0;0;0;2;8;10;8;3;0;2;0;5;3;2;31
24_RMB_J1_Q2;2;24_RMB_J1;24;RMB;1;81;DGC;71;True;False;True;0,0;0;0;0;0;0;0;0;0;0;0;0;0;0;0;0;0;0;0;0;0;0;0;0;0;0;0;0;20,0;22;9;15;6;5;9;4;4;6;2;0;0;0;2;8;10;8;3;0;2;0;5;3;2;31
33_RMB_J1_Q2;2;33_RMB_J1;33;RMB;1;81;DGC;71;True;False;True;0,0;0;0;0;0;0;0;0;0;0;0;0;0;0;0;0;0;0;0;0;0;0;0;0;0;0;0;0;20,0;22;9;15;6;5;9;4;4;6;2;0;0;0;2;8;10;8;3;0;2;0;5;3;2;31
RMB_RMB_J1_Q2;2;RMB_RMB_J1;RMB;RMB;1;81;DGC;71;True;False;True;50,0;3000;0;0;0;0;0;0;0;0;0;0;0;0;0;0;0;0;0;0;0;0;0;0;0;0;0;0;20,0;22;9;15;6;5;9;4;4;6;2;0;0;0;2;8;10;8;3;0;2;0;5;3;2;31
0_RMB_J1_Q3;3;0_RMB_J1;0;RMB;1;81;DGC;71;True;True;True;4,883333333333334;293;7;2;3;1;1;1;0;1;2;1;2;2;0;0;1;1;0;0;0;0;0;1;1;0;-2;7;20,0;27;9;16;7;5;9;4;4;7;3;5;8;3;2;2;4;6;3;2;0;0;6;7;0;27
1_RMB_J1_Q3;3;1_RMB_J1;1;RMB;1;81;DGC;71;True;True;True;3,8666666666666667;232;2;1;1;0;1;1;0;0;0;0;0;0;0;0;0;0;0;0;0;0;0;1;1;0;-1;2;20,0;27;9;16;7;5;9;4;4;7;3;5;8;3;2;2;4;6;3;2;0;0;6;7;0;27
6_RMB_J1_Q3;3;6_RMB_J1;6;RMB;1;81;DGC;71;True;False;True;4,55;273;2;0;3;3;0;2;2;0;1;1;2;2;0;0;0;0;1;0;1;0;0;0;1;0;5;2;20,0;27;9;16;7;5;9;4;4;7;3;5;8;3;2;2;4;6;3;2;0;0;6;7;0;27
7_RMB_J1_Q3;3;7_RMB_J1;7;RMB;1;81;DGC;71;True;True;True;5,45;327;1;0;0;0;0;0;0;0;0;0;1;2;1;0;0;0;2;1;0;0;0;0;2;0;-3;3;20,0;27;9;16;7;5;9;4;4;7;3;5;8;3;2;2;4;6;3;2;0;0;6;7;0;27
8_RMB_J1_Q3;3;8_RMB_J1;8;RMB;1;81;DGC;71;True;False;True;5,116666666666666;307;6;2;3;1;0;0;0;2;3;1;0;0;0;1;0;1;1;0;0;0;0;1;0;0;6;6;20,0;27;9;16;7;5;9;4;4;7;3;5;8;3;2;2;4;6;3;2;0;0;6;7;0;27
11_RMB_J1_Q3;3;11_RMB_J1;11;RMB;1;81;DGC;71;True;True;True;5,45;327;2;1;2;1;1;2;1;0;0;0;0;0;0;0;0;0;0;0;0;0;0;0;0;0;-1;1;20,0;27;9;16;7;5;9;4;4;7;3;5;8;3;2;2;4;6;3;2;0;0;6;7;0;27
13_RMB_J1_Q3;3;13_RMB_J1;13;RMB;1;81;DGC;71;True;False;True;0,0;0;0;0;0;0;0;0;0;0;0;0;0;0;0;0;0;0;0;0;0;0;0;0;0;0;0;0;20,0;27;9;16;7;5;9;4;4;7;3;5;8;3;2;2;4;6;3;2;0;0;6;7;0;27
20_RMB_J1_Q3;3;20_RMB_J1;20;RMB;1;81;DGC;71;True;False;True;3,9;234;0;0;0;0;0;0;0;0;0;0;0;0;0;0;1;1;1;1;0;0;0;1;0;0;5;0;20,0;27;9;16;7;5;9;4;4;7;3;5;8;3;2;2;4;6;3;2;0;0;6;7;0;27
22_RMB_J1_Q3;3;22_RMB_J1;22;RMB;1;81;DGC;71;True;True;True;6,1;366;2;1;1;0;1;1;0;0;0;0;0;0;0;1;0;1;1;0;0;0;0;1;1;0;-1;4;20,0;27;9;16;7;5;9;4;4;7;3;5;8;3;2;2;4;6;3;2;0;0;6;7;0;27
23_RMB_J1_Q3;3;23_RMB_J1;23;RMB;1;81;DGC;71;True;False;True;6,133333333333334;368;3;1;1;0;0;0;0;1;1;0;0;0;0;0;0;0;0;1;1;0;0;1;0;0;5;2;20,0;27;9;16;7;5;9;4;4;7;3;5;8;3;2;2;4;6;3;2;0;0;6;7;0;27
24_RMB_J1_Q3;3;24_RMB_J1;24;RMB;1;81;DGC;71;True;False;True;4,55;273;2;1;2;1;1;2;1;0;0;0;0;2;2;0;0;0;0;0;0;0;0;0;1;0;7;0;20,0;27;9;16;7;5;9;4;4;7;3;5;8;3;2;2;4;6;3;2;0;0;6;7;0;27
33_RMB_J1_Q3;3;33_RMB_J1;33;RMB;1;81;DGC;71;True;False;True;0,0;0;0;0;0;0;0;0;0;0;0;0;0;0;0;0;0;0;0;0;0;0;0;0;0;0;0;0;20,0;27;9;16;7;5;9;4;4;7;3;5;8;3;2;2;4;6;3;2;0;0;6;7;0;27
RMB_RMB_J1_Q3;3;RMB_RMB_J1;RMB;RMB;1;81;DGC;71;True;False;True;50,0;3000;0;0;0;0;0;0;0;0;0;0;0;0;0;0;0;0;0;0;0;0;0;0;0;0;0;0;20,0;27;9;16;7;5;9;4;4;7;3;5;8;3;2;2;4;6;3;2;0;0;6;7;0;27
0_RMB_J1_Q4;4;0_RMB_J1;0;RMB;1;81;DGC;71;True;True;True;6,433333333333334;386;0;0;1;1;0;1;1;0;0;0;0;0;0;0;2;2;0;0;0;1;0;0;0;0;-3;2;20,0;10;3;15;12;2;8;6;1;7;6;3;4;1;3;7;10;2;2;2;2;3;6;6;0;8
1_RMB_J1_Q4;4;1_RMB_J1;1;RMB;1;81;DGC;71;True;True;True;4,616666666666666;277;0;0;2;2;0;0;0;0;2;2;0;0;0;0;0;0;0;0;0;0;1;0;1;0;-4;-2;20,0;10;3;15;12;2;8;6;1;7;6;3;4;1;3;7;10;2;2;2;2;3;6;6;0;8
6_RMB_J1_Q4;4;6_RMB_J1;6;RMB;1;81;DGC;71;True;False;True;3,9833333333333334;239;0;0;1;1;0;1;1;0;0;0;0;0;0;0;2;2;0;0;0;0;1;1;0;0;-3;-1;20,0;10;3;15;12;2;8;6;1;7;6;3;4;1;3;7;10;2;2;2;2;3;6;6;0;8
7_RMB_J1_Q4;4;7_RMB_J1;7;RMB;1;81;DGC;71;True;True;True;6,583333333333333;395;0;0;3;3;0;1;1;0;2;2;0;0;0;0;0;0;2;1;1;0;1;2;0;0;-4;-4;20,0;10;3;15;12;2;8;6;1;7;6;3;4;1;3;7;10;2;2;2;2;3;6;6;0;8
8_RMB_J1_Q4;4;8_RMB_J1;8;RMB;1;81;DGC;71;True;False;True;3,566666666666667;214;0;0;0;0;0;0;0;0;0;0;0;0;0;0;0;0;0;0;0;1;0;0;0;0;-2;1;20,0;10;3;15;12;2;8;6;1;7;6;3;4;1;3;7;10;2;2;2;2;3;6;6;0;8
11_RMB_J1_Q4;4;11_RMB_J1;11;RMB;1;81;DGC;71;True;True;True;6,016666666666667;361;3;1;2;1;0;1;1;1;1;0;0;0;0;0;1;1;0;0;0;0;0;1;0;0;-2;2;20,0;10;3;15;12;2;8;6;1;7;6;3;4;1;3;7;10;2;2;2;2;3;6;6;0;8
13_RMB_J1_Q4;4;13_RMB_J1;13;RMB;1;81;DGC;71;True;False;True;4,8;288;0;0;1;1;0;1;1;0;0;0;0;0;0;0;1;1;0;1;0;0;0;2;0;0;-6;-3;20,0;10;3;15;12;2;8;6;1;7;6;3;4;1;3;7;10;2;2;2;2;3;6;6;0;8
20_RMB_J1_Q4;4;20_RMB_J1;20;RMB;1;81;DGC;71;True;False;True;0,0;0;0;0;0;0;0;0;0;0;0;0;0;0;0;0;0;0;0;0;0;0;0;0;0;0;0;0;20,0;10;3;15;12;2;8;6;1;7;6;3;4;1;3;7;10;2;2;2;2;3;6;6;0;8
22_RMB_J1_Q4;4;22_RMB_J1;22;RMB;1;81;DGC;71;True;True;True;5,2;312;0;0;0;0;0;0;0;0;0;0;0;0;0;1;0;1;0;0;1;0;0;0;2;0;1;4;20,0;10;3;15;12;2;8;6;1;7;6;3;4;1;3;7;10;2;2;2;2;3;6;6;0;8
23_RMB_J1_Q4;4;23_RMB_J1;23;RMB;1;81;DGC;71;True;False;True;4,283333333333333;257;4;1;2;1;1;1;0;0;1;1;2;2;0;0;0;0;0;0;0;0;0;0;1;0;1;4;20,0;10;3;15;12;2;8;6;1;7;6;3;4;1;3;7;10;2;2;2;2;3;6;6;0;8
24_RMB_J1_Q4;4;24_RMB_J1;24;RMB;1;81;DGC;71;True;False;True;3,4166666666666665;205;2;1;2;1;1;2;1;0;0;0;0;0;0;0;0;0;0;0;0;0;0;0;1;0;-1;2;20,0;10;3;15;12;2;8;6;1;7;6;3;4;1;3;7;10;2;2;2;2;3;6;6;0;8
33_RMB_J1_Q4;4;33_RMB_J1;33;RMB;1;81;DGC;71;True;False;True;1,1;66;1;0;1;1;0;0;0;0;1;1;1;2;1;0;0;0;0;0;0;0;0;0;1;0;-2;0;20,0;10;3;15;12;2;8;6;1;7;6;3;4;1;3;7;10;2;2;2;2;3;6;6;0;8
RMB_RMB_J1_Q4;4;RMB_RMB_J1;RMB;RMB;1;81;DGC;71;True;False;True;50,0;3000;0;0;0;0;0;0;0;0;0;0;0;0;0;2;1;3;0;0;0;0;0;0;0;0;0;3;20,0;10;3;15;12;2;8;6;1;7;6;3;4;1;3;7;10;2;2;2;2;3;6;6;0;8
1_DGC_J1_Q1;1;1_DGC_J1;1;DGC;1;71;RMB;81;False;False;False;0,0;0;0;0;0;0;0;0;0;0;0;0;0;0;0;0;0;0;0;0;0;0;0;0;0;0;0;0;20,0;18;7;15;8;6;10;4;1;5;4;3;3;0;3;7;10;3;5;2;1;0;2;4;1;23
2_DGC_J1_Q1;1;2_DGC_J1;2;DGC;1;71;RMB;81;False;True;False;4,466666666666667;268;0;0;1;1;0;0;0;0;1;1;0;0;0;0;0;0;0;2;0;0;0;1;0;0;-2;-4;20,0;18;7;15;8;6;10;4;1;5;4;3;3;0;3;7;10;3;5;2;1;0;2;4;1;23
4_DGC_J1_Q1;1;4_DGC_J1;4;DGC;1;71;RMB;81;False;False;False;0,0;0;0;0;0;0;0;0;0;0;0;0;0;0;0;0;0;0;0;0;0;0;0;0;0;0;0;0;20,0;18;7;15;8;6;10;4;1;5;4;3;3;0;3;7;10;3;5;2;1;0;2;4;1;23
5_DGC_J1_Q1;1;5_DGC_J1;5;DGC;1;71;RMB;81;False;False;False;3,85;231;4;1;1;0;1;1;0;0;0;0;2;2;0;0;0;0;0;1;0;0;0;0;1;0;1;4;20,0;18;7;15;8;6;10;4;1;5;4;3;3;0;3;7;10;3;5;2;1;0;2;4;1;23
6_DGC_J1_Q1;1;6_DGC_J1;6;DGC;1;71;RMB;81;False;True;False;6,15;369;0;0;1;1;0;0;0;0;1;1;0;0;0;0;0;0;1;0;1;0;0;0;1;0;-5;2;20,0;18;7;15;8;6;10;4;1;5;4;3;3;0;3;7;10;3;5;2;1;0;2;4;1;23
9_DGC_J1_Q1;1;9_DGC_J1;9;DGC;1;71;RMB;81;False;True;False;6,15;369;0;0;0;0;0;0;0;0;0;0;0;0;0;0;1;1;1;1;0;0;0;0;0;0;-5;1;20,0;18;7;15;8;6;10;4;1;5;4;3;3;0;3;7;10;3;5;2;1;0;2;4;1;23
10_DGC_J1_Q1;1;10_DGC_J1;10;DGC;1;71;RMB;81;False;False;False;3,85;231;0;0;1;1;0;1;1;0;0;0;0;0;0;0;2;2;1;0;0;0;0;0;1;0;1;3;20,0;18;7;15;8;6;10;4;1;5;4;3;3;0;3;7;10;3;5;2;1;0;2;4;1;23
13_DGC_J1_Q1;1;13_DGC_J1;13;DGC;1;71;RMB;81;False;True;False;4,466666666666667;268;6;3;3;0;3;3;0;0;0;0;0;0;0;0;0;0;0;0;1;1;0;0;0;0;-2;8;20,0;18;7;15;8;6;10;4;1;5;4;3;3;0;3;7;10;3;5;2;1;0;2;4;1;23
18_DGC_J1_Q1;1;18_DGC_J1;18;DGC;1;71;RMB;81;False;True;False;6,15;369;0;0;1;1;0;0;0;0;1;1;0;0;0;0;2;2;0;1;0;0;0;0;0;0;-5;0;20,0;18;7;15;8;6;10;4;1;5;4;3;3;0;3;7;10;3;5;2;1;0;2;4;1;23
21_DGC_J1_Q1;1;21_DGC_J1;21;DGC;1;71;RMB;81;False;False;False;5,533333333333333;332;2;1;2;1;1;1;0;0;1;1;0;0;0;1;1;2;0;0;0;0;0;0;0;0;-2;3;20,0;18;7;15;8;6;10;4;1;5;4;3;3;0;3;7;10;3;5;2;1;0;2;4;1;23
23_DGC_J1_Q1;1;23_DGC_J1;23;DGC;1;71;RMB;81;False;False;False;3,85;231;3;1;3;2;1;3;2;0;0;0;1;1;0;0;1;1;0;0;0;0;0;0;1;1;1;3;20,0;18;7;15;8;6;10;4;1;5;4;3;3;0;3;7;10;3;5;2;1;0;2;4;1;23
24_DGC_J1_Q1;1;24_DGC_J1;24;DGC;1;71;RMB;81;False;False;False;5,533333333333333;332;3;1;2;1;0;1;1;1;1;0;0;0;0;2;0;2;0;0;0;0;0;1;0;0;-2;3;20,0;18;7;15;8;6;10;4;1;5;4;3;3;0;3;7;10;3;5;2;1;0;2;4;1;23
DGC_DGC_J1_Q1;1;DGC_DGC_J1;DGC;DGC;1;71;RMB;81;False;False;False;50,0;3000;0;0;0;0;0;0;0;0;0;0;0;0;0;0;0;0;0;0;0;0;0;0;0;0;0;0;20,0;18;7;15;8;6;10;4;1;5;4;3;3;0;3;7;10;3;5;2;1;0;2;4;1;23
1_DGC_J1_Q2;2;1_DGC_J1;1;DGC;1;71;RMB;81;False;False;False;1,25;75;0;0;0;0;0;0;0;0;0;0;0;0;0;0;0;0;0;0;0;0;0;0;0;0;-2;0;20,0;15;6;16;10;4;7;3;2;9;7;1;2;1;2;4;6;4;1;2;0;2;3;5;1;15
2_DGC_J1_Q2;2;2_DGC_J1;2;DGC;1;71;RMB;81;False;True;False;2,5;150;4;2;2;0;2;2;0;0;0;0;0;0;0;0;0;0;1;0;0;0;0;1;0;1;-3;4;20,0;15;6;16;10;4;7;3;2;9;7;1;2;1;2;4;6;4;1;2;0;2;3;5;1;15
4_DGC_J1_Q2;2;4_DGC_J1;4;DGC;1;71;RMB;81;False;False;False;0,0;0;0;0;0;0;0;0;0;0;0;0;0;0;0;0;0;0;0;0;0;0;0;0;0;0;0;0;20,0;15;6;16;10;4;7;3;2;9;7;1;2;1;2;4;6;4;1;2;0;2;3;5;1;15
5_DGC_J1_Q2;2;5_DGC_J1;5;DGC;1;71;RMB;81;False;False;False;2,15;129;1;0;1;1;0;0;0;0;1;1;1;2;1;0;0;0;1;0;0;0;0;0;1;0;0;1;20,0;15;6;16;10;4;7;3;2;9;7;1;2;1;2;4;6;4;1;2;0;2;3;5;1;15
6_DGC_J1_Q2;2;6_DGC_J1;6;DGC;1;71;RMB;81;False;True;False;7,85;471;3;1;2;1;0;0;0;1;2;1;0;0;0;0;0;0;1;0;1;0;0;1;0;0;-7;3;20,0;15;6;16;10;4;7;3;2;9;7;1;2;1;2;4;6;4;1;2;0;2;3;5;1;15
9_DGC_J1_Q2;2;9_DGC_J1;9;DGC;1;71;RMB;81;False;True;False;5,9;354;0;0;2;2;0;1;1;0;1;1;0;0;0;0;0;0;0;0;0;0;1;0;2;0;-5;-1;20,0;15;6;16;10;4;7;3;2;9;7;1;2;1;2;4;6;4;1;2;0;2;3;5;1;15
10_DGC_J1_Q2;2;10_DGC_J1;10;DGC;1;71;RMB;81;False;False;False;4,1;246;0;0;1;1;0;0;0;0;1;1;0;0;0;0;1;1;0;0;0;0;0;0;0;0;-2;0;20,0;15;6;16;10;4;7;3;2;9;7;1;2;1;2;4;6;4;1;2;0;2;3;5;1;15
13_DGC_J1_Q2;2;13_DGC_J1;13;DGC;1;71;RMB;81;False;True;False;7,116666666666666;427;0;0;1;1;0;1;1;0;0;0;0;0;0;1;1;2;0;0;0;0;0;0;0;0;-7;1;20,0;15;6;16;10;4;7;3;2;9;7;1;2;1;2;4;6;4;1;2;0;2;3;5;1;15
18_DGC_J1_Q2;2;18_DGC_J1;18;DGC;1;71;RMB;81;False;True;False;5,9;354;0;0;1;1;0;1;1;0;0;0;0;0;0;0;0;0;0;1;0;0;0;0;0;0;-5;-2;20,0;15;6;16;10;4;7;3;2;9;7;1;2;1;2;4;6;4;1;2;0;2;3;5;1;15
21_DGC_J1_Q2;2;21_DGC_J1;21;DGC;1;71;RMB;81;False;False;False;2,8833333333333333;173;3;1;2;1;0;0;0;1;2;1;0;0;0;0;1;1;0;0;0;0;1;0;0;0;0;2;20,0;15;6;16;10;4;7;3;2;9;7;1;2;1;2;4;6;4;1;2;0;2;3;5;1;15
23_DGC_J1_Q2;2;23_DGC_J1;23;DGC;1;71;RMB;81;False;False;False;4,1;246;2;1;1;0;1;1;0;0;0;0;0;0;0;0;0;0;0;0;0;0;0;1;0;0;-2;1;20,0;15;6;16;10;4;7;3;2;9;7;1;2;1;2;4;6;4;1;2;0;2;3;5;1;15
24_DGC_J1_Q2;2;24_DGC_J1;24;DGC;1;71;RMB;81;False;False;False;6,25;375;2;1;3;2;1;1;0;0;2;2;0;0;0;0;0;0;1;0;1;0;0;0;2;0;-2;4;20,0;15;6;16;10;4;7;3;2;9;7;1;2;1;2;4;6;4;1;2;0;2;3;5;1;15
DGC_DGC_J1_Q2;2;DGC_DGC_J1;DGC;DGC;1;71;RMB;81;False;False;False;50,0;3000;0;0;0;0;0;0;0;0;0;0;0;0;0;1;1;2;0;0;0;0;0;0;0;0;0;2;20,0;15;6;16;10;4;7;3;2;9;7;1;2;1;2;4;6;4;1;2;0;2;3;5;1;15
1_DGC_J1_Q3;3;1_DGC_J1;1;DGC;1;71;RMB;81;False;False;False;0,0;0;0;0;0;0;0;0;0;0;0;0;0;0;0;0;0;0;0;0;0;0;0;0;0;0;0;0;20,0;23;8;14;6;4;6;2;4;8;4;3;4;1;2;6;8;7;5;1;0;0;7;6;0;26
2_DGC_J1_Q3;3;2_DGC_J1;2;DGC;1;71;RMB;81;False;True;False;4,55;273;0;0;0;0;0;0;0;0;0;0;0;0;0;0;0;0;1;0;0;0;0;1;1;0;-5;1;20,0;23;8;14;6;4;6;2;4;8;4;3;4;1;2;6;8;7;5;1;0;0;7;6;0;26
4_DGC_J1_Q3;3;4_DGC_J1;4;DGC;1;71;RMB;81;False;False;False;0,0;0;0;0;0;0;0;0;0;0;0;0;0;0;0;0;0;0;0;0;0;0;0;0;0;0;0;0;20,0;23;8;14;6;4;6;2;4;8;4;3;4;1;2;6;8;7;5;1;0;0;7;6;0;26
5_DGC_J1_Q3;3;5_DGC_J1;5;DGC;1;71;RMB;81;False;False;False;5,433333333333334;326;3;1;2;1;0;0;0;1;2;1;0;0;0;1;1;2;1;2;0;0;0;1;1;0;-4;3;20,0;23;8;14;6;4;6;2;4;8;4;3;4;1;2;6;8;7;5;1;0;0;7;6;0;26
6_DGC_J1_Q3;3;6_DGC_J1;6;DGC;1;71;RMB;81;False;True;False;4,566666666666666;274;3;1;1;0;0;0;0;1;1;0;0;0;0;0;0;0;0;1;0;0;0;0;0;0;0;2;20,0;23;8;14;6;4;6;2;4;8;4;3;4;1;2;6;8;7;5;1;0;0;7;6;0;26
9_DGC_J1_Q3;3;9_DGC_J1;9;DGC;1;71;RMB;81;False;True;False;3,6166666666666667;217;0;0;0;0;0;0;0;0;0;0;0;0;0;0;0;0;1;1;0;0;0;1;0;0;1;-1;20,0;23;8;14;6;4;6;2;4;8;4;3;4;1;2;6;8;7;5;1;0;0;7;6;0;26
10_DGC_J1_Q3;3;10_DGC_J1;10;DGC;1;71;RMB;81;False;False;False;6,383333333333334;383;2;1;2;1;1;2;1;0;0;0;0;0;0;0;2;2;0;1;0;0;0;0;0;0;-5;2;20,0;23;8;14;6;4;6;2;4;8;4;3;4;1;2;6;8;7;5;1;0;0;7;6;0;26
13_DGC_J1_Q3;3;13_DGC_J1;13;DGC;1;71;RMB;81;False;True;False;5,95;357;6;2;2;0;1;1;0;1;1;0;1;2;1;0;1;1;0;0;0;0;0;1;1;0;-5;6;20,0;23;8;14;6;4;6;2;4;8;4;3;4;1;2;6;8;7;5;1;0;0;7;6;0;26
18_DGC_J1_Q3;3;18_DGC_J1;18;DGC;1;71;RMB;81;False;True;False;7,316666666666666;439;0;0;1;1;0;0;0;0;1;1;0;0;0;0;0;0;0;0;0;0;0;1;0;0;2;-2;20,0;23;8;14;6;4;6;2;4;8;4;3;4;1;2;6;8;7;5;1;0;0;7;6;0;26
21_DGC_J1_Q3;3;21_DGC_J1;21;DGC;1;71;RMB;81;False;False;False;4,05;243;5;1;2;1;0;0;0;1;2;1;2;2;0;0;0;0;0;0;0;0;0;1;1;0;1;4;20,0;23;8;14;6;4;6;2;4;8;4;3;4;1;2;6;8;7;5;1;0;0;7;6;0;26
23_DGC_J1_Q3;3;23_DGC_J1;23;DGC;1;71;RMB;81;False;False;False;2,683333333333333;161;2;1;2;1;1;2;1;0;0;0;0;0;0;0;0;0;0;0;0;0;0;0;1;0;-6;2;20,0;23;8;14;6;4;6;2;4;8;4;3;4;1;2;6;8;7;5;1;0;0;7;6;0;26
24_DGC_J1_Q3;3;24_DGC_J1;24;DGC;1;71;RMB;81;False;False;False;5,45;327;2;1;2;1;1;1;0;0;1;1;0;0;0;1;2;3;4;0;1;0;0;1;1;0;1;9;20,0;23;8;14;6;4;6;2;4;8;4;3;4;1;2;6;8;7;5;1;0;0;7;6;0;26
DGC_DGC_J1_Q3;3;DGC_DGC_J1;DGC;DGC;1;71;RMB;81;False;False;False;50,0;3000;0;0;0;0;0;0;0;0;0;0;0;0;0;0;0;0;0;0;0;0;0;0;0;0;0;0;20,0;23;8;14;6;4;6;2;4;8;4;3;4;1;2;6;8;7;5;1;0;0;7;6;0;26
1_DGC_J1_Q4;4;1_DGC_J1;1;DGC;1;71;RMB;81;False;False;False;0,0;0;0;0;0;0;0;0;0;0;0;0;0;0;0;0;0;0;0;0;0;0;0;0;0;0;0;0;20,0;15;5;12;7;3;7;4;2;5;3;3;5;2;0;9;9;2;4;2;3;2;6;6;1;16
2_DGC_J1_Q4;4;2_DGC_J1;2;DGC;1;71;RMB;81;False;True;False;3,6;216;5;1;2;1;1;2;1;0;0;0;3;3;0;0;0;0;0;1;0;0;0;0;1;0;5;4;20,0;15;5;12;7;3;7;4;2;5;3;3;5;2;0;9;9;2;4;2;3;2;6;6;1;16
4_DGC_J1_Q4;4;4_DGC_J1;4;DGC;1;71;RMB;81;False;False;False;0,0;0;0;0;0;0;0;0;0;0;0;0;0;0;0;0;0;0;0;0;0;0;0;0;0;0;0;0;20,0;15;5;12;7;3;7;4;2;5;3;3;5;2;0;9;9;2;4;2;3;2;6;6;1;16
5_DGC_J1_Q4;4;5_DGC_J1;5;DGC;1;71;RMB;81;False;False;False;5,383333333333334;323;2;1;2;1;1;2;1;0;0;0;0;0;0;0;0;0;0;0;0;0;1;1;0;0;1;-1;20,0;15;5;12;7;3;7;4;2;5;3;3;5;2;0;9;9;2;4;2;3;2;6;6;1;16
6_DGC_J1_Q4;4;6_DGC_J1;6;DGC;1;71;RMB;81;False;True;False;4,616666666666666;277;3;1;2;1;0;1;1;1;1;0;0;0;0;0;1;1;1;0;1;0;0;0;0;0;4;5;20,0;15;5;12;7;3;7;4;2;5;3;3;5;2;0;9;9;2;4;2;3;2;6;6;1;16
9_DGC_J1_Q4;4;9_DGC_J1;9;DGC;1;71;RMB;81;False;True;False;5,233333333333333;314;0;0;1;1;0;0;0;0;1;1;0;0;0;0;0;0;0;1;0;0;0;0;1;0;3;-1;20,0;15;5;12;7;3;7;4;2;5;3;3;5;2;0;9;9;2;4;2;3;2;6;6;1;16
10_DGC_J1_Q4;4;10_DGC_J1;10;DGC;1;71;RMB;81;False;False;False;4,766666666666667;286;0;0;0;0;0;0;0;0;0;0;0;0;0;0;2;2;0;0;0;0;0;1;0;0;2;1;20,0;15;5;12;7;3;7;4;2;5;3;3;5;2;0;9;9;2;4;2;3;2;6;6;1;16
13_DGC_J1_Q4;4;13_DGC_J1;13;DGC;1;71;RMB;81;False;True;False;1,65;99;0;0;0;0;0;0;0;0;0;0;0;0;0;0;0;0;0;1;1;0;0;0;1;0;-3;1;20,0;15;5;12;7;3;7;4;2;5;3;3;5;2;0;9;9;2;4;2;3;2;6;6;1;16
18_DGC_J1_Q4;4;18_DGC_J1;18;DGC;1;71;RMB;81;False;True;False;6,383333333333334;383;0;0;0;0;0;0;0;0;0;0;0;0;0;0;2;2;0;0;0;1;0;1;0;0;3;2;20,0;15;5;12;7;3;7;4;2;5;3;3;5;2;0;9;9;2;4;2;3;2;6;6;1;16
21_DGC_J1_Q4;4;21_DGC_J1;21;DGC;1;71;RMB;81;False;False;False;8,35;501;3;1;1;0;0;0;0;1;1;0;0;0;0;0;0;0;0;0;0;0;0;0;0;0;8;3;20,0;15;5;12;7;3;7;4;2;5;3;3;5;2;0;9;9;2;4;2;3;2;6;6;1;16
23_DGC_J1_Q4;4;23_DGC_J1;23;DGC;1;71;RMB;81;False;False;False;3,6166666666666667;217;2;1;2;1;1;2;1;0;0;0;0;0;0;0;1;1;0;0;0;2;1;0;1;1;2;4;20,0;15;5;12;7;3;7;4;2;5;3;3;5;2;0;9;9;2;4;2;3;2;6;6;1;16
24_DGC_J1_Q4;4;24_DGC_J1;24;DGC;1;71;RMB;81;False;False;False;6,4;384;0;0;2;2;0;0;0;0;2;2;0;2;2;0;1;1;1;1;0;0;0;3;2;0;0;-4;20,0;15;5;12;7;3;7;4;2;5;3;3;5;2;0;9;9;2;4;2;3;2;6;6;1;16
DGC_DGC_J1_Q4;4;DGC_DGC_J1;DGC;DGC;1;71;RMB;81;False;False;False;50,0;3000;0;0;0;0;0;0;0;0;0;0;0;0;0;0;2;2;0;0;0;0;0;0;0;0;0;2;20,0;15;5;12;7;3;7;4;2;5;3;3;5;2;0;9;9;2;4;2;3;2;6;6;1;16
00_CAZ_J1_Q1;1;00_CAZ_J1;00;CAZ;1;107;BKN;88;True;True;True;5,066666666666666;304;4;2;3;1;2;3;1;0;0;0;0;0;0;0;1;1;0;1;0;0;0;1;0;0;4;2;20,0;23;10;18;8;7;12;5;3;6;3;0;2;2;3;6;9;5;3;0;1;1;5;4;0;23
0_CAZ_J1_Q1;1;0_CAZ_J1;0;CAZ;1;107;BKN;88;True;False;True;4,933333333333334;296;0;0;1;1;0;0;0;0;1;1;0;0;0;0;0;0;2;1;0;0;0;0;0;0;-1;0;20,0;23;10;18;8;7;12;5;3;6;3;0;2;2;3;6;9;5;3;0;1;1;5;4;0;23
2_CAZ_J1_Q1;1;2_CAZ_J1;2;CAZ;1;107;BKN;88;True;True;True;7,283333333333333;437;7;3;4;1;2;2;0;1;2;1;0;0;0;1;0;1;1;1;0;0;0;0;1;0;3;8;20,0;23;10;18;8;7;12;5;3;6;3;0;2;2;3;6;9;5;3;0;1;1;5;4;0;23
3_CAZ_J1_Q1;1;3_CAZ_J1;3;CAZ;1;107;BKN;88;True;False;True;0,0;0;0;0;0;0;0;0;0;0;0;0;0;0;0;0;0;0;0;0;0;0;0;0;0;0;0;0;20,0;23;10;18;8;7;12;5;3;6;3;0;2;2;3;6;9;5;3;0;1;1;5;4;0;23
4_CAZ_J1_Q1;1;4_CAZ_J1;4;CAZ;1;107;BKN;88;True;True;True;3,783333333333333;227;2;1;2;1;1;1;0;0;1;1;0;0;0;0;0;0;0;0;0;0;0;0;1;0;0;2;20,0;23;10;18;8;7;12;5;3;6;3;0;2;2;3;6;9;5;3;0;1;1;5;4;0;23
5_CAZ_J1_Q1;1;5_CAZ_J1;5;CAZ;1;107;BKN;88;True;False;True;0,0;0;0;0;0;0;0;0;0;0;0;0;0;0;0;0;0;0;0;0;0;0;0;0;0;0;0;0;20,0;23;10;18;8;7;12;5;3;6;3;0;2;2;3;6;9;5;3;0;1;1;5;4;0;23
7_CAZ_J1_Q1;1;7_CAZ_J1;7;CAZ;1;107;BKN;88;True;False;True;5,633333333333334;338;3;1;2;1;0;1;1;1;1;0;0;0;0;1;0;1;0;0;0;0;0;1;0;0;1;2;20,0;23;10;18;8;7;12;5;3;6;3;0;2;2;3;6;9;5;3;0;1;1;5;4;0;23
10_CAZ_J1_Q1;1;10_CAZ_J1;10;CAZ;1;107;BKN;88;True;False;True;0,0;0;0;0;0;0;0;0;0;0;0;0;0;0;0;0;0;0;0;0;0;0;0;0;0;0;0;0;20,0;23;10;18;8;7;12;5;3;6;3;0;2;2;3;6;9;5;3;0;1;1;5;4;0;23
12_CAZ_J1_Q1;1;12_CAZ_J1;12;CAZ;1;107;BKN;88;True;False;True;6,216666666666667;373;2;1;2;1;1;2;1;0;0;0;0;0;0;1;1;2;0;0;0;0;0;1;1;0;3;3;20,0;23;10;18;8;7;12;5;3;6;3;0;2;2;3;6;9;5;3;0;1;1;5;4;0;23
14_CAZ_J1_Q1;1;14_CAZ_J1;14;CAZ;1;107;BKN;88;True;True;True;3,783333333333333;227;2;1;1;0;1;1;0;0;0;0;0;0;0;0;2;2;0;0;0;0;0;1;0;0;0;3;20,0;23;10;18;8;7;12;5;3;6;3;0;2;2;3;6;9;5;3;0;1;1;5;4;0;23
15_CAZ_J1_Q1;1;15_CAZ_J1;15;CAZ;1;107;BKN;88;True;False;True;6,216666666666667;373;3;1;3;2;0;2;2;1;1;0;0;2;2;0;0;0;2;0;0;0;1;0;1;0;3;1;20,0;23;10;18;8;7;12;5;3;6;3;0;2;2;3;6;9;5;3;0;1;1;5;4;0;23
20_CAZ_J1_Q1;1;20_CAZ_J1;20;CAZ;1;107;BKN;88;True;True;True;7,083333333333333;425;0;0;0;0;0;0;0;0;0;0;0;0;0;0;2;2;0;0;0;1;0;1;0;0;2;2;20,0;23;10;18;8;7;12;5;3;6;3;0;2;2;3;6;9;5;3;0;1;1;5;4;0;23
CAZ_CAZ_J1_Q1;1;CAZ_CAZ_J1;CAZ;CAZ;1;107;BKN;88;True;False;True;50,0;3000;0;0;0;0;0;0;0;0;0;0;0;0;0;0;0;0;0;0;0;0;0;0;0;0;0;0;20,0;23;10;18;8;7;12;5;3;6;3;0;2;2;3;6;9;5;3;0;1;1;5;4;0;23
0_CAZ_J1_Q2;2;0_CAZ_J1;0;CAZ;1;107;BKN;88;True;False;True;3,1666666666666665;190;3;1;1;0;0;0;0;1;1;0;0;0;0;0;0;0;1;0;0;0;0;0;0;0;1;4;20,0;25;10;21;11;8;12;4;2;9;7;3;4;1;3;10;13;6;3;3;0;0;4;7;1;35
00_CAZ_J1_Q2;2;00_CAZ_J1;00;CAZ;1;107;BKN;88;True;True;True;8,016666666666667;481;6;3;7;4;3;6;3;0;1;1;0;0;0;0;3;3;1;0;0;0;0;0;1;1;9;7;20,0;25;10;21;11;8;12;4;2;9;7;3;4;1;3;10;13;6;3;3;0;0;4;7;1;35
2_CAZ_J1_Q2;2;2_CAZ_J1;2;CAZ;1;107;BKN;88;True;True;True;6,833333333333333;410;5;2;3;1;2;3;1;0;0;0;1;2;1;0;0;0;1;2;0;0;0;1;2;0;10;3;20,0;25;10;21;11;8;12;4;2;9;7;3;4;1;3;10;13;6;3;3;0;0;4;7;1;35
3_CAZ_J1_Q2;2;3_CAZ_J1;3;CAZ;1;107;BKN;88;True;False;True;3,683333333333333;221;0;0;2;2;0;0;0;0;2;2;0;0;0;0;1;1;0;1;0;0;0;1;0;0;-5;-3;20,0;25;10;21;11;8;12;4;2;9;7;3;4;1;3;10;13;6;3;3;0;0;4;7;1;35
4_CAZ_J1_Q2;2;4_CAZ_J1;4;CAZ;1;107;BKN;88;True;True;True;6,833333333333333;410;7;2;3;1;1;1;0;1;2;1;2;2;0;2;1;3;1;0;0;0;0;1;2;0;10;11;20,0;25;10;21;11;8;12;4;2;9;7;3;4;1;3;10;13;6;3;3;0;0;4;7;1;35
5_CAZ_J1_Q2;2;5_CAZ_J1;5;CAZ;1;107;BKN;88;True;False;True;0,0;0;0;0;0;0;0;0;0;0;0;0;0;0;0;0;0;0;0;0;0;0;0;0;0;0;0;0;20,0;25;10;21;11;8;12;4;2;9;7;3;4;1;3;10;13;6;3;3;0;0;4;7;1;35
7_CAZ_J1_Q2;2;7_CAZ_J1;7;CAZ;1;107;BKN;88;True;False;True;1,9833333333333334;119;0;0;0;0;0;0;0;0;0;0;0;0;0;0;0;0;0;0;0;0;0;1;0;0;2;-1;20,0;25;10;21;11;8;12;4;2;9;7;3;4;1;3;10;13;6;3;3;0;0;4;7;1;35
10_CAZ_J1_Q2;2;10_CAZ_J1;10;CAZ;1;107;BKN;88;True;False;True;0,0;0;0;0;0;0;0;0;0;0;0;0;0;0;0;0;0;0;0;0;0;0;0;0;0;0;0;0;20,0;25;10;21;11;8;12;4;2;9;7;3;4;1;3;10;13;6;3;3;0;0;4;7;1;35
12_CAZ_J1_Q2;2;12_CAZ_J1;12;CAZ;1;107;BKN;88;True;False;True;1,9833333333333334;119;2;1;1;0;1;1;0;0;0;0;0;0;0;0;0;0;0;0;0;0;0;0;1;0;2;3;20,0;25;10;21;11;8;12;4;2;9;7;3;4;1;3;10;13;6;3;3;0;0;4;7;1;35
14_CAZ_J1_Q2;2;14_CAZ_J1;14;CAZ;1;107;BKN;88;True;True;True;8,016666666666667;481;0;0;1;1;0;0;0;0;1;1;0;0;0;0;2;2;0;0;1;0;0;0;1;0;9;3;20,0;25;10;21;11;8;12;4;2;9;7;3;4;1;3;10;13;6;3;3;0;0;4;7;1;35
15_CAZ_J1_Q2;2;15_CAZ_J1;15;CAZ;1;107;BKN;88;True;False;True;6,316666666666666;379;0;0;1;1;0;0;0;0;1;1;0;0;0;0;2;2;2;0;2;0;0;0;0;0;16;5;20,0;25;10;21;11;8;12;4;2;9;7;3;4;1;3;10;13;6;3;3;0;0;4;7;1;35
20_CAZ_J1_Q2;2;20_CAZ_J1;20;CAZ;1;107;BKN;88;True;True;True;3,1666666666666665;190;2;1;2;1;1;1;0;0;1;1;0;0;0;0;0;0;0;0;0;0;0;0;0;0;1;1;20,0;25;10;21;11;8;12;4;2;9;7;3;4;1;3;10;13;6;3;3;0;0;4;7;1;35
CAZ_CAZ_J1_Q2;2;CAZ_CAZ_J1;CAZ;CAZ;1;107;BKN;88;True;False;True;50,0;3000;0;0;0;0;0;0;0;0;0;0;0;0;0;1;1;2;0;0;0;0;0;0;0;0;0;2;20,0;25;10;21;11;8;12;4;2;9;7;3;4;1;3;10;13;6;3;3;0;0;4;7;1;35
00_CAZ_J1_Q3;3;00_CAZ_J1;00;CAZ;1;107;BKN;88;True;True;True;7,283333333333333;437;0;0;4;4;0;3;3;0;1;1;0;0;0;1;2;3;0;1;0;0;0;1;1;0;-3;-2;20,0;24;9;23;14;8;15;7;1;8;7;5;7;2;7;6;13;4;3;3;0;1;8;7;1;23
0_CAZ_J1_Q3;3;0_CAZ_J1;0;CAZ;1;107;BKN;88;True;False;True;5,45;327;2;0;1;1;0;1;1;0;0;0;2;2;0;0;0;0;0;2;0;0;0;3;1;0;0;-3;20,0;24;9;23;14;8;15;7;1;8;7;5;7;2;7;6;13;4;3;3;0;1;8;7;1;23
2_CAZ_J1_Q3;3;2_CAZ_J1;2;CAZ;1;107;BKN;88;True;True;True;4,55;273;2;1;4;3;1;2;1;0;2;2;0;0;0;0;0;0;0;0;0;0;0;1;1;0;-2;-1;20,0;24;9;23;14;8;15;7;1;8;7;5;7;2;7;6;13;4;3;3;0;1;8;7;1;23
3_CAZ_J1_Q3;3;3_CAZ_J1;3;CAZ;1;107;BKN;88;True;False;True;0,0;0;0;0;0;0;0;0;0;0;0;0;0;0;0;0;0;0;0;0;0;0;0;0;0;0;0;0;20,0;24;9;23;14;8;15;7;1;8;7;5;7;2;7;6;13;4;3;3;0;1;8;7;1;23
4_CAZ_J1_Q3;3;4_CAZ_J1;4;CAZ;1;107;BKN;88;True;True;True;4,966666666666667;298;2;1;2;1;1;1;0;0;1;1;0;0;0;0;0;0;1;0;1;0;0;1;0;0;-2;2;20,0;24;9;23;14;8;15;7;1;8;7;5;7;2;7;6;13;4;3;3;0;1;8;7;1;23
5_CAZ_J1_Q3;3;5_CAZ_J1;5;CAZ;1;107;BKN;88;True;False;True;0,0;0;0;0;0;0;0;0;0;0;0;0;0;0;0;0;0;0;0;0;0;0;0;0;0;0;0;0;20,0;24;9;23;14;8;15;7;1;8;7;5;7;2;7;6;13;4;3;3;0;1;8;7;1;23
7_CAZ_J1_Q3;3;7_CAZ_J1;7;CAZ;1;107;BKN;88;True;False;True;6,483333333333333;389;3;1;2;1;0;0;0;1;2;1;0;0;0;2;3;5;0;0;0;0;0;1;0;0;4;6;20,0;24;9;23;14;8;15;7;1;8;7;5;7;2;7;6;13;4;3;3;0;1;8;7;1;23
10_CAZ_J1_Q3;3;10_CAZ_J1;10;CAZ;1;107;BKN;88;True;False;True;0,0;0;0;0;0;0;0;0;0;0;0;0;0;0;0;0;0;0;0;0;0;0;0;0;0;0;0;0;20,0;24;9;23;14;8;15;7;1;8;7;5;7;2;7;6;13;4;3;3;0;1;8;7;1;23
12_CAZ_J1_Q3;3;12_CAZ_J1;12;CAZ;1;107;BKN;88;True;False;True;4,55;273;3;1;2;1;1;2;1;0;0;0;1;3;2;2;1;3;1;0;0;0;1;1;2;0;-2;4;20,0;24;9;23;14;8;15;7;1;8;7;5;7;2;7;6;13;4;3;3;0;1;8;7;1;23
14_CAZ_J1_Q3;3;14_CAZ_J1;14;CAZ;1;107;BKN;88;True;True;True;5,45;327;0;0;2;2;0;1;1;0;1;1;0;0;0;1;0;1;1;0;0;0;0;0;0;0;0;0;20,0;24;9;23;14;8;15;7;1;8;7;5;7;2;7;6;13;4;3;3;0;1;8;7;1;23
15_CAZ_J1_Q3;3;15_CAZ_J1;15;CAZ;1;107;BKN;88;True;False;True;5,033333333333333;302;8;3;3;0;3;3;0;0;0;0;2;2;0;1;0;1;1;0;0;0;0;0;2;0;0;12;20,0;24;9;23;14;8;15;7;1;8;7;5;7;2;7;6;13;4;3;3;0;1;8;7;1;23
20_CAZ_J1_Q3;3;20_CAZ_J1;20;CAZ;1;107;BKN;88;True;True;True;6,233333333333333;374;4;2;3;1;2;2;0;0;1;1;0;0;0;0;0;0;0;0;2;0;0;0;0;1;-5;5;20,0;24;9;23;14;8;15;7;1;8;7;5;7;2;7;6;13;4;3;3;0;1;8;7;1;23
CAZ_CAZ_J1_Q3;3;CAZ_CAZ_J1;CAZ;CAZ;1;107;BKN;88;True;False;True;50,0;3000;0;0;0;0;0;0;0;0;0;0;0;0;0;0;0;0;0;0;0;0;0;0;0;0;0;0;20,0;24;9;23;14;8;15;7;1;8;7;5;7;2;7;6;13;4;3;3;0;1;8;7;1;23
00_CAZ_J1_Q4;4;00_CAZ_J1;00;CAZ;1;107;BKN;88;True;True;True;8,133333333333333;488;6;3;3;0;3;3;0;0;0;0;0;0;0;1;3;4;0;1;0;0;0;1;0;0;7;8;20,0;35;13;18;5;11;15;4;2;3;1;7;9;2;2;6;8;9;5;2;0;2;6;6;2;40
0_CAZ_J1_Q4;4;0_CAZ_J1;0;CAZ;1;107;BKN;88;True;False;True;3,6666666666666665;220;0;0;0;0;0;0;0;0;0;0;0;0;0;0;1;1;0;0;0;0;0;0;0;0;4;1;20,0;35;13;18;5;11;15;4;2;3;1;7;9;2;2;6;8;9;5;2;0;2;6;6;2;40
2_CAZ_J1_Q4;4;2_CAZ_J1;2;CAZ;1;107;BKN;88;True;True;True;10,0;600;12;4;4;0;3;3;0;1;1;0;3;3;0;0;0;0;4;1;1;0;0;1;2;0;7;17;20,0;35;13;18;5;11;15;4;2;3;1;7;9;2;2;6;8;9;5;2;0;2;6;6;2;40
3_CAZ_J1_Q4;4;3_CAZ_J1;3;CAZ;1;107;BKN;88;True;False;True;0,0;0;0;0;0;0;0;0;0;0;0;0;0;0;0;0;0;0;0;0;0;0;0;0;0;0;0;0;20,0;35;13;18;5;11;15;4;2;3;1;7;9;2;2;6;8;9;5;2;0;2;6;6;2;40
4_CAZ_J1_Q4;4;4_CAZ_J1;4;CAZ;1;107;BKN;88;True;True;True;6,366666666666666;382;3;1;2;1;0;0;0;1;2;1;0;0;0;0;0;0;2;0;0;0;1;0;1;0;6;4;20,0;35;13;18;5;11;15;4;2;3;1;7;9;2;2;6;8;9;5;2;0;2;6;6;2;40
5_CAZ_J1_Q4;4;5_CAZ_J1;5;CAZ;1;107;BKN;88;True;False;True;0,0;0;0;0;0;0;0;0;0;0;0;0;0;0;0;0;0;0;0;0;0;0;0;0;0;0;0;0;20,0;35;13;18;5;11;15;4;2;3;1;7;9;2;2;6;8;9;5;2;0;2;6;6;2;40
7_CAZ_J1_Q4;4;7_CAZ_J1;7;CAZ;1;107;BKN;88;True;False;True;3,6333333333333333;218;0;0;0;0;0;0;0;0;0;0;0;0;0;0;0;0;0;0;0;0;0;0;0;0;1;0;20,0;35;13;18;5;11;15;4;2;3;1;7;9;2;2;6;8;9;5;2;0;2;6;6;2;40
10_CAZ_J1_Q4;4;10_CAZ_J1;10;CAZ;1;107;BKN;88;True;False;True;0,0;0;0;0;0;0;0;0;0;0;0;0;0;0;0;0;0;0;0;0;0;0;0;0;0;0;0;0;20,0;35;13;18;5;11;15;4;2;3;1;7;9;2;2;6;8;9;5;2;0;2;6;6;2;40
12_CAZ_J1_Q4;4;12_CAZ_J1;12;CAZ;1;107;BKN;88;True;False;True;8,966666666666667;538;12;4;6;2;4;6;2;0;0;0;4;6;2;0;0;0;1;0;0;0;1;2;3;2;6;9;20,0;35;13;18;5;11;15;4;2;3;1;7;9;2;2;6;8;9;5;2;0;2;6;6;2;40
14_CAZ_J1_Q4;4;14_CAZ_J1;14;CAZ;1;107;BKN;88;True;True;True;0,0;0;0;0;0;0;0;0;0;0;0;0;0;0;0;0;0;0;0;0;0;0;0;0;0;0;0;0;20,0;35;13;18;5;11;15;4;2;3;1;7;9;2;2;6;8;9;5;2;0;2;6;6;2;40
15_CAZ_J1_Q4;4;15_CAZ_J1;15;CAZ;1;107;BKN;88;True;False;True;6,333333333333333;380;0;0;2;2;0;2;2;0;0;0;0;0;0;1;1;2;2;1;1;0;0;0;0;0;3;2;20,0;35;13;18;5;11;15;4;2;3;1;7;9;2;2;6;8;9;5;2;0;2;6;6;2;40
20_CAZ_J1_Q4;4;20_CAZ_J1;20;CAZ;1;107;BKN;88;True;True;True;2,9;174;2;1;1;0;1;1;0;0;0;0;0;0;0;0;1;1;0;1;0;0;0;2;0;0;1;0;20,0;35;13;18;5;11;15;4;2;3;1;7;9;2;2;6;8;9;5;2;0;2;6;6;2;40
CAZ_CAZ_J1_Q4;4;CAZ_CAZ_J1;CAZ;CAZ;1;107;BKN;88;True;False;True;50,0;3000;0;0;0;0;0;0;0;0;0;0;0;0;0;0;0;0;0;1;0;0;0;0;0;0;0;-1;20,0;35;13;18;5;11;15;4;2;3;1;7;9;2;2;6;8;9;5;2;0;2;6;6;2;40
0_BKN_J1_Q1;1;0_BKN_J1;0;BKN;1;88;CAZ;107;False;False;False;5,7;342;4;2;3;1;2;2;0;0;1;1;0;0;0;1;0;1;0;1;0;0;0;1;0;0;-2;2;20,0;20;7;19;12;7;12;5;0;7;7;6;6;0;6;6;12;2;3;2;1;1;4;5;1;22
1_BKN_J1_Q1;1;1_BKN_J1;1;BKN;1;88;CAZ;107;False;True;False;2,683333333333333;161;0;0;1;1;0;0;0;0;1;1;0;0;0;1;0;1;0;0;0;0;0;0;0;0;0;0;20,0;20;7;19;12;7;12;5;0;7;7;6;6;0;6;6;12;2;3;2;1;1;4;5;1;22
4_BKN_J1_Q1;1;4_BKN_J1;4;BKN;1;88;CAZ;107;False;False;False;4,6;276;0;0;0;0;0;0;0;0;0;0;0;0;0;0;0;0;1;0;0;0;0;1;0;0;-3;0;20,0;20;7;19;12;7;12;5;0;7;7;6;6;0;6;6;12;2;3;2;1;1;4;5;1;22
6_BKN_J1_Q1;1;6_BKN_J1;6;BKN;1;88;CAZ;107;False;False;False;5,7;342;4;1;2;1;1;1;0;0;1;1;2;2;0;0;1;1;0;1;0;0;0;1;2;1;0;4;20,0;20;7;19;12;7;12;5;0;7;7;6;6;0;6;6;12;2;3;2;1;1;4;5;1;22
8_BKN_J1_Q1;1;8_BKN_J1;8;BKN;1;88;CAZ;107;False;False;False;0,0;0;0;0;0;0;0;0;0;0;0;0;0;0;0;0;0;0;0;0;0;0;0;0;0;0;0;0;20,0;20;7;19;12;7;12;5;0;7;7;6;6;0;6;6;12;2;3;2;1;1;4;5;1;22
9_BKN_J1_Q1;1;9_BKN_J1;9;BKN;1;88;CAZ;107;False;True;False;5,866666666666666;352;4;1;2;1;1;2;1;0;0;0;2;2;0;0;2;2;0;0;0;0;0;0;2;0;-2;7;20,0;20;7;19;12;7;12;5;0;7;7;6;6;0;6;6;12;2;3;2;1;1;4;5;1;22
10_BKN_J1_Q1;1;10_BKN_J1;10;BKN;1;88;CAZ;107;False;True;False;5,4;324;2;1;2;1;1;1;0;0;1;1;0;0;0;1;0;1;0;1;0;0;0;0;0;0;0;1;20,0;20;7;19;12;7;12;5;0;7;7;6;6;0;6;6;12;2;3;2;1;1;4;5;1;22
11_BKN_J1_Q1;1;11_BKN_J1;11;BKN;1;88;CAZ;107;False;True;False;4,3;258;0;0;2;2;0;1;1;0;1;1;0;0;0;0;0;0;0;0;0;0;0;0;0;0;-1;-2;20,0;20;7;19;12;7;12;5;0;7;7;6;6;0;6;6;12;2;3;2;1;1;4;5;1;22
18_BKN_J1_Q1;1;18_BKN_J1;18;BKN;1;88;CAZ;107;False;False;False;4,6;276;2;1;2;1;1;2;1;0;0;0;0;0;0;2;1;3;0;0;0;1;1;0;0;0;-3;4;20,0;20;7;19;12;7;12;5;0;7;7;6;6;0;6;6;12;2;3;2;1;1;4;5;1;22
25_BKN_J1_Q1;1;25_BKN_J1;25;BKN;1;88;CAZ;107;False;False;False;4,133333333333334;248;0;0;2;2;0;1;1;0;1;1;0;0;0;0;2;2;0;0;0;0;0;1;0;0;-1;-1;20,0;20;7;19;12;7;12;5;0;7;7;6;6;0;6;6;12;2;3;2;1;1;4;5;1;22
77_BKN_J1_Q1;1;77_BKN_J1;77;BKN;1;88;CAZ;107;False;False;False;0,5166666666666667;31;0;0;0;0;0;0;0;0;0;0;0;0;0;0;0;0;0;0;0;0;0;0;0;0;-3;0;20,0;20;7;19;12;7;12;5;0;7;7;6;6;0;6;6;12;2;3;2;1;1;4;5;1;22
99_BKN_J1_Q1;1;99_BKN_J1;99;BKN;1;88;CAZ;107;False;True;False;6,5;390;4;1;3;2;1;2;1;0;1;1;2;2;0;1;0;1;1;0;2;0;0;0;1;0;0;7;20,0;20;7;19;12;7;12;5;0;7;7;6;6;0;6;6;12;2;3;2;1;1;4;5;1;22
BKN_BKN_J1_Q1;1;BKN_BKN_J1;BKN;BKN;1;88;CAZ;107;False;False;False;50,0;3000;0;0;0;0;0;0;0;0;0;0;0;0;0;0;0;0;0;0;0;0;0;0;0;0;0;0;20,0;20;7;19;12;7;12;5;0;7;7;6;6;0;6;6;12;2;3;2;1;1;4;5;1;22
0_BKN_J1_Q2;2;0_BKN_J1;0;BKN;1;88;CAZ;107;False;False;False;8,016666666666667;481;0;0;3;3;0;0;0;0;3;3;0;0;0;0;0;0;0;2;2;0;0;0;0;0;-9;-3;20,0;14;5;19;14;5;9;4;0;10;10;4;5;1;4;7;11;2;6;3;0;0;7;4;1;6
1_BKN_J1_Q2;2;1_BKN_J1;1;BKN;1;88;CAZ;107;False;True;False;3,1666666666666665;190;0;0;0;0;0;0;0;0;0;0;0;0;0;0;0;0;0;0;0;0;0;2;0;0;-1;-2;20,0;14;5;19;14;5;9;4;0;10;10;4;5;1;4;7;11;2;6;3;0;0;7;4;1;6
4_BKN_J1_Q2;2;4_BKN_J1;4;BKN;1;88;CAZ;107;False;False;False;1,5333333333333334;92;0;0;0;0;0;0;0;0;0;0;0;0;0;0;0;0;0;0;0;0;0;1;0;0;0;-1;20,0;14;5;19;14;5;9;4;0;10;10;4;5;1;4;7;11;2;6;3;0;0;7;4;1;6
6_BKN_J1_Q2;2;6_BKN_J1;6;BKN;1;88;CAZ;107;False;False;False;1,5333333333333334;92;2;1;2;1;1;2;1;0;0;0;0;1;1;0;1;1;0;0;0;0;0;1;1;1;0;1;20,0;14;5;19;14;5;9;4;0;10;10;4;5;1;4;7;11;2;6;3;0;0;7;4;1;6
8_BKN_J1_Q2;2;8_BKN_J1;8;BKN;1;88;CAZ;107;False;False;False;0,0;0;0;0;0;0;0;0;0;0;0;0;0;0;0;0;0;0;0;0;0;0;0;0;0;0;0;0;20,0;14;5;19;14;5;9;4;0;10;10;4;5;1;4;7;11;2;6;3;0;0;7;4;1;6
9_BKN_J1_Q2;2;9_BKN_J1;9;BKN;1;88;CAZ;107;False;True;False;8,466666666666667;508;4;2;5;3;2;3;1;0;2;2;0;0;0;1;0;1;0;1;1;0;0;1;0;0;-11;1;20,0;14;5;19;14;5;9;4;0;10;10;4;5;1;4;7;11;2;6;3;0;0;7;4;1;6
10_BKN_J1_Q2;2;10_BKN_J1;10;BKN;1;88;CAZ;107;False;True;False;1,4666666666666666;88;0;0;0;0;0;0;0;0;0;0;0;0;0;0;0;0;0;0;0;0;0;0;0;0;-7;0;20,0;14;5;19;14;5;9;4;0;10;10;4;5;1;4;7;11;2;6;3;0;0;7;4;1;6
11_BKN_J1_Q2;2;11_BKN_J1;11;BKN;1;88;CAZ;107;False;True;False;7,0;420;2;1;2;1;1;1;0;0;1;1;0;0;0;0;1;1;0;0;0;0;0;0;1;0;-4;3;20,0;14;5;19;14;5;9;4;0;10;10;4;5;1;4;7;11;2;6;3;0;0;7;4;1;6
18_BKN_J1_Q2;2;18_BKN_J1;18;BKN;1;88;CAZ;107;False;False;False;3,1166666666666667;187;0;0;0;0;0;0;0;0;0;0;0;0;0;0;0;0;0;0;0;0;0;1;0;0;-1;-1;20,0;14;5;19;14;5;9;4;0;10;10;4;5;1;4;7;11;2;6;3;0;0;7;4;1;6
25_BKN_J1_Q2;2;25_BKN_J1;25;BKN;1;88;CAZ;107;False;False;False;6,833333333333333;410;0;0;3;3;0;1;1;0;2;2;0;0;0;2;2;4;2;0;0;0;0;0;0;0;-10;3;20,0;14;5;19;14;5;9;4;0;10;10;4;5;1;4;7;11;2;6;3;0;0;7;4;1;6
77_BKN_J1_Q2;2;77_BKN_J1;77;BKN;1;88;CAZ;107;False;False;False;1,9833333333333334;119;0;0;1;1;0;0;0;0;1;1;0;0;0;0;0;0;0;1;0;0;0;0;0;0;-2;-2;20,0;14;5;19;14;5;9;4;0;10;10;4;5;1;4;7;11;2;6;3;0;0;7;4;1;6
99_BKN_J1_Q2;2;99_BKN_J1;99;BKN;1;88;CAZ;107;False;True;False;6,883333333333334;413;6;1;3;2;1;2;1;0;1;1;4;4;0;1;2;3;0;2;0;0;0;1;2;0;-10;6;20,0;14;5;19;14;5;9;4;0;10;10;4;5;1;4;7;11;2;6;3;0;0;7;4;1;6
BKN_BKN_J1_Q2;2;BKN_BKN_J1;BKN;BKN;1;88;CAZ;107;False;False;False;50,0;3000;0;0;0;0;0;0;0;0;0;0;0;0;0;0;1;1;0;0;0;0;0;0;0;0;0;1;20,0;14;5;19;14;5;9;4;0;10;10;4;5;1;4;7;11;2;6;3;0;0;7;4;1;6
0_BKN_J1_Q3;3;0_BKN_J1;0;BKN;1;88;CAZ;107;False;False;False;3,716666666666667;223;0;0;0;0;0;0;0;0;0;0;0;0;0;0;0;0;0;0;0;0;0;1;0;0;0;-1;20,0;26;9;13;4;8;10;2;1;3;2;7;9;2;0;9;9;5;3;1;1;0;7;8;0;34
1_BKN_J1_Q3;3;1_BKN_J1;1;BKN;1;88;CAZ;107;False;True;False;3,1333333333333333;188;4;2;3;1;2;3;1;0;0;0;0;0;0;0;0;0;0;0;0;0;0;2;0;0;-1;1;20,0;26;9;13;4;8;10;2;1;3;2;7;9;2;0;9;9;5;3;1;1;0;7;8;0;34
4_BKN_J1_Q3;3;4_BKN_J1;4;BKN;1;88;CAZ;107;False;False;False;5,6;336;2;1;1;0;1;1;0;0;0;0;0;0;0;0;2;2;2;0;1;0;0;0;0;0;4;7;20,0;26;9;13;4;8;10;2;1;3;2;7;9;2;0;9;9;5;3;1;1;0;7;8;0;34
6_BKN_J1_Q3;3;6_BKN_J1;6;BKN;1;88;CAZ;107;False;False;False;6,433333333333334;386;6;2;3;1;2;2;0;0;1;1;2;2;0;0;4;4;0;0;0;0;0;0;1;0;3;10;20,0;26;9;13;4;8;10;2;1;3;2;7;9;2;0;9;9;5;3;1;1;0;7;8;0;34
8_BKN_J1_Q3;3;8_BKN_J1;8;BKN;1;88;CAZ;107;False;False;False;0,0;0;0;0;0;0;0;0;0;0;0;0;0;0;0;0;0;0;0;0;0;0;0;0;0;0;0;0;20,0;26;9;13;4;8;10;2;1;3;2;7;9;2;0;9;9;5;3;1;1;0;7;8;0;34
9_BKN_J1_Q3;3;9_BKN_J1;9;BKN;1;88;CAZ;107;False;True;False;8,4;504;3;1;1;0;0;0;0;1;1;0;0;0;0;0;2;2;0;1;0;0;0;1;0;0;1;3;20,0;26;9;13;4;8;10;2;1;3;2;7;9;2;0;9;9;5;3;1;1;0;7;8;0;34
10_BKN_J1_Q3;3;10_BKN_J1;10;BKN;1;88;CAZ;107;False;True;False;5,85;351;2;0;1;1;0;1;1;0;0;0;2;2;0;0;0;0;0;0;0;0;0;0;2;0;-2;3;20,0;26;9;13;4;8;10;2;1;3;2;7;9;2;0;9;9;5;3;1;1;0;7;8;0;34
11_BKN_J1_Q3;3;11_BKN_J1;11;BKN;1;88;CAZ;107;False;True;False;5,85;351;4;2;3;1;2;2;0;0;1;1;0;0;0;0;0;0;3;1;0;0;0;0;0;0;-2;5;20,0;26;9;13;4;8;10;2;1;3;2;7;9;2;0;9;9;5;3;1;1;0;7;8;0;34
18_BKN_J1_Q3;3;18_BKN_J1;18;BKN;1;88;CAZ;107;False;False;False;2,716666666666667;163;1;0;0;0;0;0;0;0;0;0;1;2;1;0;0;0;0;0;0;0;0;0;1;0;-1;1;20,0;26;9;13;4;8;10;2;1;3;2;7;9;2;0;9;9;5;3;1;1;0;7;8;0;34
25_BKN_J1_Q3;3;25_BKN_J1;25;BKN;1;88;CAZ;107;False;False;False;4,15;249;0;0;0;0;0;0;0;0;0;0;0;0;0;0;1;1;0;1;0;0;0;3;1;0;4;-2;20,0;26;9;13;4;8;10;2;1;3;2;7;9;2;0;9;9;5;3;1;1;0;7;8;0;34
77_BKN_J1_Q3;3;77_BKN_J1;77;BKN;1;88;CAZ;107;False;False;False;0,0;0;0;0;0;0;0;0;0;0;0;0;0;0;0;0;0;0;0;0;0;0;0;0;0;0;0;0;20,0;26;9;13;4;8;10;2;1;3;2;7;9;2;0;9;9;5;3;1;1;0;7;8;0;34
99_BKN_J1_Q3;3;99_BKN_J1;99;BKN;1;88;CAZ;107;False;True;False;4,15;249;4;1;1;0;1;1;0;0;0;0;2;3;1;0;0;0;0;0;0;1;0;0;3;0;4;7;20,0;26;9;13;4;8;10;2;1;3;2;7;9;2;0;9;9;5;3;1;1;0;7;8;0;34
BKN_BKN_J1_Q3;3;BKN_BKN_J1;BKN;BKN;1;88;CAZ;107;False;False;False;50,0;3000;0;0;0;0;0;0;0;0;0;0;0;0;0;0;0;0;0;0;0;0;0;0;0;0;0;0;20,0;26;9;13;4;8;10;2;1;3;2;7;9;2;0;9;9;5;3;1;1;0;7;8;0;34
0_BKN_J1_Q4;4;0_BKN_J1;0;BKN;1;88;CAZ;107;False;False;False;7,166666666666667;430;0;0;2;2;0;0;0;0;2;2;0;0;0;0;0;0;1;0;0;0;0;0;0;0;-5;-1;20,0;28;9;19;10;6;11;5;3;8;5;7;9;2;4;4;8;6;6;2;2;0;7;5;1;26
1_BKN_J1_Q4;4;1_BKN_J1;1;BKN;1;88;CAZ;107;False;True;False;1,0833333333333333;65;0;0;0;0;0;0;0;0;0;0;0;0;0;0;1;1;0;0;0;0;0;0;0;0;-1;1;20,0;28;9;19;10;6;11;5;3;8;5;7;9;2;4;4;8;6;6;2;2;0;7;5;1;26
4_BKN_J1_Q4;4;4_BKN_J1;4;BKN;1;88;CAZ;107;False;False;False;0,8;48;0;0;1;1;0;1;1;0;0;0;0;0;0;0;0;0;0;0;0;0;0;0;0;0;-4;-1;20,0;28;9;19;10;6;11;5;3;8;5;7;9;2;4;4;8;6;6;2;2;0;7;5;1;26
6_BKN_J1_Q4;4;6_BKN_J1;6;BKN;1;88;CAZ;107;False;False;False;10,0;600;10;4;6;2;4;6;2;0;0;0;2;2;0;2;2;4;0;3;0;1;0;2;2;1;-7;10;20,0;28;9;19;10;6;11;5;3;8;5;7;9;2;4;4;8;6;6;2;2;0;7;5;1;26
8_BKN_J1_Q4;4;8_BKN_J1;8;BKN;1;88;CAZ;107;False;False;False;0,0;0;0;0;0;0;0;0;0;0;0;0;0;0;0;0;0;0;0;0;0;0;0;0;0;0;0;0;20,0;28;9;19;10;6;11;5;3;8;5;7;9;2;4;4;8;6;6;2;2;0;7;5;1;26
9_BKN_J1_Q4;4;9_BKN_J1;9;BKN;1;88;CAZ;107;False;True;False;8,233333333333333;494;8;3;5;2;1;1;0;2;4;2;0;1;1;1;1;2;2;2;1;1;0;2;0;0;-7;7;20,0;28;9;19;10;6;11;5;3;8;5;7;9;2;4;4;8;6;6;2;2;0;7;5;1;26
10_BKN_J1_Q4;4;10_BKN_J1;10;BKN;1;88;CAZ;107;False;True;False;3,8666666666666667;232;2;0;1;1;0;1;1;0;0;0;2;2;0;0;0;0;0;0;0;0;0;0;1;0;-4;2;20,0;28;9;19;10;6;11;5;3;8;5;7;9;2;4;4;8;6;6;2;2;0;7;5;1;26
11_BKN_J1_Q4;4;11_BKN_J1;11;BKN;1;88;CAZ;107;False;True;False;5,283333333333333;317;0;0;0;0;0;0;0;0;0;0;0;0;0;0;0;0;2;0;0;0;0;0;0;0;-4;2;20,0;28;9;19;10;6;11;5;3;8;5;7;9;2;4;4;8;6;6;2;2;0;7;5;1;26
18_BKN_J1_Q4;4;18_BKN_J1;18;BKN;1;88;CAZ;107;False;False;False;1,3666666666666667;82;0;0;0;0;0;0;0;0;0;0;0;0;0;0;0;0;0;0;0;0;0;2;0;0;-1;-2;20,0;28;9;19;10;6;11;5;3;8;5;7;9;2;4;4;8;6;6;2;2;0;7;5;1;26
25_BKN_J1_Q4;4;25_BKN_J1;25;BKN;1;88;CAZ;107;False;False;False;0,0;0;0;0;0;0;0;0;0;0;0;0;0;0;0;0;0;0;0;0;0;0;0;0;0;0;0;0;20,0;28;9;19;10;6;11;5;3;8;5;7;9;2;4;4;8;6;6;2;2;0;7;5;1;26
77_BKN_J1_Q4;4;77_BKN_J1;77;BKN;1;88;CAZ;107;False;False;False;4,65;279;1;0;1;1;0;1;1;0;0;0;1;2;1;1;0;1;0;0;0;0;0;1;1;0;3;0;20,0;28;9;19;10;6;11;5;3;8;5;7;9;2;4;4;8;6;6;2;2;0;7;5;1;26
99_BKN_J1_Q4;4;99_BKN_J1;99;BKN;1;88;CAZ;107;False;True;False;7,55;453;7;2;3;1;1;1;0;1;2;1;2;2;0;0;0;0;1;0;1;0;0;0;1;0;-5;9;20,0;28;9;19;10;6;11;5;3;8;5;7;9;2;4;4;8;6;6;2;2;0;7;5;1;26
BKN_BKN_J1_Q4;4;BKN_BKN_J1;BKN;BKN;1;88;CAZ;107;False;False;False;50,0;3000;0;0;0;0;0;0;0;0;0;0;0;0;0;0;0;0;0;1;0;0;0;0;0;0;0;-1;20,0;28;9;19;10;6;11;5;3;8;5;7;9;2;4;4;8;6;6;2;2;0;7;5;1;26
0_UCM_J1_Q1;1;0_UCM_J1;0;UCM;1;95;MBA;64;True;False;True;4,116666666666666;247;2;1;3;2;1;3;2;0;0;0;0;0;0;1;1;2;0;0;0;0;0;0;1;0;3;3;20,0;16;6;20;14;3;12;9;3;8;5;1;2;1;7;9;16;6;3;1;0;2;2;4;1;21
1_UCM_J1_Q1;1;1_UCM_J1;1;UCM;1;95;MBA;64;True;False;True;5,85;351;0;0;2;2;0;1;1;0;1;1;0;0;0;1;2;3;1;1;0;0;1;0;1;0;8;1;20,0;16;6;20;14;3;12;9;3;8;5;1;2;1;7;9;16;6;3;1;0;2;2;4;1;21
2_UCM_J1_Q1;1;2_UCM_J1;2;UCM;1;95;MBA;64;True;True;True;5,883333333333334;353;4;1;1;0;0;0;0;1;1;0;1;2;1;1;0;1;0;0;0;0;0;1;1;0;1;4;20,0;16;6;20;14;3;12;9;3;8;5;1;2;1;7;9;16;6;3;1;0;2;2;4;1;21
5_UCM_J1_Q1;1;5_UCM_J1;5;UCM;1;95;MBA;64;True;True;True;4,15;249;3;1;3;2;0;1;1;1;2;1;0;0;0;0;1;1;1;1;0;0;0;0;0;0;-4;2;20,0;16;6;20;14;3;12;9;3;8;5;1;2;1;7;9;16;6;3;1;0;2;2;4;1;21
8_UCM_J1_Q1;1;8_UCM_J1;8;UCM;1;95;MBA;64;True;False;True;4,116666666666666;247;3;1;3;2;0;1;1;1;2;1;0;0;0;0;1;1;1;0;0;0;0;0;0;0;3;3;20,0;16;6;20;14;3;12;9;3;8;5;1;2;1;7;9;16;6;3;1;0;2;2;4;1;21
12_UCM_J1_Q1;1;12_UCM_J1;12;UCM;1;95;MBA;64;True;False;True;2,65;159;0;0;0;0;0;0;0;0;0;0;0;0;0;0;0;0;0;0;0;0;0;0;0;0;2;0;20,0;16;6;20;14;3;12;9;3;8;5;1;2;1;7;9;16;6;3;1;0;2;2;4;1;21
13_UCM_J1_Q1;1;13_UCM_J1;13;UCM;1;95;MBA;64;True;False;True;2,65;159;0;0;1;1;0;1;1;0;0;0;0;0;0;1;0;1;0;0;0;0;0;1;0;0;2;-1;20,0;16;6;20;14;3;12;9;3;8;5;1;2;1;7;9;16;6;3;1;0;2;2;4;1;21
15_UCM_J1_Q1;1;15_UCM_J1;15;UCM;1;95;MBA;64;True;True;True;5,883333333333334;353;0;0;0;0;0;0;0;0;0;0;0;0;0;1;1;2;0;1;0;0;0;0;0;0;1;1;20,0;16;6;20;14;3;12;9;3;8;5;1;2;1;7;9;16;6;3;1;0;2;2;4;1;21
21_UCM_J1_Q1;1;21_UCM_J1;21;UCM;1;95;MBA;64;True;False;True;0,0;0;0;0;0;0;0;0;0;0;0;0;0;0;0;0;0;0;0;0;0;0;0;0;0;0;0;0;20,0;16;6;20;14;3;12;9;3;8;5;1;2;1;7;9;16;6;3;1;0;2;2;4;1;21
24_UCM_J1_Q1;1;24_UCM_J1;24;UCM;1;95;MBA;64;True;False;True;0,0;0;0;0;0;0;0;0;0;0;0;0;0;0;0;0;0;0;0;0;0;0;0;0;0;0;0;0;20,0;16;6;20;14;3;12;9;3;8;5;1;2;1;7;9;16;6;3;1;0;2;2;4;1;21
31_UCM_J1_Q1;1;31_UCM_J1;31;UCM;1;95;MBA;64;True;True;True;7,35;441;4;2;7;5;2;5;3;0;2;2;0;0;0;1;2;3;1;0;1;0;1;0;0;1;2;3;20,0;16;6;20;14;3;12;9;3;8;5;1;2;1;7;9;16;6;3;1;0;2;2;4;1;21
99_UCM_J1_Q1;1;99_UCM_J1;99;UCM;1;95;MBA;64;True;True;True;7,35;441;0;0;0;0;0;0;0;0;0;0;0;0;0;0;0;0;2;0;0;0;0;0;1;0;2;3;20,0;16;6;20;14;3;12;9;3;8;5;1;2;1;7;9;16;6;3;1;0;2;2;4;1;21
UCM_UCM_J1_Q1;1;UCM_UCM_J1;UCM;UCM;1;95;MBA;64;True;False;True;50,0;3000;0;0;0;0;0;0;0;0;0;0;0;0;0;1;1;2;0;0;0;0;0;0;0;0;0;2;20,0;16;6;20;14;3;12;9;3;8;5;1;2;1;7;9;16;6;3;1;0;2;2;4;1;21
0_UCM_J1_Q2;2;0_UCM_J1;0;UCM;1;95;MBA;64;True;False;True;3,933333333333333;236;0;0;0;0;0;0;0;0;0;0;0;0;0;0;3;3;1;0;0;0;0;1;0;0;8;3;20,0;32;10;14;4;5;6;1;5;8;3;7;7;0;2;8;10;11;3;1;0;0;7;3;3;43
1_UCM_J1_Q2;2;1_UCM_J1;1;UCM;1;95;MBA;64;True;False;True;5,05;303;9;3;4;1;0;0;0;3;4;1;0;0;0;0;0;0;2;1;0;0;0;1;0;0;6;8;20,0;32;10;14;4;5;6;1;5;8;3;7;7;0;2;8;10;11;3;1;0;0;7;3;3;43
2_UCM_J1_Q2;2;2_UCM_J1;2;UCM;1;95;MBA;64;True;True;True;6,85;411;4;2;3;1;2;3;1;0;0;0;0;0;0;1;2;3;1;1;0;0;0;1;0;2;7;5;20,0;32;10;14;4;5;6;1;5;8;3;7;7;0;2;8;10;11;3;1;0;0;7;3;3;43
5_UCM_J1_Q2;2;5_UCM_J1;5;UCM;1;95;MBA;64;True;True;True;4,95;297;3;1;1;0;0;0;0;1;1;0;0;0;0;0;0;0;2;0;0;0;0;1;0;0;9;4;20,0;32;10;14;4;5;6;1;5;8;3;7;7;0;2;8;10;11;3;1;0;0;7;3;3;43
8_UCM_J1_Q2;2;8_UCM_J1;8;UCM;1;95;MBA;64;True;False;True;3,15;189;2;0;0;0;0;0;0;0;0;0;2;2;0;0;1;1;0;0;0;0;0;1;1;0;8;3;20,0;32;10;14;4;5;6;1;5;8;3;7;7;0;2;8;10;11;3;1;0;0;7;3;3;43
12_UCM_J1_Q2;2;12_UCM_J1;12;UCM;1;95;MBA;64;True;False;True;4,566666666666666;274;5;1;1;0;1;1;0;0;0;0;3;3;0;0;0;0;1;1;1;0;0;0;1;0;6;7;20,0;32;10;14;4;5;6;1;5;8;3;7;7;0;2;8;10;11;3;1;0;0;7;3;3;43
13_UCM_J1_Q2;2;13_UCM_J1;13;UCM;1;95;MBA;64;True;False;True;4,566666666666666;274;2;1;1;0;1;1;0;0;0;0;0;0;0;0;0;0;0;0;0;0;0;0;0;1;6;2;20,0;32;10;14;4;5;6;1;5;8;3;7;7;0;2;8;10;11;3;1;0;0;7;3;3;43
15_UCM_J1_Q2;2;15_UCM_J1;15;UCM;1;95;MBA;64;True;True;True;6,066666666666666;364;2;1;1;0;1;1;0;0;0;0;0;0;0;0;0;0;2;0;0;0;0;2;0;0;7;2;20,0;32;10;14;4;5;6;1;5;8;3;7;7;0;2;8;10;11;3;1;0;0;7;3;3;43
21_UCM_J1_Q2;2;21_UCM_J1;21;UCM;1;95;MBA;64;True;False;True;0,0;0;0;0;0;0;0;0;0;0;0;0;0;0;0;0;0;0;0;0;0;0;0;0;0;0;0;0;20,0;32;10;14;4;5;6;1;5;8;3;7;7;0;2;8;10;11;3;1;0;0;7;3;3;43
24_UCM_J1_Q2;2;24_UCM_J1;24;UCM;1;95;MBA;64;True;False;True;0,0;0;0;0;0;0;0;0;0;0;0;0;0;0;0;0;0;0;0;0;0;0;0;0;0;0;0;0;20,0;32;10;14;4;5;6;1;5;8;3;7;7;0;2;8;10;11;3;1;0;0;7;3;3;43
31_UCM_J1_Q2;2;31_UCM_J1;31;UCM;1;95;MBA;64;True;True;True;5,433333333333334;326;0;0;1;1;0;0;0;0;1;1;0;0;0;0;0;0;1;0;0;0;0;0;0;0;9;0;20,0;32;10;14;4;5;6;1;5;8;3;7;7;0;2;8;10;11;3;1;0;0;7;3;3;43
99_UCM_J1_Q2;2;99_UCM_J1;99;UCM;1;95;MBA;64;True;True;True;5,433333333333334;326;5;1;2;1;0;0;0;1;2;1;2;2;0;1;1;2;1;0;0;0;0;0;1;0;9;8;20,0;32;10;14;4;5;6;1;5;8;3;7;7;0;2;8;10;11;3;1;0;0;7;3;3;43
UCM_UCM_J1_Q2;2;UCM_UCM_J1;UCM;UCM;1;95;MBA;64;True;False;True;50,0;3000;0;0;0;0;0;0;0;0;0;0;0;0;0;0;1;1;0;0;0;0;0;0;0;0;0;1;20,0;32;10;14;4;5;6;1;5;8;3;7;7;0;2;8;10;11;3;1;0;0;7;3;3;43
0_UCM_J1_Q3;3;0_UCM_J1;0;UCM;1;95;MBA;64;True;False;True;4,583333333333333;275;4;2;2;0;2;2;0;0;0;0;0;0;0;1;0;1;0;1;2;0;0;2;0;2;-3;4;20,0;29;10;17;7;5;6;1;5;11;6;4;4;0;3;6;9;7;5;3;0;0;7;4;4;33
1_UCM_J1_Q3;3;1_UCM_J1;1;UCM;1;95;MBA;64;True;False;True;4,583333333333333;275;0;0;2;2;0;0;0;0;2;2;0;0;0;0;0;0;2;2;0;0;0;0;0;0;-3;-2;20,0;29;10;17;7;5;6;1;5;11;6;4;4;0;3;6;9;7;5;3;0;0;7;4;4;33
2_UCM_J1_Q3;3;2_UCM_J1;2;UCM;1;95;MBA;64;True;True;True;2,4166666666666665;145;4;2;4;2;2;2;0;0;2;2;0;0;0;0;1;1;0;0;0;0;0;1;0;2;5;2;20,0;29;10;17;7;5;6;1;5;11;6;4;4;0;3;6;9;7;5;3;0;0;7;4;4;33
5_UCM_J1_Q3;3;5_UCM_J1;5;UCM;1;95;MBA;64;True;True;True;5,416666666666667;325;0;0;0;0;0;0;0;0;0;0;0;0;0;0;1;1;2;0;0;0;0;0;0;0;14;3;20,0;29;10;17;7;5;6;1;5;11;6;4;4;0;3;6;9;7;5;3;0;0;7;4;4;33
8_UCM_J1_Q3;3;8_UCM_J1;8;UCM;1;95;MBA;64;True;False;True;7,583333333333333;455;0;0;1;1;0;0;0;0;1;1;0;0;0;0;1;1;1;1;0;0;0;1;0;0;6;-1;20,0;29;10;17;7;5;6;1;5;11;6;4;4;0;3;6;9;7;5;3;0;0;7;4;4;33
12_UCM_J1_Q3;3;12_UCM_J1;12;UCM;1;95;MBA;64;True;False;True;4,583333333333333;275;6;2;2;0;0;0;0;2;2;0;0;0;0;1;0;1;0;0;0;0;0;0;1;0;-3;8;20,0;29;10;17;7;5;6;1;5;11;6;4;4;0;3;6;9;7;5;3;0;0;7;4;4;33
13_UCM_J1_Q3;3;13_UCM_J1;13;UCM;1;95;MBA;64;True;False;True;3,316666666666667;199;0;0;0;0;0;0;0;0;0;0;0;0;0;0;0;0;0;0;0;0;0;1;0;0;-3;-1;20,0;29;10;17;7;5;6;1;5;11;6;4;4;0;3;6;9;7;5;3;0;0;7;4;4;33
15_UCM_J1_Q3;3;15_UCM_J1;15;UCM;1;95;MBA;64;True;True;True;5,416666666666667;325;0;0;0;0;0;0;0;0;0;0;0;0;0;0;2;2;1;0;0;0;0;0;1;0;14;4;20,0;29;10;17;7;5;6;1;5;11;6;4;4;0;3;6;9;7;5;3;0;0;7;4;4;33
21_UCM_J1_Q3;3;21_UCM_J1;21;UCM;1;95;MBA;64;True;False;True;0,0;0;0;0;0;0;0;0;0;0;0;0;0;0;0;0;0;0;0;0;0;0;0;0;0;0;0;0;20,0;29;10;17;7;5;6;1;5;11;6;4;4;0;3;6;9;7;5;3;0;0;7;4;4;33
24_UCM_J1_Q3;3;24_UCM_J1;24;UCM;1;95;MBA;64;True;False;True;0,0;0;0;0;0;0;0;0;0;0;0;0;0;0;0;0;0;0;0;0;0;0;0;0;0;0;0;0;20,0;29;10;17;7;5;6;1;5;11;6;4;4;0;3;6;9;7;5;3;0;0;7;4;4;33
31_UCM_J1_Q3;3;31_UCM_J1;31;UCM;1;95;MBA;64;True;True;True;5,416666666666667;325;8;3;3;0;1;1;0;2;2;0;0;0;0;0;1;1;1;1;1;0;0;0;0;0;14;10;20,0;29;10;17;7;5;6;1;5;11;6;4;4;0;3;6;9;7;5;3;0;0;7;4;4;33
99_UCM_J1_Q3;3;99_UCM_J1;99;UCM;1;95;MBA;64;True;True;True;6,683333333333334;401;7;1;3;2;0;1;1;1;2;1;4;4;0;1;0;1;0;0;0;0;0;2;2;0;14;6;20,0;29;10;17;7;5;6;1;5;11;6;4;4;0;3;6;9;7;5;3;0;0;7;4;4;33
UCM_UCM_J1_Q3;3;UCM_UCM_J1;UCM;UCM;1;95;MBA;64;True;False;True;50,0;3000;0;0;0;0;0;0;0;0;0;0;0;0;0;0;0;0;0;0;0;0;0;0;0;0;0;0;20,0;29;10;17;7;5;6;1;5;11;6;4;4;0;3;6;9;7;5;3;0;0;7;4;4;33
0_UCM_J1_Q4;4;0_UCM_J1;0;UCM;1;95;MBA;64;True;False;True;4,05;243;2;0;1;1;0;1;1;0;0;0;2;2;0;1;1;2;0;0;0;0;0;0;1;0;0;4;20,0;18;6;15;9;5;9;4;1;6;5;5;5;0;3;5;8;6;4;4;0;0;6;4;2;21
1_UCM_J1_Q4;4;1_UCM_J1;1;UCM;1;95;MBA;64;True;False;True;4,333333333333333;260;2;1;1;0;1;1;0;0;0;0;0;0;0;0;1;1;1;0;0;0;0;0;1;0;-1;5;20,0;18;6;15;9;5;9;4;1;6;5;5;5;0;3;5;8;6;4;4;0;0;6;4;2;21
2_UCM_J1_Q4;4;2_UCM_J1;2;UCM;1;95;MBA;64;True;True;True;7,666666666666667;460;5;2;2;0;1;1;0;1;1;0;0;0;0;0;2;2;1;0;1;0;0;0;0;1;1;9;20,0;18;6;15;9;5;9;4;1;6;5;5;5;0;3;5;8;6;4;4;0;0;6;4;2;21
5_UCM_J1_Q4;4;5_UCM_J1;5;UCM;1;95;MBA;64;True;True;True;5,666666666666667;340;0;0;2;2;0;1;1;0;1;1;0;0;0;0;0;0;0;0;0;0;0;2;0;0;2;-4;20,0;18;6;15;9;5;9;4;1;6;5;5;5;0;3;5;8;6;4;4;0;0;6;4;2;21
8_UCM_J1_Q4;4;8_UCM_J1;8;UCM;1;95;MBA;64;True;False;True;0,0;0;0;0;0;0;0;0;0;0;0;0;0;0;0;0;0;0;0;0;0;0;0;0;0;0;0;0;20,0;18;6;15;9;5;9;4;1;6;5;5;5;0;3;5;8;6;4;4;0;0;6;4;2;21
12_UCM_J1_Q4;4;12_UCM_J1;12;UCM;1;95;MBA;64;True;False;True;4,483333333333333;269;0;0;1;1;0;0;0;0;1;1;0;0;0;0;1;1;1;1;0;0;0;1;0;0;0;-1;20,0;18;6;15;9;5;9;4;1;6;5;5;5;0;3;5;8;6;4;4;0;0;6;4;2;21
13_UCM_J1_Q4;4;13_UCM_J1;13;UCM;1;95;MBA;64;True;False;True;8,0;480;3;1;3;2;1;2;1;0;1;1;1;1;0;1;0;1;0;1;1;0;0;1;1;0;2;2;20,0;18;6;15;9;5;9;4;1;6;5;5;5;0;3;5;8;6;4;4;0;0;6;4;2;21
15_UCM_J1_Q4;4;15_UCM_J1;15;UCM;1;95;MBA;64;True;True;True;0,0;0;0;0;0;0;0;0;0;0;0;0;0;0;0;0;0;0;0;0;0;0;0;0;0;0;0;0;20,0;18;6;15;9;5;9;4;1;6;5;5;5;0;3;5;8;6;4;4;0;0;6;4;2;21
21_UCM_J1_Q4;4;21_UCM_J1;21;UCM;1;95;MBA;64;True;False;True;5,95;357;4;2;3;1;2;3;1;0;0;0;0;0;0;0;0;0;0;0;0;0;0;1;0;1;1;2;20,0;18;6;15;9;5;9;4;1;6;5;5;5;0;3;5;8;6;4;4;0;0;6;4;2;21
24_UCM_J1_Q4;4;24_UCM_J1;24;UCM;1;95;MBA;64;True;False;True;4,333333333333333;260;0;0;1;1;0;0;0;0;1;1;0;0;0;0;0;0;0;1;0;0;0;1;0;0;-1;-3;20,0;18;6;15;9;5;9;4;1;6;5;5;5;0;3;5;8;6;4;4;0;0;6;4;2;21
31_UCM_J1_Q4;4;31_UCM_J1;31;UCM;1;95;MBA;64;True;True;True;5,516666666666667;331;2;0;1;1;0;0;0;0;1;1;2;2;0;0;0;0;3;0;2;0;0;0;1;0;1;7;20,0;18;6;15;9;5;9;4;1;6;5;5;5;0;3;5;8;6;4;4;0;0;6;4;2;21
99_UCM_J1_Q4;4;99_UCM_J1;99;UCM;1;95;MBA;64;True;True;True;0,0;0;0;0;0;0;0;0;0;0;0;0;0;0;0;0;0;0;0;0;0;0;0;0;0;0;0;0;20,0;18;6;15;9;5;9;4;1;6;5;5;5;0;3;5;8;6;4;4;0;0;6;4;2;21
UCM_UCM_J1_Q4;4;UCM_UCM_J1;UCM;UCM;1;95;MBA;64;True;False;True;50,0;3000;0;0;0;0;0;0;0;0;0;0;0;0;0;1;0;1;0;1;0;0;0;0;0;0;0;0;20,0;18;6;15;9;5;9;4;1;6;5;5;5;0;3;5;8;6;4;4;0;0;6;4;2;21
0_MBA_J1_Q1;1;0_MBA_J1;0;MBA;1;64;UCM;95;False;True;False;7,35;441;2;1;3;2;1;2;1;0;1;1;0;0;0;0;1;1;3;0;0;0;0;0;0;0;-2;4;20,0;12;6;18;12;6;12;6;0;6;6;0;0;0;2;6;8;3;1;2;2;0;4;2;1;12
00_MBA_J1_Q1;1;00_MBA_J1;00;MBA;1;64;UCM;95;False;False;False;4,116666666666666;247;4;2;3;1;2;3;1;0;0;0;0;0;0;0;0;0;0;0;0;0;0;1;0;1;-3;2;20,0;12;6;18;12;6;12;6;0;6;6;0;0;0;2;6;8;3;1;2;2;0;4;2;1;12
3_MBA_J1_Q1;1;3_MBA_J1;3;MBA;1;64;UCM;95;False;False;False;4,116666666666666;247;0;0;2;2;0;0;0;0;2;2;0;0;0;0;2;2;0;0;0;0;0;0;1;0;-3;1;20,0;12;6;18;12;6;12;6;0;6;6;0;0;0;2;6;8;3;1;2;2;0;4;2;1;12
5_MBA_J1_Q1;1;5_MBA_J1;5;MBA;1;64;UCM;95;False;True;False;4,383333333333334;263;0;0;0;0;0;0;0;0;0;0;0;0;0;0;0;0;0;0;0;0;0;1;0;0;4;-1;20,0;12;6;18;12;6;12;6;0;6;6;0;0;0;2;6;8;3;1;2;2;0;4;2;1;12
8_MBA_J1_Q1;1;8_MBA_J1;8;MBA;1;64;UCM;95;False;False;False;0,0;0;0;0;0;0;0;0;0;0;0;0;0;0;0;0;0;0;0;0;0;0;0;0;0;0;0;0;20,0;12;6;18;12;6;12;6;0;6;6;0;0;0;2;6;8;3;1;2;2;0;4;2;1;12
13_MBA_J1_Q1;1;13_MBA_J1;13;MBA;1;64;UCM;95;False;False;False;5,85;351;0;0;1;1;0;0;0;0;1;1;0;0;0;0;0;0;0;0;1;0;0;1;0;0;-8;-1;20,0;12;6;18;12;6;12;6;0;6;6;0;0;0;2;6;8;3;1;2;2;0;4;2;1;12
20_MBA_J1_Q1;1;20_MBA_J1;20;MBA;1;64;UCM;95;False;False;False;2,4166666666666665;145;0;0;0;0;0;0;0;0;0;0;0;0;0;0;0;0;0;0;0;0;0;0;0;0;-2;0;20,0;12;6;18;12;6;12;6;0;6;6;0;0;0;2;6;8;3;1;2;2;0;4;2;1;12
22_MBA_J1_Q1;1;22_MBA_J1;22;MBA;1;64;UCM;95;False;False;False;2,65;159;0;0;0;0;0;0;0;0;0;0;0;0;0;0;0;0;0;0;0;0;0;0;0;0;-2;0;20,0;12;6;18;12;6;12;6;0;6;6;0;0;0;2;6;8;3;1;2;2;0;4;2;1;12
24_MBA_J1_Q1;1;24_MBA_J1;24;MBA;1;64;UCM;95;False;True;False;5,883333333333334;353;4;2;5;3;2;4;2;0;1;1;0;0;0;1;0;1;0;0;0;1;0;0;1;0;-1;4;20,0;12;6;18;12;6;12;6;0;6;6;0;0;0;2;6;8;3;1;2;2;0;4;2;1;12
32_MBA_J1_Q1;1;32_MBA_J1;32;MBA;1;64;UCM;95;False;False;False;0,0;0;0;0;0;0;0;0;0;0;0;0;0;0;0;0;0;0;0;0;0;0;0;0;0;0;0;0;20,0;12;6;18;12;6;12;6;0;6;6;0;0;0;2;6;8;3;1;2;2;0;4;2;1;12
35_MBA_J1_Q1;1;35_MBA_J1;35;MBA;1;64;UCM;95;False;True;False;7,35;441;0;0;1;1;0;0;0;0;1;1;0;0;0;1;0;1;0;0;1;0;0;0;0;0;-2;1;20,0;12;6;18;12;6;12;6;0;6;6;0;0;0;2;6;8;3;1;2;2;0;4;2;1;12
99_MBA_J1_Q1;1;99_MBA_J1;99;MBA;1;64;UCM;95;False;True;False;5,883333333333334;353;2;1;3;2;1;3;2;0;0;0;0;0;0;0;2;2;0;1;0;1;0;1;0;0;-1;1;20,0;12;6;18;12;6;12;6;0;6;6;0;0;0;2;6;8;3;1;2;2;0;4;2;1;12
MBA_MBA_J1_Q1;1;MBA_MBA_J1;MBA;MBA;1;64;UCM;95;False;False;False;50,0;3000;0;0;0;0;0;0;0;0;0;0;0;0;0;0;1;1;0;0;0;0;0;0;0;0;0;1;20,0;12;6;18;12;6;12;6;0;6;6;0;0;0;2;6;8;3;1;2;2;0;4;2;1;12
00_MBA_J1_Q2;2;00_MBA_J1;00;MBA;1;64;UCM;95;False;False;False;6,05;363;3;1;2;1;1;2;1;0;0;0;1;2;1;1;0;1;0;0;0;0;0;0;1;0;-8;3;20,0;17;5;16;11;4;12;8;1;4;3;6;10;4;4;1;5;3;2;2;0;0;3;7;0;14
0_MBA_J1_Q2;2;0_MBA_J1;0;MBA;1;64;UCM;95;False;True;False;7,216666666666667;433;6;2;4;2;2;3;1;0;1;1;2;2;0;0;0;0;1;1;1;0;0;0;2;0;-9;7;20,0;17;5;16;11;4;12;8;1;4;3;6;10;4;4;1;5;3;2;2;0;0;3;7;0;14
3_MBA_J1_Q2;2;3_MBA_J1;3;MBA;1;64;UCM;95;False;False;False;3,15;189;3;1;1;0;0;0;0;1;1;0;0;0;0;1;0;1;0;0;0;0;0;2;0;0;-5;2;20,0;17;5;16;11;4;12;8;1;4;3;6;10;4;4;1;5;3;2;2;0;0;3;7;0;14
5_MBA_J1_Q2;2;5_MBA_J1;5;MBA;1;64;UCM;95;False;True;False;7,883333333333334;473;2;1;3;2;1;3;2;0;0;0;0;0;0;0;0;0;1;0;0;0;0;0;0;0;-9;1;20,0;17;5;16;11;4;12;8;1;4;3;6;10;4;4;1;5;3;2;2;0;0;3;7;0;14
8_MBA_J1_Q2;2;8_MBA_J1;8;MBA;1;64;UCM;95;False;False;False;0,0;0;0;0;0;0;0;0;0;0;0;0;0;0;0;0;0;0;0;0;0;0;0;0;0;0;0;0;20,0;17;5;16;11;4;12;8;1;4;3;6;10;4;4;1;5;3;2;2;0;0;3;7;0;14
13_MBA_J1_Q2;2;13_MBA_J1;13;MBA;1;64;UCM;95;False;False;False;2,783333333333333;167;0;0;0;0;0;0;0;0;0;0;0;0;0;0;0;0;1;0;0;0;0;0;0;0;-6;1;20,0;17;5;16;11;4;12;8;1;4;3;6;10;4;4;1;5;3;2;2;0;0;3;7;0;14
20_MBA_J1_Q2;2;20_MBA_J1;20;MBA;1;64;UCM;95;False;False;False;2,1166666666666667;127;0;0;1;1;0;1;1;0;0;0;0;0;0;0;0;0;0;1;0;0;0;0;1;0;-6;-1;20,0;17;5;16;11;4;12;8;1;4;3;6;10;4;4;1;5;3;2;2;0;0;3;7;0;14
22_MBA_J1_Q2;2;22_MBA_J1;22;MBA;1;64;UCM;95;False;False;False;4,566666666666666;274;0;0;2;2;0;1;1;0;1;1;0;0;0;0;0;0;0;0;0;0;0;0;0;0;-6;-2;20,0;17;5;16;11;4;12;8;1;4;3;6;10;4;4;1;5;3;2;2;0;0;3;7;0;14
24_MBA_J1_Q2;2;24_MBA_J1;24;MBA;1;64;UCM;95;False;True;False;6,85;411;2;0;3;3;0;2;2;0;1;1;2;2;0;0;0;0;0;0;1;0;0;1;1;0;-10;0;20,0;17;5;16;11;4;12;8;1;4;3;6;10;4;4;1;5;3;2;2;0;0;3;7;0;14
32_MBA_J1_Q2;2;32_MBA_J1;32;MBA;1;64;UCM;95;False;False;False;0,0;0;0;0;0;0;0;0;0;0;0;0;0;0;0;0;0;0;0;0;0;0;0;0;0;0;0;0;20,0;17;5;16;11;4;12;8;1;4;3;6;10;4;4;1;5;3;2;2;0;0;3;7;0;14
35_MBA_J1_Q2;2;35_MBA_J1;35;MBA;1;64;UCM;95;False;True;False;5,433333333333334;326;0;0;0;0;0;0;0;0;0;0;0;0;0;1;0;1;0;0;0;0;0;0;0;0;-9;1;20,0;17;5;16;11;4;12;8;1;4;3;6;10;4;4;1;5;3;2;2;0;0;3;7;0;14
99_MBA_J1_Q2;2;99_MBA_J1;99;MBA;1;64;UCM;95;False;True;False;3,95;237;1;0;0;0;0;0;0;0;0;0;1;4;3;0;1;1;0;0;0;0;0;0;2;0;-7;1;20,0;17;5;16;11;4;12;8;1;4;3;6;10;4;4;1;5;3;2;2;0;0;3;7;0;14
MBA_MBA_J1_Q2;2;MBA_MBA_J1;MBA;MBA;1;64;UCM;95;False;False;False;50,0;3000;0;0;0;0;0;0;0;0;0;0;0;0;0;1;0;1;0;0;0;0;0;0;0;0;0;1;20,0;17;5;16;11;4;12;8;1;4;3;6;10;4;4;1;5;3;2;2;0;0;3;7;0;14
0_MBA_J1_Q3;3;0_MBA_J1;0;MBA;1;64;UCM;95;False;True;False;5,733333333333333;344;0;0;4;4;0;3;3;0;1;1;0;0;0;0;0;0;2;0;0;0;0;0;0;0;-4;-2;20,0;18;4;11;7;2;7;5;2;4;2;8;8;0;1;3;4;5;5;1;0;0;4;7;0;19
00_MBA_J1_Q3;3;00_MBA_J1;00;MBA;1;64;UCM;95;False;False;False;4,033333333333333;242;2;1;1;0;1;1;0;0;0;0;0;0;0;0;0;0;0;0;0;0;0;0;1;0;-12;3;20,0;18;4;11;7;2;7;5;2;4;2;8;8;0;1;3;4;5;5;1;0;0;4;7;0;19
3_MBA_J1_Q3;3;3_MBA_J1;3;MBA;1;64;UCM;95;False;False;False;4,583333333333333;275;3;1;1;0;0;0;0;1;1;0;0;0;0;0;0;0;0;0;0;0;0;0;0;0;3;3;20,0;18;4;11;7;2;7;5;2;4;2;8;8;0;1;3;4;5;5;1;0;0;4;7;0;19
5_MBA_J1_Q3;3;5_MBA_J1;5;MBA;1;64;UCM;95;False;True;False;4,266666666666667;256;0;0;0;0;0;0;0;0;0;0;0;0;0;1;0;1;1;1;0;0;0;0;0;0;-7;1;20,0;18;4;11;7;2;7;5;2;4;2;8;8;0;1;3;4;5;5;1;0;0;4;7;0;19
8_MBA_J1_Q3;3;8_MBA_J1;8;MBA;1;64;UCM;95;False;False;False;0,0;0;0;0;0;0;0;0;0;0;0;0;0;0;0;0;0;0;0;0;0;0;0;0;0;0;0;0;20,0;18;4;11;7;2;7;5;2;4;2;8;8;0;1;3;4;5;5;1;0;0;4;7;0;19
13_MBA_J1_Q3;3;13_MBA_J1;13;MBA;1;64;UCM;95;False;False;False;6,683333333333334;401;2;0;0;0;0;0;0;0;0;0;2;2;0;0;1;1;0;1;0;0;0;0;2;0;-12;4;20,0;18;4;11;7;2;7;5;2;4;2;8;8;0;1;3;4;5;5;1;0;0;4;7;0;19
20_MBA_J1_Q3;3;20_MBA_J1;20;MBA;1;64;UCM;95;False;False;False;3,316666666666667;199;4;1;1;0;1;1;0;0;0;0;2;2;0;0;0;0;1;1;0;0;0;0;1;0;1;5;20,0;18;4;11;7;2;7;5;2;4;2;8;8;0;1;3;4;5;5;1;0;0;4;7;0;19
22_MBA_J1_Q3;3;22_MBA_J1;22;MBA;1;64;UCM;95;False;False;False;5,783333333333333;347;4;0;2;2;0;1;1;0;1;1;4;4;0;0;0;0;0;2;1;0;0;4;2;0;-7;-1;20,0;18;4;11;7;2;7;5;2;4;2;8;8;0;1;3;4;5;5;1;0;0;4;7;0;19
24_MBA_J1_Q3;3;24_MBA_J1;24;MBA;1;64;UCM;95;False;True;False;5,416666666666667;325;3;1;2;1;0;1;1;1;1;0;0;0;0;0;0;0;0;0;0;0;0;0;1;0;-14;3;20,0;18;4;11;7;2;7;5;2;4;2;8;8;0;1;3;4;5;5;1;0;0;4;7;0;19
32_MBA_J1_Q3;3;32_MBA_J1;32;MBA;1;64;UCM;95;False;False;False;5,966666666666667;358;0;0;0;0;0;0;0;0;0;0;0;0;0;0;0;0;1;0;0;0;0;0;0;0;1;1;20,0;18;4;11;7;2;7;5;2;4;2;8;8;0;1;3;4;5;5;1;0;0;4;7;0;19
35_MBA_J1_Q3;3;35_MBA_J1;35;MBA;1;64;UCM;95;False;True;False;4,216666666666667;253;0;0;0;0;0;0;0;0;0;0;0;0;0;0;0;0;0;0;0;0;0;0;0;0;-4;0;20,0;18;4;11;7;2;7;5;2;4;2;8;8;0;1;3;4;5;5;1;0;0;4;7;0;19
99_MBA_J1_Q3;3;99_MBA_J1;99;MBA;1;64;UCM;95;False;True;False;0,0;0;0;0;0;0;0;0;0;0;0;0;0;0;0;0;0;0;0;0;0;0;0;0;0;0;0;0;20,0;18;4;11;7;2;7;5;2;4;2;8;8;0;1;3;4;5;5;1;0;0;4;7;0;19
MBA_MBA_J1_Q3;3;MBA_MBA_J1;MBA;MBA;1;64;UCM;95;False;False;False;50,0;3000;0;0;0;0;0;0;0;0;0;0;0;0;0;0;2;2;0;0;0;0;0;0;0;0;0;2;20,0;18;4;11;7;2;7;5;2;4;2;8;8;0;1;3;4;5;5;1;0;0;4;7;0;19
0_MBA_J1_Q4;4;0_MBA_J1;0;MBA;1;64;UCM;95;False;True;False;2,5166666666666666;151;0;0;1;1;0;1;1;0;0;0;0;0;0;0;0;0;0;1;1;0;0;0;0;0;-3;-1;20,0;17;6;15;9;4;8;4;2;7;5;3;5;2;4;6;10;5;5;1;0;0;4;5;0;18
00_MBA_J1_Q4;4;00_MBA_J1;00;MBA;1;64;UCM;95;False;False;False;5,95;357;6;2;2;0;2;2;0;0;0;0;2;4;2;0;2;2;0;1;0;0;0;1;2;0;-1;6;20,0;17;6;15;9;4;8;4;2;7;5;3;5;2;4;6;10;5;5;1;0;0;4;5;0;18
3_MBA_J1_Q4;4;3_MBA_J1;3;MBA;1;64;UCM;95;False;False;False;10,0;600;3;1;3;2;0;1;1;1;2;1;0;0;0;0;0;0;0;0;0;0;0;0;0;0;-1;1;20,0;17;6;15;9;4;8;4;2;7;5;3;5;2;4;6;10;5;5;1;0;0;4;5;0;18
5_MBA_J1_Q4;4;5_MBA_J1;5;MBA;1;64;UCM;95;False;True;False;0,0;0;0;0;0;0;0;0;0;0;0;0;0;0;0;0;0;0;0;0;0;0;0;0;0;0;0;0;20,0;17;6;15;9;4;8;4;2;7;5;3;5;2;4;6;10;5;5;1;0;0;4;5;0;18
8_MBA_J1_Q4;4;8_MBA_J1;8;MBA;1;64;UCM;95;False;False;False;1,85;111;0;0;1;1;0;0;0;0;1;1;0;0;0;0;0;0;0;0;0;0;0;0;0;0;-2;-1;20,0;17;6;15;9;4;8;4;2;7;5;3;5;2;4;6;10;5;5;1;0;0;4;5;0;18
13_MBA_J1_Q4;4;13_MBA_J1;13;MBA;1;64;UCM;95;False;False;False;0,0;0;0;0;0;0;0;0;0;0;0;0;0;0;0;0;0;0;0;0;0;0;0;0;0;0;0;0;20,0;17;6;15;9;4;8;4;2;7;5;3;5;2;4;6;10;5;5;1;0;0;4;5;0;18
20_MBA_J1_Q4;4;20_MBA_J1;20;MBA;1;64;UCM;95;False;False;False;10,0;600;0;0;2;2;0;0;0;0;2;2;0;0;0;1;3;4;3;1;0;0;0;1;1;0;-1;4;20,0;17;6;15;9;4;8;4;2;7;5;3;5;2;4;6;10;5;5;1;0;0;4;5;0;18
22_MBA_J1_Q4;4;22_MBA_J1;22;MBA;1;64;UCM;95;False;False;False;3,5;210;2;1;2;1;1;2;1;0;0;0;0;0;0;0;0;0;1;0;0;0;0;1;0;0;4;1;20,0;17;6;15;9;4;8;4;2;7;5;3;5;2;4;6;10;5;5;1;0;0;4;5;0;18
24_MBA_J1_Q4;4;24_MBA_J1;24;MBA;1;64;UCM;95;False;True;False;5,633333333333334;338;4;1;1;0;0;0;0;1;1;0;1;1;0;0;1;1;1;1;0;0;0;0;2;0;4;7;20,0;17;6;15;9;4;8;4;2;7;5;3;5;2;4;6;10;5;5;1;0;0;4;5;0;18
32_MBA_J1_Q4;4;32_MBA_J1;32;MBA;1;64;UCM;95;False;False;False;4,05;243;2;1;2;1;1;2;1;0;0;0;0;0;0;3;0;3;0;0;0;0;0;1;0;0;0;3;20,0;17;6;15;9;4;8;4;2;7;5;3;5;2;4;6;10;5;5;1;0;0;4;5;0;18
35_MBA_J1_Q4;4;35_MBA_J1;35;MBA;1;64;UCM;95;False;True;False;6,5;390;0;0;1;1;0;0;0;0;1;1;0;0;0;0;0;0;0;1;0;0;0;0;0;0;-5;-2;20,0;17;6;15;9;4;8;4;2;7;5;3;5;2;4;6;10;5;5;1;0;0;4;5;0;18
99_MBA_J1_Q4;4;99_MBA_J1;99;MBA;1;64;UCM;95;False;True;False;0,0;0;0;0;0;0;0;0;0;0;0;0;0;0;0;0;0;0;0;0;0;0;0;0;0;0;0;0;20,0;17;6;15;9;4;8;4;2;7;5;3;5;2;4;6;10;5;5;1;0;0;4;5;0;18
MBA_MBA_J1_Q4;4;MBA_MBA_J1;MBA;MBA;1;64;UCM;95;False;False;False;50,0;3000;0;0;0;0;0;0;0;0;0;0;0;0;0;0;0;0;0;0;0;0;0;0;0;0;0;0;20,0;17;6;15;9;4;8;4;2;7;5;3;5;2;4;6;10;5;5;1;0;0;4;5;0;18
0_VBC_J1_Q1;1;0_VBC_J1;0;VBC;1;93;BAR;81;True;False;True;3,966666666666667;238;3;1;2;1;0;0;0;1;2;1;0;0;0;0;0;0;0;0;0;1;0;1;0;0;8;2;20,0;24;8;13;5;5;7;2;3;6;3;5;6;1;0;9;9;9;2;2;1;0;4;4;0;37
1_VBC_J1_Q1;1;1_VBC_J1;1;VBC;1;93;BAR;81;True;True;True;6,033333333333333;362;0;0;0;0;0;0;0;0;0;0;0;0;0;0;3;3;3;0;0;0;0;0;0;0;7;6;20,0;24;8;13;5;5;7;2;3;6;3;5;6;1;0;9;9;9;2;2;1;0;4;4;0;37
2_VBC_J1_Q1;1;2_VBC_J1;2;VBC;1;93;BAR;81;True;False;True;3,966666666666667;238;5;2;2;0;1;1;0;1;1;0;0;0;0;0;0;0;1;0;0;0;0;1;0;0;2;5;20,0;24;8;13;5;5;7;2;3;6;3;5;6;1;0;9;9;9;2;2;1;0;4;4;0;37
3_VBC_J1_Q1;1;3_VBC_J1;3;VBC;1;93;BAR;81;True;True;True;5,15;309;5;1;1;0;0;0;0;1;1;0;2;2;0;0;1;1;0;0;0;0;0;1;1;0;2;6;20,0;24;8;13;5;5;7;2;3;6;3;5;6;1;0;9;9;9;2;2;1;0;4;4;0;37
4_VBC_J1_Q1;1;4_VBC_J1;4;VBC;1;93;BAR;81;True;True;True;7,216666666666667;433;5;2;4;2;2;2;0;0;2;2;1;2;1;0;1;1;1;0;0;0;0;0;1;0;4;5;20,0;24;8;13;5;5;7;2;3;6;3;5;6;1;0;9;9;9;2;2;1;0;4;4;0;37
5_VBC_J1_Q1;1;5_VBC_J1;5;VBC;1;93;BAR;81;True;True;True;7,216666666666667;433;2;0;2;2;0;2;2;0;0;0;2;2;0;0;1;1;2;1;0;0;0;0;2;0;4;4;20,0;24;8;13;5;5;7;2;3;6;3;5;6;1;0;9;9;9;2;2;1;0;4;4;0;37
10_VBC_J1_Q1;1;10_VBC_J1;10;VBC;1;93;BAR;81;True;True;True;6,033333333333333;362;2;1;1;0;1;1;0;0;0;0;0;0;0;0;0;0;0;1;0;0;0;0;0;0;1;1;20,0;24;8;13;5;5;7;2;3;6;3;5;6;1;0;9;9;9;2;2;1;0;4;4;0;37
12_VBC_J1_Q1;1;12_VBC_J1;12;VBC;1;93;BAR;81;True;False;True;4,766666666666667;286;2;1;1;0;1;1;0;0;0;0;0;0;0;0;0;0;1;0;1;0;0;1;0;0;7;3;20,0;24;8;13;5;5;7;2;3;6;3;5;6;1;0;9;9;9;2;2;1;0;4;4;0;37
13_VBC_J1_Q1;1;13_VBC_J1;13;VBC;1;93;BAR;81;True;False;True;2,783333333333333;167;0;0;0;0;0;0;0;0;0;0;0;0;0;0;0;0;1;0;1;0;0;0;0;0;5;2;20,0;24;8;13;5;5;7;2;3;6;3;5;6;1;0;9;9;9;2;2;1;0;4;4;0;37
18_VBC_J1_Q1;1;18_VBC_J1;18;VBC;1;93;BAR;81;True;False;True;0,0;0;0;0;0;0;0;0;0;0;0;0;0;0;0;0;0;0;0;0;0;0;0;0;0;0;0;0;20,0;24;8;13;5;5;7;2;3;6;3;5;6;1;0;9;9;9;2;2;1;0;4;4;0;37
24_VBC_J1_Q1;1;24_VBC_J1;24;VBC;1;93;BAR;81;True;False;True;2,8666666666666667;172;0;0;0;0;0;0;0;0;0;0;0;0;0;0;2;2;0;0;0;0;0;0;0;0;5;2;20,0;24;8;13;5;5;7;2;3;6;3;5;6;1;0;9;9;9;2;2;1;0;4;4;0;37
32_VBC_J1_Q1;1;32_VBC_J1;32;VBC;1;93;BAR;81;True;False;True;0,0;0;0;0;0;0;0;0;0;0;0;0;0;0;0;0;0;0;0;0;0;0;0;0;0;0;0;0;20,0;24;8;13;5;5;7;2;3;6;3;5;6;1;0;9;9;9;2;2;1;0;4;4;0;37
VBC_VBC_J1_Q1;1;VBC_VBC_J1;VBC;VBC;1;93;BAR;81;True;False;True;50,0;3000;0;0;0;0;0;0;0;0;0;0;0;0;0;0;1;1;0;0;0;0;0;0;0;0;0;1;20,0;24;8;13;5;5;7;2;3;6;3;5;6;1;0;9;9;9;2;2;1;0;4;4;0;37
0_VBC_J1_Q2;2;0_VBC_J1;0;VBC;1;93;BAR;81;True;False;True;2,716666666666667;163;0;0;2;2;0;0;0;0;2;2;0;0;0;1;0;1;2;1;0;0;0;0;0;0;3;0;20,0;22;8;16;8;5;9;4;3;7;4;3;4;1;4;6;10;6;5;2;1;0;3;4;1;28
1_VBC_J1_Q2;2;1_VBC_J1;1;VBC;1;93;BAR;81;True;True;True;4,733333333333333;284;3;1;1;0;0;0;0;1;1;0;0;0;0;0;0;0;2;0;0;0;0;0;0;0;5;5;20,0;22;8;16;8;5;9;4;3;7;4;3;4;1;4;6;10;6;5;2;1;0;3;4;1;28
2_VBC_J1_Q2;2;2_VBC_J1;2;VBC;1;93;BAR;81;True;False;True;5,266666666666667;316;0;0;2;2;0;1;1;0;1;1;0;0;0;0;0;0;0;1;0;0;0;0;0;0;-1;-3;20,0;22;8;16;8;5;9;4;3;7;4;3;4;1;4;6;10;6;5;2;1;0;3;4;1;28
3_VBC_J1_Q2;2;3_VBC_J1;3;VBC;1;93;BAR;81;True;True;True;2,716666666666667;163;2;1;1;0;1;1;0;0;0;0;0;0;0;0;0;0;0;0;0;0;0;1;0;1;2;1;20,0;22;8;16;8;5;9;4;3;7;4;3;4;1;4;6;10;6;5;2;1;0;3;4;1;28
4_VBC_J1_Q2;2;4_VBC_J1;4;VBC;1;93;BAR;81;True;True;True;4,15;249;3;1;1;0;1;1;0;0;0;0;1;2;1;1;1;2;0;1;0;0;0;0;1;0;3;4;20,0;22;8;16;8;5;9;4;3;7;4;3;4;1;4;6;10;6;5;2;1;0;3;4;1;28
5_VBC_J1_Q2;2;5_VBC_J1;5;VBC;1;93;BAR;81;True;True;True;6,116666666666666;367;0;0;1;1;0;1;1;0;0;0;0;0;0;0;0;0;1;1;0;0;0;0;1;0;8;0;20,0;22;8;16;8;5;9;4;3;7;4;3;4;1;4;6;10;6;5;2;1;0;3;4;1;28
10_VBC_J1_Q2;2;10_VBC_J1;10;VBC;1;93;BAR;81;True;True;True;4,566666666666666;274;2;1;1;0;1;1;0;0;0;0;0;0;0;1;3;4;1;1;0;0;0;0;0;0;-1;6;20,0;22;8;16;8;5;9;4;3;7;4;3;4;1;4;6;10;6;5;2;1;0;3;4;1;28
12_VBC_J1_Q2;2;12_VBC_J1;12;VBC;1;93;BAR;81;True;False;True;3,5166666666666666;211;2;1;1;0;1;1;0;0;0;0;0;0;0;0;0;0;0;0;1;0;0;0;0;0;8;3;20,0;22;8;16;8;5;9;4;3;7;4;3;4;1;4;6;10;6;5;2;1;0;3;4;1;28
13_VBC_J1_Q2;2;13_VBC_J1;13;VBC;1;93;BAR;81;True;False;True;3,8833333333333333;233;2;1;2;1;1;2;1;0;0;0;0;0;0;1;0;1;0;0;0;1;0;1;1;0;-4;3;20,0;22;8;16;8;5;9;4;3;7;4;3;4;1;4;6;10;6;5;2;1;0;3;4;1;28
18_VBC_J1_Q2;2;18_VBC_J1;18;VBC;1;93;BAR;81;True;False;True;0,0;0;0;0;0;0;0;0;0;0;0;0;0;0;0;0;0;0;0;0;0;0;0;0;0;0;0;0;20,0;22;8;16;8;5;9;4;3;7;4;3;4;1;4;6;10;6;5;2;1;0;3;4;1;28
24_VBC_J1_Q2;2;24_VBC_J1;24;VBC;1;93;BAR;81;True;False;True;7,3;438;6;2;3;1;0;0;0;2;3;1;0;0;0;0;1;1;0;0;0;0;0;0;0;0;1;6;20,0;22;8;16;8;5;9;4;3;7;4;3;4;1;4;6;10;6;5;2;1;0;3;4;1;28
32_VBC_J1_Q2;2;32_VBC_J1;32;VBC;1;93;BAR;81;True;False;True;5,033333333333333;302;2;0;1;1;0;1;1;0;0;0;2;2;0;0;1;1;0;0;1;0;0;1;1;0;-4;3;20,0;22;8;16;8;5;9;4;3;7;4;3;4;1;4;6;10;6;5;2;1;0;3;4;1;28
VBC_VBC_J1_Q2;2;VBC_VBC_J1;VBC;VBC;1;93;BAR;81;True;False;True;50,0;3000;0;0;0;0;0;0;0;0;0;0;0;0;0;0;0;0;0;0;0;0;0;0;0;0;0;0;20,0;22;8;16;8;5;9;4;3;7;4;3;4;1;4;6;10;6;5;2;1;0;3;4;1;28
0_VBC_J1_Q3;3;0_VBC_J1;0;VBC;1;93;BAR;81;True;False;True;4,233333333333333;254;1;0;1;1;0;1;1;0;0;0;1;2;1;0;0;0;0;1;0;0;0;0;2;0;-4;0;20,0;23;7;12;5;4;6;2;3;6;3;6;8;2;1;6;7;6;4;0;0;1;6;6;1;24
1_VBC_J1_Q3;3;1_VBC_J1;1;VBC;1;93;BAR;81;True;True;True;5,766666666666667;346;4;1;2;1;1;1;0;0;1;1;2;2;0;0;1;1;0;1;0;0;0;1;1;0;2;3;20,0;23;7;12;5;4;6;2;3;6;3;6;8;2;1;6;7;6;4;0;0;1;6;6;1;24
2_VBC_J1_Q3;3;2_VBC_J1;2;VBC;1;93;BAR;81;True;False;True;4,233333333333333;254;3;1;3;2;0;0;0;1;3;2;0;0;0;0;0;0;0;0;0;0;0;1;0;0;-4;0;20,0;23;7;12;5;4;6;2;3;6;3;6;8;2;1;6;7;6;4;0;0;1;6;6;1;24
3_VBC_J1_Q3;3;3_VBC_J1;3;VBC;1;93;BAR;81;True;True;True;5,35;321;0;0;0;0;0;0;0;0;0;0;0;0;0;0;0;0;0;0;0;0;0;1;1;0;-2;0;20,0;23;7;12;5;4;6;2;3;6;3;6;8;2;1;6;7;6;4;0;0;1;6;6;1;24
4_VBC_J1_Q3;3;4_VBC_J1;4;VBC;1;93;BAR;81;True;True;True;4,333333333333333;260;0;0;0;0;0;0;0;0;0;0;0;0;0;0;0;0;1;0;0;0;0;0;0;0;4;1;20,0;23;7;12;5;4;6;2;3;6;3;6;8;2;1;6;7;6;4;0;0;1;6;6;1;24
5_VBC_J1_Q3;3;5_VBC_J1;5;VBC;1;93;BAR;81;True;True;True;5,1;306;0;0;0;0;0;0;0;0;0;0;0;0;0;0;0;0;3;1;0;0;0;1;0;0;-5;1;20,0;23;7;12;5;4;6;2;3;6;3;6;8;2;1;6;7;6;4;0;0;1;6;6;1;24
10_VBC_J1_Q3;3;10_VBC_J1;10;VBC;1;93;BAR;81;True;True;True;5,766666666666667;346;5;1;1;0;1;1;0;0;0;0;3;4;1;0;1;1;0;1;0;0;0;0;2;0;2;6;20,0;23;7;12;5;4;6;2;3;6;3;6;8;2;1;6;7;6;4;0;0;1;6;6;1;24
12_VBC_J1_Q3;3;12_VBC_J1;12;VBC;1;93;BAR;81;True;False;True;4,65;279;4;2;3;1;2;3;1;0;0;0;0;0;0;0;1;1;1;0;0;0;1;0;0;1;0;4;20,0;23;7;12;5;4;6;2;3;6;3;6;8;2;1;6;7;6;4;0;0;1;6;6;1;24
13_VBC_J1_Q3;3;13_VBC_J1;13;VBC;1;93;BAR;81;True;False;True;4,516666666666667;271;3;1;1;0;0;0;0;1;1;0;0;0;0;0;2;2;1;0;0;0;0;2;0;0;3;4;20,0;23;7;12;5;4;6;2;3;6;3;6;8;2;1;6;7;6;4;0;0;1;6;6;1;24
18_VBC_J1_Q3;3;18_VBC_J1;18;VBC;1;93;BAR;81;True;False;True;0,0;0;0;0;0;0;0;0;0;0;0;0;0;0;0;0;0;0;0;0;0;0;0;0;0;0;0;0;20,0;23;7;12;5;4;6;2;3;6;3;6;8;2;1;6;7;6;4;0;0;1;6;6;1;24
24_VBC_J1_Q3;3;24_VBC_J1;24;VBC;1;93;BAR;81;True;False;True;5,666666666666667;340;3;1;1;0;0;0;0;1;1;0;0;0;0;1;1;2;0;0;0;0;0;0;0;0;-6;5;20,0;23;7;12;5;4;6;2;3;6;3;6;8;2;1;6;7;6;4;0;0;1;6;6;1;24
32_VBC_J1_Q3;3;32_VBC_J1;32;VBC;1;93;BAR;81;True;False;True;0,38333333333333336;23;0;0;0;0;0;0;0;0;0;0;0;0;0;0;0;0;0;0;0;0;0;0;0;0;0;0;20,0;23;7;12;5;4;6;2;3;6;3;6;8;2;1;6;7;6;4;0;0;1;6;6;1;24
VBC_VBC_J1_Q3;3;VBC_VBC_J1;VBC;VBC;1;93;BAR;81;True;False;True;50,0;3000;0;0;0;0;0;0;0;0;0;0;0;0;0;0;0;0;0;0;0;0;0;0;0;0;0;0;20,0;23;7;12;5;4;6;2;3;6;3;6;8;2;1;6;7;6;4;0;0;1;6;6;1;24
0_VBC_J1_Q4;4;0_VBC_J1;0;VBC;1;93;BAR;81;True;False;True;2,55;153;0;0;1;1;0;1;1;0;0;0;0;0;0;0;0;0;0;1;0;0;0;0;0;0;-1;-2;20,0;24;6;16;10;3;10;7;3;6;3;9;10;1;3;6;9;3;2;2;0;1;6;6;1;24
1_VBC_J1_Q4;4;1_VBC_J1;1;VBC;1;93;BAR;81;True;True;True;7,466666666666667;448;4;1;5;4;0;4;4;1;1;0;1;1;0;0;0;0;0;0;0;0;0;0;0;0;-5;0;20,0;24;6;16;10;3;10;7;3;6;3;9;10;1;3;6;9;3;2;2;0;1;6;6;1;24
2_VBC_J1_Q4;4;2_VBC_J1;2;VBC;1;93;BAR;81;True;False;True;4,333333333333333;260;0;0;0;0;0;0;0;0;0;0;0;0;0;0;0;0;0;0;0;0;0;1;0;0;5;-1;20,0;24;6;16;10;3;10;7;3;6;3;9;10;1;3;6;9;3;2;2;0;1;6;6;1;24
3_VBC_J1_Q4;4;3_VBC_J1;3;VBC;1;93;BAR;81;True;True;True;5,266666666666667;316;4;1;2;1;1;1;0;0;1;1;2;2;0;0;0;0;0;0;0;0;1;1;1;0;1;2;20,0;24;6;16;10;3;10;7;3;6;3;9;10;1;3;6;9;3;2;2;0;1;6;6;1;24
4_VBC_J1_Q4;4;4_VBC_J1;4;VBC;1;93;BAR;81;True;True;True;5,516666666666667;331;0;0;0;0;0;0;0;0;0;0;0;0;0;0;1;1;1;0;1;0;0;0;1;0;4;4;20,0;24;6;16;10;3;10;7;3;6;3;9;10;1;3;6;9;3;2;2;0;1;6;6;1;24
5_VBC_J1_Q4;4;5_VBC_J1;5;VBC;1;93;BAR;81;True;True;True;1,1333333333333333;68;0;0;1;1;0;1;1;0;0;0;0;0;0;0;0;0;0;0;0;0;0;0;0;0;0;-1;20,0;24;6;16;10;3;10;7;3;6;3;9;10;1;3;6;9;3;2;2;0;1;6;6;1;24
10_VBC_J1_Q4;4;10_VBC_J1;10;VBC;1;93;BAR;81;True;True;True;5,85;351;0;0;1;1;0;0;0;0;1;1;0;0;0;0;1;1;0;1;0;0;0;0;0;0;3;-1;20,0;24;6;16;10;3;10;7;3;6;3;9;10;1;3;6;9;3;2;2;0;1;6;6;1;24
12_VBC_J1_Q4;4;12_VBC_J1;12;VBC;1;93;BAR;81;True;False;True;4,733333333333333;284;5;1;1;0;1;1;0;0;0;0;3;4;1;2;1;3;0;0;0;0;0;1;2;1;0;8;20,0;24;6;16;10;3;10;7;3;6;3;9;10;1;3;6;9;3;2;2;0;1;6;6;1;24
13_VBC_J1_Q4;4;13_VBC_J1;13;VBC;1;93;BAR;81;True;False;True;6,733333333333333;404;11;3;4;1;1;2;1;2;2;0;3;3;0;1;1;2;2;0;0;0;0;0;2;0;5;16;20,0;24;6;16;10;3;10;7;3;6;3;9;10;1;3;6;9;3;2;2;0;1;6;6;1;24
18_VBC_J1_Q4;4;18_VBC_J1;18;VBC;1;93;BAR;81;True;False;True;0,0;0;0;0;0;0;0;0;0;0;0;0;0;0;0;0;0;0;0;0;0;0;0;0;0;0;0;0;20,0;24;6;16;10;3;10;7;3;6;3;9;10;1;3;6;9;3;2;2;0;1;6;6;1;24
24_VBC_J1_Q4;4;24_VBC_J1;24;VBC;1;93;BAR;81;True;False;True;4,483333333333333;269;0;0;1;1;0;0;0;0;1;1;0;0;0;0;1;1;0;0;1;0;0;1;0;0;-3;0;20,0;24;6;16;10;3;10;7;3;6;3;9;10;1;3;6;9;3;2;2;0;1;6;6;1;24
32_VBC_J1_Q4;4;32_VBC_J1;32;VBC;1;93;BAR;81;True;False;True;1,9333333333333333;116;0;0;0;0;0;0;0;0;0;0;0;0;0;0;0;0;0;0;0;0;0;2;0;0;-4;-2;20,0;24;6;16;10;3;10;7;3;6;3;9;10;1;3;6;9;3;2;2;0;1;6;6;1;24
VBC_VBC_J1_Q4;4;VBC_VBC_J1;VBC;VBC;1;93;BAR;81;True;False;True;50,0;3000;0;0;0;0;0;0;0;0;0;0;0;0;0;0;1;1;0;0;0;0;0;0;0;0;0;1;20,0;24;6;16;10;3;10;7;3;6;3;9;10;1;3;6;9;3;2;2;0;1;6;6;1;24
0_BAR_J1_Q1;1;0_BAR_J1;0;BAR;1;81;VBC;93;False;True;False;5,766666666666667;346;3;1;3;2;0;2;2;1;1;0;0;0;0;1;1;2;0;0;0;0;0;0;0;0;-4;3;20,0;15;6;23;17;4;12;8;2;11;9;1;1;0;7;5;12;3;2;0;0;1;4;4;0;10
2_BAR_J1_Q1;1;2_BAR_J1;2;BAR;1;81;VBC;93;False;True;False;7,083333333333333;425;0;0;3;3;0;1;1;0;2;2;0;0;0;0;1;1;0;0;0;0;0;1;0;0;-8;-3;20,0;15;6;23;17;4;12;8;2;11;9;1;1;0;7;5;12;3;2;0;0;1;4;4;0;10
3_BAR_J1_Q1;1;3_BAR_J1;3;BAR;1;81;VBC;93;False;True;False;7,883333333333334;473;5;2;4;2;1;1;0;1;3;2;0;0;0;1;1;2;0;0;0;0;0;1;0;0;-9;4;20,0;15;6;23;17;4;12;8;2;11;9;1;1;0;7;5;12;3;2;0;0;1;4;4;0;10
6_BAR_J1_Q1;1;6_BAR_J1;6;BAR;1;81;VBC;93;False;False;False;0,0;0;0;0;0;0;0;0;0;0;0;0;0;0;0;0;0;0;0;0;0;0;0;0;0;0;0;0;20,0;15;6;23;17;4;12;8;2;11;9;1;1;0;7;5;12;3;2;0;0;1;4;4;0;10
8_BAR_J1_Q1;1;8_BAR_J1;8;BAR;1;81;VBC;93;False;False;False;4,233333333333333;254;0;0;3;3;0;1;1;0;2;2;0;0;0;0;0;0;0;0;0;0;0;1;0;0;-5;-4;20,0;15;6;23;17;4;12;8;2;11;9;1;1;0;7;5;12;3;2;0;0;1;4;4;0;10
13_BAR_J1_Q1;1;13_BAR_J1;13;BAR;1;81;VBC;93;False;False;False;2,9166666666666665;175;0;0;0;0;0;0;0;0;0;0;0;0;0;0;0;0;0;0;0;0;0;0;0;0;-1;0;20,0;15;6;23;17;4;12;8;2;11;9;1;1;0;7;5;12;3;2;0;0;1;4;4;0;10
14_BAR_J1_Q1;1;14_BAR_J1;14;BAR;1;81;VBC;93;False;True;False;3,1166666666666667;187;2;1;1;0;1;1;0;0;0;0;0;0;0;0;0;0;0;0;0;0;0;0;1;0;-2;3;20,0;15;6;23;17;4;12;8;2;11;9;1;1;0;7;5;12;3;2;0;0;1;4;4;0;10
19_BAR_J1_Q1;1;19_BAR_J1;19;BAR;1;81;VBC;93;False;False;False;6,883333333333334;413;3;1;4;3;1;4;3;0;0;0;1;1;0;3;0;3;0;1;0;0;1;0;2;0;-7;3;20,0;15;6;23;17;4;12;8;2;11;9;1;1;0;7;5;12;3;2;0;0;1;4;4;0;10
21_BAR_J1_Q1;1;21_BAR_J1;21;BAR;1;81;VBC;93;False;False;False;2,1166666666666667;127;0;0;0;0;0;0;0;0;0;0;0;0;0;0;0;0;0;0;0;0;0;0;0;0;0;0;20,0;15;6;23;17;4;12;8;2;11;9;1;1;0;7;5;12;3;2;0;0;1;4;4;0;10
23_BAR_J1_Q1;1;23_BAR_J1;23;BAR;1;81;VBC;93;False;True;False;5,766666666666667;346;0;0;2;2;0;0;0;0;2;2;0;0;0;1;0;1;3;1;0;0;0;0;0;0;-4;1;20,0;15;6;23;17;4;12;8;2;11;9;1;1;0;7;5;12;3;2;0;0;1;4;4;0;10
43_BAR_J1_Q1;1;43_BAR_J1;43;BAR;1;81;VBC;93;False;False;False;0,0;0;0;0;0;0;0;0;0;0;0;0;0;0;0;0;0;0;0;0;0;0;0;0;0;0;0;0;20,0;15;6;23;17;4;12;8;2;11;9;1;1;0;7;5;12;3;2;0;0;1;4;4;0;10
44_BAR_J1_Q1;1;44_BAR_J1;44;BAR;1;81;VBC;93;False;False;False;4,233333333333333;254;2;1;3;2;1;2;1;0;1;1;0;0;0;0;1;1;0;0;0;0;0;1;1;0;-5;1;20,0;15;6;23;17;4;12;8;2;11;9;1;1;0;7;5;12;3;2;0;0;1;4;4;0;10
BAR_BAR_J1_Q1;1;BAR_BAR_J1;BAR;BAR;1;81;VBC;93;False;False;False;50,0;3000;0;0;0;0;0;0;0;0;0;0;0;0;0;1;1;2;0;0;0;0;0;0;0;0;0;2;20,0;15;6;23;17;4;12;8;2;11;9;1;1;0;7;5;12;3;2;0;0;1;4;4;0;10
0_BAR_J1_Q2;2;0_BAR_J1;0;BAR;1;81;VBC;93;False;True;False;7,283333333333333;437;3;1;2;1;0;1;1;1;1;0;0;0;0;0;0;0;1;0;1;0;0;1;0;0;-2;3;20,0;18;7;17;10;4;7;3;3;10;7;1;2;1;3;4;7;5;5;3;0;1;4;3;2;15
2_BAR_J1_Q2;2;2_BAR_J1;2;BAR;1;81;VBC;93;False;True;False;3,316666666666667;199;0;0;1;1;0;0;0;0;1;1;0;0;0;0;0;0;0;0;0;0;0;1;0;0;-4;-2;20,0;18;7;17;10;4;7;3;3;10;7;1;2;1;3;4;7;5;5;3;0;1;4;3;2;15
3_BAR_J1_Q2;2;3_BAR_J1;3;BAR;1;81;VBC;93;False;True;False;3,4;204;0;0;0;0;0;0;0;0;0;0;0;0;0;0;1;1;0;0;0;0;0;0;0;0;-6;1;20,0;18;7;17;10;4;7;3;3;10;7;1;2;1;3;4;7;5;5;3;0;1;4;3;2;15
6_BAR_J1_Q2;2;6_BAR_J1;6;BAR;1;81;VBC;93;False;False;False;5,033333333333333;302;0;0;1;1;0;1;1;0;0;0;0;0;0;0;0;0;0;0;2;0;1;0;1;0;4;1;20,0;18;7;17;10;4;7;3;3;10;7;1;2;1;3;4;7;5;5;3;0;1;4;3;2;15
8_BAR_J1_Q2;2;8_BAR_J1;8;BAR;1;81;VBC;93;False;False;False;2,716666666666667;163;0;0;2;2;0;1;1;0;1;1;0;0;0;0;0;0;0;1;0;0;0;1;0;0;-2;-4;20,0;18;7;17;10;4;7;3;3;10;7;1;2;1;3;4;7;5;5;3;0;1;4;3;2;15
13_BAR_J1_Q2;2;13_BAR_J1;13;BAR;1;81;VBC;93;False;False;False;6,683333333333334;401;2;1;2;1;1;1;0;0;1;1;0;0;0;1;0;1;2;1;0;0;0;0;0;0;0;3;20,0;18;7;17;10;4;7;3;3;10;7;1;2;1;3;4;7;5;5;3;0;1;4;3;2;15
14_BAR_J1_Q2;2;14_BAR_J1;14;BAR;1;81;VBC;93;False;True;False;3,4;204;2;1;1;0;1;1;0;0;0;0;0;0;0;1;0;1;0;0;0;0;0;0;0;0;-6;3;20,0;18;7;17;10;4;7;3;3;10;7;1;2;1;3;4;7;5;5;3;0;1;4;3;2;15
19_BAR_J1_Q2;2;19_BAR_J1;19;BAR;1;81;VBC;93;False;False;False;0,0;0;0;0;0;0;0;0;0;0;0;0;0;0;0;0;0;0;0;0;0;0;0;0;0;0;0;0;20,0;18;7;17;10;4;7;3;3;10;7;1;2;1;3;4;7;5;5;3;0;1;4;3;2;15
21_BAR_J1_Q2;2;21_BAR_J1;21;BAR;1;81;VBC;93;False;False;False;6,6;396;5;2;5;3;2;2;0;0;3;3;1;2;1;0;2;2;1;1;0;0;0;0;2;2;2;5;20,0;18;7;17;10;4;7;3;3;10;7;1;2;1;3;4;7;5;5;3;0;1;4;3;2;15
23_BAR_J1_Q2;2;23_BAR_J1;23;BAR;1;81;VBC;93;False;True;False;3,5166666666666666;211;0;0;0;0;0;0;0;0;0;0;0;0;0;0;0;0;0;2;0;0;0;1;0;0;-8;-3;20,0;18;7;17;10;4;7;3;3;10;7;1;2;1;3;4;7;5;5;3;0;1;4;3;2;15
43_BAR_J1_Q2;2;43_BAR_J1;43;BAR;1;81;VBC;93;False;False;False;0,0;0;0;0;0;0;0;0;0;0;0;0;0;0;0;0;0;0;0;0;0;0;0;0;0;0;0;0;20,0;18;7;17;10;4;7;3;3;10;7;1;2;1;3;4;7;5;5;3;0;1;4;3;2;15
44_BAR_J1_Q2;2;44_BAR_J1;44;BAR;1;81;VBC;93;False;False;False;8,05;483;6;2;3;1;0;0;0;2;3;1;0;0;0;1;0;1;1;0;0;0;0;0;0;0;2;7;20,0;18;7;17;10;4;7;3;3;10;7;1;2;1;3;4;7;5;5;3;0;1;4;3;2;15
BAR_BAR_J1_Q2;2;BAR_BAR_J1;BAR;BAR;1;81;VBC;93;False;False;False;50,0;3000;0;0;0;0;0;0;0;0;0;0;0;0;0;0;1;1;0;0;0;0;0;0;0;0;0;1;20,0;18;7;17;10;4;7;3;3;10;7;1;2;1;3;4;7;5;5;3;0;1;4;3;2;15
0_BAR_J1_Q3;3;0_BAR_J1;0;BAR;1;81;VBC;93;False;True;False;4,4;264;0;0;1;1;0;0;0;0;1;1;0;0;0;0;0;0;0;1;0;0;0;2;0;0;0;-4;20,0;25;10;20;10;8;11;3;2;9;7;3;6;3;5;5;10;5;1;3;2;0;6;6;2;31
2_BAR_J1_Q3;3;2_BAR_J1;2;BAR;1;81;VBC;93;False;True;False;4,333333333333333;260;0;0;0;0;0;0;0;0;0;0;0;0;0;0;0;0;1;0;0;0;0;0;0;0;2;1;20,0;25;10;20;10;8;11;3;2;9;7;3;6;3;5;5;10;5;1;3;2;0;6;6;2;31
3_BAR_J1_Q3;3;3_BAR_J1;3;BAR;1;81;VBC;93;False;True;False;5,6;336;0;0;0;0;0;0;0;0;0;0;0;0;0;0;1;1;0;0;0;0;0;0;0;0;2;1;20,0;25;10;20;10;8;11;3;2;9;7;3;6;3;5;5;10;5;1;3;2;0;6;6;2;31
6_BAR_J1_Q3;3;6_BAR_J1;6;BAR;1;81;VBC;93;False;False;False;5,2;312;0;0;1;1;0;1;1;0;0;0;0;0;0;1;0;1;1;0;0;1;0;0;1;0;3;3;20,0;25;10;20;10;8;11;3;2;9;7;3;6;3;5;5;10;5;1;3;2;0;6;6;2;31
8_BAR_J1_Q3;3;8_BAR_J1;8;BAR;1;81;VBC;93;False;False;False;2,183333333333333;131;2;1;2;1;1;1;0;0;1;1;0;0;0;0;0;0;0;0;0;0;0;1;0;0;-1;0;20,0;25;10;20;10;8;11;3;2;9;7;3;6;3;5;5;10;5;1;3;2;0;6;6;2;31
13_BAR_J1_Q3;3;13_BAR_J1;13;BAR;1;81;VBC;93;False;False;False;5,666666666666667;340;2;1;2;1;1;1;0;0;1;1;0;0;0;0;1;1;2;0;1;0;0;2;1;0;0;4;20,0;25;10;20;10;8;11;3;2;9;7;3;6;3;5;5;10;5;1;3;2;0;6;6;2;31
14_BAR_J1_Q3;3;14_BAR_J1;14;BAR;1;81;VBC;93;False;True;False;4,8;288;5;1;2;1;1;2;1;0;0;0;3;4;1;1;1;2;0;0;0;0;0;0;2;0;-1;7;20,0;25;10;20;10;8;11;3;2;9;7;3;6;3;5;5;10;5;1;3;2;0;6;6;2;31
19_BAR_J1_Q3;3;19_BAR_J1;19;BAR;1;81;VBC;93;False;False;False;0,0;0;0;0;0;0;0;0;0;0;0;0;0;0;0;0;0;0;0;0;0;0;0;0;0;0;0;0;20,0;25;10;20;10;8;11;3;2;9;7;3;6;3;5;5;10;5;1;3;2;0;6;6;2;31
21_BAR_J1_Q3;3;21_BAR_J1;21;BAR;1;81;VBC;93;False;False;False;7,816666666666666;469;9;4;5;1;3;3;0;1;2;1;0;2;2;2;1;3;0;0;2;0;0;1;1;1;3;11;20,0;25;10;20;10;8;11;3;2;9;7;3;6;3;5;5;10;5;1;3;2;0;6;6;2;31
23_BAR_J1_Q3;3;23_BAR_J1;23;BAR;1;81;VBC;93;False;True;False;5,666666666666667;340;5;2;4;2;1;2;1;1;2;1;0;0;0;1;1;2;1;0;0;0;0;0;1;1;0;7;20,0;25;10;20;10;8;11;3;2;9;7;3;6;3;5;5;10;5;1;3;2;0;6;6;2;31
43_BAR_J1_Q3;3;43_BAR_J1;43;BAR;1;81;VBC;93;False;False;False;0,0;0;0;0;0;0;0;0;0;0;0;0;0;0;0;0;0;0;0;0;0;0;0;0;0;0;0;0;20,0;25;10;20;10;8;11;3;2;9;7;3;6;3;5;5;10;5;1;3;2;0;6;6;2;31
44_BAR_J1_Q3;3;44_BAR_J1;44;BAR;1;81;VBC;93;False;False;False;4,333333333333333;260;2;1;3;2;1;1;0;0;2;2;0;0;0;0;0;0;0;0;0;1;0;0;0;0;2;1;20,0;25;10;20;10;8;11;3;2;9;7;3;6;3;5;5;10;5;1;3;2;0;6;6;2;31
BAR_BAR_J1_Q3;3;BAR_BAR_J1;BAR;BAR;1;81;VBC;93;False;False;False;50,0;3000;0;0;0;0;0;0;0;0;0;0;0;0;0;0;0;0;0;0;0;0;0;0;0;0;0;0;20,0;25;10;20;10;8;11;3;2;9;7;3;6;3;5;5;10;5;1;3;2;0;6;6;2;31
0_BAR_J1_Q4;4;0_BAR_J1;0;BAR;1;81;VBC;93;False;True;False;4,5;270;2;1;3;2;1;2;1;0;1;1;0;0;0;0;0;0;0;0;0;0;0;0;2;0;-6;2;20,0;23;9;16;7;7;11;4;2;5;3;3;3;0;1;7;8;3;4;2;1;0;7;6;0;25
2_BAR_J1_Q4;4;2_BAR_J1;2;BAR;1;81;VBC;93;False;True;False;1,9666666666666666;118;3;1;1;0;0;0;0;1;1;0;0;0;0;0;0;0;0;0;0;0;0;2;0;0;0;1;20,0;23;9;16;7;7;11;4;2;5;3;3;3;0;1;7;8;3;4;2;1;0;7;6;0;25
3_BAR_J1_Q4;4;3_BAR_J1;3;BAR;1;81;VBC;93;False;True;False;2,45;147;0;0;0;0;0;0;0;0;0;0;0;0;0;0;0;0;0;0;0;0;0;0;0;0;-4;0;20,0;23;9;16;7;7;11;4;2;5;3;3;3;0;1;7;8;3;4;2;1;0;7;6;0;25
6_BAR_J1_Q4;4;6_BAR_J1;6;BAR;1;81;VBC;93;False;False;False;3,85;231;0;0;0;0;0;0;0;0;0;0;0;0;0;0;0;0;0;0;0;0;0;0;0;0;-1;0;20,0;23;9;16;7;7;11;4;2;5;3;3;3;0;1;7;8;3;4;2;1;0;7;6;0;25
8_BAR_J1_Q4;4;8_BAR_J1;8;BAR;1;81;VBC;93;False;False;False;5,5;330;7;3;5;2;2;2;0;1;3;2;0;0;0;0;0;0;1;0;1;0;0;1;0;0;5;6;20,0;23;9;16;7;7;11;4;2;5;3;3;3;0;1;7;8;3;4;2;1;0;7;6;0;25
13_BAR_J1_Q4;4;13_BAR_J1;13;BAR;1;81;VBC;93;False;False;False;8,033333333333333;482;2;1;1;0;1;1;0;0;0;0;0;0;0;0;0;0;1;2;0;0;0;1;1;0;-1;1;20,0;23;9;16;7;7;11;4;2;5;3;3;3;0;1;7;8;3;4;2;1;0;7;6;0;25
14_BAR_J1_Q4;4;14_BAR_J1;14;BAR;1;81;VBC;93;False;True;False;2,45;147;0;0;0;0;0;0;0;0;0;0;0;0;0;0;0;0;0;0;0;0;0;0;0;0;-4;0;20,0;23;9;16;7;7;11;4;2;5;3;3;3;0;1;7;8;3;4;2;1;0;7;6;0;25
19_BAR_J1_Q4;4;19_BAR_J1;19;BAR;1;81;VBC;93;False;False;False;0,0;0;0;0;0;0;0;0;0;0;0;0;0;0;0;0;0;0;0;0;0;0;0;0;0;0;0;0;20,0;23;9;16;7;7;11;4;2;5;3;3;3;0;1;7;8;3;4;2;1;0;7;6;0;25
21_BAR_J1_Q4;4;21_BAR_J1;21;BAR;1;81;VBC;93;False;False;False;7,55;453;2;1;1;0;1;1;0;0;0;0;0;0;0;1;3;4;1;0;0;0;0;1;1;0;3;7;20,0;23;9;16;7;7;11;4;2;5;3;3;3;0;1;7;8;3;4;2;1;0;7;6;0;25
23_BAR_J1_Q4;4;23_BAR_J1;23;BAR;1;81;VBC;93;False;True;False;6,116666666666666;367;5;2;4;2;2;4;2;0;0;0;1;1;0;0;2;2;0;1;1;1;0;1;1;0;5;6;20,0;23;9;16;7;7;11;4;2;5;3;3;3;0;1;7;8;3;4;2;1;0;7;6;0;25
43_BAR_J1_Q4;4;43_BAR_J1;43;BAR;1;81;VBC;93;False;False;False;0,0;0;0;0;0;0;0;0;0;0;0;0;0;0;0;0;0;0;0;0;0;0;0;0;0;0;0;0;20,0;23;9;16;7;7;11;4;2;5;3;3;3;0;1;7;8;3;4;2;1;0;7;6;0;25
44_BAR_J1_Q4;4;44_BAR_J1;44;BAR;1;81;VBC;93;False;False;False;7,583333333333333;455;2;0;1;1;0;1;1;0;0;0;2;2;0;0;1;1;0;0;0;0;0;0;1;0;-2;3;20,0;23;9;16;7;7;11;4;2;5;3;3;3;0;1;7;8;3;4;2;1;0;7;6;0;25
BAR_BAR_J1_Q4;4;BAR_BAR_J1;BAR;BAR;1;81;VBC;93;False;False;False;50,0;3000;0;0;0;0;0;0;0;0;0;0;0;0;0;0;1;1;0;1;0;0;0;1;0;0;0;-1;20,0;23;9;16;7;7;11;4;2;5;3;3;3;0;1;7;8;3;4;2;1;0;7;6;0;25
4_GIR_J2_Q1;1;4_GIR_J2;4;GIR;2;71;UCM;93;True;True;False;5,7;342;2;1;4;3;1;4;3;0;0;0;0;0;0;2;0;2;0;1;0;0;0;0;0;0;3;0;20,0;12;4;16;12;2;8;6;2;8;6;2;3;1;5;10;15;4;5;0;0;0;3;2;0;12
5_GIR_J2_Q1;1;5_GIR_J2;5;GIR;2;71;UCM;93;True;False;False;3,8333333333333335;230;0;0;1;1;0;0;0;0;1;1;0;0;0;0;0;0;0;1;0;0;0;0;0;0;-1;-2;20,0;12;4;16;12;2;8;6;2;8;6;2;3;1;5;10;15;4;5;0;0;0;3;2;0;12
7_GIR_J2_Q1;1;7_GIR_J2;7;GIR;2;71;UCM;93;True;False;False;4,3;258;0;0;0;0;0;0;0;0;0;0;0;0;0;0;0;0;0;0;0;0;0;1;0;0;-1;-1;20,0;12;4;16;12;2;8;6;2;8;6;2;3;1;5;10;15;4;5;0;0;0;3;2;0;12
8_GIR_J2_Q1;1;8_GIR_J2;8;GIR;2;71;UCM;93;True;True;False;6,166666666666667;370;5;1;2;1;0;0;0;1;2;1;2;2;0;0;1;1;0;0;0;0;0;1;1;0;3;5;20,0;12;4;16;12;2;8;6;2;8;6;2;3;1;5;10;15;4;5;0;0;0;3;2;0;12
9_GIR_J2_Q1;1;9_GIR_J2;9;GIR;2;71;UCM;93;True;False;False;0,0;0;0;0;0;0;0;0;0;0;0;0;0;0;0;0;0;0;0;0;0;0;0;0;0;0;0;0;20,0;12;4;16;12;2;8;6;2;8;6;2;3;1;5;10;15;4;5;0;0;0;3;2;0;12
10_GIR_J2_Q1;1;10_GIR_J2;10;GIR;2;71;UCM;93;True;False;False;3,8333333333333335;230;0;0;1;1;0;0;0;0;1;1;0;0;0;0;1;1;1;1;0;0;0;0;0;0;-1;0;20,0;12;4;16;12;2;8;6;2;8;6;2;3;1;5;10;15;4;5;0;0;0;3;2;0;12
11_GIR_J2_Q1;1;11_GIR_J2;11;GIR;2;71;UCM;93;True;True;False;6,166666666666667;370;0;0;3;3;0;2;2;0;1;1;0;0;0;1;0;1;1;0;0;0;0;0;0;0;3;-1;20,0;12;4;16;12;2;8;6;2;8;6;2;3;1;5;10;15;4;5;0;0;0;3;2;0;12
12_GIR_J2_Q1;1;12_GIR_J2;12;GIR;2;71;UCM;93;True;False;False;4,3;258;0;0;0;0;0;0;0;0;0;0;0;0;0;1;2;3;0;0;0;0;0;0;0;0;-1;3;20,0;12;4;16;12;2;8;6;2;8;6;2;3;1;5;10;15;4;5;0;0;0;3;2;0;12
21_GIR_J2_Q1;1;21_GIR_J2;21;GIR;2;71;UCM;93;True;True;False;4,966666666666667;298;2;1;3;2;1;2;1;0;1;1;0;1;1;0;2;2;0;1;0;0;0;1;1;0;5;0;20,0;12;4;16;12;2;8;6;2;8;6;2;3;1;5;10;15;4;5;0;0;0;3;2;0;12
23_GIR_J2_Q1;1;23_GIR_J2;23;GIR;2;71;UCM;93;True;True;False;5,7;342;0;0;1;1;0;0;0;0;1;1;0;0;0;1;3;4;2;0;0;0;0;0;0;0;3;5;20,0;12;4;16;12;2;8;6;2;8;6;2;3;1;5;10;15;4;5;0;0;0;3;2;0;12
25_GIR_J2_Q1;1;25_GIR_J2;25;GIR;2;71;UCM;93;True;False;False;0,7333333333333333;44;0;0;0;0;0;0;0;0;0;0;0;0;0;0;0;0;0;0;0;0;0;0;0;0;-2;0;20,0;12;4;16;12;2;8;6;2;8;6;2;3;1;5;10;15;4;5;0;0;0;3;2;0;12
29_GIR_J2_Q1;1;29_GIR_J2;29;GIR;2;71;UCM;93;True;False;False;4,3;258;3;1;1;0;0;0;0;1;1;0;0;0;0;0;0;0;0;1;0;0;0;0;0;0;-1;2;20,0;12;4;16;12;2;8;6;2;8;6;2;3;1;5;10;15;4;5;0;0;0;3;2;0;12
GIR_GIR_J2_Q1;1;GIR_GIR_J2;GIR;GIR;2;71;UCM;93;True;False;False;50,0;3000;0;0;0;0;0;0;0;0;0;0;0;0;0;0;1;1;0;0;0;0;0;0;0;0;0;1;20,0;12;4;16;12;2;8;6;2;8;6;2;3;1;5;10;15;4;5;0;0;0;3;2;0;12
4_GIR_J2_Q2;2;4_GIR_J2;4;GIR;2;71;UCM;93;True;True;False;5,95;357;3;0;1;1;0;0;0;0;1;1;3;4;1;0;0;0;0;0;1;0;0;0;2;0;-8;4;20,0;18;6;16;10;3;7;4;3;9;6;3;4;1;2;6;8;5;4;2;0;0;8;5;0;15
5_GIR_J2_Q2;2;5_GIR_J2;5;GIR;2;71;UCM;93;True;False;False;5,316666666666666;319;0;0;2;2;0;0;0;0;2;2;0;0;0;0;0;0;2;2;1;0;0;1;0;0;-3;-2;20,0;18;6;16;10;3;7;4;3;9;6;3;4;1;2;6;8;5;4;2;0;0;8;5;0;15
7_GIR_J2_Q2;2;7_GIR_J2;7;GIR;2;71;UCM;93;True;False;False;4,05;243;5;2;2;0;1;1;0;1;1;0;0;0;0;0;1;1;0;0;0;0;0;1;0;0;0;5;20,0;18;6;16;10;3;7;4;3;9;6;3;4;1;2;6;8;5;4;2;0;0;8;5;0;15
8_GIR_J2_Q2;2;8_GIR_J2;8;GIR;2;71;UCM;93;True;True;False;4,633333333333334;278;3;1;4;3;0;2;2;1;2;1;0;0;0;0;0;0;0;1;0;0;0;0;0;0;-4;-1;20,0;18;6;16;10;3;7;4;3;9;6;3;4;1;2;6;8;5;4;2;0;0;8;5;0;15
9_GIR_J2_Q2;2;9_GIR_J2;9;GIR;2;71;UCM;93;True;False;False;1,55;93;0;0;0;0;0;0;0;0;0;0;0;0;0;0;0;0;0;0;0;0;0;0;0;0;1;0;20,0;18;6;16;10;3;7;4;3;9;6;3;4;1;2;6;8;5;4;2;0;0;8;5;0;15
10_GIR_J2_Q2;2;10_GIR_J2;10;GIR;2;71;UCM;93;True;False;False;5,366666666666666;322;3;1;2;1;0;0;0;1;2;1;0;0;0;0;0;0;1;0;0;0;0;0;1;0;-4;4;20,0;18;6;16;10;3;7;4;3;9;6;3;4;1;2;6;8;5;4;2;0;0;8;5;0;15
11_GIR_J2_Q2;2;11_GIR_J2;11;GIR;2;71;UCM;93;True;True;False;3,1333333333333333;188;0;0;0;0;0;0;0;0;0;0;0;0;0;0;1;1;0;0;0;0;0;2;0;0;-6;-1;20,0;18;6;16;10;3;7;4;3;9;6;3;4;1;2;6;8;5;4;2;0;0;8;5;0;15
12_GIR_J2_Q2;2;12_GIR_J2;12;GIR;2;71;UCM;93;True;False;False;4,433333333333334;266;2;1;2;1;1;1;0;0;1;1;0;0;0;0;1;1;1;0;0;0;0;0;0;0;-3;3;20,0;18;6;16;10;3;7;4;3;9;6;3;4;1;2;6;8;5;4;2;0;0;8;5;0;15
21_GIR_J2_Q2;2;21_GIR_J2;21;GIR;2;71;UCM;93;True;True;False;2,3833333333333333;143;0;0;1;1;0;1;1;0;0;0;0;0;0;0;0;0;0;1;0;0;0;1;1;0;-6;-2;20,0;18;6;16;10;3;7;4;3;9;6;3;4;1;2;6;8;5;4;2;0;0;8;5;0;15
23_GIR_J2_Q2;2;23_GIR_J2;23;GIR;2;71;UCM;93;True;True;False;6,316666666666666;379;2;1;2;1;1;2;1;0;0;0;0;0;0;1;0;1;0;0;0;0;0;0;0;0;-4;2;20,0;18;6;16;10;3;7;4;3;9;6;3;4;1;2;6;8;5;4;2;0;0;8;5;0;15
25_GIR_J2_Q2;2;25_GIR_J2;25;GIR;2;71;UCM;93;True;False;False;3,183333333333333;191;0;0;0;0;0;0;0;0;0;0;0;0;0;0;1;1;0;0;0;0;0;3;0;0;1;-2;20,0;18;6;16;10;3;7;4;3;9;6;3;4;1;2;6;8;5;4;2;0;0;8;5;0;15
29_GIR_J2_Q2;2;29_GIR_J2;29;GIR;2;71;UCM;93;True;False;False;3,683333333333333;221;0;0;0;0;0;0;0;0;0;0;0;0;0;0;1;1;1;0;0;0;0;0;1;0;-4;3;20,0;18;6;16;10;3;7;4;3;9;6;3;4;1;2;6;8;5;4;2;0;0;8;5;0;15
GIR_GIR_J2_Q2;2;GIR_GIR_J2;GIR;GIR;2;71;UCM;93;True;False;False;50,0;3000;0;0;0;0;0;0;0;0;0;0;0;0;0;1;1;2;0;0;0;0;0;0;0;0;0;2;20,0;18;6;16;10;3;7;4;3;9;6;3;4;1;2;6;8;5;4;2;0;0;8;5;0;15
4_GIR_J2_Q3;3;4_GIR_J2;4;GIR;2;71;UCM;93;True;True;False;5,55;333;5;1;1;0;1;1;0;0;0;0;3;3;0;0;1;1;0;0;0;0;0;1;3;0;1;8;20,0;22;6;17;11;5;7;2;1;10;9;9;9;0;3;6;9;2;2;0;0;0;9;8;0;19
5_GIR_J2_Q3;3;5_GIR_J2;5;GIR;2;71;UCM;93;True;False;False;3,85;231;6;0;1;1;0;1;1;0;0;0;6;6;0;0;0;0;0;0;0;0;0;0;3;0;2;8;20,0;22;6;17;11;5;7;2;1;10;9;9;9;0;3;6;9;2;2;0;0;0;9;8;0;19
7_GIR_J2_Q3;3;7_GIR_J2;7;GIR;2;71;UCM;93;True;False;False;4,45;267;0;0;1;1;0;0;0;0;1;1;0;0;0;1;0;1;0;0;0;0;0;0;0;0;-2;0;20,0;22;6;17;11;5;7;2;1;10;9;9;9;0;3;6;9;2;2;0;0;0;9;8;0;19
8_GIR_J2_Q3;3;8_GIR_J2;8;GIR;2;71;UCM;93;True;True;False;6,15;369;5;2;3;1;1;1;0;1;2;1;0;0;0;0;0;0;0;0;0;0;0;0;0;0;-3;4;20,0;22;6;17;11;5;7;2;1;10;9;9;9;0;3;6;9;2;2;0;0;0;9;8;0;19
9_GIR_J2_Q3;3;9_GIR_J2;9;GIR;2;71;UCM;93;True;False;False;2,033333333333333;122;0;0;1;1;0;0;0;0;1;1;0;0;0;0;0;0;0;0;0;0;0;0;0;0;-5;-1;20,0;22;6;17;11;5;7;2;1;10;9;9;9;0;3;6;9;2;2;0;0;0;9;8;0;19
10_GIR_J2_Q3;3;10_GIR_J2;10;GIR;2;71;UCM;93;True;False;False;3,85;231;0;0;2;2;0;0;0;0;2;2;0;0;0;1;0;1;0;0;0;0;0;0;0;0;2;-1;20,0;22;6;17;11;5;7;2;1;10;9;9;9;0;3;6;9;2;2;0;0;0;9;8;0;19
11_GIR_J2_Q3;3;11_GIR_J2;11;GIR;2;71;UCM;93;True;True;False;4,116666666666666;247;2;1;3;2;1;1;0;0;2;2;0;0;0;0;0;0;1;1;0;0;0;1;1;0;2;0;20,0;22;6;17;11;5;7;2;1;10;9;9;9;0;3;6;9;2;2;0;0;0;9;8;0;19
12_GIR_J2_Q3;3;12_GIR_J2;12;GIR;2;71;UCM;93;True;False;False;6,083333333333333;365;0;0;1;1;0;1;1;0;0;0;0;0;0;0;5;5;1;0;0;0;0;1;0;0;-1;4;20,0;22;6;17;11;5;7;2;1;10;9;9;9;0;3;6;9;2;2;0;0;0;9;8;0;19
21_GIR_J2_Q3;3;21_GIR_J2;21;GIR;2;71;UCM;93;True;True;False;2,783333333333333;167;2;1;1;0;1;1;0;0;0;0;0;0;0;0;0;0;0;0;0;0;0;1;0;0;0;1;20,0;22;6;17;11;5;7;2;1;10;9;9;9;0;3;6;9;2;2;0;0;0;9;8;0;19
23_GIR_J2_Q3;3;23_GIR_J2;23;GIR;2;71;UCM;93;True;True;False;4,116666666666666;247;0;0;0;0;0;0;0;0;0;0;0;0;0;0;0;0;0;0;0;0;0;1;1;0;2;0;20,0;22;6;17;11;5;7;2;1;10;9;9;9;0;3;6;9;2;2;0;0;0;9;8;0;19
25_GIR_J2_Q3;3;25_GIR_J2;25;GIR;2;71;UCM;93;True;False;False;1,1333333333333333;68;0;0;0;0;0;0;0;0;0;0;0;0;0;1;0;1;0;0;0;0;0;1;0;0;0;0;20,0;22;6;17;11;5;7;2;1;10;9;9;9;0;3;6;9;2;2;0;0;0;9;8;0;19
29_GIR_J2_Q3;3;29_GIR_J2;29;GIR;2;71;UCM;93;True;False;False;5,883333333333334;353;2;1;3;2;1;1;0;0;2;2;0;0;0;0;0;0;0;0;0;0;0;2;0;0;-3;-2;20,0;22;6;17;11;5;7;2;1;10;9;9;9;0;3;6;9;2;2;0;0;0;9;8;0;19
GIR_GIR_J2_Q3;3;GIR_GIR_J2;GIR;GIR;2;71;UCM;93;True;False;False;50,0;3000;0;0;0;0;0;0;0;0;0;0;0;0;0;0;0;0;0;1;0;0;0;1;0;0;0;-2;20,0;22;6;17;11;5;7;2;1;10;9;9;9;0;3;6;9;2;2;0;0;0;9;8;0;19
4_GIR_J2_Q4;4;4_GIR_J2;4;GIR;2;71;UCM;93;True;True;False;3,7333333333333334;224;0;0;0;0;0;0;0;0;0;0;0;0;0;0;1;1;0;0;0;0;0;1;0;0;-7;0;20,0;19;7;18;11;5;9;4;2;9;7;3;5;2;3;5;8;5;3;0;0;1;5;7;0;17
5_GIR_J2_Q4;4;5_GIR_J2;5;GIR;2;71;UCM;93;True;False;False;2,283333333333333;137;0;0;0;0;0;0;0;0;0;0;0;0;0;0;0;0;1;0;0;0;0;0;0;0;-5;1;20,0;19;7;18;11;5;9;4;2;9;7;3;5;2;3;5;8;5;3;0;0;1;5;7;0;17
7_GIR_J2_Q4;4;7_GIR_J2;7;GIR;2;71;UCM;93;True;False;False;3,9833333333333334;239;5;2;4;2;2;2;0;0;2;2;1;1;0;1;1;2;0;0;0;0;0;0;1;0;-5;6;20,0;19;7;18;11;5;9;4;2;9;7;3;5;2;3;5;8;5;3;0;0;1;5;7;0;17
8_GIR_J2_Q4;4;8_GIR_J2;8;GIR;2;71;UCM;93;True;True;False;8,35;501;3;1;3;2;0;1;1;1;2;1;0;0;0;0;0;0;0;0;0;0;1;1;0;0;-3;-1;20,0;19;7;18;11;5;9;4;2;9;7;3;5;2;3;5;8;5;3;0;0;1;5;7;0;17
9_GIR_J2_Q4;4;9_GIR_J2;9;GIR;2;71;UCM;93;True;False;False;0,0;0;0;0;0;0;0;0;0;0;0;0;0;0;0;0;0;0;0;0;0;0;0;0;0;0;0;0;20,0;19;7;18;11;5;9;4;2;9;7;3;5;2;3;5;8;5;3;0;0;1;5;7;0;17
10_GIR_J2_Q4;4;10_GIR_J2;10;GIR;2;71;UCM;93;True;False;False;3,933333333333333;236;4;1;2;1;1;1;0;0;1;1;2;2;0;0;0;0;0;0;0;0;0;1;1;0;-15;3;20,0;19;7;18;11;5;9;4;2;9;7;3;5;2;3;5;8;5;3;0;0;1;5;7;0;17
11_GIR_J2_Q4;4;11_GIR_J2;11;GIR;2;71;UCM;93;True;True;False;7,716666666666667;463;0;0;3;3;0;2;2;0;1;1;0;0;0;0;0;0;3;1;0;0;0;0;1;0;-10;0;20,0;19;7;18;11;5;9;4;2;9;7;3;5;2;3;5;8;5;3;0;0;1;5;7;0;17
12_GIR_J2_Q4;4;12_GIR_J2;12;GIR;2;71;UCM;93;True;False;False;6,133333333333334;368;4;2;3;1;2;2;0;0;1;1;0;0;0;1;2;3;1;1;0;0;0;1;1;0;-6;6;20,0;19;7;18;11;5;9;4;2;9;7;3;5;2;3;5;8;5;3;0;0;1;5;7;0;17
21_GIR_J2_Q4;4;21_GIR_J2;21;GIR;2;71;UCM;93;True;True;False;3,8666666666666667;232;0;0;0;0;0;0;0;0;0;0;0;0;0;0;0;0;0;0;0;0;0;1;2;0;-9;1;20,0;19;7;18;11;5;9;4;2;9;7;3;5;2;3;5;8;5;3;0;0;1;5;7;0;17
23_GIR_J2_Q4;4;23_GIR_J2;23;GIR;2;71;UCM;93;True;True;False;7,716666666666667;463;3;1;3;2;0;1;1;1;2;1;0;2;2;0;1;1;0;0;0;0;0;0;1;0;-10;1;20,0;19;7;18;11;5;9;4;2;9;7;3;5;2;3;5;8;5;3;0;0;1;5;7;0;17
25_GIR_J2_Q4;4;25_GIR_J2;25;GIR;2;71;UCM;93;True;False;False;0,0;0;0;0;0;0;0;0;0;0;0;0;0;0;0;0;0;0;0;0;0;0;0;0;0;0;0;0;20,0;19;7;18;11;5;9;4;2;9;7;3;5;2;3;5;8;5;3;0;0;1;5;7;0;17
29_GIR_J2_Q4;4;29_GIR_J2;29;GIR;2;71;UCM;93;True;False;False;2,283333333333333;137;0;0;0;0;0;0;0;0;0;0;0;0;0;0;0;0;0;0;0;0;0;0;0;0;-5;0;20,0;19;7;18;11;5;9;4;2;9;7;3;5;2;3;5;8;5;3;0;0;1;5;7;0;17
GIR_GIR_J2_Q4;4;GIR_GIR_J2;GIR;GIR;2;71;UCM;93;True;False;False;50,0;3000;0;0;0;0;0;0;0;0;0;0;0;0;0;1;0;1;0;1;0;0;0;0;0;0;0;0;20,0;19;7;18;11;5;9;4;2;9;7;3;5;2;3;5;8;5;3;0;0;1;5;7;0;17
0_UCM_J2_Q1;1;0_UCM_J2;0;UCM;2;93;GIR;71;False;False;True;5,033333333333333;302;2;1;2;1;1;2;1;0;0;0;0;0;0;1;1;2;0;0;0;0;0;0;1;0;3;4;20,0;10;4;19;15;4;6;2;0;13;13;2;2;0;5;8;13;0;0;3;0;0;2;3;0;12
1_UCM_J2_Q1;1;1_UCM_J2;1;UCM;2;93;GIR;71;False;False;True;4,483333333333333;269;0;0;3;3;0;0;0;0;3;3;0;0;0;0;1;1;0;0;0;0;0;0;0;0;6;-2;20,0;10;4;19;15;4;6;2;0;13;13;2;2;0;5;8;13;0;0;3;0;0;2;3;0;12
2_UCM_J2_Q1;1;2_UCM_J2;2;UCM;2;93;GIR;71;False;False;True;4,483333333333333;269;2;1;2;1;1;1;0;0;1;1;0;0;0;1;0;1;0;0;0;0;0;0;0;0;6;2;20,0;10;4;19;15;4;6;2;0;13;13;2;2;0;5;8;13;0;0;3;0;0;2;3;0;12
5_UCM_J2_Q1;1;5_UCM_J2;5;UCM;2;93;GIR;71;False;True;True;5,516666666666667;331;0;0;2;2;0;0;0;0;2;2;0;0;0;0;1;1;0;0;0;0;0;0;0;0;-8;-1;20,0;10;4;19;15;4;6;2;0;13;13;2;2;0;5;8;13;0;0;3;0;0;2;3;0;12
8_UCM_J2_Q1;1;8_UCM_J2;8;UCM;2;93;GIR;71;False;True;True;5,516666666666667;331;0;0;1;1;0;0;0;0;1;1;0;0;0;0;0;0;0;0;0;0;0;0;0;0;-8;-1;20,0;10;4;19;15;4;6;2;0;13;13;2;2;0;5;8;13;0;0;3;0;0;2;3;0;12
12_UCM_J2_Q1;1;12_UCM_J2;12;UCM;2;93;GIR;71;False;False;True;4,483333333333333;269;2;1;2;1;1;1;0;0;1;1;0;0;0;0;0;0;0;0;1;0;0;0;1;0;6;3;20,0;10;4;19;15;4;6;2;0;13;13;2;2;0;5;8;13;0;0;3;0;0;2;3;0;12
13_UCM_J2_Q1;1;13_UCM_J2;13;UCM;2;93;GIR;71;False;False;True;4,483333333333333;269;2;1;2;1;1;1;0;0;1;1;0;0;0;1;1;2;0;0;0;0;0;1;0;0;6;2;20,0;10;4;19;15;4;6;2;0;13;13;2;2;0;5;8;13;0;0;3;0;0;2;3;0;12
15_UCM_J2_Q1;1;15_UCM_J2;15;UCM;2;93;GIR;71;False;True;True;4,966666666666667;298;0;0;0;0;0;0;0;0;0;0;0;0;0;2;0;2;0;0;1;0;0;1;0;0;-5;2;20,0;10;4;19;15;4;6;2;0;13;13;2;2;0;5;8;13;0;0;3;0;0;2;3;0;12
21_UCM_J2_Q1;1;21_UCM_J2;21;UCM;2;93;GIR;71;False;False;True;0,0;0;0;0;0;0;0;0;0;0;0;0;0;0;0;0;0;0;0;0;0;0;0;0;0;0;0;0;20,0;10;4;19;15;4;6;2;0;13;13;2;2;0;5;8;13;0;0;3;0;0;2;3;0;12
24_UCM_J2_Q1;1;24_UCM_J2;24;UCM;2;93;GIR;71;False;False;True;0,0;0;0;0;0;0;0;0;0;0;0;0;0;0;0;0;0;0;0;0;0;0;0;0;0;0;0;0;20,0;10;4;19;15;4;6;2;0;13;13;2;2;0;5;8;13;0;0;3;0;0;2;3;0;12
31_UCM_J2_Q1;1;31_UCM_J2;31;UCM;2;93;GIR;71;False;True;True;5,516666666666667;331;0;0;2;2;0;0;0;0;2;2;0;0;0;0;0;0;0;0;1;0;0;0;0;0;-8;-1;20,0;10;4;19;15;4;6;2;0;13;13;2;2;0;5;8;13;0;0;3;0;0;2;3;0;12
99_UCM_J2_Q1;1;99_UCM_J2;99;UCM;2;93;GIR;71;False;True;True;5,516666666666667;331;2;0;3;3;0;1;1;0;2;2;2;2;0;0;0;0;0;0;0;0;0;0;1;0;-8;0;20,0;10;4;19;15;4;6;2;0;13;13;2;2;0;5;8;13;0;0;3;0;0;2;3;0;12
UCM_UCM_J2_Q1;1;UCM_UCM_J2;UCM;UCM;2;93;GIR;71;False;False;True;50,0;3000;0;0;0;0;0;0;0;0;0;0;0;0;0;0;4;4;0;0;0;0;0;0;0;0;0;4;20,0;10;4;19;15;4;6;2;0;13;13;2;2;0;5;8;13;0;0;3;0;0;2;3;0;12
0_UCM_J2_Q2;2;0_UCM_J2;0;UCM;2;93;GIR;71;False;False;True;4,883333333333334;293;4;1;1;0;1;1;0;0;0;0;2;2;0;1;1;2;0;0;0;0;0;0;1;0;9;7;20,0;26;6;13;7;3;7;4;3;6;3;11;13;2;2;8;10;3;4;2;0;0;5;8;0;31
1_UCM_J2_Q2;2;1_UCM_J2;1;UCM;2;93;GIR;71;False;False;True;5,533333333333333;332;6;2;4;2;1;2;1;1;2;1;1;1;0;0;0;0;0;1;0;0;0;0;2;0;4;5;20,0;26;6;13;7;3;7;4;3;6;3;11;13;2;2;8;10;3;4;2;0;0;5;8;0;31
2_UCM_J2_Q2;2;2_UCM_J2;2;UCM;2;93;GIR;71;False;False;True;4,9;294;2;0;0;0;0;0;0;0;0;0;2;2;0;0;0;0;0;0;0;0;0;1;1;0;1;2;20,0;26;6;13;7;3;7;4;3;6;3;11;13;2;2;8;10;3;4;2;0;0;5;8;0;31
5_UCM_J2_Q2;2;5_UCM_J2;5;UCM;2;93;GIR;71;False;True;True;4,266666666666667;256;0;0;2;2;0;2;2;0;0;0;0;0;0;0;0;0;1;0;0;0;0;0;0;0;0;-1;20,0;26;6;13;7;3;7;4;3;6;3;11;13;2;2;8;10;3;4;2;0;0;5;8;0;31
8_UCM_J2_Q2;2;8_UCM_J2;8;UCM;2;93;GIR;71;False;True;True;5,3;318;4;1;1;0;0;0;0;1;1;0;1;2;1;0;1;1;0;2;1;0;0;1;1;0;11;3;20,0;26;6;13;7;3;7;4;3;6;3;11;13;2;2;8;10;3;4;2;0;0;5;8;0;31
12_UCM_J2_Q2;2;12_UCM_J2;12;UCM;2;93;GIR;71;False;False;True;4,883333333333334;293;2;0;1;1;0;0;0;0;1;1;2;2;0;0;2;2;2;0;0;0;0;1;1;0;9;5;20,0;26;6;13;7;3;7;4;3;6;3;11;13;2;2;8;10;3;4;2;0;0;5;8;0;31
13_UCM_J2_Q2;2;13_UCM_J2;13;UCM;2;93;GIR;71;False;False;True;1,9833333333333334;119;0;0;0;0;0;0;0;0;0;0;0;0;0;1;1;2;0;0;0;0;0;0;0;0;7;2;20,0;26;6;13;7;3;7;4;3;6;3;11;13;2;2;8;10;3;4;2;0;0;5;8;0;31
15_UCM_J2_Q2;2;15_UCM_J2;15;UCM;2;93;GIR;71;False;True;True;5,116666666666666;307;1;0;0;0;0;0;0;0;0;0;1;2;1;0;2;2;0;0;1;0;0;0;1;0;-1;4;20,0;26;6;13;7;3;7;4;3;6;3;11;13;2;2;8;10;3;4;2;0;0;5;8;0;31
21_UCM_J2_Q2;2;21_UCM_J2;21;UCM;2;93;GIR;71;False;False;True;0,0;0;0;0;0;0;0;0;0;0;0;0;0;0;0;0;0;0;0;0;0;0;0;0;0;0;0;0;20,0;26;6;13;7;3;7;4;3;6;3;11;13;2;2;8;10;3;4;2;0;0;5;8;0;31
24_UCM_J2_Q2;2;24_UCM_J2;24;UCM;2;93;GIR;71;False;False;True;3,816666666666667;229;0;0;0;0;0;0;0;0;0;0;0;0;0;0;0;0;0;0;0;0;0;1;0;0;3;-1;20,0;26;6;13;7;3;7;4;3;6;3;11;13;2;2;8;10;3;4;2;0;0;5;8;0;31
31_UCM_J2_Q2;2;31_UCM_J2;31;UCM;2;93;GIR;71;False;True;True;5,116666666666666;307;7;2;4;2;1;2;1;1;2;1;2;2;0;0;0;0;0;1;0;0;0;0;1;0;-1;5;20,0;26;6;13;7;3;7;4;3;6;3;11;13;2;2;8;10;3;4;2;0;0;5;8;0;31
99_UCM_J2_Q2;2;99_UCM_J2;99;UCM;2;93;GIR;71;False;True;True;4,2;252;0;0;0;0;0;0;0;0;0;0;0;0;0;0;0;0;0;0;0;0;0;1;0;0;-2;-1;20,0;26;6;13;7;3;7;4;3;6;3;11;13;2;2;8;10;3;4;2;0;0;5;8;0;31
UCM_UCM_J2_Q2;2;UCM_UCM_J2;UCM;UCM;2;93;GIR;71;False;False;True;50,0;3000;0;0;0;0;0;0;0;0;0;0;0;0;0;0;1;1;0;0;0;0;0;0;0;0;0;1;20,0;26;6;13;7;3;7;4;3;6;3;11;13;2;2;8;10;3;4;2;0;0;5;8;0;31
0_UCM_J2_Q3;3;0_UCM_J2;0;UCM;2;93;GIR;71;False;False;True;5,966666666666667;358;2;1;2;1;1;2;1;0;0;0;0;0;0;0;2;2;0;0;0;0;0;0;2;1;-1;5;20,0;23;5;15;10;3;8;5;2;7;5;11;12;1;3;7;10;2;3;1;0;0;8;8;1;22
1_UCM_J2_Q3;3;1_UCM_J2;1;UCM;2;93;GIR;71;False;False;True;4,45;267;7;1;1;0;0;0;0;1;1;0;4;4;0;0;1;1;1;1;0;0;0;2;2;0;2;8;20,0;23;5;15;10;3;8;5;2;7;5;11;12;1;3;7;10;2;3;1;0;0;8;8;1;22
2_UCM_J2_Q3;3;2_UCM_J2;2;UCM;2;93;GIR;71;False;False;True;6,783333333333333;407;0;0;1;1;0;0;0;0;1;1;0;0;0;0;1;1;0;1;0;0;0;1;0;0;1;-2;20,0;23;5;15;10;3;8;5;2;7;5;11;12;1;3;7;10;2;3;1;0;0;8;8;1;22
5_UCM_J2_Q3;3;5_UCM_J2;5;UCM;2;93;GIR;71;False;True;True;5,55;333;2;1;3;2;1;2;1;0;1;1;0;0;0;1;0;1;1;0;0;0;0;1;0;0;-1;1;20,0;23;5;15;10;3;8;5;2;7;5;11;12;1;3;7;10;2;3;1;0;0;8;8;1;22
8_UCM_J2_Q3;3;8_UCM_J2;8;UCM;2;93;GIR;71;False;True;True;3,216666666666667;193;2;0;0;0;0;0;0;0;0;0;2;2;0;1;0;1;0;0;1;0;0;2;1;0;0;3;20,0;23;5;15;10;3;8;5;2;7;5;11;12;1;3;7;10;2;3;1;0;0;8;8;1;22
12_UCM_J2_Q3;3;12_UCM_J2;12;UCM;2;93;GIR;71;False;False;True;4,033333333333333;242;0;0;2;2;0;0;0;0;2;2;0;0;0;0;1;1;0;0;0;0;0;1;0;0;2;-2;20,0;23;5;15;10;3;8;5;2;7;5;11;12;1;3;7;10;2;3;1;0;0;8;8;1;22
13_UCM_J2_Q3;3;13_UCM_J2;13;UCM;2;93;GIR;71;False;False;True;0,0;0;0;0;0;0;0;0;0;0;0;0;0;0;0;0;0;0;0;0;0;0;0;0;0;0;0;0;20,0;23;5;15;10;3;8;5;2;7;5;11;12;1;3;7;10;2;3;1;0;0;8;8;1;22
15_UCM_J2_Q3;3;15_UCM_J2;15;UCM;2;93;GIR;71;False;True;True;4,033333333333333;242;1;0;1;1;0;1;1;0;0;0;1;2;1;1;1;2;0;0;0;0;0;0;1;0;2;2;20,0;23;5;15;10;3;8;5;2;7;5;11;12;1;3;7;10;2;3;1;0;0;8;8;1;22
21_UCM_J2_Q3;3;21_UCM_J2;21;UCM;2;93;GIR;71;False;False;True;0,0;0;0;0;0;0;0;0;0;0;0;0;0;0;0;0;0;0;0;0;0;0;0;0;0;0;0;0;20,0;23;5;15;10;3;8;5;2;7;5;11;12;1;3;7;10;2;3;1;0;0;8;8;1;22
24_UCM_J2_Q3;3;24_UCM_J2;24;UCM;2;93;GIR;71;False;False;True;3,4833333333333334;209;3;1;2;1;0;0;0;1;2;1;0;0;0;0;1;1;0;0;0;0;0;0;0;0;4;3;20,0;23;5;15;10;3;8;5;2;7;5;11;12;1;3;7;10;2;3;1;0;0;8;8;1;22
31_UCM_J2_Q3;3;31_UCM_J2;31;UCM;2;93;GIR;71;False;True;True;5,966666666666667;358;4;0;1;1;0;1;1;0;0;0;4;4;0;0;0;0;0;1;0;0;0;0;2;0;-1;4;20,0;23;5;15;10;3;8;5;2;7;5;11;12;1;3;7;10;2;3;1;0;0;8;8;1;22
99_UCM_J2_Q3;3;99_UCM_J2;99;UCM;2;93;GIR;71;False;True;True;6,516666666666667;391;2;1;2;1;1;2;1;0;0;0;0;0;0;0;0;0;0;0;0;0;0;1;0;0;-3;0;20,0;23;5;15;10;3;8;5;2;7;5;11;12;1;3;7;10;2;3;1;0;0;8;8;1;22
UCM_UCM_J2_Q3;3;UCM_UCM_J2;UCM;UCM;2;93;GIR;71;False;False;True;50,0;3000;0;0;0;0;0;0;0;0;0;0;0;0;0;0;0;0;0;0;0;0;0;0;0;0;0;0;20,0;23;5;15;10;3;8;5;2;7;5;11;12;1;3;7;10;2;3;1;0;0;8;8;1;22
0_UCM_J2_Q4;4;0_UCM_J2;0;UCM;2;93;GIR;71;False;False;True;5,833333333333333;350;3;0;1;1;0;1;1;0;0;0;3;4;1;1;0;1;0;1;0;0;0;4;3;0;14;0;20,0;34;12;19;7;6;9;3;6;10;4;4;5;1;2;8;10;4;1;1;1;0;7;4;0;38
1_UCM_J2_Q4;4;1_UCM_J2;1;UCM;2;93;GIR;71;False;False;True;5,2;312;3;1;3;2;0;0;0;1;3;2;0;0;0;0;1;1;0;0;0;0;0;0;0;0;-1;2;20,0;34;12;19;7;6;9;3;6;10;4;4;5;1;2;8;10;4;1;1;1;0;7;4;0;38
2_UCM_J2_Q4;4;2_UCM_J2;2;UCM;2;93;GIR;71;False;False;True;6,566666666666666;394;5;2;2;0;1;1;0;1;1;0;0;0;0;0;2;2;0;0;0;0;0;1;1;0;15;7;20,0;34;12;19;7;6;9;3;6;10;4;4;5;1;2;8;10;4;1;1;1;0;7;4;0;38
5_UCM_J2_Q4;4;5_UCM_J2;5;UCM;2;93;GIR;71;False;True;True;4,8;288;9;4;6;2;3;4;1;1;2;1;0;0;0;0;1;1;1;0;1;0;0;0;0;0;16;10;20,0;34;12;19;7;6;9;3;6;10;4;4;5;1;2;8;10;4;1;1;1;0;7;4;0;38
8_UCM_J2_Q4;4;8_UCM_J2;8;UCM;2;93;GIR;71;False;True;True;0,0;0;0;0;0;0;0;0;0;0;0;0;0;0;0;0;0;0;0;0;0;0;0;0;0;0;0;0;20,0;34;12;19;7;6;9;3;6;10;4;4;5;1;2;8;10;4;1;1;1;0;7;4;0;38
12_UCM_J2_Q4;4;12_UCM_J2;12;UCM;2;93;GIR;71;False;False;True;10,0;600;6;2;2;0;0;0;0;2;2;0;0;0;0;0;2;2;1;0;0;0;0;1;0;0;15;8;20,0;34;12;19;7;6;9;3;6;10;4;4;5;1;2;8;10;4;1;1;1;0;7;4;0;38
13_UCM_J2_Q4;4;13_UCM_J2;13;UCM;2;93;GIR;71;False;False;True;3,433333333333333;206;0;0;0;0;0;0;0;0;0;0;0;0;0;1;0;1;0;0;0;0;0;1;0;0;0;0;20,0;34;12;19;7;6;9;3;6;10;4;4;5;1;2;8;10;4;1;1;1;0;7;4;0;38
15_UCM_J2_Q4;4;15_UCM_J2;15;UCM;2;93;GIR;71;False;True;True;4,166666666666667;250;2;1;2;1;1;2;1;0;0;0;0;0;0;0;0;0;0;0;0;0;0;0;0;0;1;1;20,0;34;12;19;7;6;9;3;6;10;4;4;5;1;2;8;10;4;1;1;1;0;7;4;0;38
21_UCM_J2_Q4;4;21_UCM_J2;21;UCM;2;93;GIR;71;False;False;True;0,0;0;0;0;0;0;0;0;0;0;0;0;0;0;0;0;0;0;0;0;0;0;0;0;0;0;0;0;20,0;34;12;19;7;6;9;3;6;10;4;4;5;1;2;8;10;4;1;1;1;0;7;4;0;38
24_UCM_J2_Q4;4;24_UCM_J2;24;UCM;2;93;GIR;71;False;False;True;2,6666666666666665;160;0;0;0;0;0;0;0;0;0;0;0;0;0;0;0;0;0;0;0;1;0;0;0;0;1;1;20,0;34;12;19;7;6;9;3;6;10;4;4;5;1;2;8;10;4;1;1;1;0;7;4;0;38
31_UCM_J2_Q4;4;31_UCM_J2;31;UCM;2;93;GIR;71;False;True;True;3,433333333333333;206;0;0;1;1;0;0;0;0;1;1;0;0;0;0;2;2;1;0;0;0;0;0;0;0;0;2;20,0;34;12;19;7;6;9;3;6;10;4;4;5;1;2;8;10;4;1;1;1;0;7;4;0;38
99_UCM_J2_Q4;4;99_UCM_J2;99;UCM;2;93;GIR;71;False;True;True;3,9;234;6;2;2;0;1;1;0;1;1;0;1;1;0;0;0;0;1;0;0;0;0;0;0;0;14;7;20,0;34;12;19;7;6;9;3;6;10;4;4;5;1;2;8;10;4;1;1;1;0;7;4;0;38
UCM_UCM_J2_Q4;4;UCM_UCM_J2;UCM;UCM;2;93;GIR;71;False;False;True;50,0;3000;0;0;0;0;0;0;0;0;0;0;0;0;0;0;0;0;0;0;0;0;0;0;0;0;0;0;20,0;34;12;19;7;6;9;3;6;10;4;4;5;1;2;8;10;4;1;1;1;0;7;4;0;38
0_MBA_J2_Q1;1;0_MBA_J2;0;MBA;2;64;LLT;96;True;True;False;4,866666666666666;292;0;0;1;1;0;1;1;0;0;0;0;0;0;0;0;0;1;1;0;0;0;1;1;0;-5;-1;20,0;12;5;12;7;3;8;5;2;4;2;0;1;1;2;5;7;1;8;1;0;0;9;4;0;0
00_MBA_J2_Q1;1;00_MBA_J2;00;MBA;2;64;LLT;96;True;False;False;6,05;363;4;2;3;1;2;3;1;0;0;0;0;1;1;1;0;1;0;2;0;0;0;1;1;0;-10;1;20,0;12;5;12;7;3;8;5;2;4;2;0;1;1;2;5;7;1;8;1;0;0;9;4;0;0
3_MBA_J2_Q1;1;3_MBA_J2;3;MBA;2;64;LLT;96;True;True;False;3,95;237;3;1;1;0;0;0;0;1;1;0;0;0;0;0;2;2;0;0;0;0;0;0;0;0;-2;5;20,0;12;5;12;7;3;8;5;2;4;2;0;1;1;2;5;7;1;8;1;0;0;9;4;0;0
5_MBA_J2_Q1;1;5_MBA_J2;5;MBA;2;64;LLT;96;True;False;False;3,1666666666666665;190;0;0;1;1;0;1;1;0;0;0;0;0;0;0;0;0;0;1;0;0;0;2;0;0;-6;-4;20,0;12;5;12;7;3;8;5;2;4;2;0;1;1;2;5;7;1;8;1;0;0;9;4;0;0
11_MBA_J2_Q1;1;11_MBA_J2;11;MBA;2;64;LLT;96;True;False;False;5,133333333333334;308;3;1;2;1;0;0;0;1;2;1;0;0;0;0;0;0;0;1;0;0;0;1;0;0;-7;0;20,0;12;5;12;7;3;8;5;2;4;2;0;1;1;2;5;7;1;8;1;0;0;9;4;0;0
13_MBA_J2_Q1;1;13_MBA_J2;13;MBA;2;64;LLT;96;True;True;False;3,216666666666667;193;0;0;1;1;0;0;0;0;1;1;0;0;0;0;0;0;0;0;0;0;0;2;0;0;0;-3;20,0;12;5;12;7;3;8;5;2;4;2;0;1;1;2;5;7;1;8;1;0;0;9;4;0;0
20_MBA_J2_Q1;1;20_MBA_J2;20;MBA;2;64;LLT;96;True;False;False;3,6166666666666667;217;0;0;0;0;0;0;0;0;0;0;0;0;0;0;0;0;0;0;1;0;0;0;1;0;-6;2;20,0;12;5;12;7;3;8;5;2;4;2;0;1;1;2;5;7;1;8;1;0;0;9;4;0;0
22_MBA_J2_Q1;1;22_MBA_J2;22;MBA;2;64;LLT;96;True;False;False;5,133333333333334;308;2;1;1;0;1;1;0;0;0;0;0;0;0;0;1;1;0;0;0;0;0;0;0;0;-6;3;20,0;12;5;12;7;3;8;5;2;4;2;0;1;1;2;5;7;1;8;1;0;0;9;4;0;0
24_MBA_J2_Q1;1;24_MBA_J2;24;MBA;2;64;LLT;96;True;False;False;6,05;363;0;0;1;1;0;1;1;0;0;0;0;0;0;0;0;0;0;1;0;0;0;0;0;0;-10;-2;20,0;12;5;12;7;3;8;5;2;4;2;0;1;1;2;5;7;1;8;1;0;0;9;4;0;0
32_MBA_J2_Q1;1;32_MBA_J2;32;MBA;2;64;LLT;96;True;False;False;0,0;0;0;0;0;0;0;0;0;0;0;0;0;0;0;0;0;0;0;0;0;0;0;0;0;0;0;0;20,0;12;5;12;7;3;8;5;2;4;2;0;1;1;2;5;7;1;8;1;0;0;9;4;0;0
35_MBA_J2_Q1;1;35_MBA_J2;35;MBA;2;64;LLT;96;True;True;False;4,866666666666666;292;0;0;0;0;0;0;0;0;0;0;0;0;0;1;0;1;0;1;0;0;0;1;0;0;-6;-1;20,0;12;5;12;7;3;8;5;2;4;2;0;1;1;2;5;7;1;8;1;0;0;9;4;0;0
99_MBA_J2_Q1;1;99_MBA_J2;99;MBA;2;64;LLT;96;True;True;False;3,95;237;0;0;1;1;0;1;1;0;0;0;0;0;0;0;2;2;0;1;0;0;0;1;1;0;-2;0;20,0;12;5;12;7;3;8;5;2;4;2;0;1;1;2;5;7;1;8;1;0;0;9;4;0;0
MBA_MBA_J2_Q1;1;MBA_MBA_J2;MBA;MBA;2;64;LLT;96;True;False;False;50,0;3000;0;0;0;0;0;0;0;0;0;0;0;0;0;0;0;0;0;0;0;0;0;0;0;0;0;0;20,0;12;5;12;7;3;8;5;2;4;2;0;1;1;2;5;7;1;8;1;0;0;9;4;0;0
0_MBA_J2_Q2;2;0_MBA_J2;0;MBA;2;64;LLT;96;True;True;False;7,7;462;2;1;3;2;1;2;1;0;1;1;0;0;0;0;0;0;0;1;0;0;1;1;1;0;-6;-2;20,0;12;6;18;12;6;11;5;0;7;7;0;0;0;5;6;11;2;2;0;0;1;2;1;2;9
00_MBA_J2_Q2;2;00_MBA_J2;00;MBA;2;64;LLT;96;True;False;False;5,05;303;2;1;1;0;1;1;0;0;0;0;0;0;0;1;1;2;0;0;0;0;0;0;0;0;-8;4;20,0;12;6;18;12;6;11;5;0;7;7;0;0;0;5;6;11;2;2;0;0;1;2;1;2;9
3_MBA_J2_Q2;2;3_MBA_J2;3;MBA;2;64;LLT;96;True;True;False;7,7;462;0;0;3;3;0;1;1;0;2;2;0;0;0;0;1;1;1;0;0;0;0;0;0;0;-6;-1;20,0;12;6;18;12;6;11;5;0;7;7;0;0;0;5;6;11;2;2;0;0;1;2;1;2;9
5_MBA_J2_Q2;2;5_MBA_J2;5;MBA;2;64;LLT;96;True;False;False;2,3;138;0;0;0;0;0;0;0;0;0;0;0;0;0;0;0;0;0;0;0;0;0;0;0;0;-4;0;20,0;12;6;18;12;6;11;5;0;7;7;0;0;0;5;6;11;2;2;0;0;1;2;1;2;9
11_MBA_J2_Q2;2;11_MBA_J2;11;MBA;2;64;LLT;96;True;False;False;2,3;138;0;0;0;0;0;0;0;0;0;0;0;0;0;0;0;0;0;0;0;0;0;0;0;0;-4;0;20,0;12;6;18;12;6;11;5;0;7;7;0;0;0;5;6;11;2;2;0;0;1;2;1;2;9
13_MBA_J2_Q2;2;13_MBA_J2;13;MBA;2;64;LLT;96;True;True;False;2,3;138;0;0;2;2;0;1;1;0;1;1;0;0;0;0;0;0;0;0;0;0;0;0;0;0;-4;-2;20,0;12;6;18;12;6;11;5;0;7;7;0;0;0;5;6;11;2;2;0;0;1;2;1;2;9
20_MBA_J2_Q2;2;20_MBA_J2;20;MBA;2;64;LLT;96;True;False;False;0,0;0;0;0;0;0;0;0;0;0;0;0;0;0;0;0;0;0;0;0;0;0;0;0;0;0;0;0;20,0;12;6;18;12;6;11;5;0;7;7;0;0;0;5;6;11;2;2;0;0;1;2;1;2;9
22_MBA_J2_Q2;2;22_MBA_J2;22;MBA;2;64;LLT;96;True;False;False;10,0;600;0;0;3;3;0;0;0;0;3;3;0;0;0;2;3;5;0;1;0;0;0;0;0;0;-10;1;20,0;12;6;18;12;6;11;5;0;7;7;0;0;0;5;6;11;2;2;0;0;1;2;1;2;9
24_MBA_J2_Q2;2;24_MBA_J2;24;MBA;2;64;LLT;96;True;False;False;7,7;462;2;1;3;2;1;3;2;0;0;0;0;0;0;1;1;2;1;0;0;0;0;1;0;0;-6;2;20,0;12;6;18;12;6;11;5;0;7;7;0;0;0;5;6;11;2;2;0;0;1;2;1;2;9
32_MBA_J2_Q2;2;32_MBA_J2;32;MBA;2;64;LLT;96;True;False;False;4,95;297;6;3;3;0;3;3;0;0;0;0;0;0;0;1;0;1;0;0;0;0;0;0;0;2;-2;7;20,0;12;6;18;12;6;11;5;0;7;7;0;0;0;5;6;11;2;2;0;0;1;2;1;2;9
35_MBA_J2_Q2;2;35_MBA_J2;35;MBA;2;64;LLT;96;True;True;False;0,0;0;0;0;0;0;0;0;0;0;0;0;0;0;0;0;0;0;0;0;0;0;0;0;0;0;0;0;20,0;12;6;18;12;6;11;5;0;7;7;0;0;0;5;6;11;2;2;0;0;1;2;1;2;9
99_MBA_J2_Q2;2;99_MBA_J2;99;MBA;2;64;LLT;96;True;True;False;0,0;0;0;0;0;0;0;0;0;0;0;0;0;0;0;0;0;0;0;0;0;0;0;0;0;0;0;0;20,0;12;6;18;12;6;11;5;0;7;7;0;0;0;5;6;11;2;2;0;0;1;2;1;2;9
MBA_MBA_J2_Q2;2;MBA_MBA_J2;MBA;MBA;2;64;LLT;96;True;False;False;50,0;3000;0;0;0;0;0;0;0;0;0;0;0;0;0;0;0;0;0;0;0;0;0;0;0;0;0;0;20,0;12;6;18;12;6;11;5;0;7;7;0;0;0;5;6;11;2;2;0;0;1;2;1;2;9
0_MBA_J2_Q3;3;0_MBA_J2;0;MBA;2;64;LLT;96;True;True;False;4,316666666666666;259;3;0;1;1;0;0;0;0;1;1;3;3;0;0;0;0;1;2;0;0;0;0;1;0;-6;2;20,0;13;4;12;8;3;6;3;1;6;5;4;7;3;2;7;9;2;4;3;0;0;4;5;0;13
00_MBA_J2_Q3;3;00_MBA_J2;00;MBA;2;64;LLT;96;True;False;False;0,0;0;0;0;0;0;0;0;0;0;0;0;0;0;0;0;0;0;0;0;0;0;0;0;0;0;0;0;20,0;13;4;12;8;3;6;3;1;6;5;4;7;3;2;7;9;2;4;3;0;0;4;5;0;13
3_MBA_J2_Q3;3;3_MBA_J2;3;MBA;2;64;LLT;96;True;True;False;8,933333333333334;536;1;0;2;2;0;2;2;0;0;0;1;2;1;0;1;1;0;1;0;0;0;0;1;0;-3;-1;20,0;13;4;12;8;3;6;3;1;6;5;4;7;3;2;7;9;2;4;3;0;0;4;5;0;13
5_MBA_J2_Q3;3;5_MBA_J2;5;MBA;2;64;LLT;96;True;False;False;5,683333333333334;341;5;2;2;0;1;1;0;1;1;0;0;0;0;0;0;0;1;0;2;0;0;0;0;0;3;8;20,0;13;4;12;8;3;6;3;1;6;5;4;7;3;2;7;9;2;4;3;0;0;4;5;0;13
11_MBA_J2_Q3;3;11_MBA_J2;11;MBA;2;64;LLT;96;True;False;False;4,3;258;0;0;1;1;0;0;0;0;1;1;0;0;0;1;1;2;0;0;0;0;0;0;0;0;1;1;20,0;13;4;12;8;3;6;3;1;6;5;4;7;3;2;7;9;2;4;3;0;0;4;5;0;13
13_MBA_J2_Q3;3;13_MBA_J2;13;MBA;2;64;LLT;96;True;True;False;5,7;342;0;0;0;0;0;0;0;0;0;0;0;0;0;0;0;0;0;0;1;0;0;1;1;0;-4;1;20,0;13;4;12;8;3;6;3;1;6;5;4;7;3;2;7;9;2;4;3;0;0;4;5;0;13
20_MBA_J2_Q3;3;20_MBA_J2;20;MBA;2;64;LLT;96;True;False;False;0,0;0;0;0;0;0;0;0;0;0;0;0;0;0;0;0;0;0;0;0;0;0;0;0;0;0;0;0;20,0;13;4;12;8;3;6;3;1;6;5;4;7;3;2;7;9;2;4;3;0;0;4;5;0;13
22_MBA_J2_Q3;3;22_MBA_J2;22;MBA;2;64;LLT;96;True;False;False;0,0;0;0;0;0;0;0;0;0;0;0;0;0;0;0;0;0;0;0;0;0;0;0;0;0;0;0;0;20,0;13;4;12;8;3;6;3;1;6;5;4;7;3;2;7;9;2;4;3;0;0;4;5;0;13
24_MBA_J2_Q3;3;24_MBA_J2;24;MBA;2;64;LLT;96;True;False;False;1,0666666666666667;64;0;0;0;0;0;0;0;0;0;0;0;0;0;0;0;0;0;0;0;0;0;0;0;0;0;0;20,0;13;4;12;8;3;6;3;1;6;5;4;7;3;2;7;9;2;4;3;0;0;4;5;0;13
32_MBA_J2_Q3;3;32_MBA_J2;32;MBA;2;64;LLT;96;True;False;False;5,683333333333334;341;2;1;1;0;1;1;0;0;0;0;0;0;0;0;2;2;0;0;0;0;0;1;0;0;6;3;20,0;13;4;12;8;3;6;3;1;6;5;4;7;3;2;7;9;2;4;3;0;0;4;5;0;13
35_MBA_J2_Q3;3;35_MBA_J2;35;MBA;2;64;LLT;96;True;True;False;10,0;600;0;0;3;3;0;0;0;0;3;3;0;2;2;0;2;2;0;0;0;0;0;0;1;0;-3;-2;20,0;13;4;12;8;3;6;3;1;6;5;4;7;3;2;7;9;2;4;3;0;0;4;5;0;13
99_MBA_J2_Q3;3;99_MBA_J2;99;MBA;2;64;LLT;96;True;True;False;4,316666666666666;259;2;1;2;1;1;2;1;0;0;0;0;0;0;0;1;1;0;1;0;0;0;2;1;0;-9;0;20,0;13;4;12;8;3;6;3;1;6;5;4;7;3;2;7;9;2;4;3;0;0;4;5;0;13
MBA_MBA_J2_Q3;3;MBA_MBA_J2;MBA;MBA;2;64;LLT;96;True;False;False;50,0;3000;0;0;0;0;0;0;0;0;0;0;0;0;0;1;0;1;0;0;0;0;0;0;0;0;0;1;20,0;13;4;12;8;3;6;3;1;6;5;4;7;3;2;7;9;2;4;3;0;0;4;5;0;13
0_MBA_J2_Q4;4;0_MBA_J2;0;MBA;2;64;LLT;96;True;True;False;3,2;192;3;1;4;3;0;3;3;1;1;0;0;0;0;1;0;1;0;0;1;0;0;1;0;0;-4;1;20,0;27;7;17;10;2;7;5;5;10;5;8;11;3;6;5;11;4;5;1;1;0;8;6;0;24
00_MBA_J2_Q4;4;00_MBA_J2;00;MBA;2;64;LLT;96;True;False;False;4,116666666666666;247;1;0;0;0;0;0;0;0;0;0;1;2;1;2;1;3;0;2;0;0;0;3;1;0;-9;-1;20,0;27;7;17;10;2;7;5;5;10;5;8;11;3;6;5;11;4;5;1;1;0;8;6;0;24
3_MBA_J2_Q4;4;3_MBA_J2;3;MBA;2;64;LLT;96;True;True;False;2,0;120;1;0;1;1;0;0;0;0;1;1;1;2;1;0;0;0;0;0;0;0;0;0;1;0;2;0;20,0;27;7;17;10;2;7;5;5;10;5;8;11;3;6;5;11;4;5;1;1;0;8;6;0;24
5_MBA_J2_Q4;4;5_MBA_J2;5;MBA;2;64;LLT;96;True;False;False;4,45;267;2;0;0;0;0;0;0;0;0;0;2;3;1;0;1;1;3;0;0;0;0;0;1;0;4;6;20,0;27;7;17;10;2;7;5;5;10;5;8;11;3;6;5;11;4;5;1;1;0;8;6;0;24
11_MBA_J2_Q4;4;11_MBA_J2;11;MBA;2;64;LLT;96;True;False;False;4,8;288;3;1;2;1;0;0;0;1;2;1;0;0;0;0;1;1;0;0;0;0;0;1;0;0;-5;2;20,0;27;7;17;10;2;7;5;5;10;5;8;11;3;6;5;11;4;5;1;1;0;8;6;0;24
13_MBA_J2_Q4;4;13_MBA_J2;13;MBA;2;64;LLT;96;True;True;False;5,2;312;3;1;1;0;0;0;0;1;1;0;0;0;0;0;1;1;0;0;0;0;0;0;0;0;-2;4;20,0;27;7;17;10;2;7;5;5;10;5;8;11;3;6;5;11;4;5;1;1;0;8;6;0;24
20_MBA_J2_Q4;4;20_MBA_J2;20;MBA;2;64;LLT;96;True;False;False;2,35;141;0;0;1;1;0;1;1;0;0;0;0;0;0;0;0;0;0;2;0;0;0;1;0;0;-7;-4;20,0;27;7;17;10;2;7;5;5;10;5;8;11;3;6;5;11;4;5;1;1;0;8;6;0;24
22_MBA_J2_Q4;4;22_MBA_J2;22;MBA;2;64;LLT;96;True;False;False;5,5;330;3;1;2;1;0;0;0;1;2;1;0;0;0;1;0;1;0;0;0;0;0;1;0;0;-9;2;20,0;27;7;17;10;2;7;5;5;10;5;8;11;3;6;5;11;4;5;1;1;0;8;6;0;24
24_MBA_J2_Q4;4;24_MBA_J2;24;MBA;2;64;LLT;96;True;False;False;8,0;480;3;1;4;3;0;1;1;1;3;2;0;0;0;0;0;0;1;1;0;0;0;1;0;0;-9;-1;20,0;27;7;17;10;2;7;5;5;10;5;8;11;3;6;5;11;4;5;1;1;0;8;6;0;24
32_MBA_J2_Q4;4;32_MBA_J2;32;MBA;2;64;LLT;96;True;False;False;5,883333333333334;353;8;2;2;0;2;2;0;0;0;0;4;4;0;2;1;3;0;0;0;1;0;0;2;0;2;14;20,0;27;7;17;10;2;7;5;5;10;5;8;11;3;6;5;11;4;5;1;1;0;8;6;0;24
35_MBA_J2_Q4;4;35_MBA_J2;35;MBA;2;64;LLT;96;True;True;False;4,5;270;0;0;0;0;0;0;0;0;0;0;0;0;0;0;0;0;0;0;0;0;0;0;1;0;2;1;20,0;27;7;17;10;2;7;5;5;10;5;8;11;3;6;5;11;4;5;1;1;0;8;6;0;24
99_MBA_J2_Q4;4;99_MBA_J2;99;MBA;2;64;LLT;96;True;True;False;0,0;0;0;0;0;0;0;0;0;0;0;0;0;0;0;0;0;0;0;0;0;0;0;0;0;0;0;0;20,0;27;7;17;10;2;7;5;5;10;5;8;11;3;6;5;11;4;5;1;1;0;8;6;0;24
MBA_MBA_J2_Q4;4;MBA_MBA_J2;MBA;MBA;2;64;LLT;96;True;False;False;50,0;3000;0;0;0;0;0;0;0;0;0;0;0;0;0;0;0;0;0;0;0;0;0;0;0;0;0;0;20,0;27;7;17;10;2;7;5;5;10;5;8;11;3;6;5;11;4;5;1;1;0;8;6;0;24
2_LLT_J2_Q1;1;2_LLT_J2;2;LLT;2;96;MBA;64;False;False;True;0,0;0;0;0;0;0;0;0;0;0;0;0;0;0;0;0;0;0;0;0;0;0;0;0;0;0;0;0;20,0;24;7;14;7;5;8;3;2;6;4;8;8;0;2;6;8;5;2;3;0;0;4;9;0;36
3_LLT_J2_Q1;1;3_LLT_J2;3;LLT;2;96;MBA;64;False;False;True;2,65;159;5;1;1;0;0;0;0;1;1;0;2;2;0;0;0;0;1;0;1;0;0;1;2;0;6;8;20,0;24;7;14;7;5;8;3;2;6;4;8;8;0;2;6;8;5;2;3;0;0;4;9;0;36
4_LLT_J2_Q1;1;4_LLT_J2;4;LLT;2;96;MBA;64;False;False;True;0,0;0;0;0;0;0;0;0;0;0;0;0;0;0;0;0;0;0;0;0;0;0;0;0;0;0;0;0;20,0;24;7;14;7;5;8;3;2;6;4;8;8;0;2;6;8;5;2;3;0;0;4;9;0;36
6_LLT_J2_Q1;1;6_LLT_J2;6;LLT;2;96;MBA;64;False;True;True;4,816666666666666;289;0;0;2;2;0;0;0;0;2;2;0;0;0;0;1;1;1;0;0;0;0;0;0;0;5;0;20,0;24;7;14;7;5;8;3;2;6;4;8;8;0;2;6;8;5;2;3;0;0;4;9;0;36
9_LLT_J2_Q1;1;9_LLT_J2;9;LLT;2;96;MBA;64;False;True;True;7,4;444;3;1;2;1;0;1;1;1;1;0;0;0;0;0;0;0;2;1;0;0;0;0;0;0;6;3;20,0;24;7;14;7;5;8;3;2;6;4;8;8;0;2;6;8;5;2;3;0;0;4;9;0;36
11_LLT_J2_Q1;1;11_LLT_J2;11;LLT;2;96;MBA;64;False;True;True;3,95;237;0;0;1;1;0;0;0;0;1;1;0;0;0;0;1;1;0;0;0;0;0;0;1;0;2;1;20,0;24;7;14;7;5;8;3;2;6;4;8;8;0;2;6;8;5;2;3;0;0;4;9;0;36
15_LLT_J2_Q1;1;15_LLT_J2;15;LLT;2;96;MBA;64;False;False;True;5,133333333333334;308;0;0;1;1;0;1;1;0;0;0;0;0;0;0;0;0;0;1;0;0;0;0;0;0;7;-2;20,0;24;7;14;7;5;8;3;2;6;4;8;8;0;2;6;8;5;2;3;0;0;4;9;0;36
19_LLT_J2_Q1;1;19_LLT_J2;19;LLT;2;96;MBA;64;False;False;True;6,783333333333333;407;11;4;4;0;4;4;0;0;0;0;3;3;0;1;2;3;0;0;0;0;0;0;2;0;12;16;20,0;24;7;14;7;5;8;3;2;6;4;8;8;0;2;6;8;5;2;3;0;0;4;9;0;36
21_LLT_J2_Q1;1;21_LLT_J2;21;LLT;2;96;MBA;64;False;False;True;5,133333333333334;308;0;0;0;0;0;0;0;0;0;0;0;0;0;0;1;1;1;0;1;0;0;0;0;0;7;3;20,0;24;7;14;7;5;8;3;2;6;4;8;8;0;2;6;8;5;2;3;0;0;4;9;0;36
31_LLT_J2_Q1;1;31_LLT_J2;31;LLT;2;96;MBA;64;False;False;True;6,05;363;5;1;2;1;1;1;0;0;1;1;3;3;0;0;0;0;0;0;0;0;0;1;2;0;10;5;20,0;24;7;14;7;5;8;3;2;6;4;8;8;0;2;6;8;5;2;3;0;0;4;9;0;36
35_LLT_J2_Q1;1;35_LLT_J2;35;LLT;2;96;MBA;64;False;True;True;3,216666666666667;193;0;0;1;1;0;1;1;0;0;0;0;0;0;0;0;0;0;0;0;0;0;1;1;0;0;-1;20,0;24;7;14;7;5;8;3;2;6;4;8;8;0;2;6;8;5;2;3;0;0;4;9;0;36
42_LLT_J2_Q1;1;42_LLT_J2;42;LLT;2;96;MBA;64;False;True;True;4,866666666666666;292;0;0;0;0;0;0;0;0;0;0;0;0;0;1;1;2;0;0;1;0;0;1;1;0;5;3;20,0;24;7;14;7;5;8;3;2;6;4;8;8;0;2;6;8;5;2;3;0;0;4;9;0;36
LLT_LLT_J2_Q1;1;LLT_LLT_J2;LLT;LLT;2;96;MBA;64;False;False;True;50,0;3000;0;0;0;0;0;0;0;0;0;0;0;0;0;0;0;0;0;0;0;0;0;0;0;0;0;0;20,0;24;7;14;7;5;8;3;2;6;4;8;8;0;2;6;8;5;2;3;0;0;4;9;0;36
2_LLT_J2_Q2;2;2_LLT_J2;2;LLT;2;96;MBA;64;False;False;True;0,0;0;0;0;0;0;0;0;0;0;0;0;0;0;0;0;0;0;0;0;0;0;0;0;0;0;0;0;20,0;22;8;15;7;4;6;2;4;9;5;2;2;0;0;7;7;4;0;2;1;0;1;2;1;30
3_LLT_J2_Q2;2;3_LLT_J2;3;LLT;2;96;MBA;64;False;False;True;4,866666666666666;292;4;2;3;1;2;2;0;0;1;1;0;0;0;0;2;2;1;0;1;0;0;1;0;0;3;6;20,0;22;8;15;7;4;6;2;4;9;5;2;2;0;0;7;7;4;0;2;1;0;1;2;1;30
4_LLT_J2_Q2;2;4_LLT_J2;4;LLT;2;96;MBA;64;False;False;True;0,0;0;0;0;0;0;0;0;0;0;0;0;0;0;0;0;0;0;0;0;0;0;0;0;0;0;0;0;20,0;22;8;15;7;4;6;2;4;9;5;2;2;0;0;7;7;4;0;2;1;0;1;2;1;30
6_LLT_J2_Q2;2;6_LLT_J2;6;LLT;2;96;MBA;64;False;True;True;8,683333333333334;521;3;1;2;1;0;0;0;1;2;1;0;0;0;0;0;0;0;0;1;0;0;0;0;0;9;3;20,0;22;8;15;7;4;6;2;4;9;5;2;2;0;0;7;7;4;0;2;1;0;1;2;1;30
9_LLT_J2_Q2;2;9_LLT_J2;9;LLT;2;96;MBA;64;False;True;True;6,45;387;0;0;0;0;0;0;0;0;0;0;0;0;0;0;2;2;3;0;0;0;0;0;0;0;8;5;20,0;22;8;15;7;4;6;2;4;9;5;2;2;0;0;7;7;4;0;2;1;0;1;2;1;30
11_LLT_J2_Q2;2;11_LLT_J2;11;LLT;2;96;MBA;64;False;True;True;0,0;0;0;0;0;0;0;0;0;0;0;0;0;0;0;0;0;0;0;0;0;0;0;0;0;0;0;0;20,0;22;8;15;7;4;6;2;4;9;5;2;2;0;0;7;7;4;0;2;1;0;1;2;1;30
15_LLT_J2_Q2;2;15_LLT_J2;15;LLT;2;96;MBA;64;False;False;True;4,95;297;3;1;2;1;0;0;0;1;2;1;0;0;0;0;0;0;0;0;0;0;0;0;0;0;2;2;20,0;22;8;15;7;4;6;2;4;9;5;2;2;0;0;7;7;4;0;2;1;0;1;2;1;30
19_LLT_J2_Q2;2;19_LLT_J2;19;LLT;2;96;MBA;64;False;False;True;6,233333333333333;374;2;1;2;1;1;2;1;0;0;0;0;0;0;0;3;3;0;0;0;0;0;0;1;1;11;5;20,0;22;8;15;7;4;6;2;4;9;5;2;2;0;0;7;7;4;0;2;1;0;1;2;1;30
21_LLT_J2_Q2;2;21_LLT_J2;21;LLT;2;96;MBA;64;False;False;True;1,3166666666666667;79;0;0;0;0;0;0;0;0;0;0;0;0;0;0;0;0;0;0;0;0;0;0;0;0;1;0;20,0;22;8;15;7;4;6;2;4;9;5;2;2;0;0;7;7;4;0;2;1;0;1;2;1;30
31_LLT_J2_Q2;2;31_LLT_J2;31;LLT;2;96;MBA;64;False;False;True;5,05;303;0;0;2;2;0;1;1;0;1;1;0;0;0;0;0;0;0;0;0;0;0;0;0;0;8;-2;20,0;22;8;15;7;4;6;2;4;9;5;2;2;0;0;7;7;4;0;2;1;0;1;2;1;30
35_LLT_J2_Q2;2;35_LLT_J2;35;LLT;2;96;MBA;64;False;True;True;3,7666666666666666;226;2;1;1;0;1;1;0;0;0;0;0;0;0;0;0;0;0;0;0;1;0;0;0;0;-1;3;20,0;22;8;15;7;4;6;2;4;9;5;2;2;0;0;7;7;4;0;2;1;0;1;2;1;30
42_LLT_J2_Q2;2;42_LLT_J2;42;LLT;2;96;MBA;64;False;True;True;8,683333333333334;521;8;2;3;1;0;0;0;2;3;1;2;2;0;0;0;0;0;0;0;0;0;0;1;0;9;8;20,0;22;8;15;7;4;6;2;4;9;5;2;2;0;0;7;7;4;0;2;1;0;1;2;1;30
LLT_LLT_J2_Q2;2;LLT_LLT_J2;LLT;LLT;2;96;MBA;64;False;False;True;50,0;3000;0;0;0;0;0;0;0;0;0;0;0;0;0;0;0;0;0;0;0;0;0;0;0;0;0;0;20,0;22;8;15;7;4;6;2;4;9;5;2;2;0;0;7;7;4;0;2;1;0;1;2;1;30
2_LLT_J2_Q3;3;2_LLT_J2;2;LLT;2;96;MBA;64;False;False;True;2,3666666666666667;142;0;0;0;0;0;0;0;0;0;0;0;0;0;0;0;0;0;0;0;0;0;0;0;0;2;0;20,0;16;5;14;9;2;3;1;3;11;8;3;3;0;2;8;10;3;4;1;0;0;5;4;0;16
3_LLT_J2_Q3;3;3_LLT_J2;3;LLT;2;96;MBA;64;False;False;True;6,3;378;0;0;2;2;0;0;0;0;2;2;0;0;0;0;2;2;0;0;0;0;0;0;0;0;1;0;20,0;16;5;14;9;2;3;1;3;11;8;3;3;0;2;8;10;3;4;1;0;0;5;4;0;16
4_LLT_J2_Q3;3;4_LLT_J2;4;LLT;2;96;MBA;64;False;False;True;3,316666666666667;199;3;0;0;0;0;0;0;0;0;0;3;3;0;0;0;0;0;0;0;0;0;1;1;0;-8;3;20,0;16;5;14;9;2;3;1;3;11;8;3;3;0;2;8;10;3;4;1;0;0;5;4;0;16
6_LLT_J2_Q3;3;6_LLT_J2;6;LLT;2;96;MBA;64;False;True;True;8,066666666666666;484;0;0;1;1;0;0;0;0;1;1;0;0;0;0;0;0;2;0;0;0;0;1;1;0;6;1;20,0;16;5;14;9;2;3;1;3;11;8;3;3;0;2;8;10;3;4;1;0;0;5;4;0;16
9_LLT_J2_Q3;3;9_LLT_J2;9;LLT;2;96;MBA;64;False;True;True;2,316666666666667;139;3;1;2;1;0;1;1;1;1;0;0;0;0;0;0;0;0;0;1;0;0;0;0;0;7;3;20,0;16;5;14;9;2;3;1;3;11;8;3;3;0;2;8;10;3;4;1;0;0;5;4;0;16
11_LLT_J2_Q3;3;11_LLT_J2;11;LLT;2;96;MBA;64;False;True;True;4,316666666666666;259;5;2;4;2;1;1;0;1;3;2;0;0;0;0;2;2;1;0;0;0;0;0;0;0;9;6;20,0;16;5;14;9;2;3;1;3;11;8;3;3;0;2;8;10;3;4;1;0;0;5;4;0;16
15_LLT_J2_Q3;3;15_LLT_J2;15;LLT;2;96;MBA;64;False;False;True;0,0;0;0;0;0;0;0;0;0;0;0;0;0;0;0;0;0;0;0;0;0;0;0;0;0;0;0;0;20,0;16;5;14;9;2;3;1;3;11;8;3;3;0;2;8;10;3;4;1;0;0;5;4;0;16
19_LLT_J2_Q3;3;19_LLT_J2;19;LLT;2;96;MBA;64;False;False;True;3,4166666666666665;205;0;0;0;0;0;0;0;0;0;0;0;0;0;0;1;1;0;0;0;0;0;1;1;0;9;1;20,0;16;5;14;9;2;3;1;3;11;8;3;3;0;2;8;10;3;4;1;0;0;5;4;0;16
21_LLT_J2_Q3;3;21_LLT_J2;21;LLT;2;96;MBA;64;False;False;True;4,3;258;2;1;2;1;1;1;0;0;1;1;0;0;0;1;0;1;0;1;0;0;0;1;1;0;-1;1;20,0;16;5;14;9;2;3;1;3;11;8;3;3;0;2;8;10;3;4;1;0;0;5;4;0;16
31_LLT_J2_Q3;3;31_LLT_J2;31;LLT;2;96;MBA;64;False;False;True;5,683333333333334;341;0;0;1;1;0;0;0;0;1;1;0;0;0;1;1;2;0;1;0;0;0;0;0;0;-6;0;20,0;16;5;14;9;2;3;1;3;11;8;3;3;0;2;8;10;3;4;1;0;0;5;4;0;16
35_LLT_J2_Q3;3;35_LLT_J2;35;LLT;2;96;MBA;64;False;True;True;4,216666666666667;253;0;0;0;0;0;0;0;0;0;0;0;0;0;0;0;0;0;1;0;0;0;0;0;0;-8;-1;20,0;16;5;14;9;2;3;1;3;11;8;3;3;0;2;8;10;3;4;1;0;0;5;4;0;16
42_LLT_J2_Q3;3;42_LLT_J2;42;LLT;2;96;MBA;64;False;True;True;5,7;342;3;1;2;1;0;0;0;1;2;1;0;0;0;0;1;1;0;1;0;0;0;1;0;0;4;1;20,0;16;5;14;9;2;3;1;3;11;8;3;3;0;2;8;10;3;4;1;0;0;5;4;0;16
LLT_LLT_J2_Q3;3;LLT_LLT_J2;LLT;LLT;2;96;MBA;64;False;False;True;50,0;3000;0;0;0;0;0;0;0;0;0;0;0;0;0;0;1;1;0;0;0;0;0;0;0;0;0;1;20,0;16;5;14;9;2;3;1;3;11;8;3;3;0;2;8;10;3;4;1;0;0;5;4;0;16
2_LLT_J2_Q4;4;2_LLT_J2;2;LLT;2;96;MBA;64;False;False;True;5,75;345;5;2;3;1;2;3;1;0;0;0;1;1;0;0;1;1;0;0;1;0;0;3;1;0;2;4;20,0;34;10;16;6;6;10;4;4;6;2;10;12;2;1;3;4;8;1;3;0;1;6;8;0;41
3_LLT_J2_Q4;4;3_LLT_J2;3;LLT;2;96;MBA;64;False;False;True;4,866666666666666;292;10;2;3;1;1;1;0;1;2;1;5;5;0;0;0;0;2;1;2;0;0;0;3;0;7;15;20,0;34;10;16;6;6;10;4;4;6;2;10;12;2;1;3;4;8;1;3;0;1;6;8;0;41
4_LLT_J2_Q4;4;4_LLT_J2;4;LLT;2;96;MBA;64;False;False;True;5,2;312;2;1;2;1;1;2;1;0;0;0;0;0;0;0;0;0;2;0;0;0;0;0;0;0;2;3;20,0;34;10;16;6;6;10;4;4;6;2;10;12;2;1;3;4;8;1;3;0;1;6;8;0;41
6_LLT_J2_Q4;4;6_LLT_J2;6;LLT;2;96;MBA;64;False;True;True;3,1333333333333333;188;6;2;3;1;1;1;0;1;2;1;1;1;0;0;0;0;0;0;0;0;1;1;1;0;2;4;20,0;34;10;16;6;6;10;4;4;6;2;10;12;2;1;3;4;8;1;3;0;1;6;8;0;41
9_LLT_J2_Q4;4;9_LLT_J2;9;LLT;2;96;MBA;64;False;True;True;0,0;0;0;0;0;0;0;0;0;0;0;0;0;0;0;0;0;0;0;0;0;0;0;0;0;0;0;0;20,0;34;10;16;6;6;10;4;4;6;2;10;12;2;1;3;4;8;1;3;0;1;6;8;0;41
11_LLT_J2_Q4;4;11_LLT_J2;11;LLT;2;96;MBA;64;False;True;True;7,55;453;3;1;2;1;0;1;1;1;1;0;0;0;0;1;0;1;2;0;0;0;0;1;0;0;9;4;20,0;34;10;16;6;6;10;4;4;6;2;10;12;2;1;3;4;8;1;3;0;1;6;8;0;41
15_LLT_J2_Q4;4;15_LLT_J2;15;LLT;2;96;MBA;64;False;False;True;10,0;600;0;0;1;1;0;1;1;0;0;0;0;0;0;0;0;0;2;0;0;0;0;1;0;0;7;0;20,0;34;10;16;6;6;10;4;4;6;2;10;12;2;1;3;4;8;1;3;0;1;6;8;0;41
19_LLT_J2_Q4;4;19_LLT_J2;19;LLT;2;96;MBA;64;False;False;True;4,25;255;5;1;1;0;1;1;0;0;0;0;3;5;2;0;2;2;0;0;0;0;0;0;3;0;5;8;20,0;34;10;16;6;6;10;4;4;6;2;10;12;2;1;3;4;8;1;3;0;1;6;8;0;41
21_LLT_J2_Q4;4;21_LLT_J2;21;LLT;2;96;MBA;64;False;False;True;4,8;288;0;0;0;0;0;0;0;0;0;0;0;0;0;0;0;0;0;0;0;0;0;0;0;0;5;0;20,0;34;10;16;6;6;10;4;4;6;2;10;12;2;1;3;4;8;1;3;0;1;6;8;0;41
31_LLT_J2_Q4;4;31_LLT_J2;31;LLT;2;96;MBA;64;False;False;True;4,45;267;3;1;1;0;0;0;0;1;1;0;0;0;0;0;0;0;0;0;0;0;0;0;0;0;-4;3;20,0;34;10;16;6;6;10;4;4;6;2;10;12;2;1;3;4;8;1;3;0;1;6;8;0;41
35_LLT_J2_Q4;4;35_LLT_J2;35;LLT;2;96;MBA;64;False;True;True;0,0;0;0;0;0;0;0;0;0;0;0;0;0;0;0;0;0;0;0;0;0;0;0;0;0;0;0;0;20,0;34;10;16;6;6;10;4;4;6;2;10;12;2;1;3;4;8;1;3;0;1;6;8;0;41
42_LLT_J2_Q4;4;42_LLT_J2;42;LLT;2;96;MBA;64;False;True;True;0,0;0;0;0;0;0;0;0;0;0;0;0;0;0;0;0;0;0;0;0;0;0;0;0;0;0;0;0;20,0;34;10;16;6;6;10;4;4;6;2;10;12;2;1;3;4;8;1;3;0;1;6;8;0;41
LLT_LLT_J2_Q4;4;LLT_LLT_J2;LLT;LLT;2;96;MBA;64;False;False;True;50,0;3000;0;0;0;0;0;0;0;0;0;0;0;0;0;0;0;0;0;0;0;0;0;0;0;0;0;0;20,0;34;10;16;6;6;10;4;4;6;2;10;12;2;1;3;4;8;1;3;0;1;6;8;0;41
1_DGC_J2_Q1;1;1_DGC_J2;1;DGC;2;72;UNI;81;True;False;False;0,13333333333333333;8;0;0;0;0;0;0;0;0;0;0;0;0;0;0;0;0;0;0;0;0;0;0;0;0;0;0;20,0;22;7;13;6;3;6;3;4;7;3;4;8;4;1;9;10;4;4;2;2;0;4;6;0;28
2_DGC_J2_Q1;1;2_DGC_J2;2;DGC;2;72;UNI;81;True;True;False;6,4;384;3;1;3;2;1;2;1;0;1;1;1;2;1;0;0;0;0;0;0;1;0;1;1;0;0;1;20,0;22;7;13;6;3;6;3;4;7;3;4;8;4;1;9;10;4;4;2;2;0;4;6;0;28
4_DGC_J2_Q1;1;4_DGC_J2;4;DGC;2;72;UNI;81;True;False;False;0,0;0;0;0;0;0;0;0;0;0;0;0;0;0;0;0;0;0;0;0;0;0;0;0;0;0;0;0;20,0;22;7;13;6;3;6;3;4;7;3;4;8;4;1;9;10;4;4;2;2;0;4;6;0;28
5_DGC_J2_Q1;1;5_DGC_J2;5;DGC;2;72;UNI;81;True;False;False;4,033333333333333;242;5;2;2;0;1;1;0;1;1;0;0;0;0;0;1;1;0;0;0;0;0;0;0;0;5;6;20,0;22;7;13;6;3;6;3;4;7;3;4;8;4;1;9;10;4;4;2;2;0;4;6;0;28
6_DGC_J2_Q1;1;6_DGC_J2;6;DGC;2;72;UNI;81;True;True;False;5,966666666666667;358;0;0;0;0;0;0;0;0;0;0;0;0;0;0;0;0;3;1;1;0;0;0;2;0;1;5;20,0;22;7;13;6;3;6;3;4;7;3;4;8;4;1;9;10;4;4;2;2;0;4;6;0;28
9_DGC_J2_Q1;1;9_DGC_J2;9;DGC;2;72;UNI;81;True;True;False;5,35;321;1;0;1;1;0;0;0;0;1;1;1;2;1;0;1;1;0;1;0;0;0;1;1;0;-1;-1;20,0;22;7;13;6;3;6;3;4;7;3;4;8;4;1;9;10;4;4;2;2;0;4;6;0;28
10_DGC_J2_Q1;1;10_DGC_J2;10;DGC;2;72;UNI;81;True;False;False;4,516666666666667;271;0;0;0;0;0;0;0;0;0;0;0;0;0;0;0;0;0;1;1;0;0;1;0;0;7;-1;20,0;22;7;13;6;3;6;3;4;7;3;4;8;4;1;9;10;4;4;2;2;0;4;6;0;28
13_DGC_J2_Q1;1;13_DGC_J2;13;DGC;2;72;UNI;81;True;False;False;3,6;216;0;0;0;0;0;0;0;0;0;0;0;0;0;0;1;1;0;0;0;0;0;0;0;0;6;1;20,0;22;7;13;6;3;6;3;4;7;3;4;8;4;1;9;10;4;4;2;2;0;4;6;0;28
18_DGC_J2_Q1;1;18_DGC_J2;18;DGC;2;72;UNI;81;True;True;False;5,35;321;1;0;1;1;0;1;1;0;0;0;1;2;1;0;1;1;0;1;0;0;0;0;1;0;-1;0;20,0;22;7;13;6;3;6;3;4;7;3;4;8;4;1;9;10;4;4;2;2;0;4;6;0;28
21_DGC_J2_Q1;1;21_DGC_J2;21;DGC;2;72;UNI;81;True;True;False;6,4;384;6;2;2;0;0;0;0;2;2;0;0;0;0;0;1;1;0;0;0;0;0;0;0;0;0;7;20,0;22;7;13;6;3;6;3;4;7;3;4;8;4;1;9;10;4;4;2;2;0;4;6;0;28
23_DGC_J2_Q1;1;23_DGC_J2;23;DGC;2;72;UNI;81;True;False;False;4,65;279;2;1;2;1;1;2;1;0;0;0;0;0;0;1;2;3;0;0;0;1;0;1;0;0;7;4;20,0;22;7;13;6;3;6;3;4;7;3;4;8;4;1;9;10;4;4;2;2;0;4;6;0;28
24_DGC_J2_Q1;1;24_DGC_J2;24;DGC;2;72;UNI;81;True;False;False;3,6;216;4;1;2;1;0;0;0;1;2;1;1;2;1;0;0;0;1;0;0;0;0;0;1;0;6;4;20,0;22;7;13;6;3;6;3;4;7;3;4;8;4;1;9;10;4;4;2;2;0;4;6;0;28
DGC_DGC_J2_Q1;1;DGC_DGC_J2;DGC;DGC;2;72;UNI;81;True;False;False;50,0;3000;0;0;0;0;0;0;0;0;0;0;0;0;0;0;2;2;0;0;0;0;0;0;0;0;0;2;20,0;22;7;13;6;3;6;3;4;7;3;4;8;4;1;9;10;4;4;2;2;0;4;6;0;28
1_DGC_J2_Q2;2;1_DGC_J2;1;DGC;2;72;UNI;81;True;False;False;0,0;0;0;0;0;0;0;0;0;0;0;0;0;0;0;0;0;0;0;0;0;0;0;0;0;0;0;0;20,0;19;7;14;7;4;5;1;3;9;6;2;2;0;0;8;8;6;2;1;0;0;4;5;2;26
2_DGC_J2_Q2;2;2_DGC_J2;2;DGC;2;72;UNI;81;True;True;False;4,45;267;2;1;2;1;1;1;0;0;1;1;0;0;0;0;1;1;0;1;0;0;0;0;0;0;-1;1;20,0;19;7;14;7;4;5;1;3;9;6;2;2;0;0;8;8;6;2;1;0;0;4;5;2;26
4_DGC_J2_Q2;2;4_DGC_J2;4;DGC;2;72;UNI;81;True;False;False;0,0;0;0;0;0;0;0;0;0;0;0;0;0;0;0;0;0;0;0;0;0;0;0;0;0;0;0;0;20,0;19;7;14;7;4;5;1;3;9;6;2;2;0;0;8;8;6;2;1;0;0;4;5;2;26
5_DGC_J2_Q2;2;5_DGC_J2;5;DGC;2;72;UNI;81;True;False;False;1,8166666666666667;109;0;0;1;1;0;0;0;0;1;1;0;0;0;0;0;0;0;0;0;0;0;0;0;0;-4;-1;20,0;19;7;14;7;4;5;1;3;9;6;2;2;0;0;8;8;6;2;1;0;0;4;5;2;26
6_DGC_J2_Q2;2;6_DGC_J2;6;DGC;2;72;UNI;81;True;True;False;8,183333333333334;491;0;0;3;3;0;0;0;0;3;3;0;0;0;0;2;2;2;1;0;0;0;1;0;0;12;-1;20,0;19;7;14;7;4;5;1;3;9;6;2;2;0;0;8;8;6;2;1;0;0;4;5;2;26
9_DGC_J2_Q2;2;9_DGC_J2;9;DGC;2;72;UNI;81;True;True;False;8,183333333333334;491;4;1;1;0;1;1;0;0;0;0;2;2;0;0;1;1;0;0;0;0;0;0;2;1;12;7;20,0;19;7;14;7;4;5;1;3;9;6;2;2;0;0;8;8;6;2;1;0;0;4;5;2;26
10_DGC_J2_Q2;2;10_DGC_J2;10;DGC;2;72;UNI;81;True;False;False;0,5833333333333334;35;0;0;0;0;0;0;0;0;0;0;0;0;0;0;0;0;0;0;0;0;0;0;0;0;0;0;20,0;19;7;14;7;4;5;1;3;9;6;2;2;0;0;8;8;6;2;1;0;0;4;5;2;26
13_DGC_J2_Q2;2;13_DGC_J2;13;DGC;2;72;UNI;81;True;False;False;2,183333333333333;131;0;0;1;1;0;1;1;0;0;0;0;0;0;0;0;0;0;0;0;0;0;1;0;0;-2;-2;20,0;19;7;14;7;4;5;1;3;9;6;2;2;0;0;8;8;6;2;1;0;0;4;5;2;26
18_DGC_J2_Q2;2;18_DGC_J2;18;DGC;2;72;UNI;81;True;True;False;9,416666666666666;565;7;3;4;1;2;2;0;1;2;1;0;0;0;0;1;1;2;0;0;0;0;0;1;1;8;10;20,0;19;7;14;7;4;5;1;3;9;6;2;2;0;0;8;8;6;2;1;0;0;4;5;2;26
21_DGC_J2_Q2;2;21_DGC_J2;21;DGC;2;72;UNI;81;True;True;False;7,816666666666666;469;3;1;1;0;0;0;0;1;1;0;0;0;0;0;2;2;0;0;1;0;0;1;1;0;10;6;20,0;19;7;14;7;4;5;1;3;9;6;2;2;0;0;8;8;6;2;1;0;0;4;5;2;26
23_DGC_J2_Q2;2;23_DGC_J2;23;DGC;2;72;UNI;81;True;False;False;0,5833333333333334;35;0;0;0;0;0;0;0;0;0;0;0;0;0;0;0;0;0;0;0;0;0;1;0;0;0;-1;20,0;19;7;14;7;4;5;1;3;9;6;2;2;0;0;8;8;6;2;1;0;0;4;5;2;26
24_DGC_J2_Q2;2;24_DGC_J2;24;DGC;2;72;UNI;81;True;False;False;6,783333333333333;407;3;1;1;0;0;0;0;1;1;0;0;0;0;0;1;1;2;0;0;0;0;0;1;0;5;7;20,0;19;7;14;7;4;5;1;3;9;6;2;2;0;0;8;8;6;2;1;0;0;4;5;2;26
DGC_DGC_J2_Q2;2;DGC_DGC_J2;DGC;DGC;2;72;UNI;81;True;False;False;50,0;3000;0;0;0;0;0;0;0;0;0;0;0;0;0;0;0;0;0;0;0;0;0;0;0;0;0;0;20,0;19;7;14;7;4;5;1;3;9;6;2;2;0;0;8;8;6;2;1;0;0;4;5;2;26
1_DGC_J2_Q3;3;1_DGC_J2;1;DGC;2;72;UNI;81;True;False;False;0,0;0;0;0;0;0;0;0;0;0;0;0;0;0;0;0;0;0;0;0;0;0;0;0;0;0;0;0;20,0;15;3;12;9;1;7;6;2;5;3;7;11;4;2;5;7;5;5;0;0;1;10;6;0;4
2_DGC_J2_Q3;3;2_DGC_J2;2;DGC;2;72;UNI;81;True;True;False;1,8166666666666667;109;0;0;0;0;0;0;0;0;0;0;0;0;0;0;0;0;0;0;0;0;0;2;0;0;-3;-2;20,0;15;3;12;9;1;7;6;2;5;3;7;11;4;2;5;7;5;5;0;0;1;10;6;0;4
4_DGC_J2_Q3;3;4_DGC_J2;4;DGC;2;72;UNI;81;True;False;False;0,0;0;0;0;0;0;0;0;0;0;0;0;0;0;0;0;0;0;0;0;0;0;0;0;0;0;0;0;20,0;15;3;12;9;1;7;6;2;5;3;7;11;4;2;5;7;5;5;0;0;1;10;6;0;4
5_DGC_J2_Q3;3;5_DGC_J2;5;DGC;2;72;UNI;81;True;False;False;4,483333333333333;269;0;0;1;1;0;1;1;0;0;0;0;0;0;1;0;1;0;1;0;0;1;0;0;0;-9;-2;20,0;15;3;12;9;1;7;6;2;5;3;7;11;4;2;5;7;5;5;0;0;1;10;6;0;4
6_DGC_J2_Q3;3;6_DGC_J2;6;DGC;2;72;UNI;81;True;True;False;5,516666666666667;331;4;1;1;0;0;0;0;1;1;0;1;2;1;0;0;0;1;0;0;0;0;0;1;0;-10;5;20,0;15;3;12;9;1;7;6;2;5;3;7;11;4;2;5;7;5;5;0;0;1;10;6;0;4
9_DGC_J2_Q3;3;9_DGC_J2;9;DGC;2;72;UNI;81;True;True;False;8,166666666666666;490;1;0;3;3;0;1;1;0;2;2;1;3;2;0;2;2;2;2;0;0;0;1;1;0;-12;-2;20,0;15;3;12;9;1;7;6;2;5;3;7;11;4;2;5;7;5;5;0;0;1;10;6;0;4
10_DGC_J2_Q3;3;10_DGC_J2;10;DGC;2;72;UNI;81;True;False;False;4,166666666666667;250;0;0;0;0;0;0;0;0;0;0;0;0;0;0;0;0;0;1;0;0;0;2;0;0;-13;-3;20,0;15;3;12;9;1;7;6;2;5;3;7;11;4;2;5;7;5;5;0;0;1;10;6;0;4
13_DGC_J2_Q3;3;13_DGC_J2;13;DGC;2;72;UNI;81;True;False;False;6,85;411;0;0;1;1;0;1;1;0;0;0;0;0;0;0;1;1;0;0;0;0;0;1;0;0;-13;-1;20,0;15;3;12;9;1;7;6;2;5;3;7;11;4;2;5;7;5;5;0;0;1;10;6;0;4
18_DGC_J2_Q3;3;18_DGC_J2;18;DGC;2;72;UNI;81;True;True;False;6,166666666666667;370;4;1;2;1;1;2;1;0;0;0;2;2;0;0;1;1;1;0;0;0;0;1;1;0;-10;5;20,0;15;3;12;9;1;7;6;2;5;3;7;11;4;2;5;7;5;5;0;0;1;10;6;0;4
21_DGC_J2_Q3;3;21_DGC_J2;21;DGC;2;72;UNI;81;True;True;False;6,066666666666666;364;4;1;2;1;0;0;0;1;2;1;1;2;1;0;1;1;0;0;0;0;0;0;2;0;-12;5;20,0;15;3;12;9;1;7;6;2;5;3;7;11;4;2;5;7;5;5;0;0;1;10;6;0;4
23_DGC_J2_Q3;3;23_DGC_J2;23;DGC;2;72;UNI;81;True;False;False;0,9166666666666666;55;0;0;0;0;0;0;0;0;0;0;0;0;0;0;0;0;0;0;0;0;0;1;0;0;-3;-1;20,0;15;3;12;9;1;7;6;2;5;3;7;11;4;2;5;7;5;5;0;0;1;10;6;0;4
24_DGC_J2_Q3;3;24_DGC_J2;24;DGC;2;72;UNI;81;True;False;False;5,85;351;2;0;2;2;0;2;2;0;0;0;2;2;0;1;0;1;1;0;0;0;0;2;1;0;-10;1;20,0;15;3;12;9;1;7;6;2;5;3;7;11;4;2;5;7;5;5;0;0;1;10;6;0;4
DGC_DGC_J2_Q3;3;DGC_DGC_J2;DGC;DGC;2;72;UNI;81;True;False;False;50,0;3000;0;0;0;0;0;0;0;0;0;0;0;0;0;0;0;0;0;1;0;0;0;0;0;0;0;-1;20,0;15;3;12;9;1;7;6;2;5;3;7;11;4;2;5;7;5;5;0;0;1;10;6;0;4
1_DGC_J2_Q4;4;1_DGC_J2;1;DGC;2;72;UNI;81;True;False;False;0,0;0;0;0;0;0;0;0;0;0;0;0;0;0;0;0;0;0;0;0;0;0;0;0;0;0;0;0;20,0;16;5;14;9;4;5;1;1;9;8;5;9;4;3;7;10;4;1;0;0;0;5;7;3;18
2_DGC_J2_Q4;4;2_DGC_J2;2;DGC;2;72;UNI;81;True;True;False;5,766666666666667;346;2;0;1;1;0;0;0;0;1;1;2;2;0;0;0;0;0;0;0;0;0;0;1;0;-5;2;20,0;16;5;14;9;4;5;1;1;9;8;5;9;4;3;7;10;4;1;0;0;0;5;7;3;18
4_DGC_J2_Q4;4;4_DGC_J2;4;DGC;2;72;UNI;81;True;False;False;0,0;0;0;0;0;0;0;0;0;0;0;0;0;0;0;0;0;0;0;0;0;0;0;0;0;0;0;0;20,0;16;5;14;9;4;5;1;1;9;8;5;9;4;3;7;10;4;1;0;0;0;5;7;3;18
5_DGC_J2_Q4;4;5_DGC_J2;5;DGC;2;72;UNI;81;True;False;False;0,0;0;0;0;0;0;0;0;0;0;0;0;0;0;0;0;0;0;0;0;0;0;0;0;0;0;0;0;20,0;16;5;14;9;4;5;1;1;9;8;5;9;4;3;7;10;4;1;0;0;0;5;7;3;18
6_DGC_J2_Q4;4;6_DGC_J2;6;DGC;2;72;UNI;81;True;True;False;10,0;600;0;0;0;0;0;0;0;0;0;0;0;0;0;0;1;1;3;0;0;0;0;1;1;0;-4;4;20,0;16;5;14;9;4;5;1;1;9;8;5;9;4;3;7;10;4;1;0;0;0;5;7;3;18
9_DGC_J2_Q4;4;9_DGC_J2;9;DGC;2;72;UNI;81;True;True;False;7,516666666666667;451;6;2;4;2;2;2;0;0;2;2;2;3;1;1;0;1;1;1;0;0;0;0;2;1;-8;6;20,0;16;5;14;9;4;5;1;1;9;8;5;9;4;3;7;10;4;1;0;0;0;5;7;3;18
10_DGC_J2_Q4;4;10_DGC_J2;10;DGC;2;72;UNI;81;True;False;False;0,0;0;0;0;0;0;0;0;0;0;0;0;0;0;0;0;0;0;0;0;0;0;0;0;0;0;0;0;20,0;16;5;14;9;4;5;1;1;9;8;5;9;4;3;7;10;4;1;0;0;0;5;7;3;18
13_DGC_J2_Q4;4;13_DGC_J2;13;DGC;2;72;UNI;81;True;False;False;1,4666666666666666;88;0;0;0;0;0;0;0;0;0;0;0;0;0;1;0;1;0;0;0;0;0;0;0;0;-6;1;20,0;16;5;14;9;4;5;1;1;9;8;5;9;4;3;7;10;4;1;0;0;0;5;7;3;18
18_DGC_J2_Q4;4;18_DGC_J2;18;DGC;2;72;UNI;81;True;True;False;9,25;555;2;1;3;2;1;2;1;0;1;1;0;2;2;1;3;4;0;0;0;0;0;1;1;1;-7;2;20,0;16;5;14;9;4;5;1;1;9;8;5;9;4;3;7;10;4;1;0;0;0;5;7;3;18
21_DGC_J2_Q4;4;21_DGC_J2;21;DGC;2;72;UNI;81;True;True;False;8,533333333333333;512;3;1;4;3;0;0;0;1;4;3;0;0;0;0;1;1;0;0;0;0;0;1;1;0;2;1;20,0;16;5;14;9;4;5;1;1;9;8;5;9;4;3;7;10;4;1;0;0;0;5;7;3;18
23_DGC_J2_Q4;4;23_DGC_J2;23;DGC;2;72;UNI;81;True;False;False;0,75;45;2;1;1;0;1;1;0;0;0;0;0;0;0;0;0;0;0;0;0;0;0;2;0;1;3;0;20,0;16;5;14;9;4;5;1;1;9;8;5;9;4;3;7;10;4;1;0;0;0;5;7;3;18
24_DGC_J2_Q4;4;24_DGC_J2;24;DGC;2;72;UNI;81;True;False;False;6,716666666666667;403;1;0;1;1;0;0;0;0;1;1;1;2;1;0;2;2;0;0;0;0;0;0;1;0;5;2;20,0;16;5;14;9;4;5;1;1;9;8;5;9;4;3;7;10;4;1;0;0;0;5;7;3;18
DGC_DGC_J2_Q4;4;DGC_DGC_J2;DGC;DGC;2;72;UNI;81;True;False;False;50,0;3000;0;0;0;0;0;0;0;0;0;0;0;0;0;0;0;0;0;0;0;0;0;0;0;0;0;0;20,0;16;5;14;9;4;5;1;1;9;8;5;9;4;3;7;10;4;1;0;0;0;5;7;3;18
0_UNI_J2_Q1;1;0_UNI_J2;0;UNI;2;81;DGC;72;False;True;True;5,966666666666667;358;2;0;1;1;0;1;1;0;0;0;2;2;0;0;0;0;0;0;0;0;0;0;1;0;-1;2;20,0;16;6;16;10;4;8;4;2;8;6;2;2;0;1;6;7;5;4;2;0;2;6;4;0;12
2_UNI_J2_Q1;1;2_UNI_J2;2;UNI;2;81;DGC;72;False;True;True;5,35;321;3;1;1;0;0;0;0;1;1;0;0;0;0;0;1;1;1;0;0;0;0;1;0;0;1;4;20,0;16;6;16;10;4;8;4;2;8;6;2;2;0;1;6;7;5;4;2;0;2;6;4;0;12
3_UNI_J2_Q1;1;3_UNI_J2;3;UNI;2;81;DGC;72;False;True;True;5,35;321;2;1;2;1;1;1;0;0;1;1;0;0;0;0;2;2;0;2;0;0;0;1;0;0;1;0;20,0;16;6;16;10;4;8;4;2;8;6;2;2;0;1;6;7;5;4;2;0;2;6;4;0;12
4_UNI_J2_Q1;1;4_UNI_J2;4;UNI;2;81;DGC;72;False;False;True;4,033333333333333;242;0;0;2;2;0;0;0;0;2;2;0;0;0;0;0;0;2;0;0;0;0;1;0;0;-5;-1;20,0;16;6;16;10;4;8;4;2;8;6;2;2;0;1;6;7;5;4;2;0;2;6;4;0;12
7_UNI_J2_Q1;1;7_UNI_J2;7;UNI;2;81;DGC;72;False;False;True;4,65;279;0;0;1;1;0;0;0;0;1;1;0;0;0;0;0;0;0;0;0;0;0;0;0;0;-7;-1;20,0;16;6;16;10;4;8;4;2;8;6;2;2;0;1;6;7;5;4;2;0;2;6;4;0;12
9_UNI_J2_Q1;1;9_UNI_J2;9;UNI;2;81;DGC;72;False;False;True;4,033333333333333;242;3;1;1;0;0;0;0;1;1;0;0;0;0;0;0;0;0;1;0;0;0;0;1;0;-5;3;20,0;16;6;16;10;4;8;4;2;8;6;2;2;0;1;6;7;5;4;2;0;2;6;4;0;12
13_UNI_J2_Q1;1;13_UNI_J2;13;UNI;2;81;DGC;72;False;False;True;2,85;171;0;0;1;1;0;0;0;0;1;1;0;0;0;0;0;0;0;1;0;0;0;1;1;0;-5;-2;20,0;16;6;16;10;4;8;4;2;8;6;2;2;0;1;6;7;5;4;2;0;2;6;4;0;12
19_UNI_J2_Q1;1;19_UNI_J2;19;UNI;2;81;DGC;72;False;False;True;4,033333333333333;242;0;0;1;1;0;1;1;0;0;0;0;0;0;1;1;2;0;0;0;0;1;0;0;0;-5;0;20,0;16;6;16;10;4;8;4;2;8;6;2;2;0;1;6;7;5;4;2;0;2;6;4;0;12
27_UNI_J2_Q1;1;27_UNI_J2;27;UNI;2;81;DGC;72;False;True;True;3,1166666666666667;187;0;0;2;2;0;1;1;0;1;1;0;0;0;0;0;0;1;0;1;0;1;0;0;0;4;-1;20,0;16;6;16;10;4;8;4;2;8;6;2;2;0;1;6;7;5;4;2;0;2;6;4;0;12
33_UNI_J2_Q1;1;33_UNI_J2;33;UNI;2;81;DGC;72;False;False;True;0,0;0;0;0;0;0;0;0;0;0;0;0;0;0;0;0;0;0;0;0;0;0;0;0;0;0;0;0;20,0;16;6;16;10;4;8;4;2;8;6;2;2;0;1;6;7;5;4;2;0;2;6;4;0;12
45_UNI_J2_Q1;1;45_UNI_J2;45;UNI;2;81;DGC;72;False;False;True;4,65;279;4;2;3;1;2;3;1;0;0;0;0;0;0;0;0;0;0;0;0;0;0;1;0;0;-7;2;20,0;16;6;16;10;4;8;4;2;8;6;2;2;0;1;6;7;5;4;2;0;2;6;4;0;12
55_UNI_J2_Q1;1;55_UNI_J2;55;UNI;2;81;DGC;72;False;True;True;5,966666666666667;358;2;1;1;0;1;1;0;0;0;0;0;0;0;0;1;1;1;0;1;0;0;1;1;0;-1;5;20,0;16;6;16;10;4;8;4;2;8;6;2;2;0;1;6;7;5;4;2;0;2;6;4;0;12
UNI_UNI_J2_Q1;1;UNI_UNI_J2;UNI;UNI;2;81;DGC;72;False;False;True;50,0;3000;0;0;0;0;0;0;0;0;0;0;0;0;0;0;1;1;0;0;0;0;0;0;0;0;0;1;20,0;16;6;16;10;4;8;4;2;8;6;2;2;0;1;6;7;5;4;2;0;2;6;4;0;12
0_UNI_J2_Q2;2;0_UNI_J2;0;UNI;2;81;DGC;72;False;True;True;5,9;354;3;1;1;0;0;0;0;1;1;0;0;0;0;0;0;0;0;0;1;0;0;1;0;0;-12;3;20,0;11;4;16;12;3;9;6;1;7;6;2;2;0;3;6;9;3;2;2;0;0;5;4;1;10
2_UNI_J2_Q2;2;2_UNI_J2;2;UNI;2;81;DGC;72;False;True;True;5,033333333333333;302;4;1;1;0;1;1;0;0;0;0;2;2;0;0;2;2;0;0;0;0;0;0;3;1;1;9;20,0;11;4;16;12;3;9;6;1;7;6;2;2;0;3;6;9;3;2;2;0;0;5;4;1;10
3_UNI_J2_Q2;2;3_UNI_J2;3;UNI;2;81;DGC;72;False;True;True;6,633333333333334;398;0;0;0;0;0;0;0;0;0;0;0;0;0;0;0;0;1;0;0;0;0;1;0;0;-12;0;20,0;11;4;16;12;3;9;6;1;7;6;2;2;0;3;6;9;3;2;2;0;0;5;4;1;10
4_UNI_J2_Q2;2;4_UNI_J2;4;UNI;2;81;DGC;72;False;False;True;3,3666666666666667;202;0;0;1;1;0;0;0;0;1;1;0;0;0;0;1;1;0;0;0;0;0;0;0;0;4;0;20,0;11;4;16;12;3;9;6;1;7;6;2;2;0;3;6;9;3;2;2;0;0;5;4;1;10
7_UNI_J2_Q2;2;7_UNI_J2;7;UNI;2;81;DGC;72;False;False;True;0,0;0;0;0;0;0;0;0;0;0;0;0;0;0;0;0;0;0;0;0;0;0;0;0;0;0;0;0;20,0;11;4;16;12;3;9;6;1;7;6;2;2;0;3;6;9;3;2;2;0;0;5;4;1;10
9_UNI_J2_Q2;2;9_UNI_J2;9;UNI;2;81;DGC;72;False;False;True;5,066666666666666;304;0;0;1;1;0;0;0;0;1;1;0;0;0;2;0;2;1;0;0;0;0;0;0;0;-2;2;20,0;11;4;16;12;3;9;6;1;7;6;2;2;0;3;6;9;3;2;2;0;0;5;4;1;10
13_UNI_J2_Q2;2;13_UNI_J2;13;UNI;2;81;DGC;72;False;False;True;3,75;225;0;0;1;1;0;1;1;0;0;0;0;0;0;0;0;0;0;2;0;0;0;1;0;0;-8;-4;20,0;11;4;16;12;3;9;6;1;7;6;2;2;0;3;6;9;3;2;2;0;0;5;4;1;10
19_UNI_J2_Q2;2;19_UNI_J2;19;UNI;2;81;DGC;72;False;False;True;0,0;0;0;0;0;0;0;0;0;0;0;0;0;0;0;0;0;0;0;0;0;0;0;0;0;0;0;0;20,0;11;4;16;12;3;9;6;1;7;6;2;2;0;3;6;9;3;2;2;0;0;5;4;1;10
27_UNI_J2_Q2;2;27_UNI_J2;27;UNI;2;81;DGC;72;False;True;True;3,3666666666666667;202;2;1;2;1;1;2;1;0;0;0;0;0;0;0;1;1;1;0;0;0;0;0;0;0;4;3;20,0;11;4;16;12;3;9;6;1;7;6;2;2;0;3;6;9;3;2;2;0;0;5;4;1;10
33_UNI_J2_Q2;2;33_UNI_J2;33;UNI;2;81;DGC;72;False;False;True;4,1;246;0;0;2;2;0;1;1;0;1;1;0;0;0;0;1;1;0;0;1;0;0;1;0;0;4;-1;20,0;11;4;16;12;3;9;6;1;7;6;2;2;0;3;6;9;3;2;2;0;0;5;4;1;10
45_UNI_J2_Q2;2;45_UNI_J2;45;UNI;2;81;DGC;72;False;False;True;4,966666666666667;298;2;1;3;2;1;3;2;0;0;0;0;0;0;1;0;1;0;0;0;0;0;0;0;0;-9;1;20,0;11;4;16;12;3;9;6;1;7;6;2;2;0;3;6;9;3;2;2;0;0;5;4;1;10
55_UNI_J2_Q2;2;55_UNI_J2;55;UNI;2;81;DGC;72;False;True;True;7,816666666666666;469;0;0;4;4;0;1;1;0;3;3;0;0;0;0;0;0;0;0;0;0;0;1;1;0;-10;-4;20,0;11;4;16;12;3;9;6;1;7;6;2;2;0;3;6;9;3;2;2;0;0;5;4;1;10
UNI_UNI_J2_Q2;2;UNI_UNI_J2;UNI;UNI;2;81;DGC;72;False;False;True;50,0;3000;0;0;0;0;0;0;0;0;0;0;0;0;0;0;1;1;0;0;0;0;0;0;0;0;0;1;20,0;11;4;16;12;3;9;6;1;7;6;2;2;0;3;6;9;3;2;2;0;0;5;4;1;10
0_UNI_J2_Q3;3;0_UNI_J2;0;UNI;2;81;DGC;72;False;True;True;5,833333333333333;350;2;0;0;0;0;0;0;0;0;0;2;2;0;1;2;3;0;0;0;0;0;0;1;0;6;6;20,0;34;8;14;6;5;8;3;3;6;3;15;16;1;1;6;7;4;0;2;2;0;6;9;0;45
2_UNI_J2_Q3;3;2_UNI_J2;2;UNI;2;81;DGC;72;False;True;True;6,166666666666667;370;6;1;2;1;1;2;1;0;0;0;4;5;1;0;0;0;0;0;1;2;0;1;3;0;10;9;20,0;34;8;14;6;5;8;3;3;6;3;15;16;1;1;6;7;4;0;2;2;0;6;9;0;45
3_UNI_J2_Q3;3;3_UNI_J2;3;UNI;2;81;DGC;72;False;True;True;2,3333333333333335;140;0;0;1;1;0;0;0;0;1;1;0;0;0;0;0;0;0;0;0;0;0;0;0;0;5;-1;20,0;34;8;14;6;5;8;3;3;6;3;15;16;1;1;6;7;4;0;2;2;0;6;9;0;45
4_UNI_J2_Q3;3;4_UNI_J2;4;UNI;2;81;DGC;72;False;False;True;7,666666666666667;460;4;1;2;1;0;1;1;1;1;0;1;1;0;0;0;0;0;0;0;0;0;1;0;0;14;2;20,0;34;8;14;6;5;8;3;3;6;3;15;16;1;1;6;7;4;0;2;2;0;6;9;0;45
7_UNI_J2_Q3;3;7_UNI_J2;7;UNI;2;81;DGC;72;False;False;True;4,166666666666667;250;2;0;0;0;0;0;0;0;0;0;2;2;0;0;0;0;1;0;0;0;0;1;2;0;13;4;20,0;34;8;14;6;5;8;3;3;6;3;15;16;1;1;6;7;4;0;2;2;0;6;9;0;45
9_UNI_J2_Q3;3;9_UNI_J2;9;UNI;2;81;DGC;72;False;False;True;4,166666666666667;250;6;1;1;0;0;0;0;1;1;0;3;3;0;0;0;0;0;0;0;0;0;0;1;0;11;7;20,0;34;8;14;6;5;8;3;3;6;3;15;16;1;1;6;7;4;0;2;2;0;6;9;0;45
13_UNI_J2_Q3;3;13_UNI_J2;13;UNI;2;81;DGC;72;False;False;True;0,0;0;0;0;0;0;0;0;0;0;0;0;0;0;0;0;0;0;0;0;0;0;0;0;0;0;0;0;20,0;34;8;14;6;5;8;3;3;6;3;15;16;1;1;6;7;4;0;2;2;0;6;9;0;45
19_UNI_J2_Q3;3;19_UNI_J2;19;UNI;2;81;DGC;72;False;False;True;4,166666666666667;250;0;0;0;0;0;0;0;0;0;0;0;0;0;0;2;2;2;0;0;0;0;1;0;0;13;3;20,0;34;8;14;6;5;8;3;3;6;3;15;16;1;1;6;7;4;0;2;2;0;6;9;0;45
27_UNI_J2_Q3;3;27_UNI_J2;27;UNI;2;81;DGC;72;False;True;True;5,833333333333333;350;3;1;3;2;1;2;1;0;1;1;1;1;0;0;0;0;0;0;0;0;0;2;1;0;6;0;20,0;34;8;14;6;5;8;3;3;6;3;15;16;1;1;6;7;4;0;2;2;0;6;9;0;45
33_UNI_J2_Q3;3;33_UNI_J2;33;UNI;2;81;DGC;72;False;False;True;3,8333333333333335;230;5;2;2;0;1;1;0;1;1;0;0;0;0;0;0;0;0;0;0;0;0;0;0;0;9;5;20,0;34;8;14;6;5;8;3;3;6;3;15;16;1;1;6;7;4;0;2;2;0;6;9;0;45
45_UNI_J2_Q3;3;45_UNI_J2;45;UNI;2;81;DGC;72;False;False;True;0,0;0;0;0;0;0;0;0;0;0;0;0;0;0;0;0;0;0;0;0;0;0;0;0;0;0;0;0;20,0;34;8;14;6;5;8;3;3;6;3;15;16;1;1;6;7;4;0;2;2;0;6;9;0;45
55_UNI_J2_Q3;3;55_UNI_J2;55;UNI;2;81;DGC;72;False;True;True;5,833333333333333;350;6;2;3;1;2;2;0;0;1;1;2;2;0;0;2;2;1;0;1;0;0;0;1;0;8;10;20,0;34;8;14;6;5;8;3;3;6;3;15;16;1;1;6;7;4;0;2;2;0;6;9;0;45
UNI_UNI_J2_Q3;3;UNI_UNI_J2;UNI;UNI;2;81;DGC;72;False;False;True;50,0;3000;0;0;0;0;0;0;0;0;0;0;0;0;0;0;0;0;0;0;0;0;0;0;0;0;0;0;20,0;34;8;14;6;5;8;3;3;6;3;15;16;1;1;6;7;4;0;2;2;0;6;9;0;45
0_UNI_J2_Q4;4;0_UNI_J2;0;UNI;2;81;DGC;72;False;True;True;3,95;237;0;0;1;1;0;0;0;0;1;1;0;0;0;0;1;1;0;0;0;0;0;0;0;0;-5;0;20,0;20;7;15;8;4;7;3;3;8;5;3;4;1;1;8;9;5;0;1;1;0;7;5;0;25
2_UNI_J2_Q4;4;2_UNI_J2;2;UNI;2;81;DGC;72;False;True;True;6,7;402;3;0;1;1;0;1;1;0;0;0;3;4;1;0;0;0;1;0;0;0;0;2;3;0;2;3;20,0;20;7;15;8;4;7;3;3;8;5;3;4;1;1;8;9;5;0;1;1;0;7;5;0;25
3_UNI_J2_Q4;4;3_UNI_J2;3;UNI;2;81;DGC;72;False;True;True;9,033333333333333;542;7;3;4;1;2;2;0;1;2;1;0;0;0;0;2;2;0;0;0;0;0;1;1;0;3;8;20,0;20;7;15;8;4;7;3;3;8;5;3;4;1;1;8;9;5;0;1;1;0;7;5;0;25
4_UNI_J2_Q4;4;4_UNI_J2;4;UNI;2;81;DGC;72;False;False;True;2,95;177;0;0;1;1;0;0;0;0;1;1;0;0;0;0;0;0;0;0;0;0;0;0;0;0;4;-1;20,0;20;7;15;8;4;7;3;3;8;5;3;4;1;1;8;9;5;0;1;1;0;7;5;0;25
7_UNI_J2_Q4;4;7_UNI_J2;7;UNI;2;81;DGC;72;False;False;True;3,3;198;0;0;0;0;0;0;0;0;0;0;0;0;0;0;0;0;0;0;0;0;0;0;0;0;2;0;20,0;20;7;15;8;4;7;3;3;8;5;3;4;1;1;8;9;5;0;1;1;0;7;5;0;25
9_UNI_J2_Q4;4;9_UNI_J2;9;UNI;2;81;DGC;72;False;False;True;3,7333333333333334;224;0;0;1;1;0;0;0;0;1;1;0;0;0;0;1;1;1;0;0;0;0;1;0;0;1;0;20,0;20;7;15;8;4;7;3;3;8;5;3;4;1;1;8;9;5;0;1;1;0;7;5;0;25
13_UNI_J2_Q4;4;13_UNI_J2;13;UNI;2;81;DGC;72;False;False;True;0,0;0;0;0;0;0;0;0;0;0;0;0;0;0;0;0;0;0;0;0;0;0;0;0;0;0;0;0;20,0;20;7;15;8;4;7;3;3;8;5;3;4;1;1;8;9;5;0;1;1;0;7;5;0;25
19_UNI_J2_Q4;4;19_UNI_J2;19;UNI;2;81;DGC;72;False;False;True;3,3;198;0;0;0;0;0;0;0;0;0;0;0;0;0;0;2;2;0;0;0;0;0;2;0;0;2;0;20,0;20;7;15;8;4;7;3;3;8;5;3;4;1;1;8;9;5;0;1;1;0;7;5;0;25
27_UNI_J2_Q4;4;27_UNI_J2;27;UNI;2;81;DGC;72;False;True;True;4,283333333333333;257;4;2;3;1;2;3;1;0;0;0;0;0;0;0;1;1;0;0;0;0;0;0;0;0;0;4;20,0;20;7;15;8;4;7;3;3;8;5;3;4;1;1;8;9;5;0;1;1;0;7;5;0;25
33_UNI_J2_Q4;4;33_UNI_J2;33;UNI;2;81;DGC;72;False;False;True;6,05;363;6;2;3;1;0;1;1;2;2;0;0;0;0;1;0;1;1;0;1;1;0;1;0;0;9;8;20,0;20;7;15;8;4;7;3;3;8;5;3;4;1;1;8;9;5;0;1;1;0;7;5;0;25
45_UNI_J2_Q4;4;45_UNI_J2;45;UNI;2;81;DGC;72;False;False;True;0,0;0;0;0;0;0;0;0;0;0;0;0;0;0;0;0;0;0;0;0;0;0;0;0;0;0;0;0;20,0;20;7;15;8;4;7;3;3;8;5;3;4;1;1;8;9;5;0;1;1;0;7;5;0;25
55_UNI_J2_Q4;4;55_UNI_J2;55;UNI;2;81;DGC;72;False;True;True;6,7;402;0;0;1;1;0;0;0;0;1;1;0;0;0;0;0;0;2;0;0;0;0;0;1;0;2;2;20,0;20;7;15;8;4;7;3;3;8;5;3;4;1;1;8;9;5;0;1;1;0;7;5;0;25
UNI_UNI_J2_Q4;4;UNI_UNI_J2;UNI;UNI;2;81;DGC;72;False;False;True;50,0;3000;0;0;0;0;0;0;0;0;0;0;0;0;0;0;1;1;0;0;0;0;0;0;0;0;0;1;20,0;20;7;15;8;4;7;3;3;8;5;3;4;1;1;8;9;5;0;1;1;0;7;5;0;25
0_BAX_J2_Q1;1;0_BAX_J2;0;BAX;2;83;COV;68;True;False;True;3,05;183;0;0;0;0;0;0;0;0;0;0;0;0;0;0;0;0;0;0;0;1;0;0;0;0;5;1;20,0;20;7;15;8;4;9;5;3;6;3;3;3;0;0;10;10;5;4;1;2;1;3;5;0;27
2_BAX_J2_Q1;1;2_BAX_J2;2;BAX;2;83;COV;68;True;False;True;4,933333333333334;296;0;0;1;1;0;1;1;0;0;0;0;0;0;0;2;2;1;1;0;0;1;0;0;0;0;0;20,0;20;7;15;8;4;9;5;3;6;3;3;3;0;0;10;10;5;4;1;2;1;3;5;0;27
4_BAX_J2_Q1;1;4_BAX_J2;4;BAX;2;83;COV;68;True;False;True;1,9666666666666666;118;0;0;0;0;0;0;0;0;0;0;0;0;0;0;0;0;0;0;0;0;0;1;0;0;0;-1;20,0;20;7;15;8;4;9;5;3;6;3;3;3;0;0;10;10;5;4;1;2;1;3;5;0;27
8_BAX_J2_Q1;1;8_BAX_J2;8;BAX;2;83;COV;68;True;True;True;5,35;321;0;0;2;2;0;1;1;0;1;1;0;0;0;0;3;3;0;0;0;0;0;0;0;0;6;1;20,0;20;7;15;8;4;9;5;3;6;3;3;3;0;0;10;10;5;4;1;2;1;3;5;0;27
11_BAX_J2_Q1;1;11_BAX_J2;11;BAX;2;83;COV;68;True;False;True;4,65;279;4;1;1;0;1;1;0;0;0;0;2;2;0;0;1;1;0;0;0;0;0;0;1;0;3;6;20,0;20;7;15;8;4;9;5;3;6;3;3;3;0;0;10;10;5;4;1;2;1;3;5;0;27
12_BAX_J2_Q1;1;12_BAX_J2;12;BAX;2;83;COV;68;True;True;True;5,7;342;3;1;2;1;0;0;0;1;2;1;0;0;0;0;0;0;2;0;0;0;0;1;0;0;8;3;20,0;20;7;15;8;4;9;5;3;6;3;3;3;0;0;10;10;5;4;1;2;1;3;5;0;27
19_BAX_J2_Q1;1;19_BAX_J2;19;BAX;2;83;COV;68;True;False;True;4,3;258;0;0;2;2;0;1;1;0;1;1;0;0;0;0;1;1;0;1;0;1;0;0;0;0;1;-1;20,0;20;7;15;8;4;9;5;3;6;3;3;3;0;0;10;10;5;4;1;2;1;3;5;0;27
32_BAX_J2_Q1;1;32_BAX_J2;32;BAX;2;83;COV;68;True;True;True;3,7333333333333334;224;3;1;1;0;1;1;0;0;0;0;1;1;0;0;0;0;0;0;0;0;0;1;2;0;8;4;20,0;20;7;15;8;4;9;5;3;6;3;3;3;0;0;10;10;5;4;1;2;1;3;5;0;27
33_BAX_J2_Q1;1;33_BAX_J2;33;BAX;2;83;COV;68;True;True;True;5,35;321;4;2;4;2;2;4;2;0;0;0;0;0;0;0;2;2;0;0;0;0;0;0;1;0;6;5;20,0;20;7;15;8;4;9;5;3;6;3;3;3;0;0;10;10;5;4;1;2;1;3;5;0;27
47_BAX_J2_Q1;1;47_BAX_J2;47;BAX;2;83;COV;68;True;False;True;1,6;96;0;0;0;0;0;0;0;0;0;0;0;0;0;0;0;0;0;0;0;0;0;0;0;0;-2;0;20,0;20;7;15;8;4;9;5;3;6;3;3;3;0;0;10;10;5;4;1;2;1;3;5;0;27
55_BAX_J2_Q1;1;55_BAX_J2;55;BAX;2;83;COV;68;True;True;True;5,066666666666666;304;0;0;0;0;0;0;0;0;0;0;0;0;0;0;0;0;2;1;0;0;0;0;1;0;9;2;20,0;20;7;15;8;4;9;5;3;6;3;3;3;0;0;10;10;5;4;1;2;1;3;5;0;27
99_BAX_J2_Q1;1;99_BAX_J2;99;BAX;2;83;COV;68;True;False;True;4,3;258;6;2;2;0;0;0;0;2;2;0;0;0;0;0;0;0;0;1;0;0;0;0;0;0;1;5;20,0;20;7;15;8;4;9;5;3;6;3;3;3;0;0;10;10;5;4;1;2;1;3;5;0;27
BAX_BAX_J2_Q1;1;BAX_BAX_J2;BAX;BAX;2;83;COV;68;True;False;True;50,0;3000;0;0;0;0;0;0;0;0;0;0;0;0;0;0;1;1;0;0;1;0;0;0;0;0;0;2;20,0;20;7;15;8;4;9;5;3;6;3;3;3;0;0;10;10;5;4;1;2;1;3;5;0;27
0_BAX_J2_Q2;2;0_BAX_J2;0;BAX;2;83;COV;68;True;False;True;5,916666666666667;355;0;0;0;0;0;0;0;0;0;0;0;0;0;1;1;2;1;0;0;1;0;0;0;0;6;4;20,0;21;7;17;10;6;11;5;1;6;5;6;6;0;2;7;9;5;1;2;1;0;4;6;2;29
2_BAX_J2_Q2;2;2_BAX_J2;2;BAX;2;83;COV;68;True;False;True;6,266666666666667;376;2;1;4;3;1;3;2;0;1;1;0;0;0;0;1;1;1;0;0;0;0;0;0;0;6;1;20,0;21;7;17;10;6;11;5;1;6;5;6;6;0;2;7;9;5;1;2;1;0;4;6;2;29
4_BAX_J2_Q2;2;4_BAX_J2;4;BAX;2;83;COV;68;True;False;True;1,1166666666666667;67;0;0;1;1;0;1;1;0;0;0;0;0;0;0;0;0;0;0;0;0;0;1;0;0;0;-2;20,0;21;7;17;10;6;11;5;1;6;5;6;6;0;2;7;9;5;1;2;1;0;4;6;2;29
8_BAX_J2_Q2;2;8_BAX_J2;8;BAX;2;83;COV;68;True;True;True;6,083333333333333;365;2;1;4;3;1;1;0;0;3;3;0;0;0;0;2;2;0;0;0;0;0;0;1;0;4;2;20,0;21;7;17;10;6;11;5;1;6;5;6;6;0;2;7;9;5;1;2;1;0;4;6;2;29
11_BAX_J2_Q2;2;11_BAX_J2;11;BAX;2;83;COV;68;True;False;True;4,516666666666667;271;4;1;1;0;1;1;0;0;0;0;2;2;0;0;0;0;0;0;1;0;0;0;1;1;2;6;20,0;21;7;17;10;6;11;5;1;6;5;6;6;0;2;7;9;5;1;2;1;0;4;6;2;29
12_BAX_J2_Q2;2;12_BAX_J2;12;BAX;2;83;COV;68;True;True;True;5,2;312;0;0;0;0;0;0;0;0;0;0;0;0;0;0;0;0;1;0;0;0;0;1;0;0;0;0;20,0;21;7;17;10;6;11;5;1;6;5;6;6;0;2;7;9;5;1;2;1;0;4;6;2;29
19_BAX_J2_Q2;2;19_BAX_J2;19;BAX;2;83;COV;68;True;False;True;4,2;252;4;1;2;1;1;1;0;0;1;1;2;2;0;0;2;2;0;0;0;0;0;2;1;1;8;4;20,0;21;7;17;10;6;11;5;1;6;5;6;6;0;2;7;9;5;1;2;1;0;4;6;2;29
32_BAX_J2_Q2;2;32_BAX_J2;32;BAX;2;83;COV;68;True;True;True;6,016666666666667;361;4;1;1;0;1;1;0;0;0;0;2;2;0;0;0;0;1;0;0;0;0;0;2;0;10;7;20,0;21;7;17;10;6;11;5;1;6;5;6;6;0;2;7;9;5;1;2;1;0;4;6;2;29
33_BAX_J2_Q2;2;33_BAX_J2;33;BAX;2;83;COV;68;True;True;True;4,6;276;2;1;2;1;1;2;1;0;0;0;0;0;0;1;0;1;1;1;1;0;0;0;0;0;2;3;20,0;21;7;17;10;6;11;5;1;6;5;6;6;0;2;7;9;5;1;2;1;0;4;6;2;29
47_BAX_J2_Q2;2;47_BAX_J2;47;BAX;2;83;COV;68;True;False;True;0,0;0;0;0;0;0;0;0;0;0;0;0;0;0;0;0;0;0;0;0;0;0;0;0;0;0;0;0;20,0;21;7;17;10;6;11;5;1;6;5;6;6;0;2;7;9;5;1;2;1;0;4;6;2;29
55_BAX_J2_Q2;2;55_BAX_J2;55;BAX;2;83;COV;68;True;True;True;3,7333333333333334;224;0;0;1;1;0;1;1;0;0;0;0;0;0;0;0;0;0;0;0;0;0;0;1;0;2;0;20,0;21;7;17;10;6;11;5;1;6;5;6;6;0;2;7;9;5;1;2;1;0;4;6;2;29
99_BAX_J2_Q2;2;99_BAX_J2;99;BAX;2;83;COV;68;True;False;True;2,35;141;3;1;1;0;0;0;0;1;1;0;0;0;0;0;0;0;0;0;0;0;0;0;0;0;0;3;20,0;21;7;17;10;6;11;5;1;6;5;6;6;0;2;7;9;5;1;2;1;0;4;6;2;29
BAX_BAX_J2_Q2;2;BAX_BAX_J2;BAX;BAX;2;83;COV;68;True;False;True;50,0;3000;0;0;0;0;0;0;0;0;0;0;0;0;0;0;1;1;0;0;0;0;0;0;0;0;0;1;20,0;21;7;17;10;6;11;5;1;6;5;6;6;0;2;7;9;5;1;2;1;0;4;6;2;29
0_BAX_J2_Q3;3;0_BAX_J2;0;BAX;2;83;COV;68;True;False;True;3,6;216;2;1;1;0;1;1;0;0;0;0;0;0;0;0;0;0;0;0;0;0;0;0;0;1;7;2;20,0;28;11;24;13;8;18;10;3;6;3;3;5;2;6;7;13;7;1;0;0;0;7;5;1;30
2_BAX_J2_Q3;3;2_BAX_J2;2;BAX;2;83;COV;68;True;False;True;5,433333333333334;326;0;0;0;0;0;0;0;0;0;0;0;0;0;0;0;0;3;0;0;0;0;1;1;0;5;3;20,0;28;11;24;13;8;18;10;3;6;3;3;5;2;6;7;13;7;1;0;0;0;7;5;1;30
4_BAX_J2_Q3;3;4_BAX_J2;4;BAX;2;83;COV;68;True;False;True;0,0;0;0;0;0;0;0;0;0;0;0;0;0;0;0;0;0;0;0;0;0;0;0;0;0;0;0;0;20,0;28;11;24;13;8;18;10;3;6;3;3;5;2;6;7;13;7;1;0;0;0;7;5;1;30
8_BAX_J2_Q3;3;8_BAX_J2;8;BAX;2;83;COV;68;True;True;True;4,466666666666667;268;4;1;2;1;1;1;0;0;1;1;2;2;0;1;1;2;1;1;0;0;0;2;1;0;-4;4;20,0;28;11;24;13;8;18;10;3;6;3;3;5;2;6;7;13;7;1;0;0;0;7;5;1;30
11_BAX_J2_Q3;3;11_BAX_J2;11;BAX;2;83;COV;68;True;False;True;5,533333333333333;332;4;2;3;1;2;3;1;0;0;0;0;0;0;0;1;1;0;0;0;0;0;1;1;0;8;4;20,0;28;11;24;13;8;18;10;3;6;3;3;5;2;6;7;13;7;1;0;0;0;7;5;1;30
12_BAX_J2_Q3;3;12_BAX_J2;12;BAX;2;83;COV;68;True;True;True;4,466666666666667;268;3;1;2;1;0;1;1;1;1;0;0;0;0;0;0;0;0;0;0;0;0;0;0;0;-4;2;20,0;28;11;24;13;8;18;10;3;6;3;3;5;2;6;7;13;7;1;0;0;0;7;5;1;30
19_BAX_J2_Q3;3;19_BAX_J2;19;BAX;2;83;COV;68;True;False;True;5,533333333333333;332;3;1;3;2;0;2;2;1;1;0;0;0;0;2;0;2;0;0;0;0;0;0;0;0;8;3;20,0;28;11;24;13;8;18;10;3;6;3;3;5;2;6;7;13;7;1;0;0;0;7;5;1;30
32_BAX_J2_Q3;3;32_BAX_J2;32;BAX;2;83;COV;68;True;True;True;4,533333333333333;272;0;0;1;1;0;1;1;0;0;0;0;0;0;0;1;1;1;0;0;0;0;1;0;0;-4;0;20,0;28;11;24;13;8;18;10;3;6;3;3;5;2;6;7;13;7;1;0;0;0;7;5;1;30
33_BAX_J2_Q3;3;33_BAX_J2;33;BAX;2;83;COV;68;True;True;True;6,4;384;6;3;6;3;3;6;3;0;0;0;0;2;2;3;1;4;0;0;0;0;0;0;1;0;-3;6;20,0;28;11;24;13;8;18;10;3;6;3;3;5;2;6;7;13;7;1;0;0;0;7;5;1;30
47_BAX_J2_Q3;3;47_BAX_J2;47;BAX;2;83;COV;68;True;False;True;0,0;0;0;0;0;0;0;0;0;0;0;0;0;0;0;0;0;0;0;0;0;0;0;0;0;0;0;0;20,0;28;11;24;13;8;18;10;3;6;3;3;5;2;6;7;13;7;1;0;0;0;7;5;1;30
55_BAX_J2_Q3;3;55_BAX_J2;55;BAX;2;83;COV;68;True;True;True;4,566666666666666;274;0;0;0;0;0;0;0;0;0;0;0;0;0;0;1;1;2;0;0;0;0;1;0;0;-1;2;20,0;28;11;24;13;8;18;10;3;6;3;3;5;2;6;7;13;7;1;0;0;0;7;5;1;30
99_BAX_J2_Q3;3;99_BAX_J2;99;BAX;2;83;COV;68;True;False;True;5,466666666666667;328;6;2;6;4;1;3;2;1;3;2;1;1;0;0;1;1;0;0;0;0;0;1;1;0;8;3;20,0;28;11;24;13;8;18;10;3;6;3;3;5;2;6;7;13;7;1;0;0;0;7;5;1;30
BAX_BAX_J2_Q3;3;BAX_BAX_J2;BAX;BAX;2;83;COV;68;True;False;True;50,0;3000;0;0;0;0;0;0;0;0;0;0;0;0;0;0;1;1;0;0;0;0;0;0;0;0;0;1;20,0;28;11;24;13;8;18;10;3;6;3;3;5;2;6;7;13;7;1;0;0;0;7;5;1;30
0_BAX_J2_Q4;4;0_BAX_J2;0;BAX;2;83;COV;68;True;False;True;4,616666666666666;277;2;1;1;0;1;1;0;0;0;0;0;0;0;1;0;1;0;1;0;1;0;2;0;0;-2;1;20,0;14;5;14;9;4;8;4;1;6;5;3;5;2;2;7;9;2;4;1;4;0;6;4;0;13
2_BAX_J2_Q4;4;2_BAX_J2;2;BAX;2;83;COV;68;True;False;True;4,983333333333333;299;3;1;1;0;0;0;0;1;1;0;0;0;0;0;0;0;0;0;0;0;0;1;0;0;7;2;20,0;14;5;14;9;4;8;4;1;6;5;3;5;2;2;7;9;2;4;1;4;0;6;4;0;13
4_BAX_J2_Q4;4;4_BAX_J2;4;BAX;2;83;COV;68;True;False;True;5,9;354;0;0;0;0;0;0;0;0;0;0;0;0;0;0;0;0;0;0;0;0;0;0;1;0;-16;1;20,0;14;5;14;9;4;8;4;1;6;5;3;5;2;2;7;9;2;4;1;4;0;6;4;0;13
8_BAX_J2_Q4;4;8_BAX_J2;8;BAX;2;83;COV;68;True;True;True;4,35;261;1;0;3;3;0;1;1;0;2;2;1;2;1;0;1;1;0;0;0;0;0;1;1;0;2;-2;20,0;14;5;14;9;4;8;4;1;6;5;3;5;2;2;7;9;2;4;1;4;0;6;4;0;13
11_BAX_J2_Q4;4;11_BAX_J2;11;BAX;2;83;COV;68;True;False;True;3,7666666666666666;226;0;0;1;1;0;1;1;0;0;0;0;0;0;0;0;0;0;0;0;0;0;0;0;0;1;-1;20,0;14;5;14;9;4;8;4;1;6;5;3;5;2;2;7;9;2;4;1;4;0;6;4;0;13
12_BAX_J2_Q4;4;12_BAX_J2;12;BAX;2;83;COV;68;True;True;True;7,233333333333333;434;2;1;3;2;1;1;0;0;2;2;0;0;0;1;2;3;0;0;0;1;0;0;0;0;-8;4;20,0;14;5;14;9;4;8;4;1;6;5;3;5;2;2;7;9;2;4;1;4;0;6;4;0;13
19_BAX_J2_Q4;4;19_BAX_J2;19;BAX;2;83;COV;68;True;False;True;2,6666666666666665;160;0;0;1;1;0;1;1;0;0;0;0;0;0;0;0;0;0;0;0;1;0;0;0;0;0;0;20,0;14;5;14;9;4;8;4;1;6;5;3;5;2;2;7;9;2;4;1;4;0;6;4;0;13
32_BAX_J2_Q4;4;32_BAX_J2;32;BAX;2;83;COV;68;True;True;True;5,75;345;3;1;1;0;1;1;0;0;0;0;1;2;1;0;0;0;1;2;0;0;0;1;1;0;-5;1;20,0;14;5;14;9;4;8;4;1;6;5;3;5;2;2;7;9;2;4;1;4;0;6;4;0;13
33_BAX_J2_Q4;4;33_BAX_J2;33;BAX;2;83;COV;68;True;True;True;3,4;204;0;0;1;1;0;1;1;0;0;0;0;0;0;0;1;1;1;0;0;1;0;1;0;0;3;1;20,0;14;5;14;9;4;8;4;1;6;5;3;5;2;2;7;9;2;4;1;4;0;6;4;0;13
47_BAX_J2_Q4;4;47_BAX_J2;47;BAX;2;83;COV;68;True;False;True;1,8833333333333333;113;0;0;0;0;0;0;0;0;0;0;0;0;0;0;1;1;0;0;0;0;0;0;0;0;-9;1;20,0;14;5;14;9;4;8;4;1;6;5;3;5;2;2;7;9;2;4;1;4;0;6;4;0;13
55_BAX_J2_Q4;4;55_BAX_J2;55;BAX;2;83;COV;68;True;True;True;2,433333333333333;146;3;1;1;0;1;1;0;0;0;0;1;1;0;0;0;0;0;1;0;0;0;0;1;0;1;3;20,0;14;5;14;9;4;8;4;1;6;5;3;5;2;2;7;9;2;4;1;4;0;6;4;0;13
99_BAX_J2_Q4;4;99_BAX_J2;99;BAX;2;83;COV;68;True;False;True;3,0166666666666666;181;0;0;1;1;0;0;0;0;1;1;0;0;0;0;0;0;0;0;0;0;0;0;0;0;-4;-1;20,0;14;5;14;9;4;8;4;1;6;5;3;5;2;2;7;9;2;4;1;4;0;6;4;0;13
BAX_BAX_J2_Q4;4;BAX_BAX_J2;BAX;BAX;2;83;COV;68;True;False;True;50,0;3000;0;0;0;0;0;0;0;0;0;0;0;0;0;0;2;2;0;0;1;0;0;0;0;0;0;3;20,0;14;5;14;9;4;8;4;1;6;5;3;5;2;2;7;9;2;4;1;4;0;6;4;0;13
2_COV_J2_Q1;1;2_COV_J2;2;COV;2;68;BAX;83;False;False;False;4,65;279;0;0;2;2;0;1;1;0;1;1;0;0;0;0;0;0;0;0;1;0;0;0;0;0;-3;-1;20,0;11;5;22;17;4;14;10;1;8;7;0;0;0;6;8;14;1;5;1;1;2;5;3;0;2
3_COV_J2_Q1;1;3_COV_J2;3;COV;2;68;BAX;83;False;True;False;5,35;321;0;0;2;2;0;1;1;0;1;1;0;0;0;0;0;0;0;1;0;0;0;0;0;0;-6;-3;20,0;11;5;22;17;4;14;10;1;8;7;0;0;0;6;8;14;1;5;1;1;2;5;3;0;2
7_COV_J2_Q1;1;7_COV_J2;7;COV;2;68;BAX;83;False;False;False;3,933333333333333;236;2;1;2;1;1;2;1;0;0;0;0;0;0;2;0;2;0;0;0;1;0;1;0;0;-1;3;20,0;11;5;22;17;4;14;10;1;8;7;0;0;0;6;8;14;1;5;1;1;2;5;3;0;2
11_COV_J2_Q1;1;11_COV_J2;11;COV;2;68;BAX;83;False;True;False;1,9;114;0;0;1;1;0;0;0;0;1;1;0;0;0;0;0;0;0;1;0;0;0;2;0;0;-5;-4;20,0;11;5;22;17;4;14;10;1;8;7;0;0;0;6;8;14;1;5;1;1;2;5;3;0;2
13_COV_J2_Q1;1;13_COV_J2;13;COV;2;68;BAX;83;False;True;False;6,7;402;3;1;3;2;0;1;1;1;2;1;0;0;0;0;0;0;0;1;0;0;0;0;1;0;-8;1;20,0;11;5;22;17;4;14;10;1;8;7;0;0;0;6;8;14;1;5;1;1;2;5;3;0;2
15_COV_J2_Q1;1;15_COV_J2;15;COV;2;68;BAX;83;False;False;False;0,0;0;0;0;0;0;0;0;0;0;0;0;0;0;0;0;0;0;0;0;0;0;0;0;0;0;0;0;20,0;11;5;22;17;4;14;10;1;8;7;0;0;0;6;8;14;1;5;1;1;2;5;3;0;2
16_COV_J2_Q1;1;16_COV_J2;16;COV;2;68;BAX;83;False;False;False;1,9666666666666666;118;0;0;0;0;0;0;0;0;0;0;0;0;0;0;0;0;0;0;0;0;0;0;0;0;0;0;20,0;11;5;22;17;4;14;10;1;8;7;0;0;0;6;8;14;1;5;1;1;2;5;3;0;2
22_COV_J2_Q1;1;22_COV_J2;22;COV;2;68;BAX;83;False;False;False;6,133333333333334;368;0;0;2;2;0;1;1;0;1;1;0;0;0;0;1;1;0;0;0;0;0;1;0;0;-4;-2;20,0;11;5;22;17;4;14;10;1;8;7;0;0;0;6;8;14;1;5;1;1;2;5;3;0;2
23_COV_J2_Q1;1;23_COV_J2;23;COV;2;68;BAX;83;False;False;False;3,3;198;2;1;3;2;1;2;1;0;1;1;0;0;0;0;1;1;0;0;0;0;1;0;1;0;-1;1;20,0;11;5;22;17;4;14;10;1;8;7;0;0;0;6;8;14;1;5;1;1;2;5;3;0;2
29_COV_J2_Q1;1;29_COV_J2;29;COV;2;68;BAX;83;False;True;False;5,35;321;2;1;2;1;1;2;1;0;0;0;0;0;0;0;0;0;0;0;0;0;0;0;1;0;-6;2;20,0;11;5;22;17;4;14;10;1;8;7;0;0;0;6;8;14;1;5;1;1;2;5;3;0;2
35_COV_J2_Q1;1;35_COV_J2;35;COV;2;68;BAX;83;False;True;False;6,066666666666666;364;2;1;2;1;1;2;1;0;0;0;0;0;0;2;5;7;0;1;0;0;0;1;0;0;-8;6;20,0;11;5;22;17;4;14;10;1;8;7;0;0;0;6;8;14;1;5;1;1;2;5;3;0;2
77_COV_J2_Q1;1;77_COV_J2;77;COV;2;68;BAX;83;False;False;False;4,65;279;0;0;3;3;0;2;2;0;1;1;0;0;0;0;0;0;1;0;0;0;1;0;0;0;-3;-3;20,0;11;5;22;17;4;14;10;1;8;7;0;0;0;6;8;14;1;5;1;1;2;5;3;0;2
COV_COV_J2_Q1;1;COV_COV_J2;COV;COV;2;68;BAX;83;False;False;False;50,0;3000;0;0;0;0;0;0;0;0;0;0;0;0;0;2;1;3;0;1;0;0;0;0;0;0;0;2;20,0;11;5;22;17;4;14;10;1;8;7;0;0;0;6;8;14;1;5;1;1;2;5;3;0;2
2_COV_J2_Q2;2;2_COV_J2;2;COV;2;68;BAX;83;False;False;False;5,266666666666667;316;3;1;1;0;0;0;0;1;1;0;0;0;0;0;1;1;0;1;1;0;0;2;0;0;0;2;20,0;13;5;17;12;4;12;8;1;5;4;2;2;0;5;8;13;2;5;1;0;1;6;4;0;9
3_COV_J2_Q2;2;3_COV_J2;3;COV;2;68;BAX;83;False;True;False;8,016666666666667;481;2;1;5;4;1;4;3;0;1;1;0;0;0;0;1;1;1;1;0;0;0;0;0;0;-8;-1;20,0;13;5;17;12;4;12;8;1;5;4;2;2;0;5;8;13;2;5;1;0;1;6;4;0;9
7_COV_J2_Q2;2;7_COV_J2;7;COV;2;68;BAX;83;False;False;False;4,333333333333333;260;0;0;0;0;0;0;0;0;0;0;0;0;0;0;3;3;0;0;0;0;0;0;0;0;0;3;20,0;13;5;17;12;4;12;8;1;5;4;2;2;0;5;8;13;2;5;1;0;1;6;4;0;9
11_COV_J2_Q2;2;11_COV_J2;11;COV;2;68;BAX;83;False;True;False;0,0;0;0;0;0;0;0;0;0;0;0;0;0;0;0;0;0;0;0;0;0;0;0;0;0;0;0;0;20,0;13;5;17;12;4;12;8;1;5;4;2;2;0;5;8;13;2;5;1;0;1;6;4;0;9
13_COV_J2_Q2;2;13_COV_J2;13;COV;2;68;BAX;83;False;True;False;6,716666666666667;403;2;1;4;3;1;3;2;0;1;1;0;0;0;2;0;2;0;0;0;0;0;1;0;0;-8;0;20,0;13;5;17;12;4;12;8;1;5;4;2;2;0;5;8;13;2;5;1;0;1;6;4;0;9
15_COV_J2_Q2;2;15_COV_J2;15;COV;2;68;BAX;83;False;False;False;3,05;183;0;0;1;1;0;1;1;0;0;0;0;0;0;2;1;3;0;1;0;0;0;1;0;0;-6;0;20,0;13;5;17;12;4;12;8;1;5;4;2;2;0;5;8;13;2;5;1;0;1;6;4;0;9
16_COV_J2_Q2;2;16_COV_J2;16;COV;2;68;BAX;83;False;False;False;0,0;0;0;0;0;0;0;0;0;0;0;0;0;0;0;0;0;0;0;0;0;0;0;0;0;0;0;0;20,0;13;5;17;12;4;12;8;1;5;4;2;2;0;5;8;13;2;5;1;0;1;6;4;0;9
22_COV_J2_Q2;2;22_COV_J2;22;COV;2;68;BAX;83;False;False;False;4,783333333333333;287;0;0;1;1;0;0;0;0;1;1;0;0;0;1;0;1;1;0;0;0;0;0;0;0;-4;1;20,0;13;5;17;12;4;12;8;1;5;4;2;2;0;5;8;13;2;5;1;0;1;6;4;0;9
23_COV_J2_Q2;2;23_COV_J2;23;COV;2;68;BAX;83;False;False;False;5,216666666666667;313;0;0;3;3;0;2;2;0;1;1;0;0;0;0;0;0;0;1;0;0;1;1;1;0;-4;-5;20,0;13;5;17;12;4;12;8;1;5;4;2;2;0;5;8;13;2;5;1;0;1;6;4;0;9
29_COV_J2_Q2;2;29_COV_J2;29;COV;2;68;BAX;83;False;True;False;9,133333333333333;548;4;1;1;0;1;1;0;0;0;0;2;2;0;0;2;2;0;0;0;0;0;0;3;0;-8;9;20,0;13;5;17;12;4;12;8;1;5;4;2;2;0;5;8;13;2;5;1;0;1;6;4;0;9
35_COV_J2_Q2;2;35_COV_J2;35;COV;2;68;BAX;83;False;True;False;2,6166666666666667;157;0;0;0;0;0;0;0;0;0;0;0;0;0;0;0;0;0;1;0;0;0;1;0;0;-2;-2;20,0;13;5;17;12;4;12;8;1;5;4;2;2;0;5;8;13;2;5;1;0;1;6;4;0;9
77_COV_J2_Q2;2;77_COV_J2;77;COV;2;68;BAX;83;False;False;False;0,8666666666666667;52;2;1;1;0;1;1;0;0;0;0;0;0;0;0;0;0;0;0;0;0;0;0;0;0;0;2;20,0;13;5;17;12;4;12;8;1;5;4;2;2;0;5;8;13;2;5;1;0;1;6;4;0;9
COV_COV_J2_Q2;2;COV_COV_J2;COV;COV;2;68;BAX;83;False;False;False;50,0;3000;0;0;0;0;0;0;0;0;0;0;0;0;0;0;0;0;0;0;0;0;0;0;0;0;0;0;20,0;13;5;17;12;4;12;8;1;5;4;2;2;0;5;8;13;2;5;1;0;1;6;4;0;9
2_COV_J2_Q3;3;2_COV_J2;2;COV;2;68;BAX;83;False;False;False;5,4;324;3;1;3;2;1;3;2;0;0;0;1;2;1;0;0;0;2;0;0;0;0;1;1;0;7;2;20,0;24;8;15;7;7;11;4;1;4;3;7;10;3;1;8;9;3;3;1;0;0;5;7;0;26
3_COV_J2_Q3;3;3_COV_J2;3;COV;2;68;BAX;83;False;True;False;4,6;276;0;0;0;0;0;0;0;0;0;0;0;0;0;0;0;0;0;0;0;0;0;1;0;0;-11;-1;20,0;24;8;15;7;7;11;4;1;4;3;7;10;3;1;8;9;3;3;1;0;0;5;7;0;26
7_COV_J2_Q3;3;7_COV_J2;7;COV;2;68;BAX;83;False;False;False;3,55;213;2;1;2;1;1;2;1;0;0;0;0;0;0;0;0;0;0;1;0;0;0;1;0;0;-10;-1;20,0;24;8;15;7;7;11;4;1;4;3;7;10;3;1;8;9;3;3;1;0;0;5;7;0;26
11_COV_J2_Q3;3;11_COV_J2;11;COV;2;68;BAX;83;False;True;False;7,3;438;3;1;3;2;1;1;0;0;2;2;1;2;1;0;1;1;0;0;0;0;0;0;1;0;-2;2;20,0;24;8;15;7;7;11;4;1;4;3;7;10;3;1;8;9;3;3;1;0;0;5;7;0;26
13_COV_J2_Q3;3;13_COV_J2;13;COV;2;68;BAX;83;False;True;False;8,816666666666666;529;4;1;1;0;0;0;0;1;1;0;1;2;1;0;0;0;0;0;0;0;0;0;2;0;-4;5;20,0;24;8;15;7;7;11;4;1;4;3;7;10;3;1;8;9;3;3;1;0;0;5;7;0;26
15_COV_J2_Q3;3;15_COV_J2;15;COV;2;68;BAX;83;False;False;False;0,0;0;0;0;0;0;0;0;0;0;0;0;0;0;0;0;0;0;0;0;0;0;0;0;0;0;0;0;20,0;24;8;15;7;7;11;4;1;4;3;7;10;3;1;8;9;3;3;1;0;0;5;7;0;26
16_COV_J2_Q3;3;16_COV_J2;16;COV;2;68;BAX;83;False;False;False;0,0;0;0;0;0;0;0;0;0;0;0;0;0;0;0;0;0;0;0;0;0;0;0;0;0;0;0;0;20,0;24;8;15;7;7;11;4;1;4;3;7;10;3;1;8;9;3;3;1;0;0;5;7;0;26
22_COV_J2_Q3;3;22_COV_J2;22;COV;2;68;BAX;83;False;False;False;0,0;0;0;0;0;0;0;0;0;0;0;0;0;0;0;0;0;0;0;0;0;0;0;0;0;0;0;0;20,0;24;8;15;7;7;11;4;1;4;3;7;10;3;1;8;9;3;3;1;0;0;5;7;0;26
23_COV_J2_Q3;3;23_COV_J2;23;COV;2;68;BAX;83;False;False;False;3,8833333333333333;233;2;0;1;1;0;1;1;0;0;0;2;2;0;0;2;2;1;1;0;0;0;0;1;0;-2;4;20,0;24;8;15;7;7;11;4;1;4;3;7;10;3;1;8;9;3;3;1;0;0;5;7;0;26
29_COV_J2_Q3;3;29_COV_J2;29;COV;2;68;BAX;83;False;True;False;6,116666666666666;367;2;1;2;1;1;1;0;0;1;1;0;0;0;0;1;1;0;0;1;0;0;1;1;0;-2;3;20,0;24;8;15;7;7;11;4;1;4;3;7;10;3;1;8;9;3;3;1;0;0;5;7;0;26
35_COV_J2_Q3;3;35_COV_J2;35;COV;2;68;BAX;83;False;True;False;6,45;387;4;2;2;0;2;2;0;0;0;0;0;0;0;0;3;3;0;0;0;0;0;0;0;0;6;7;20,0;24;8;15;7;7;11;4;1;4;3;7;10;3;1;8;9;3;3;1;0;0;5;7;0;26
77_COV_J2_Q3;3;77_COV_J2;77;COV;2;68;BAX;83;False;False;False;3,8833333333333333;233;4;1;1;0;1;1;0;0;0;0;2;2;0;0;1;1;0;1;0;0;0;1;1;0;-2;4;20,0;24;8;15;7;7;11;4;1;4;3;7;10;3;1;8;9;3;3;1;0;0;5;7;0;26
COV_COV_J2_Q3;3;COV_COV_J2;COV;COV;2;68;BAX;83;False;False;False;50,0;3000;0;0;0;0;0;0;0;0;0;0;0;0;0;1;0;1;0;0;0;0;0;0;0;0;0;1;20,0;24;8;15;7;7;11;4;1;4;3;7;10;3;1;8;9;3;3;1;0;0;5;7;0;26
2_COV_J2_Q4;4;2_COV_J2;2;COV;2;68;BAX;83;False;False;False;7,333333333333333;440;0;0;2;2;0;0;0;0;2;2;0;0;0;0;0;0;1;0;1;0;1;1;0;0;6;-2;20,0;20;7;23;16;4;15;11;3;8;5;3;5;2;10;8;18;4;2;3;0;4;4;6;0;23
3_COV_J2_Q4;4;3_COV_J2;3;COV;2;68;BAX;83;False;True;False;0,0;0;0;0;0;0;0;0;0;0;0;0;0;0;0;0;0;0;0;0;0;0;0;0;0;0;0;0;20,0;20;7;23;16;4;15;11;3;8;5;3;5;2;10;8;18;4;2;3;0;4;4;6;0;23
7_COV_J2_Q4;4;7_COV_J2;7;COV;2;68;BAX;83;False;False;False;0,0;0;0;0;0;0;0;0;0;0;0;0;0;0;0;1;0;1;0;0;0;0;0;0;0;0;0;1;20,0;20;7;23;16;4;15;11;3;8;5;3;5;2;10;8;18;4;2;3;0;4;4;6;0;23
11_COV_J2_Q4;4;11_COV_J2;11;COV;2;68;BAX;83;False;True;False;8,366666666666667;502;6;2;3;1;1;1;0;1;2;1;1;2;1;2;2;4;0;0;0;0;0;1;1;0;7;8;20,0;20;7;23;16;4;15;11;3;8;5;3;5;2;10;8;18;4;2;3;0;4;4;6;0;23
13_COV_J2_Q4;4;13_COV_J2;13;COV;2;68;BAX;83;False;True;False;6,083333333333333;365;5;1;2;1;0;1;1;1;1;0;2;2;0;0;2;2;0;0;0;0;0;1;1;0;8;6;20,0;20;7;23;16;4;15;11;3;8;5;3;5;2;10;8;18;4;2;3;0;4;4;6;0;23
15_COV_J2_Q4;4;15_COV_J2;15;COV;2;68;BAX;83;False;False;False;3,066666666666667;184;0;0;0;0;0;0;0;0;0;0;0;0;0;1;0;1;0;0;0;0;0;0;1;0;-6;2;20,0;20;7;23;16;4;15;11;3;8;5;3;5;2;10;8;18;4;2;3;0;4;4;6;0;23
16_COV_J2_Q4;4;16_COV_J2;16;COV;2;68;BAX;83;False;False;False;0,0;0;0;0;0;0;0;0;0;0;0;0;0;0;0;0;0;0;0;0;0;0;0;0;0;0;0;0;20,0;20;7;23;16;4;15;11;3;8;5;3;5;2;10;8;18;4;2;3;0;4;4;6;0;23
22_COV_J2_Q4;4;22_COV_J2;22;COV;2;68;BAX;83;False;False;False;3,2;192;0;0;0;0;0;0;0;0;0;0;0;0;0;0;0;0;0;0;1;0;0;0;0;0;-2;1;20,0;20;7;23;16;4;15;11;3;8;5;3;5;2;10;8;18;4;2;3;0;4;4;6;0;23
23_COV_J2_Q4;4;23_COV_J2;23;COV;2;68;BAX;83;False;False;False;5,016666666666667;301;0;0;4;4;0;2;2;0;2;2;0;0;0;0;1;1;2;0;0;0;0;0;1;0;-1;0;20,0;20;7;23;16;4;15;11;3;8;5;3;5;2;10;8;18;4;2;3;0;4;4;6;0;23
29_COV_J2_Q4;4;29_COV_J2;29;COV;2;68;BAX;83;False;True;False;6,383333333333334;383;2;1;5;4;1;5;4;0;0;0;0;0;0;1;0;1;0;0;0;0;2;0;1;0;-5;-2;20,0;20;7;23;16;4;15;11;3;8;5;3;5;2;10;8;18;4;2;3;0;4;4;6;0;23
35_COV_J2_Q4;4;35_COV_J2;35;COV;2;68;BAX;83;False;True;False;6,833333333333333;410;4;2;5;3;2;5;3;0;0;0;0;0;0;1;2;3;0;1;0;0;1;1;0;0;14;1;20,0;20;7;23;16;4;15;11;3;8;5;3;5;2;10;8;18;4;2;3;0;4;4;6;0;23
77_COV_J2_Q4;4;77_COV_J2;77;COV;2;68;BAX;83;False;False;False;3,716666666666667;223;3;1;2;1;0;1;1;1;1;0;0;1;1;0;1;1;1;0;1;0;0;0;1;0;9;5;20,0;20;7;23;16;4;15;11;3;8;5;3;5;2;10;8;18;4;2;3;0;4;4;6;0;23
COV_COV_J2_Q4;4;COV_COV_J2;COV;COV;2;68;BAX;83;False;False;False;50,0;3000;0;0;0;0;0;0;0;0;0;0;0;0;0;4;0;4;0;1;0;0;0;0;0;0;0;3;20,0;20;7;23;16;4;15;11;3;8;5;3;5;2;10;8;18;4;2;3;0;4;4;6;0;23
0_JOV_J2_Q1;1;0_JOV_J2;0;JOV;2;89;CAZ;86;True;True;True;2,7333333333333334;164;0;0;1;1;0;0;0;0;1;1;0;0;0;0;1;1;0;0;0;0;0;2;0;0;0;-2;20,0;24;9;18;9;5;9;4;4;9;5;2;5;3;3;8;11;4;1;2;0;1;6;4;0;25
1_JOV_J2_Q1;1;1_JOV_J2;1;JOV;2;89;CAZ;86;True;False;True;5,8;348;0;0;0;0;0;0;0;0;0;0;0;0;0;0;0;0;0;0;0;0;0;0;0;0;3;0;20,0;24;9;18;9;5;9;4;4;9;5;2;5;3;3;8;11;4;1;2;0;1;6;4;0;25
9_JOV_J2_Q1;1;9_JOV_J2;9;JOV;2;89;CAZ;86;True;False;True;3,6666666666666665;220;4;1;3;2;0;2;2;1;1;0;1;2;1;0;0;0;0;1;0;0;1;0;1;0;0;0;20,0;24;9;18;9;5;9;4;4;9;5;2;5;3;3;8;11;4;1;2;0;1;6;4;0;25
12_JOV_J2_Q1;1;12_JOV_J2;12;JOV;2;89;CAZ;86;True;True;True;4,716666666666667;283;0;0;1;1;0;0;0;0;1;1;0;0;0;0;0;0;1;0;0;0;0;0;0;0;3;0;20,0;24;9;18;9;5;9;4;4;9;5;2;5;3;3;8;11;4;1;2;0;1;6;4;0;25
16_JOV_J2_Q1;1;16_JOV_J2;16;JOV;2;89;CAZ;86;True;False;True;5,283333333333333;317;5;2;2;0;1;1;0;1;1;0;0;0;0;0;0;0;0;0;1;0;0;0;0;0;2;6;20,0;24;9;18;9;5;9;4;4;9;5;2;5;3;3;8;11;4;1;2;0;1;6;4;0;25
17_JOV_J2_Q1;1;17_JOV_J2;17;JOV;2;89;CAZ;86;True;False;True;3,6;216;0;0;0;0;0;0;0;0;0;0;0;0;0;0;1;1;0;0;0;0;0;1;0;0;0;0;20,0;24;9;18;9;5;9;4;4;9;5;2;5;3;3;8;11;4;1;2;0;1;6;4;0;25
21_JOV_J2_Q1;1;21_JOV_J2;21;JOV;2;89;CAZ;86;True;False;True;3,6666666666666665;220;0;0;2;2;0;1;1;0;1;1;0;2;2;0;1;1;0;0;0;0;0;0;1;0;5;-2;20,0;24;9;18;9;5;9;4;4;9;5;2;5;3;3;8;11;4;1;2;0;1;6;4;0;25
24_JOV_J2_Q1;1;24_JOV_J2;24;JOV;2;89;CAZ;86;True;True;True;6,333333333333333;380;10;4;6;2;2;2;0;2;4;2;0;0;0;0;0;0;1;0;0;0;0;1;1;0;5;9;20,0;24;9;18;9;5;9;4;4;9;5;2;5;3;3;8;11;4;1;2;0;1;6;4;0;25
35_JOV_J2_Q1;1;35_JOV_J2;35;JOV;2;89;CAZ;86;True;True;True;6,333333333333333;380;0;0;0;0;0;0;0;0;0;0;0;0;0;1;3;4;0;0;1;0;0;0;0;0;5;5;20,0;24;9;18;9;5;9;4;4;9;5;2;5;3;3;8;11;4;1;2;0;1;6;4;0;25
44_JOV_J2_Q1;1;44_JOV_J2;44;JOV;2;89;CAZ;86;True;False;True;3,6666666666666665;220;5;2;3;1;2;3;1;0;0;0;1;1;0;2;2;4;2;0;0;0;0;0;1;0;0;11;20,0;24;9;18;9;5;9;4;4;9;5;2;5;3;3;8;11;4;1;2;0;1;6;4;0;25
88_JOV_J2_Q1;1;88_JOV_J2;88;JOV;2;89;CAZ;86;True;True;True;4,2;252;0;0;0;0;0;0;0;0;0;0;0;0;0;0;0;0;0;0;0;0;0;2;0;0;2;-2;20,0;24;9;18;9;5;9;4;4;9;5;2;5;3;3;8;11;4;1;2;0;1;6;4;0;25
JOV_JOV_J2_Q1;1;JOV_JOV_J2;JOV;JOV;2;89;CAZ;86;True;False;True;50,0;3000;0;0;0;0;0;0;0;0;0;0;0;0;0;0;0;0;0;0;0;0;0;0;0;0;0;0;20,0;24;9;18;9;5;9;4;4;9;5;2;5;3;3;8;11;4;1;2;0;1;6;4;0;25
0_JOV_J2_Q2;2;0_JOV_J2;0;JOV;2;89;CAZ;86;True;True;True;0,9666666666666667;58;0;0;0;0;0;0;0;0;0;0;0;0;0;0;0;0;0;1;0;0;0;1;0;0;-1;-2;20,0;26;10;20;10;8;13;5;2;7;5;4;5;1;4;5;9;6;2;0;2;1;7;4;0;26
1_JOV_J2_Q2;2;1_JOV_J2;1;JOV;2;89;CAZ;86;True;False;True;8,65;519;6;2;3;1;1;2;1;1;1;0;1;2;1;1;0;1;0;0;0;1;0;0;1;0;-1;7;20,0;26;10;20;10;8;13;5;2;7;5;4;5;1;4;5;9;6;2;0;2;1;7;4;0;26
9_JOV_J2_Q2;2;9_JOV_J2;9;JOV;2;89;CAZ;86;True;False;True;4,966666666666667;298;3;1;3;2;1;1;0;0;2;2;1;1;0;0;0;0;3;0;0;0;0;1;1;0;-6;4;20,0;26;10;20;10;8;13;5;2;7;5;4;5;1;4;5;9;6;2;0;2;1;7;4;0;26
12_JOV_J2_Q2;2;12_JOV_J2;12;JOV;2;89;CAZ;86;True;True;True;4,716666666666667;283;4;2;3;1;2;3;1;0;0;0;0;0;0;0;0;0;1;0;0;0;0;0;0;0;-1;4;20,0;26;10;20;10;8;13;5;2;7;5;4;5;1;4;5;9;6;2;0;2;1;7;4;0;26
16_JOV_J2_Q2;2;16_JOV_J2;16;JOV;2;89;CAZ;86;True;False;True;4,483333333333333;269;3;1;1;0;0;0;0;1;1;0;0;0;0;0;0;0;0;0;0;0;0;1;0;0;0;2;20,0;26;10;20;10;8;13;5;2;7;5;4;5;1;4;5;9;6;2;0;2;1;7;4;0;26
17_JOV_J2_Q2;2;17_JOV_J2;17;JOV;2;89;CAZ;86;True;False;True;5,516666666666667;331;0;0;1;1;0;0;0;0;1;1;0;0;0;0;0;0;0;0;0;0;0;0;0;0;-3;-1;20,0;26;10;20;10;8;13;5;2;7;5;4;5;1;4;5;9;6;2;0;2;1;7;4;0;26
21_JOV_J2_Q2;2;21_JOV_J2;21;JOV;2;89;CAZ;86;True;False;True;0,0;0;0;0;0;0;0;0;0;0;0;0;0;0;0;0;0;0;0;0;0;0;0;0;0;0;0;0;20,0;26;10;20;10;8;13;5;2;7;5;4;5;1;4;5;9;6;2;0;2;1;7;4;0;26
24_JOV_J2_Q2;2;24_JOV_J2;24;JOV;2;89;CAZ;86;True;True;True;6,383333333333334;383;2;0;2;2;0;1;1;0;1;1;2;2;0;1;0;1;1;0;0;0;1;1;1;0;1;1;20,0;26;10;20;10;8;13;5;2;7;5;4;5;1;4;5;9;6;2;0;2;1;7;4;0;26
35_JOV_J2_Q2;2;35_JOV_J2;35;JOV;2;89;CAZ;86;True;True;True;4,583333333333333;275;4;2;2;0;2;2;0;0;0;0;0;0;0;1;3;4;0;0;0;0;0;1;0;0;2;7;20,0;26;10;20;10;8;13;5;2;7;5;4;5;1;4;5;9;6;2;0;2;1;7;4;0;26
44_JOV_J2_Q2;2;44_JOV_J2;44;JOV;2;89;CAZ;86;True;False;True;5,416666666666667;325;2;1;3;2;1;3;2;0;0;0;0;0;0;0;0;0;1;1;0;1;0;2;0;0;-5;-1;20,0;26;10;20;10;8;13;5;2;7;5;4;5;1;4;5;9;6;2;0;2;1;7;4;0;26
88_JOV_J2_Q2;2;88_JOV_J2;88;JOV;2;89;CAZ;86;True;True;True;4,316666666666666;259;2;1;2;1;1;1;0;0;1;1;0;0;0;1;1;2;0;0;0;0;0;0;1;0;-1;4;20,0;26;10;20;10;8;13;5;2;7;5;4;5;1;4;5;9;6;2;0;2;1;7;4;0;26
JOV_JOV_J2_Q2;2;JOV_JOV_J2;JOV;JOV;2;89;CAZ;86;True;False;True;50,0;3000;0;0;0;0;0;0;0;0;0;0;0;0;0;0;1;1;0;0;0;0;0;0;0;0;0;1;20,0;26;10;20;10;8;13;5;2;7;5;4;5;1;4;5;9;6;2;0;2;1;7;4;0;26
0_JOV_J2_Q3;3;0_JOV_J2;0;JOV;2;89;CAZ;86;True;True;True;5,566666666666666;334;2;1;2;1;1;2;1;0;0;0;0;0;0;0;1;1;0;0;0;0;0;0;1;1;1;3;20,0;21;10;18;8;10;15;5;0;3;3;1;2;1;3;7;10;4;1;1;2;0;5;4;2;27
1_JOV_J2_Q3;3;1_JOV_J2;1;JOV;2;89;CAZ;86;True;False;True;4,433333333333334;266;2;1;1;0;1;1;0;0;0;0;0;0;0;0;0;0;0;0;0;0;0;1;0;0;3;1;20,0;21;10;18;8;10;15;5;0;3;3;1;2;1;3;7;10;4;1;1;2;0;5;4;2;27
9_JOV_J2_Q3;3;9_JOV_J2;9;JOV;2;89;CAZ;86;True;False;True;4,433333333333334;266;2;1;2;1;1;1;0;0;1;1;0;0;0;0;1;1;1;0;0;1;0;1;0;0;3;3;20,0;21;10;18;8;10;15;5;0;3;3;1;2;1;3;7;10;4;1;1;2;0;5;4;2;27
12_JOV_J2_Q3;3;12_JOV_J2;12;JOV;2;89;CAZ;86;True;True;True;6,15;369;2;1;3;2;1;2;1;0;1;1;0;0;0;0;0;0;0;0;0;0;0;1;0;0;-1;-1;20,0;21;10;18;8;10;15;5;0;3;3;1;2;1;3;7;10;4;1;1;2;0;5;4;2;27
16_JOV_J2_Q3;3;16_JOV_J2;16;JOV;2;89;CAZ;86;True;False;True;2,95;177;0;0;0;0;0;0;0;0;0;0;0;0;0;0;0;0;0;0;0;0;0;0;0;0;3;0;20,0;21;10;18;8;10;15;5;0;3;3;1;2;1;3;7;10;4;1;1;2;0;5;4;2;27
17_JOV_J2_Q3;3;17_JOV_J2;17;JOV;2;89;CAZ;86;True;False;True;4,433333333333334;266;2;1;2;1;1;1;0;0;1;1;0;0;0;0;0;0;0;0;1;0;0;0;0;1;3;2;20,0;21;10;18;8;10;15;5;0;3;3;1;2;1;3;7;10;4;1;1;2;0;5;4;2;27
21_JOV_J2_Q3;3;21_JOV_J2;21;JOV;2;89;CAZ;86;True;False;True;0,0;0;0;0;0;0;0;0;0;0;0;0;0;0;0;0;0;0;0;0;0;0;0;0;0;0;0;0;20,0;21;10;18;8;10;15;5;0;3;3;1;2;1;3;7;10;4;1;1;2;0;5;4;2;27
24_JOV_J2_Q3;3;24_JOV_J2;24;JOV;2;89;CAZ;86;True;True;True;6,466666666666667;388;5;2;3;1;2;3;1;0;0;0;1;1;0;0;0;0;2;1;0;0;0;0;1;0;3;6;20,0;21;10;18;8;10;15;5;0;3;3;1;2;1;3;7;10;4;1;1;2;0;5;4;2;27
35_JOV_J2_Q3;3;35_JOV_J2;35;JOV;2;89;CAZ;86;True;True;True;4,25;255;2;1;1;0;1;1;0;0;0;0;0;1;1;0;0;0;0;0;0;0;0;1;1;0;1;1;20,0;21;10;18;8;10;15;5;0;3;3;1;2;1;3;7;10;4;1;1;2;0;5;4;2;27
44_JOV_J2_Q3;3;44_JOV_J2;44;JOV;2;89;CAZ;86;True;False;True;5,75;345;4;2;3;1;2;3;1;0;0;0;0;0;0;3;1;4;1;0;0;0;0;0;0;0;3;8;20,0;21;10;18;8;10;15;5;0;3;3;1;2;1;3;7;10;4;1;1;2;0;5;4;2;27
88_JOV_J2_Q3;3;88_JOV_J2;88;JOV;2;89;CAZ;86;True;True;True;5,566666666666666;334;0;0;1;1;0;1;1;0;0;0;0;0;0;0;2;2;0;0;0;1;0;1;1;0;1;2;20,0;21;10;18;8;10;15;5;0;3;3;1;2;1;3;7;10;4;1;1;2;0;5;4;2;27
JOV_JOV_J2_Q3;3;JOV_JOV_J2;JOV;JOV;2;89;CAZ;86;True;False;True;50,0;3000;0;0;0;0;0;0;0;0;0;0;0;0;0;0;2;2;0;0;0;0;0;0;0;0;0;2;20,0;21;10;18;8;10;15;5;0;3;3;1;2;1;3;7;10;4;1;1;2;0;5;4;2;27
0_JOV_J2_Q4;4;0_JOV_J2;0;JOV;2;89;CAZ;86;True;True;True;6,266666666666667;376;0;0;1;1;0;0;0;0;1;1;0;0;0;0;0;0;0;1;0;0;0;0;1;0;-5;-1;20,0;18;7;16;9;6;11;5;1;5;4;3;4;1;1;8;9;4;4;2;0;1;7;6;0;17
1_JOV_J2_Q4;4;1_JOV_J2;1;JOV;2;89;CAZ;86;True;False;True;5,05;303;0;0;0;0;0;0;0;0;0;0;0;0;0;0;2;2;0;0;0;0;0;1;0;0;-2;1;20,0;18;7;16;9;6;11;5;1;5;4;3;4;1;1;8;9;4;4;2;0;1;7;6;0;17
9_JOV_J2_Q4;4;9_JOV_J2;9;JOV;2;89;CAZ;86;True;False;True;6,316666666666666;379;3;1;4;3;1;3;2;0;1;1;1;2;1;0;0;0;3;0;1;0;0;2;1;0;6;2;20,0;18;7;16;9;6;11;5;1;5;4;3;4;1;1;8;9;4;4;2;0;1;7;6;0;17
12_JOV_J2_Q4;4;12_JOV_J2;12;JOV;2;89;CAZ;86;True;True;True;3,25;195;5;2;3;1;1;2;1;1;1;0;0;0;0;0;0;0;0;1;0;0;1;1;0;0;-1;1;20,0;18;7;16;9;6;11;5;1;5;4;3;4;1;1;8;9;4;4;2;0;1;7;6;0;17
16_JOV_J2_Q4;4;16_JOV_J2;16;JOV;2;89;CAZ;86;True;False;True;3,716666666666667;223;0;0;1;1;0;0;0;0;1;1;0;0;0;0;1;1;0;0;0;0;0;0;0;0;-9;0;20,0;18;7;16;9;6;11;5;1;5;4;3;4;1;1;8;9;4;4;2;0;1;7;6;0;17
17_JOV_J2_Q4;4;17_JOV_J2;17;JOV;2;89;CAZ;86;True;False;True;2,7;162;0;0;1;1;0;0;0;0;1;1;0;0;0;1;1;2;0;0;0;0;0;0;0;0;1;1;20,0;18;7;16;9;6;11;5;1;5;4;3;4;1;1;8;9;4;4;2;0;1;7;6;0;17
21_JOV_J2_Q4;4;21_JOV_J2;21;JOV;2;89;CAZ;86;True;False;True;0,0;0;0;0;0;0;0;0;0;0;0;0;0;0;0;0;0;0;0;0;0;0;0;0;0;0;0;0;20,0;18;7;16;9;6;11;5;1;5;4;3;4;1;1;8;9;4;4;2;0;1;7;6;0;17
24_JOV_J2_Q4;4;24_JOV_J2;24;JOV;2;89;CAZ;86;True;True;True;6,716666666666667;403;2;0;1;1;0;1;1;0;0;0;2;2;0;0;0;0;1;1;1;0;0;1;2;0;-2;3;20,0;18;7;16;9;6;11;5;1;5;4;3;4;1;1;8;9;4;4;2;0;1;7;6;0;17
35_JOV_J2_Q4;4;35_JOV_J2;35;JOV;2;89;CAZ;86;True;True;True;3,25;195;0;0;1;1;0;1;1;0;0;0;0;0;0;0;1;1;0;0;0;0;0;0;0;0;-1;0;20,0;18;7;16;9;6;11;5;1;5;4;3;4;1;1;8;9;4;4;2;0;1;7;6;0;17
44_JOV_J2_Q4;4;44_JOV_J2;44;JOV;2;89;CAZ;86;True;False;True;6,75;405;8;4;4;0;4;4;0;0;0;0;0;0;0;0;1;1;0;0;0;0;0;1;1;0;-2;9;20,0;18;7;16;9;6;11;5;1;5;4;3;4;1;1;8;9;4;4;2;0;1;7;6;0;17
88_JOV_J2_Q4;4;88_JOV_J2;88;JOV;2;89;CAZ;86;True;True;True;5,983333333333333;359;0;0;0;0;0;0;0;0;0;0;0;0;0;0;0;0;0;0;0;0;0;1;1;0;0;0;20,0;18;7;16;9;6;11;5;1;5;4;3;4;1;1;8;9;4;4;2;0;1;7;6;0;17
JOV_JOV_J2_Q4;4;JOV_JOV_J2;JOV;JOV;2;89;CAZ;86;True;False;True;50,0;3000;0;0;0;0;0;0;0;0;0;0;0;0;0;0;2;2;0;1;0;0;0;0;0;0;0;1;20,0;18;7;16;9;6;11;5;1;5;4;3;4;1;1;8;9;4;4;2;0;1;7;6;0;17
00_CAZ_J2_Q1;1;00_CAZ_J2;00;CAZ;2;86;JOV;89;False;True;False;8,35;501;3;0;1;1;0;1;1;0;0;0;3;4;1;0;2;2;0;0;0;0;0;1;2;0;-1;4;20,0;19;6;16;10;4;8;4;2;8;6;5;6;1;2;7;9;3;3;1;1;0;4;6;1;21
0_CAZ_J2_Q1;1;0_CAZ_J2;0;CAZ;2;86;JOV;89;False;False;False;3,6666666666666665;220;5;2;3;1;1;1;0;1;2;1;0;0;0;0;0;0;0;0;1;0;0;0;0;0;0;5;20,0;19;6;16;10;4;8;4;2;8;6;5;6;1;2;7;9;3;3;1;1;0;4;6;1;21
2_CAZ_J2_Q1;1;2_CAZ_J2;2;CAZ;2;86;JOV;89;False;True;False;6,333333333333333;380;2;1;4;3;1;3;2;0;1;1;0;0;0;0;0;0;2;3;0;0;0;0;0;0;-5;-2;20,0;19;6;16;10;4;8;4;2;8;6;5;6;1;2;7;9;3;3;1;1;0;4;6;1;21
3_CAZ_J2_Q1;1;3_CAZ_J2;3;CAZ;2;86;JOV;89;False;False;False;0,0;0;0;0;0;0;0;0;0;0;0;0;0;0;0;0;0;0;0;0;0;0;0;0;0;0;0;0;20,0;19;6;16;10;4;8;4;2;8;6;5;6;1;2;7;9;3;3;1;1;0;4;6;1;21
4_CAZ_J2_Q1;1;4_CAZ_J2;4;CAZ;2;86;JOV;89;False;True;False;6,333333333333333;380;5;1;1;0;0;0;0;1;1;0;2;2;0;0;2;2;0;0;0;0;0;0;4;0;-3;11;20,0;19;6;16;10;4;8;4;2;8;6;5;6;1;2;7;9;3;3;1;1;0;4;6;1;21
5_CAZ_J2_Q1;1;5_CAZ_J2;5;CAZ;2;86;JOV;89;False;False;False;0,0;0;0;0;0;0;0;0;0;0;0;0;0;0;0;0;0;0;0;0;0;0;0;0;0;0;0;0;20,0;19;6;16;10;4;8;4;2;8;6;5;6;1;2;7;9;3;3;1;1;0;4;6;1;21
7_CAZ_J2_Q1;1;7_CAZ_J2;7;CAZ;2;86;JOV;89;False;False;False;6,083333333333333;365;0;0;2;2;0;0;0;0;2;2;0;0;0;0;1;1;0;0;0;1;0;0;0;0;-3;0;20,0;19;6;16;10;4;8;4;2;8;6;5;6;1;2;7;9;3;3;1;1;0;4;6;1;21
10_CAZ_J2_Q1;1;10_CAZ_J2;10;CAZ;2;86;JOV;89;False;False;False;0,0;0;0;0;0;0;0;0;0;0;0;0;0;0;0;0;0;0;0;0;0;0;0;0;0;0;0;0;20,0;19;6;16;10;4;8;4;2;8;6;5;6;1;2;7;9;3;3;1;1;0;4;6;1;21
12_CAZ_J2_Q1;1;12_CAZ_J2;12;CAZ;2;86;JOV;89;False;False;False;3,6666666666666665;220;2;1;2;1;1;2;1;0;0;0;0;0;0;1;0;1;0;0;0;0;0;1;0;0;0;1;20,0;19;6;16;10;4;8;4;2;8;6;5;6;1;2;7;9;3;3;1;1;0;4;6;1;21
14_CAZ_J2_Q1;1;14_CAZ_J2;14;CAZ;2;86;JOV;89;False;True;False;6,333333333333333;380;0;0;1;1;0;0;0;0;1;1;0;0;0;0;1;1;0;0;0;0;0;0;0;0;-5;0;20,0;19;6;16;10;4;8;4;2;8;6;5;6;1;2;7;9;3;3;1;1;0;4;6;1;21
15_CAZ_J2_Q1;1;15_CAZ_J2;15;CAZ;2;86;JOV;89;False;False;False;3,6666666666666665;220;0;0;1;1;0;0;0;0;1;1;0;0;0;0;0;0;1;0;0;0;0;1;0;0;-2;-1;20,0;19;6;16;10;4;8;4;2;8;6;5;6;1;2;7;9;3;3;1;1;0;4;6;1;21
20_CAZ_J2_Q1;1;20_CAZ_J2;20;CAZ;2;86;JOV;89;False;True;False;5,566666666666666;334;2;1;1;0;1;1;0;0;0;0;0;0;0;1;1;2;0;0;0;0;0;1;0;1;-6;3;20,0;19;6;16;10;4;8;4;2;8;6;5;6;1;2;7;9;3;3;1;1;0;4;6;1;21
CAZ_CAZ_J2_Q1;1;CAZ_CAZ_J2;CAZ;CAZ;2;86;JOV;89;False;False;False;50,0;3000;0;0;0;0;0;0;0;0;0;0;0;0;0;0;0;0;0;0;0;0;0;0;0;0;0;0;20,0;19;6;16;10;4;8;4;2;8;6;5;6;1;2;7;9;3;3;1;1;0;4;6;1;21
0_CAZ_J2_Q2;2;0_CAZ_J2;0;CAZ;2;86;JOV;89;False;False;False;2,933333333333333;176;0;0;0;0;0;0;0;0;0;0;0;0;0;0;0;0;0;0;0;0;0;0;0;0;-2;0;20,0;29;8;15;7;5;9;4;3;6;3;10;10;0;2;5;7;6;1;0;1;1;4;7;0;37
00_CAZ_J2_Q2;2;00_CAZ_J2;00;CAZ;2;86;JOV;89;False;True;False;6,55;393;2;1;2;1;1;2;1;0;0;0;0;0;0;0;0;0;1;0;0;0;0;1;0;0;4;1;20,0;29;8;15;7;5;9;4;3;6;3;10;10;0;2;5;7;6;1;0;1;1;4;7;0;37
2_CAZ_J2_Q2;2;2_CAZ_J2;2;CAZ;2;86;JOV;89;False;True;False;7,066666666666666;424;6;0;1;1;0;0;0;0;1;1;6;6;0;0;0;0;1;0;0;0;0;1;3;0;5;8;20,0;29;8;15;7;5;9;4;3;6;3;10;10;0;2;5;7;6;1;0;1;1;4;7;0;37
3_CAZ_J2_Q2;2;3_CAZ_J2;3;CAZ;2;86;JOV;89;False;False;False;7,95;477;9;3;6;3;0;2;2;3;4;1;0;0;0;0;1;1;1;0;0;0;1;1;0;0;7;6;20,0;29;8;15;7;5;9;4;3;6;3;10;10;0;2;5;7;6;1;0;1;1;4;7;0;37
4_CAZ_J2_Q2;2;4_CAZ_J2;4;CAZ;2;86;JOV;89;False;True;False;6,55;393;2;0;0;0;0;0;0;0;0;0;2;2;0;1;1;2;1;0;0;0;0;0;2;0;4;7;20,0;29;8;15;7;5;9;4;3;6;3;10;10;0;2;5;7;6;1;0;1;1;4;7;0;37
5_CAZ_J2_Q2;2;5_CAZ_J2;5;CAZ;2;86;JOV;89;False;False;False;0,0;0;0;0;0;0;0;0;0;0;0;0;0;0;0;0;0;0;0;0;0;0;0;0;0;0;0;0;20,0;29;8;15;7;5;9;4;3;6;3;10;10;0;2;5;7;6;1;0;1;1;4;7;0;37
7_CAZ_J2_Q2;2;7_CAZ_J2;7;CAZ;2;86;JOV;89;False;False;False;3,45;207;0;0;0;0;0;0;0;0;0;0;0;0;0;0;0;0;0;0;0;0;0;0;0;0;-1;0;20,0;29;8;15;7;5;9;4;3;6;3;10;10;0;2;5;7;6;1;0;1;1;4;7;0;37
10_CAZ_J2_Q2;2;10_CAZ_J2;10;CAZ;2;86;JOV;89;False;False;False;0,0;0;0;0;0;0;0;0;0;0;0;0;0;0;0;0;0;0;0;0;0;0;0;0;0;0;0;0;20,0;29;8;15;7;5;9;4;3;6;3;10;10;0;2;5;7;6;1;0;1;1;4;7;0;37
12_CAZ_J2_Q2;2;12_CAZ_J2;12;CAZ;2;86;JOV;89;False;False;False;2,933333333333333;176;2;1;2;1;1;2;1;0;0;0;0;0;0;1;0;1;0;0;0;0;0;0;0;0;0;2;20,0;29;8;15;7;5;9;4;3;6;3;10;10;0;2;5;7;6;1;0;1;1;4;7;0;37
14_CAZ_J2_Q2;2;14_CAZ_J2;14;CAZ;2;86;JOV;89;False;True;False;7,066666666666666;424;6;2;2;0;2;2;0;0;0;0;2;2;0;0;1;1;2;1;0;0;0;0;1;0;3;9;20,0;29;8;15;7;5;9;4;3;6;3;10;10;0;2;5;7;6;1;0;1;1;4;7;0;37
15_CAZ_J2_Q2;2;15_CAZ_J2;15;CAZ;2;86;JOV;89;False;False;False;2,05;123;2;1;1;0;1;1;0;0;0;0;0;0;0;0;1;1;0;0;0;1;0;1;0;0;-4;3;20,0;29;8;15;7;5;9;4;3;6;3;10;10;0;2;5;7;6;1;0;1;1;4;7;0;37
20_CAZ_J2_Q2;2;20_CAZ_J2;20;CAZ;2;86;JOV;89;False;True;False;3,45;207;0;0;1;1;0;0;0;0;1;1;0;0;0;0;0;0;0;0;0;0;0;0;1;0;-1;0;20,0;29;8;15;7;5;9;4;3;6;3;10;10;0;2;5;7;6;1;0;1;1;4;7;0;37
CAZ_CAZ_J2_Q2;2;CAZ_CAZ_J2;CAZ;CAZ;2;86;JOV;89;False;False;False;50,0;3000;0;0;0;0;0;0;0;0;0;0;0;0;0;0;1;1;0;0;0;0;0;0;0;0;0;1;20,0;29;8;15;7;5;9;4;3;6;3;10;10;0;2;5;7;6;1;0;1;1;4;7;0;37
00_CAZ_J2_Q3;3;00_CAZ_J2;00;CAZ;2;86;JOV;89;False;True;False;2,15;129;3;1;2;1;0;0;0;1;2;1;0;0;0;0;0;0;0;0;0;0;0;1;0;0;2;1;20,0;17;6;21;15;3;12;9;3;9;6;2;4;2;8;6;14;5;1;0;0;2;4;5;0;17
0_CAZ_J2_Q3;3;0_CAZ_J2;0;CAZ;2;86;JOV;89;False;False;False;6,683333333333334;401;0;0;2;2;0;1;1;0;1;1;0;0;0;0;0;0;1;0;0;0;1;0;0;0;-6;-2;20,0;17;6;21;15;3;12;9;3;9;6;2;4;2;8;6;14;5;1;0;0;2;4;5;0;17
2_CAZ_J2_Q3;3;2_CAZ_J2;2;CAZ;2;86;JOV;89;False;True;False;3,316666666666667;199;2;1;2;1;1;2;1;0;0;0;0;0;0;1;0;1;3;0;0;0;0;0;1;0;2;6;20,0;17;6;21;15;3;12;9;3;9;6;2;4;2;8;6;14;5;1;0;0;2;4;5;0;17
3_CAZ_J2_Q3;3;3_CAZ_J2;3;CAZ;2;86;JOV;89;False;False;False;4,433333333333334;266;2;1;2;1;1;1;0;0;1;1;0;0;0;0;0;0;0;1;0;0;0;0;0;0;-3;0;20,0;17;6;21;15;3;12;9;3;9;6;2;4;2;8;6;14;5;1;0;0;2;4;5;0;17
4_CAZ_J2_Q3;3;4_CAZ_J2;4;CAZ;2;86;JOV;89;False;True;False;8,266666666666667;496;7;2;7;5;1;4;3;1;3;2;2;2;0;1;0;1;1;0;0;0;1;1;1;0;-3;3;20,0;17;6;21;15;3;12;9;3;9;6;2;4;2;8;6;14;5;1;0;0;2;4;5;0;17
5_CAZ_J2_Q3;3;5_CAZ_J2;5;CAZ;2;86;JOV;89;False;False;False;0,0;0;0;0;0;0;0;0;0;0;0;0;0;0;0;0;0;0;0;0;0;0;0;0;0;0;0;0;20,0;17;6;21;15;3;12;9;3;9;6;2;4;2;8;6;14;5;1;0;0;2;4;5;0;17
7_CAZ_J2_Q3;3;7_CAZ_J2;7;CAZ;2;86;JOV;89;False;False;False;7,85;471;3;1;2;1;0;1;1;1;1;0;0;0;0;1;2;3;0;0;0;0;0;1;0;0;-6;4;20,0;17;6;21;15;3;12;9;3;9;6;2;4;2;8;6;14;5;1;0;0;2;4;5;0;17
10_CAZ_J2_Q3;3;10_CAZ_J2;10;CAZ;2;86;JOV;89;False;False;False;0,0;0;0;0;0;0;0;0;0;0;0;0;0;0;0;0;0;0;0;0;0;0;0;0;0;0;0;0;20,0;17;6;21;15;3;12;9;3;9;6;2;4;2;8;6;14;5;1;0;0;2;4;5;0;17
12_CAZ_J2_Q3;3;12_CAZ_J2;12;CAZ;2;86;JOV;89;False;False;False;5,566666666666666;334;0;0;2;2;0;2;2;0;0;0;0;2;2;2;3;5;0;0;0;0;0;1;2;0;-1;2;20,0;17;6;21;15;3;12;9;3;9;6;2;4;2;8;6;14;5;1;0;0;2;4;5;0;17
14_CAZ_J2_Q3;3;14_CAZ_J2;14;CAZ;2;86;JOV;89;False;True;False;4,433333333333334;266;0;0;0;0;0;0;0;0;0;0;0;0;0;0;0;0;0;0;0;0;0;0;1;0;-3;1;20,0;17;6;21;15;3;12;9;3;9;6;2;4;2;8;6;14;5;1;0;0;2;4;5;0;17
15_CAZ_J2_Q3;3;15_CAZ_J2;15;CAZ;2;86;JOV;89;False;False;False;1,7333333333333334;104;0;0;1;1;0;0;0;0;1;1;0;0;0;1;0;1;0;0;0;0;0;0;0;0;-1;0;20,0;17;6;21;15;3;12;9;3;9;6;2;4;2;8;6;14;5;1;0;0;2;4;5;0;17
20_CAZ_J2_Q3;3;20_CAZ_J2;20;CAZ;2;86;JOV;89;False;True;False;5,566666666666666;334;0;0;1;1;0;1;1;0;0;0;0;0;0;0;0;0;0;0;0;0;0;0;0;0;-1;-1;20,0;17;6;21;15;3;12;9;3;9;6;2;4;2;8;6;14;5;1;0;0;2;4;5;0;17
CAZ_CAZ_J2_Q3;3;CAZ_CAZ_J2;CAZ;CAZ;2;86;JOV;89;False;False;False;50,0;3000;0;0;0;0;0;0;0;0;0;0;0;0;0;2;1;3;0;0;0;0;0;0;0;0;0;3;20,0;17;6;21;15;3;12;9;3;9;6;2;4;2;8;6;14;5;1;0;0;2;4;5;0;17
00_CAZ_J2_Q4;4;00_CAZ_J2;00;CAZ;2;86;JOV;89;False;True;False;9,0;540;3;1;5;4;1;5;4;0;0;0;1;2;1;0;1;1;0;2;0;0;0;1;1;1;6;-3;20,0;21;7;17;10;6;12;6;1;5;4;6;9;3;3;8;11;5;3;3;2;0;6;6;2;26
0_CAZ_J2_Q4;4;0_CAZ_J2;0;CAZ;2;86;JOV;89;False;False;False;0,0;0;0;0;0;0;0;0;0;0;0;0;0;0;0;0;0;0;0;0;0;0;0;0;0;0;0;0;20,0;21;7;17;10;6;12;6;1;5;4;6;9;3;3;8;11;5;3;3;2;0;6;6;2;26
2_CAZ_J2_Q4;4;2_CAZ_J2;2;CAZ;2;86;JOV;89;False;True;False;10,0;600;5;2;4;2;2;3;1;0;1;1;1;1;0;1;0;1;2;0;1;0;0;1;2;0;3;8;20,0;21;7;17;10;6;12;6;1;5;4;6;9;3;3;8;11;5;3;3;2;0;6;6;2;26
3_CAZ_J2_Q4;4;3_CAZ_J2;3;CAZ;2;86;JOV;89;False;False;False;5,65;339;7;2;4;2;1;1;0;1;3;2;2;2;0;0;2;2;1;0;1;0;0;0;1;1;7;10;20,0;21;7;17;10;6;12;6;1;5;4;6;9;3;3;8;11;5;3;3;2;0;6;6;2;26
4_CAZ_J2_Q4;4;4_CAZ_J2;4;CAZ;2;86;JOV;89;False;True;False;6,75;405;2;0;0;0;0;0;0;0;0;0;2;3;1;0;2;2;1;0;1;1;0;0;1;0;2;7;20,0;21;7;17;10;6;12;6;1;5;4;6;9;3;3;8;11;5;3;3;2;0;6;6;2;26
5_CAZ_J2_Q4;4;5_CAZ_J2;5;CAZ;2;86;JOV;89;False;False;False;0,0;0;0;0;0;0;0;0;0;0;0;0;0;0;0;0;0;0;0;0;0;0;0;0;0;0;0;0;20,0;21;7;17;10;6;12;6;1;5;4;6;9;3;3;8;11;5;3;3;2;0;6;6;2;26
7_CAZ_J2_Q4;4;7_CAZ_J2;7;CAZ;2;86;JOV;89;False;False;False;1,0;60;0;0;0;0;0;0;0;0;0;0;0;0;0;0;0;0;0;0;0;0;0;0;0;0;-3;0;20,0;21;7;17;10;6;12;6;1;5;4;6;9;3;3;8;11;5;3;3;2;0;6;6;2;26
10_CAZ_J2_Q4;4;10_CAZ_J2;10;CAZ;2;86;JOV;89;False;False;False;0,0;0;0;0;0;0;0;0;0;0;0;0;0;0;0;0;0;0;0;0;0;0;0;0;0;0;0;0;20,0;21;7;17;10;6;12;6;1;5;4;6;9;3;3;8;11;5;3;3;2;0;6;6;2;26
12_CAZ_J2_Q4;4;12_CAZ_J2;12;CAZ;2;86;JOV;89;False;False;False;3,5833333333333335;215;0;0;0;0;0;0;0;0;0;0;0;0;0;0;0;0;0;1;0;0;0;1;0;0;-6;-2;20,0;21;7;17;10;6;12;6;1;5;4;6;9;3;3;8;11;5;3;3;2;0;6;6;2;26
14_CAZ_J2_Q4;4;14_CAZ_J2;14;CAZ;2;86;JOV;89;False;True;False;6,416666666666667;385;2;1;3;2;1;2;1;0;1;1;0;1;1;2;0;2;1;0;0;1;0;1;1;0;9;3;20,0;21;7;17;10;6;12;6;1;5;4;6;9;3;3;8;11;5;3;3;2;0;6;6;2;26
15_CAZ_J2_Q4;4;15_CAZ_J2;15;CAZ;2;86;JOV;89;False;False;False;7,6;456;2;1;1;0;1;1;0;0;0;0;0;0;0;0;3;3;0;0;0;0;0;2;0;0;-3;3;20,0;21;7;17;10;6;12;6;1;5;4;6;9;3;3;8;11;5;3;3;2;0;6;6;2;26
20_CAZ_J2_Q4;4;20_CAZ_J2;20;CAZ;2;86;JOV;89;False;True;False;0,0;0;0;0;0;0;0;0;0;0;0;0;0;0;0;0;0;0;0;0;0;0;0;0;0;0;0;0;20,0;21;7;17;10;6;12;6;1;5;4;6;9;3;3;8;11;5;3;3;2;0;6;6;2;26
CAZ_CAZ_J2_Q4;4;CAZ_CAZ_J2;CAZ;CAZ;2;86;JOV;89;False;False;False;50,0;3000;0;0;0;0;0;0;0;0;0;0;0;0;0;0;0;0;0;0;0;0;0;0;0;0;0;0;20,0;21;7;17;10;6;12;6;1;5;4;6;9;3;3;8;11;5;3;3;2;0;6;6;2;26
0_BAR_J2_Q1;1;0_BAR_J2;0;BAR;2;86;HIO;91;True;False;False;2,85;171;3;0;0;0;0;0;0;0;0;0;3;3;0;0;0;0;0;0;0;0;0;0;1;0;-2;4;20,0;21;7;18;11;5;11;6;2;7;5;5;5;0;2;4;6;4;3;4;2;0;4;6;0;25
2_BAR_J2_Q1;1;2_BAR_J2;2;BAR;2;86;HIO;91;True;False;False;4,833333333333333;290;3;1;2;1;0;0;0;1;2;1;0;0;0;0;0;0;0;0;0;0;0;2;0;0;-5;0;20,0;21;7;18;11;5;11;6;2;7;5;5;5;0;2;4;6;4;3;4;2;0;4;6;0;25
3_BAR_J2_Q1;1;3_BAR_J2;3;BAR;2;86;HIO;91;True;False;False;7,15;429;2;1;3;2;1;2;1;0;1;1;0;0;0;2;1;3;0;1;1;0;0;0;0;0;-2;3;20,0;21;7;18;11;5;11;6;2;7;5;5;5;0;2;4;6;4;3;4;2;0;4;6;0;25
6_BAR_J2_Q1;1;6_BAR_J2;6;BAR;2;86;HIO;91;True;False;False;4,4;264;0;0;2;2;0;1;1;0;1;1;0;0;0;0;1;1;0;2;2;0;0;1;0;0;2;-2;20,0;21;7;18;11;5;11;6;2;7;5;5;5;0;2;4;6;4;3;4;2;0;4;6;0;25
8_BAR_J2_Q1;1;8_BAR_J2;8;BAR;2;86;HIO;91;True;False;False;7,15;429;5;2;5;3;1;3;2;1;2;1;0;0;0;0;0;0;1;0;1;1;0;1;1;0;-2;5;20,0;21;7;18;11;5;11;6;2;7;5;5;5;0;2;4;6;4;3;4;2;0;4;6;0;25
13_BAR_J2_Q1;1;13_BAR_J2;13;BAR;2;86;HIO;91;True;False;False;4,4;264;0;0;0;0;0;0;0;0;0;0;0;0;0;0;0;0;1;0;0;0;0;0;2;0;2;3;20,0;21;7;18;11;5;11;6;2;7;5;5;5;0;2;4;6;4;3;4;2;0;4;6;0;25
14_BAR_J2_Q1;1;14_BAR_J2;14;BAR;2;86;HIO;91;True;False;False;0,0;0;0;0;0;0;0;0;0;0;0;0;0;0;0;0;0;0;0;0;0;0;0;0;0;0;0;0;20,0;21;7;18;11;5;11;6;2;7;5;5;5;0;2;4;6;4;3;4;2;0;4;6;0;25
19_BAR_J2_Q1;1;19_BAR_J2;19;BAR;2;86;HIO;91;True;False;False;5,416666666666667;325;2;0;0;0;0;0;0;0;0;0;2;2;0;0;0;0;0;0;0;0;0;0;1;0;-5;3;20,0;21;7;18;11;5;11;6;2;7;5;5;5;0;2;4;6;4;3;4;2;0;4;6;0;25
21_BAR_J2_Q1;1;21_BAR_J2;21;BAR;2;86;HIO;91;True;False;False;2,85;171;2;1;2;1;1;2;1;0;0;0;0;0;0;0;1;1;0;0;0;0;0;0;0;0;-2;2;20,0;21;7;18;11;5;11;6;2;7;5;5;5;0;2;4;6;4;3;4;2;0;4;6;0;25
23_BAR_J2_Q1;1;23_BAR_J2;23;BAR;2;86;HIO;91;True;False;False;5,516666666666667;331;2;1;2;1;1;1;0;0;1;1;0;0;0;0;0;0;2;0;0;0;0;0;1;0;2;4;20,0;21;7;18;11;5;11;6;2;7;5;5;5;0;2;4;6;4;3;4;2;0;4;6;0;25
43_BAR_J2_Q1;1;43_BAR_J2;43;BAR;2;86;HIO;91;True;False;False;0,7666666666666667;46;0;0;0;0;0;0;0;0;0;0;0;0;0;0;0;0;0;0;0;0;0;0;0;0;-1;0;20,0;21;7;18;11;5;11;6;2;7;5;5;5;0;2;4;6;4;3;4;2;0;4;6;0;25
44_BAR_J2_Q1;1;44_BAR_J2;44;BAR;2;86;HIO;91;True;False;False;4,666666666666667;280;2;1;2;1;1;2;1;0;0;0;0;0;0;0;1;1;0;0;0;1;0;0;0;0;-7;3;20,0;21;7;18;11;5;11;6;2;7;5;5;5;0;2;4;6;4;3;4;2;0;4;6;0;25
BAR_BAR_J2_Q1;1;BAR_BAR_J2;BAR;BAR;2;86;HIO;91;True;False;False;50,0;3000;0;0;0;0;0;0;0;0;0;0;0;0;0;0;0;0;0;0;0;0;0;0;0;0;0;0;20,0;21;7;18;11;5;11;6;2;7;5;5;5;0;2;4;6;4;3;4;2;0;4;6;0;25
0_BAR_J2_Q2;2;0_BAR_J2;0;BAR;2;86;HIO;91;True;False;False;7,116666666666666;427;5;2;4;2;1;2;1;1;2;1;0;0;0;0;1;1;1;1;0;0;0;1;0;0;-5;3;20,0;22;8;15;7;5;8;3;3;7;4;3;5;2;1;7;8;4;5;1;1;0;10;6;0;18
2_BAR_J2_Q2;2;2_BAR_J2;2;BAR;2;86;HIO;91;True;False;False;0,0;0;0;0;0;0;0;0;0;0;0;0;0;0;0;0;0;0;0;0;0;0;0;0;0;0;0;0;20,0;22;8;15;7;5;8;3;3;7;4;3;5;2;1;7;8;4;5;1;1;0;10;6;0;18
3_BAR_J2_Q2;2;3_BAR_J2;3;BAR;2;86;HIO;91;True;True;False;5,933333333333334;356;2;1;1;0;1;1;0;0;0;0;0;0;0;0;2;2;0;0;0;0;0;0;0;0;4;4;20,0;22;8;15;7;5;8;3;3;7;4;3;5;2;1;7;8;4;5;1;1;0;10;6;0;18
6_BAR_J2_Q2;2;6_BAR_J2;6;BAR;2;86;HIO;91;True;True;False;0,0;0;0;0;0;0;0;0;0;0;0;0;0;0;0;0;0;0;0;0;0;0;0;0;0;0;0;0;20,0;22;8;15;7;5;8;3;3;7;4;3;5;2;1;7;8;4;5;1;1;0;10;6;0;18
8_BAR_J2_Q2;2;8_BAR_J2;8;BAR;2;86;HIO;91;True;True;False;3,85;231;0;0;0;0;0;0;0;0;0;0;0;0;0;0;0;0;2;0;0;0;0;1;0;0;6;1;20,0;22;8;15;7;5;8;3;3;7;4;3;5;2;1;7;8;4;5;1;1;0;10;6;0;18
13_BAR_J2_Q2;2;13_BAR_J2;13;BAR;2;86;HIO;91;True;True;False;8,666666666666666;520;3;1;4;3;0;1;1;1;3;2;0;0;0;1;0;1;1;0;1;0;0;1;0;0;-2;2;20,0;22;8;15;7;5;8;3;3;7;4;3;5;2;1;7;8;4;5;1;1;0;10;6;0;18
14_BAR_J2_Q2;2;14_BAR_J2;14;BAR;2;86;HIO;91;True;False;False;7,233333333333333;434;3;1;2;1;1;2;1;0;0;0;1;2;1;0;0;0;0;2;0;1;0;2;4;0;1;2;20,0;22;8;15;7;5;8;3;3;7;4;3;5;2;1;7;8;4;5;1;1;0;10;6;0;18
19_BAR_J2_Q2;2;19_BAR_J2;19;BAR;2;86;HIO;91;True;False;False;2,7666666666666666;166;0;0;0;0;0;0;0;0;0;0;0;0;0;0;0;0;0;0;0;0;0;3;0;0;-2;-3;20,0;22;8;15;7;5;8;3;3;7;4;3;5;2;1;7;8;4;5;1;1;0;10;6;0;18
21_BAR_J2_Q2;2;21_BAR_J2;21;BAR;2;86;HIO;91;True;False;False;4,433333333333334;266;0;0;0;0;0;0;0;0;0;0;0;0;0;0;1;1;0;0;0;0;0;0;0;0;-6;1;20,0;22;8;15;7;5;8;3;3;7;4;3;5;2;1;7;8;4;5;1;1;0;10;6;0;18
23_BAR_J2_Q2;2;23_BAR_J2;23;BAR;2;86;HIO;91;True;True;False;4,35;261;5;2;2;0;2;2;0;0;0;0;1;1;0;0;1;1;0;1;0;0;0;2;1;0;3;4;20,0;22;8;15;7;5;8;3;3;7;4;3;5;2;1;7;8;4;5;1;1;0;10;6;0;18
43_BAR_J2_Q2;2;43_BAR_J2;43;BAR;2;86;HIO;91;True;False;False;0,0;0;0;0;0;0;0;0;0;0;0;0;0;0;0;0;0;0;0;0;0;0;0;0;0;0;0;0;20,0;22;8;15;7;5;8;3;3;7;4;3;5;2;1;7;8;4;5;1;1;0;10;6;0;18
44_BAR_J2_Q2;2;44_BAR_J2;44;BAR;2;86;HIO;91;True;False;False;5,65;339;4;1;2;1;0;0;0;1;2;1;1;2;1;0;2;2;0;0;0;0;0;0;1;0;-4;5;20,0;22;8;15;7;5;8;3;3;7;4;3;5;2;1;7;8;4;5;1;1;0;10;6;0;18
BAR_BAR_J2_Q2;2;BAR_BAR_J2;BAR;BAR;2;86;HIO;91;True;False;False;50,0;3000;0;0;0;0;0;0;0;0;0;0;0;0;0;0;0;0;0;1;0;0;0;0;0;0;0;-1;20,0;22;8;15;7;5;8;3;3;7;4;3;5;2;1;7;8;4;5;1;1;0;10;6;0;18
0_BAR_J2_Q3;3;0_BAR_J2;0;BAR;2;86;HIO;91;True;False;False;4,033333333333333;242;4;2;3;1;2;2;0;0;1;1;0;0;0;0;0;0;0;0;0;0;0;0;0;0;0;3;20,0;22;8;18;10;5;11;6;3;7;4;3;6;3;5;10;15;3;4;1;1;2;5;6;0;24
2_BAR_J2_Q3;3;2_BAR_J2;2;BAR;2;86;HIO;91;True;False;False;6,666666666666667;400;0;0;1;1;0;1;1;0;0;0;0;0;0;0;1;1;1;0;0;1;0;1;0;0;7;1;20,0;22;8;18;10;5;11;6;3;7;4;3;6;3;5;10;15;3;4;1;1;2;5;6;0;24
3_BAR_J2_Q3;3;3_BAR_J2;3;BAR;2;86;HIO;91;True;True;False;4,033333333333333;242;0;0;1;1;0;0;0;0;1;1;0;0;0;0;1;1;0;0;0;0;0;0;0;0;0;0;20,0;22;8;18;10;5;11;6;3;7;4;3;6;3;5;10;15;3;4;1;1;2;5;6;0;24
6_BAR_J2_Q3;3;6_BAR_J2;6;BAR;2;86;HIO;91;True;True;False;0,0;0;0;0;0;0;0;0;0;0;0;0;0;0;0;0;0;0;0;0;0;0;0;0;0;0;0;0;20,0;22;8;18;10;5;11;6;3;7;4;3;6;3;5;10;15;3;4;1;1;2;5;6;0;24
8_BAR_J2_Q3;3;8_BAR_J2;8;BAR;2;86;HIO;91;True;True;False;5,966666666666667;358;3;1;3;2;0;1;1;1;2;1;0;0;0;0;1;1;1;0;0;0;0;0;2;0;7;5;20,0;22;8;18;10;5;11;6;3;7;4;3;6;3;5;10;15;3;4;1;1;2;5;6;0;24
13_BAR_J2_Q3;3;13_BAR_J2;13;BAR;2;86;HIO;91;True;True;False;3,3333333333333335;200;3;1;2;1;0;0;0;1;2;1;0;0;0;0;0;0;0;0;0;0;0;0;0;0;0;2;20,0;22;8;18;10;5;11;6;3;7;4;3;6;3;5;10;15;3;4;1;1;2;5;6;0;24
14_BAR_J2_Q3;3;14_BAR_J2;14;BAR;2;86;HIO;91;True;False;False;4,183333333333334;251;0;0;0;0;0;0;0;0;0;0;0;0;0;0;1;1;0;1;0;0;0;1;0;0;1;-1;20,0;22;8;18;10;5;11;6;3;7;4;3;6;3;5;10;15;3;4;1;1;2;5;6;0;24
19_BAR_J2_Q3;3;19_BAR_J2;19;BAR;2;86;HIO;91;True;False;False;5,816666666666666;349;0;0;3;3;0;3;3;0;0;0;0;0;0;4;1;5;0;1;0;0;1;0;0;0;6;0;20,0;22;8;18;10;5;11;6;3;7;4;3;6;3;5;10;15;3;4;1;1;2;5;6;0;24
21_BAR_J2_Q3;3;21_BAR_J2;21;BAR;2;86;HIO;91;True;False;False;5,966666666666667;358;5;2;3;1;1;2;1;1;1;0;0;0;0;0;2;2;0;0;0;0;1;1;0;0;7;4;20,0;22;8;18;10;5;11;6;3;7;4;3;6;3;5;10;15;3;4;1;1;2;5;6;0;24
23_BAR_J2_Q3;3;23_BAR_J2;23;BAR;2;86;HIO;91;True;True;False;4,983333333333333;299;5;1;1;0;1;1;0;0;0;0;3;4;1;1;1;2;1;0;1;0;0;1;3;0;4;10;20,0;22;8;18;10;5;11;6;3;7;4;3;6;3;5;10;15;3;4;1;1;2;5;6;0;24
43_BAR_J2_Q3;3;43_BAR_J2;43;BAR;2;86;HIO;91;True;False;False;0,0;0;0;0;0;0;0;0;0;0;0;0;0;0;0;0;0;0;0;0;0;0;0;0;0;0;0;0;20,0;22;8;18;10;5;11;6;3;7;4;3;6;3;5;10;15;3;4;1;1;2;5;6;0;24
44_BAR_J2_Q3;3;44_BAR_J2;44;BAR;2;86;HIO;91;True;False;False;5,016666666666667;301;2;1;1;0;1;1;0;0;0;0;0;2;2;0;1;1;0;1;0;0;0;0;1;0;3;1;20,0;22;8;18;10;5;11;6;3;7;4;3;6;3;5;10;15;3;4;1;1;2;5;6;0;24
BAR_BAR_J2_Q3;3;BAR_BAR_J2;BAR;BAR;2;86;HIO;91;True;False;False;50,0;3000;0;0;0;0;0;0;0;0;0;0;0;0;0;0;1;1;0;1;0;0;0;1;0;0;0;-1;20,0;22;8;18;10;5;11;6;3;7;4;3;6;3;5;10;15;3;4;1;1;2;5;6;0;24
0_BAR_J2_Q4;4;0_BAR_J2;0;BAR;2;86;HIO;91;True;False;False;5,4;324;2;1;1;0;1;1;0;0;0;0;0;1;1;0;0;0;0;0;0;0;0;0;1;0;-7;2;20,0;21;6;16;10;6;12;6;0;4;4;9;12;3;2;3;5;5;2;3;0;3;5;8;0;19
2_BAR_J2_Q4;4;2_BAR_J2;2;BAR;2;86;HIO;91;True;False;False;1,2;72;0;0;0;0;0;0;0;0;0;0;0;0;0;0;0;0;0;0;0;0;0;0;0;0;-5;0;20,0;21;6;16;10;6;12;6;0;4;4;9;12;3;2;3;5;5;2;3;0;3;5;8;0;19
3_BAR_J2_Q4;4;3_BAR_J2;3;BAR;2;86;HIO;91;True;True;False;1,2;72;0;0;0;0;0;0;0;0;0;0;0;0;0;0;0;0;0;0;0;0;0;0;0;0;-5;0;20,0;21;6;16;10;6;12;6;0;4;4;9;12;3;2;3;5;5;2;3;0;3;5;8;0;19
6_BAR_J2_Q4;4;6_BAR_J2;6;BAR;2;86;HIO;91;True;True;False;0,0;0;0;0;0;0;0;0;0;0;0;0;0;0;0;0;0;0;0;0;0;0;0;0;0;0;0;0;20,0;21;6;16;10;6;12;6;0;4;4;9;12;3;2;3;5;5;2;3;0;3;5;8;0;19
8_BAR_J2_Q4;4;8_BAR_J2;8;BAR;2;86;HIO;91;True;True;False;6,316666666666666;379;2;1;5;4;1;3;2;0;2;2;0;0;0;0;0;0;1;0;0;0;0;0;0;0;-1;-1;20,0;21;6;16;10;6;12;6;0;4;4;9;12;3;2;3;5;5;2;3;0;3;5;8;0;19
13_BAR_J2_Q4;4;13_BAR_J2;13;BAR;2;86;HIO;91;True;True;False;7,083333333333333;425;2;1;1;0;1;1;0;0;0;0;0;0;0;0;1;1;1;1;1;0;0;1;0;0;-1;3;20,0;21;6;16;10;6;12;6;0;4;4;9;12;3;2;3;5;5;2;3;0;3;5;8;0;19
14_BAR_J2_Q4;4;14_BAR_J2;14;BAR;2;86;HIO;91;True;False;False;8,866666666666667;532;7;3;4;1;3;4;1;0;0;0;1;3;2;1;1;2;0;0;2;0;1;1;2;0;-9;8;20,0;21;6;16;10;6;12;6;0;4;4;9;12;3;2;3;5;5;2;3;0;3;5;8;0;19
19_BAR_J2_Q4;4;19_BAR_J2;19;BAR;2;86;HIO;91;True;False;False;0,7666666666666667;46;0;0;0;0;0;0;0;0;0;0;0;0;0;0;1;1;0;0;0;0;0;1;0;0;0;0;20,0;21;6;16;10;6;12;6;0;4;4;9;12;3;2;3;5;5;2;3;0;3;5;8;0;19
21_BAR_J2_Q4;4;21_BAR_J2;21;BAR;2;86;HIO;91;True;False;False;8,8;528;0;0;0;0;0;0;0;0;0;0;0;0;0;0;0;0;2;0;0;0;0;2;1;0;-2;1;20,0;21;6;16;10;6;12;6;0;4;4;9;12;3;2;3;5;5;2;3;0;3;5;8;0;19
23_BAR_J2_Q4;4;23_BAR_J2;23;BAR;2;86;HIO;91;True;True;False;8,8;528;8;0;4;4;0;3;3;0;1;1;8;8;0;0;0;0;1;0;0;0;2;0;4;0;-2;7;20,0;21;6;16;10;6;12;6;0;4;4;9;12;3;2;3;5;5;2;3;0;3;5;8;0;19
43_BAR_J2_Q4;4;43_BAR_J2;43;BAR;2;86;HIO;91;True;False;False;0,0;0;0;0;0;0;0;0;0;0;0;0;0;0;0;0;0;0;0;0;0;0;0;0;0;0;0;0;20,0;21;6;16;10;6;12;6;0;4;4;9;12;3;2;3;5;5;2;3;0;3;5;8;0;19
44_BAR_J2_Q4;4;44_BAR_J2;44;BAR;2;86;HIO;91;True;False;False;1,5666666666666667;94;0;0;1;1;0;0;0;0;1;1;0;0;0;0;0;0;0;1;0;0;0;0;0;0;-3;-2;20,0;21;6;16;10;6;12;6;0;4;4;9;12;3;2;3;5;5;2;3;0;3;5;8;0;19
BAR_BAR_J2_Q4;4;BAR_BAR_J2;BAR;BAR;2;86;HIO;91;True;False;False;50,0;3000;0;0;0;0;0;0;0;0;0;0;0;0;0;1;0;1;0;0;0;0;0;0;0;0;0;1;20,0;21;6;16;10;6;12;6;0;4;4;9;12;3;2;3;5;5;2;3;0;3;5;8;0;19
1_HIO_J2_Q1;1;1_HIO_J2;1;HIO;2;91;BAR;86;False;False;True;5,6;336;3;1;3;2;0;1;1;1;2;1;0;0;0;0;0;0;0;0;0;0;1;0;0;0;6;0;20,0;25;9;15;6;5;8;3;4;7;3;3;4;1;2;8;10;3;6;2;0;2;7;4;0;22
2_HIO_J2_Q1;1;2_HIO_J2;2;HIO;2;91;BAR;86;False;True;True;4,4;264;0;0;1;1;0;0;0;0;1;1;0;0;0;0;0;0;1;0;0;0;1;0;0;0;-2;-1;20,0;25;9;15;6;5;8;3;4;7;3;3;4;1;2;8;10;3;6;2;0;2;7;4;0;22
3_HIO_J2_Q1;1;3_HIO_J2;3;HIO;2;91;BAR;86;False;True;True;5,333333333333333;320;0;0;2;2;0;1;1;0;1;1;0;0;0;0;1;1;0;0;0;0;0;0;1;0;-3;0;20,0;25;9;15;6;5;8;3;4;7;3;3;4;1;2;8;10;3;6;2;0;2;7;4;0;22
4_HIO_J2_Q1;1;4_HIO_J2;4;HIO;2;91;BAR;86;False;False;True;5,6;336;9;4;5;1;3;4;1;1;1;0;0;0;0;1;1;2;1;0;0;0;0;1;1;0;6;11;20,0;25;9;15;6;5;8;3;4;7;3;3;4;1;2;8;10;3;6;2;0;2;7;4;0;22
5_HIO_J2_Q1;1;5_HIO_J2;5;HIO;2;91;BAR;86;False;True;True;4,4;264;2;0;0;0;0;0;0;0;0;0;2;2;0;1;2;3;0;4;1;0;0;2;1;0;-2;1;20,0;25;9;15;6;5;8;3;4;7;3;3;4;1;2;8;10;3;6;2;0;2;7;4;0;22
6_HIO_J2_Q1;1;6_HIO_J2;6;HIO;2;91;BAR;86;False;True;True;4,4;264;3;1;1;0;0;0;0;1;1;0;0;0;0;0;0;0;1;1;0;0;0;1;0;0;-2;2;20,0;25;9;15;6;5;8;3;4;7;3;3;4;1;2;8;10;3;6;2;0;2;7;4;0;22
7_HIO_J2_Q1;1;7_HIO_J2;7;HIO;2;91;BAR;86;False;False;True;0,18333333333333332;11;0;0;0;0;0;0;0;0;0;0;0;0;0;0;0;0;0;0;0;0;0;0;0;0;1;0;20,0;25;9;15;6;5;8;3;4;7;3;3;4;1;2;8;10;3;6;2;0;2;7;4;0;22
12_HIO_J2_Q1;1;12_HIO_J2;12;HIO;2;91;BAR;86;False;False;True;5,416666666666667;325;0;0;0;0;0;0;0;0;0;0;0;0;0;0;0;0;0;0;0;0;0;1;0;0;5;-1;20,0;25;9;15;6;5;8;3;4;7;3;3;4;1;2;8;10;3;6;2;0;2;7;4;0;22
14_HIO_J2_Q1;1;14_HIO_J2;14;HIO;2;91;BAR;86;False;False;True;5,6;336;2;1;1;0;1;1;0;0;0;0;0;0;0;0;1;1;0;0;0;0;0;0;0;0;6;3;20,0;25;9;15;6;5;8;3;4;7;3;3;4;1;2;8;10;3;6;2;0;2;7;4;0;22
16_HIO_J2_Q1;1;16_HIO_J2;16;HIO;2;91;BAR;86;False;False;True;4,666666666666667;280;4;1;1;0;0;0;0;1;1;0;1;2;1;0;2;2;0;0;0;0;0;1;1;0;7;5;20,0;25;9;15;6;5;8;3;4;7;3;3;4;1;2;8;10;3;6;2;0;2;7;4;0;22
22_HIO_J2_Q1;1;22_HIO_J2;22;HIO;2;91;BAR;86;False;False;True;0,0;0;0;0;0;0;0;0;0;0;0;0;0;0;0;0;0;0;0;0;0;0;0;0;0;0;0;0;20,0;25;9;15;6;5;8;3;4;7;3;3;4;1;2;8;10;3;6;2;0;2;7;4;0;22
25_HIO_J2_Q1;1;25_HIO_J2;25;HIO;2;91;BAR;86;False;True;True;4,4;264;2;1;1;0;1;1;0;0;0;0;0;0;0;0;0;0;0;0;1;0;0;0;0;0;-2;3;20,0;25;9;15;6;5;8;3;4;7;3;3;4;1;2;8;10;3;6;2;0;2;7;4;0;22
HIO_HIO_J2_Q1;1;HIO_HIO_J2;HIO;HIO;2;91;BAR;86;False;False;True;50,0;3000;0;0;0;0;0;0;0;0;0;0;0;0;0;0;1;1;0;1;0;0;0;1;0;0;0;-1;20,0;25;9;15;6;5;8;3;4;7;3;3;4;1;2;8;10;3;6;2;0;2;7;4;0;22
1_HIO_J2_Q2;2;1_HIO_J2;1;HIO;2;91;BAR;86;False;False;True;5,45;327;4;1;2;1;1;2;1;0;0;0;2;2;0;1;0;1;1;0;0;0;0;0;1;0;-1;6;20,0;23;6;15;9;6;12;6;0;3;3;11;12;1;2;6;8;3;1;3;0;1;6;9;0;28
2_HIO_J2_Q2;2;2_HIO_J2;2;HIO;2;91;BAR;86;False;True;True;5,55;333;0;0;1;1;0;1;1;0;0;0;0;0;0;0;1;1;0;0;0;0;0;0;0;0;3;0;20,0;23;6;15;9;6;12;6;0;3;3;11;12;1;2;6;8;3;1;3;0;1;6;9;0;28
3_HIO_J2_Q2;2;3_HIO_J2;3;HIO;2;91;BAR;86;False;True;True;5,933333333333334;356;6;2;4;2;2;4;2;0;0;0;2;2;0;0;0;0;0;0;1;0;1;0;1;0;-4;5;20,0;23;6;15;9;6;12;6;0;3;3;11;12;1;2;6;8;3;1;3;0;1;6;9;0;28
4_HIO_J2_Q2;2;4_HIO_J2;4;HIO;2;91;BAR;86;False;False;True;4,45;267;0;0;2;2;0;1;1;0;1;1;0;0;0;0;2;2;0;0;0;0;0;1;0;0;-2;-1;20,0;23;6;15;9;6;12;6;0;3;3;11;12;1;2;6;8;3;1;3;0;1;6;9;0;28
5_HIO_J2_Q2;2;5_HIO_J2;5;HIO;2;91;BAR;86;False;True;True;5,783333333333333;347;2;1;2;1;1;1;0;0;1;1;0;1;1;0;0;0;1;0;0;0;0;0;0;0;-2;1;20,0;23;6;15;9;6;12;6;0;3;3;11;12;1;2;6;8;3;1;3;0;1;6;9;0;28
6_HIO_J2_Q2;2;6_HIO_J2;6;HIO;2;91;BAR;86;False;True;True;4,55;273;3;1;1;0;1;1;0;0;0;0;1;1;0;0;0;0;0;1;0;0;0;0;3;0;2;5;20,0;23;6;15;9;6;12;6;0;3;3;11;12;1;2;6;8;3;1;3;0;1;6;9;0;28
7_HIO_J2_Q2;2;7_HIO_J2;7;HIO;2;91;BAR;86;False;False;True;6,4;384;4;0;0;0;0;0;0;0;0;0;4;4;0;0;1;1;0;0;0;0;0;2;2;0;3;5;20,0;23;6;15;9;6;12;6;0;3;3;11;12;1;2;6;8;3;1;3;0;1;6;9;0;28
12_HIO_J2_Q2;2;12_HIO_J2;12;HIO;2;91;BAR;86;False;False;True;1,95;117;0;0;0;0;0;0;0;0;0;0;0;0;0;0;0;0;0;0;0;0;0;1;0;0;-2;-1;20,0;23;6;15;9;6;12;6;0;3;3;11;12;1;2;6;8;3;1;3;0;1;6;9;0;28
14_HIO_J2_Q2;2;14_HIO_J2;14;HIO;2;91;BAR;86;False;False;True;5,35;321;2;1;2;1;1;2;1;0;0;0;0;0;0;1;2;3;0;0;2;0;0;2;1;0;4;5;20,0;23;6;15;9;6;12;6;0;3;3;11;12;1;2;6;8;3;1;3;0;1;6;9;0;28
16_HIO_J2_Q2;2;16_HIO_J2;16;HIO;2;91;BAR;86;False;False;True;2,933333333333333;176;0;0;1;1;0;0;0;0;1;1;0;0;0;0;0;0;0;0;0;0;0;0;0;0;4;-1;20,0;23;6;15;9;6;12;6;0;3;3;11;12;1;2;6;8;3;1;3;0;1;6;9;0;28
22_HIO_J2_Q2;2;22_HIO_J2;22;HIO;2;91;BAR;86;False;False;True;0,0;0;0;0;0;0;0;0;0;0;0;0;0;0;0;0;0;0;0;0;0;0;0;0;0;0;0;0;20,0;23;6;15;9;6;12;6;0;3;3;11;12;1;2;6;8;3;1;3;0;1;6;9;0;28
25_HIO_J2_Q2;2;25_HIO_J2;25;HIO;2;91;BAR;86;False;True;True;1,65;99;2;0;0;0;0;0;0;0;0;0;2;2;0;0;0;0;1;0;0;0;0;0;1;0;0;4;20,0;23;6;15;9;6;12;6;0;3;3;11;12;1;2;6;8;3;1;3;0;1;6;9;0;28
HIO_HIO_J2_Q2;2;HIO_HIO_J2;HIO;HIO;2;91;BAR;86;False;False;True;50,0;3000;0;0;0;0;0;0;0;0;0;0;0;0;0;0;0;0;0;0;0;0;0;0;0;0;0;0;20,0;23;6;15;9;6;12;6;0;3;3;11;12;1;2;6;8;3;1;3;0;1;6;9;0;28
1_HIO_J2_Q3;3;1_HIO_J2;1;HIO;2;91;BAR;86;False;False;True;4,316666666666666;259;4;1;3;2;1;3;2;0;0;0;2;2;0;0;2;2;0;1;0;0;0;1;1;0;-6;3;20,0;15;5;15;10;3;10;7;2;5;3;3;3;0;0;7;7;3;4;1;2;1;6;4;0;11
2_HIO_J2_Q3;3;2_HIO_J2;2;HIO;2;91;BAR;86;False;True;True;7,366666666666666;442;3;1;2;1;0;0;0;1;2;1;0;0;0;0;1;1;0;0;0;0;0;0;1;0;0;4;20,0;15;5;15;10;3;10;7;2;5;3;3;3;0;0;7;7;3;4;1;2;1;6;4;0;11
3_HIO_J2_Q3;3;3_HIO_J2;3;HIO;2;91;BAR;86;False;True;True;4,983333333333333;299;0;0;1;1;0;1;1;0;0;0;0;0;0;0;0;0;0;0;0;0;0;2;0;0;-2;-3;20,0;15;5;15;10;3;10;7;2;5;3;3;3;0;0;7;7;3;4;1;2;1;6;4;0;11
4_HIO_J2_Q3;3;4_HIO_J2;4;HIO;2;91;BAR;86;False;False;True;2,6333333333333333;158;0;0;2;2;0;1;1;0;1;1;0;0;0;0;0;0;0;0;0;0;0;0;0;0;-7;-2;20,0;15;5;15;10;3;10;7;2;5;3;3;3;0;0;7;7;3;4;1;2;1;6;4;0;11
5_HIO_J2_Q3;3;5_HIO_J2;5;HIO;2;91;BAR;86;False;True;True;3,95;237;0;0;0;0;0;0;0;0;0;0;0;0;0;0;1;1;0;3;0;1;0;2;0;0;-1;-3;20,0;15;5;15;10;3;10;7;2;5;3;3;3;0;0;7;7;3;4;1;2;1;6;4;0;11
6_HIO_J2_Q3;3;6_HIO_J2;6;HIO;2;91;BAR;86;False;True;True;5,683333333333334;341;4;1;2;1;0;0;0;1;2;1;1;1;0;0;0;0;1;0;0;0;0;1;1;0;-1;4;20,0;15;5;15;10;3;10;7;2;5;3;3;3;0;0;7;7;3;4;1;2;1;6;4;0;11
7_HIO_J2_Q3;3;7_HIO_J2;7;HIO;2;91;BAR;86;False;False;True;2,5;150;0;0;1;1;0;1;1;0;0;0;0;0;0;0;0;0;0;0;0;0;0;0;0;0;-2;-1;20,0;15;5;15;10;3;10;7;2;5;3;3;3;0;0;7;7;3;4;1;2;1;6;4;0;11
12_HIO_J2_Q3;3;12_HIO_J2;12;HIO;2;91;BAR;86;False;False;True;3,316666666666667;199;0;0;0;0;0;0;0;0;0;0;0;0;0;0;0;0;0;0;0;1;0;0;0;0;-4;1;20,0;15;5;15;10;3;10;7;2;5;3;3;3;0;0;7;7;3;4;1;2;1;6;4;0;11
14_HIO_J2_Q3;3;14_HIO_J2;14;HIO;2;91;BAR;86;False;False;True;6,05;363;4;2;2;0;2;2;0;0;0;0;0;0;0;0;0;0;0;0;1;0;0;0;0;0;-6;5;20,0;15;5;15;10;3;10;7;2;5;3;3;3;0;0;7;7;3;4;1;2;1;6;4;0;11
16_HIO_J2_Q3;3;16_HIO_J2;16;HIO;2;91;BAR;86;False;False;True;5,016666666666667;301;0;0;1;1;0;1;1;0;0;0;0;0;0;0;2;2;0;0;0;0;1;0;1;0;-5;1;20,0;15;5;15;10;3;10;7;2;5;3;3;3;0;0;7;7;3;4;1;2;1;6;4;0;11
22_HIO_J2_Q3;3;22_HIO_J2;22;HIO;2;91;BAR;86;False;False;True;0,0;0;0;0;0;0;0;0;0;0;0;0;0;0;0;0;0;0;0;0;0;0;0;0;0;0;0;0;20,0;15;5;15;10;3;10;7;2;5;3;3;3;0;0;7;7;3;4;1;2;1;6;4;0;11
25_HIO_J2_Q3;3;25_HIO_J2;25;HIO;2;91;BAR;86;False;True;True;4,183333333333334;251;0;0;1;1;0;1;1;0;0;0;0;0;0;0;1;1;2;0;0;0;0;0;0;0;-1;2;20,0;15;5;15;10;3;10;7;2;5;3;3;3;0;0;7;7;3;4;1;2;1;6;4;0;11
HIO_HIO_J2_Q3;3;HIO_HIO_J2;HIO;HIO;2;91;BAR;86;False;False;True;50,0;3000;0;0;0;0;0;0;0;0;0;0;0;0;0;0;0;0;0;0;0;0;0;0;0;0;0;0;20,0;15;5;15;10;3;10;7;2;5;3;3;3;0;0;7;7;3;4;1;2;1;6;4;0;11
1_HIO_J2_Q4;4;1_HIO_J2;1;HIO;2;91;BAR;86;False;False;True;4,75;285;3;1;1;0;0;0;0;1;1;0;0;0;0;0;2;2;1;0;0;0;0;1;0;0;6;5;20,0;28;11;14;3;8;9;1;3;5;2;3;6;3;3;8;11;6;7;1;3;0;9;5;0;32
2_HIO_J2_Q4;4;2_HIO_J2;2;HIO;2;91;BAR;86;False;True;True;3,0;180;0;0;0;0;0;0;0;0;0;0;0;0;0;0;1;1;0;0;0;0;0;0;0;0;6;1;20,0;28;11;14;3;8;9;1;3;5;2;3;6;3;3;8;11;6;7;1;3;0;9;5;0;32
3_HIO_J2_Q4;4;3_HIO_J2;3;HIO;2;91;BAR;86;False;True;True;6,316666666666666;379;4;2;2;0;2;2;0;0;0;0;0;0;0;1;0;1;0;1;0;0;0;2;0;0;1;2;20,0;28;11;14;3;8;9;1;3;5;2;3;6;3;3;8;11;6;7;1;3;0;9;5;0;32
4_HIO_J2_Q4;4;4_HIO_J2;4;HIO;2;91;BAR;86;False;False;True;7,0;420;9;3;3;0;2;2;0;1;1;0;2;4;2;0;1;1;2;3;0;0;0;1;3;0;1;9;20,0;28;11;14;3;8;9;1;3;5;2;3;6;3;3;8;11;6;7;1;3;0;9;5;0;32
5_HIO_J2_Q4;4;5_HIO_J2;5;HIO;2;91;BAR;86;False;True;True;5,066666666666666;304;0;0;1;1;0;0;0;0;1;1;0;0;0;0;0;0;0;0;0;0;0;0;0;0;6;-1;20,0;28;11;14;3;8;9;1;3;5;2;3;6;3;3;8;11;6;7;1;3;0;9;5;0;32
6_HIO_J2_Q4;4;6_HIO_J2;6;HIO;2;91;BAR;86;False;True;True;4,933333333333334;296;0;0;0;0;0;0;0;0;0;0;0;0;0;0;0;0;1;1;1;0;0;1;0;0;1;0;20,0;28;11;14;3;8;9;1;3;5;2;3;6;3;3;8;11;6;7;1;3;0;9;5;0;32
7_HIO_J2_Q4;4;7_HIO_J2;7;HIO;2;91;BAR;86;False;False;True;6,166666666666667;370;6;3;3;0;3;3;0;0;0;0;0;0;0;1;1;2;1;1;0;1;0;2;0;0;6;7;20,0;28;11;14;3;8;9;1;3;5;2;3;6;3;3;8;11;6;7;1;3;0;9;5;0;32
12_HIO_J2_Q4;4;12_HIO_J2;12;HIO;2;91;BAR;86;False;False;True;3,8333333333333335;230;2;1;1;0;1;1;0;0;0;0;0;0;0;0;1;1;0;0;0;2;0;0;0;0;1;5;20,0;28;11;14;3;8;9;1;3;5;2;3;6;3;3;8;11;6;7;1;3;0;9;5;0;32
14_HIO_J2_Q4;4;14_HIO_J2;14;HIO;2;91;BAR;86;False;False;True;5,25;315;1;0;1;1;0;0;0;0;1;1;1;2;1;0;1;1;0;0;0;0;0;0;1;0;1;1;20,0;28;11;14;3;8;9;1;3;5;2;3;6;3;3;8;11;6;7;1;3;0;9;5;0;32
16_HIO_J2_Q4;4;16_HIO_J2;16;HIO;2;91;BAR;86;False;False;True;3,683333333333333;221;3;1;2;1;0;1;1;1;1;0;0;0;0;1;1;2;1;0;0;0;0;1;1;0;6;5;20,0;28;11;14;3;8;9;1;3;5;2;3;6;3;3;8;11;6;7;1;3;0;9;5;0;32
22_HIO_J2_Q4;4;22_HIO_J2;22;HIO;2;91;BAR;86;False;False;True;0,0;0;0;0;0;0;0;0;0;0;0;0;0;0;0;0;0;0;0;0;0;0;0;0;0;0;0;0;20,0;28;11;14;3;8;9;1;3;5;2;3;6;3;3;8;11;6;7;1;3;0;9;5;0;32
25_HIO_J2_Q4;4;25_HIO_J2;25;HIO;2;91;BAR;86;False;True;True;0,0;0;0;0;0;0;0;0;0;0;0;0;0;0;0;0;0;0;0;0;0;0;0;0;0;0;0;0;20,0;28;11;14;3;8;9;1;3;5;2;3;6;3;3;8;11;6;7;1;3;0;9;5;0;32
HIO_HIO_J2_Q4;4;HIO_HIO_J2;HIO;HIO;2;91;BAR;86;False;False;True;50,0;3000;0;0;0;0;0;0;0;0;0;0;0;0;0;0;0;0;0;1;0;0;0;1;0;0;0;-2;20,0;28;11;14;3;8;9;1;3;5;2;3;6;3;3;8;11;6;7;1;3;0;9;5;0;32
0_BRE_J2_Q1;1;0_BRE_J2;0;BRE;2;90;VBC;113;True;True;False;4,633333333333334;278;3;1;2;1;0;0;0;1;2;1;0;0;0;0;0;0;1;1;0;0;0;1;0;0;8;1;20,0;27;9;18;9;2;7;5;7;11;4;2;2;0;6;4;10;6;6;2;1;0;5;5;1;31
1_BRE_J2_Q1;1;1_BRE_J2;1;BRE;2;90;VBC;113;True;True;False;6,75;405;3;1;2;1;0;1;1;1;1;0;0;0;0;0;0;0;0;1;1;0;0;1;0;0;6;1;20,0;27;9;18;9;2;7;5;7;11;4;2;2;0;6;4;10;6;6;2;1;0;5;5;1;31
4_BRE_J2_Q1;1;4_BRE_J2;4;BRE;2;90;VBC;113;True;True;False;5,25;315;0;0;1;1;0;0;0;0;1;1;0;0;0;0;0;0;1;1;0;0;0;1;0;0;6;-2;20,0;27;9;18;9;2;7;5;7;11;4;2;2;0;6;4;10;6;6;2;1;0;5;5;1;31
8_BRE_J2_Q1;1;8_BRE_J2;8;BRE;2;90;VBC;113;True;False;False;0,0;0;0;0;0;0;0;0;0;0;0;0;0;0;0;0;0;0;0;0;0;0;0;0;0;0;0;0;20,0;27;9;18;9;2;7;5;7;11;4;2;2;0;6;4;10;6;6;2;1;0;5;5;1;31
10_BRE_J2_Q1;1;10_BRE_J2;10;BRE;2;90;VBC;113;True;False;False;3,966666666666667;238;2;0;1;1;0;0;0;0;1;1;2;2;0;0;0;0;0;0;0;0;0;0;2;0;2;3;20,0;27;9;18;9;2;7;5;7;11;4;2;2;0;6;4;10;6;6;2;1;0;5;5;1;31
17_BRE_J2_Q1;1;17_BRE_J2;17;BRE;2;90;VBC;113;True;False;False;3,25;195;3;1;1;0;0;0;0;1;1;0;0;0;0;0;0;0;0;0;0;0;0;0;0;0;2;3;20,0;27;9;18;9;2;7;5;7;11;4;2;2;0;6;4;10;6;6;2;1;0;5;5;1;31
18_BRE_J2_Q1;1;18_BRE_J2;18;BRE;2;90;VBC;113;True;True;False;4,016666666666667;241;0;0;0;0;0;0;0;0;0;0;0;0;0;2;2;4;1;0;0;0;0;0;1;0;10;6;20,0;27;9;18;9;2;7;5;7;11;4;2;2;0;6;4;10;6;6;2;1;0;5;5;1;31
19_BRE_J2_Q1;1;19_BRE_J2;19;BRE;2;90;VBC;113;True;False;False;4,75;285;2;1;2;1;1;2;1;0;0;0;0;0;0;2;0;2;3;1;0;0;0;0;2;0;2;7;20,0;27;9;18;9;2;7;5;7;11;4;2;2;0;6;4;10;6;6;2;1;0;5;5;1;31
22_BRE_J2_Q1;1;22_BRE_J2;22;BRE;2;90;VBC;113;True;False;False;5,983333333333333;359;2;1;1;0;1;1;0;0;0;0;0;0;0;1;0;1;0;1;0;1;0;1;0;1;-2;2;20,0;27;9;18;9;2;7;5;7;11;4;2;2;0;6;4;10;6;6;2;1;0;5;5;1;31
23_BRE_J2_Q1;1;23_BRE_J2;23;BRE;2;90;VBC;113;True;False;False;0,0;0;0;0;0;0;0;0;0;0;0;0;0;0;0;0;0;0;0;0;0;0;0;0;0;0;0;0;20,0;27;9;18;9;2;7;5;7;11;4;2;2;0;6;4;10;6;6;2;1;0;5;5;1;31
37_BRE_J2_Q1;1;37_BRE_J2;37;BRE;2;90;VBC;113;True;False;False;5,366666666666666;322;3;1;3;2;0;2;2;1;1;0;0;0;0;0;1;1;0;1;1;0;0;1;0;0;0;1;20,0;27;9;18;9;2;7;5;7;11;4;2;2;0;6;4;10;6;6;2;1;0;5;5;1;31
47_BRE_J2_Q1;1;47_BRE_J2;47;BRE;2;90;VBC;113;True;True;False;6,033333333333333;362;9;3;5;2;0;1;1;3;4;1;0;0;0;0;1;1;0;0;0;0;0;0;0;0;6;8;20,0;27;9;18;9;2;7;5;7;11;4;2;2;0;6;4;10;6;6;2;1;0;5;5;1;31
BRE_BRE_J2_Q1;1;BRE_BRE_J2;BRE;BRE;2;90;VBC;113;True;False;False;50,0;3000;0;0;0;0;0;0;0;0;0;0;0;0;0;1;0;1;0;0;0;0;0;0;0;0;0;1;20,0;27;9;18;9;2;7;5;7;11;4;2;2;0;6;4;10;6;6;2;1;0;5;5;1;31
0_BRE_J2_Q2;2;0_BRE_J2;0;BRE;2;90;VBC;113;True;True;False;4,85;291;0;0;1;1;0;1;1;0;0;0;0;0;0;0;0;0;0;0;0;0;1;1;0;0;-8;-3;20,0;20;6;17;11;4;11;7;2;6;4;6;10;4;4;2;6;2;2;0;0;1;6;8;0;12
1_BRE_J2_Q2;2;1_BRE_J2;1;BRE;2;90;VBC;113;True;True;False;3,9;234;0;0;1;1;0;0;0;0;1;1;0;0;0;0;0;0;0;0;0;0;0;1;0;0;-8;-2;20,0;20;6;17;11;4;11;7;2;6;4;6;10;4;4;2;6;2;2;0;0;1;6;8;0;12
4_BRE_J2_Q2;2;4_BRE_J2;4;BRE;2;90;VBC;113;True;True;False;5,883333333333334;353;4;1;4;3;1;3;2;0;1;1;2;2;0;0;0;0;0;0;0;0;0;2;1;0;3;0;20,0;20;6;17;11;4;11;7;2;6;4;6;10;4;4;2;6;2;2;0;0;1;6;8;0;12
8_BRE_J2_Q2;2;8_BRE_J2;8;BRE;2;90;VBC;113;True;False;False;2,6333333333333333;158;2;0;1;1;0;1;1;0;0;0;2;4;2;1;0;1;0;0;0;0;0;0;2;0;-4;2;20,0;20;6;17;11;4;11;7;2;6;4;6;10;4;4;2;6;2;2;0;0;1;6;8;0;12
10_BRE_J2_Q2;2;10_BRE_J2;10;BRE;2;90;VBC;113;True;False;False;5,316666666666666;319;7;2;3;1;1;2;1;1;1;0;2;2;0;0;1;1;0;0;0;0;0;0;2;0;3;9;20,0;20;6;17;11;4;11;7;2;6;4;6;10;4;4;2;6;2;2;0;0;1;6;8;0;12
17_BRE_J2_Q2;2;17_BRE_J2;17;BRE;2;90;VBC;113;True;False;False;3,6166666666666667;217;2;1;1;0;1;1;0;0;0;0;0;0;0;0;0;0;0;0;0;0;0;0;0;0;-4;2;20,0;20;6;17;11;4;11;7;2;6;4;6;10;4;4;2;6;2;2;0;0;1;6;8;0;12
18_BRE_J2_Q2;2;18_BRE_J2;18;BRE;2;90;VBC;113;True;True;False;3,75;225;0;0;0;0;0;0;0;0;0;0;0;0;0;0;0;0;1;0;0;0;0;0;1;0;-3;2;20,0;20;6;17;11;4;11;7;2;6;4;6;10;4;4;2;6;2;2;0;0;1;6;8;0;12
19_BRE_J2_Q2;2;19_BRE_J2;19;BRE;2;90;VBC;113;True;False;False;4,116666666666666;247;5;2;3;1;1;2;1;1;1;0;0;0;0;1;0;1;0;1;0;0;0;0;1;0;-18;5;20,0;20;6;17;11;4;11;7;2;6;4;6;10;4;4;2;6;2;2;0;0;1;6;8;0;12
22_BRE_J2_Q2;2;22_BRE_J2;22;BRE;2;90;VBC;113;True;False;False;3,6166666666666667;217;0;0;1;1;0;1;1;0;0;0;0;0;0;0;0;0;0;0;0;0;0;1;0;0;-8;-2;20,0;20;6;17;11;4;11;7;2;6;4;6;10;4;4;2;6;2;2;0;0;1;6;8;0;12
23_BRE_J2_Q2;2;23_BRE_J2;23;BRE;2;90;VBC;113;True;False;False;0,0;0;0;0;0;0;0;0;0;0;0;0;0;0;0;0;0;0;0;0;0;0;0;0;0;0;0;0;20,0;20;6;17;11;4;11;7;2;6;4;6;10;4;4;2;6;2;2;0;0;1;6;8;0;12
37_BRE_J2_Q2;2;37_BRE_J2;37;BRE;2;90;VBC;113;True;False;False;5,15;309;0;0;1;1;0;0;0;0;1;1;0;0;0;1;0;1;1;0;0;0;0;1;0;0;-7;0;20,0;20;6;17;11;4;11;7;2;6;4;6;10;4;4;2;6;2;2;0;0;1;6;8;0;12
47_BRE_J2_Q2;2;47_BRE_J2;47;BRE;2;90;VBC;113;True;True;False;7,166666666666667;430;0;0;1;1;0;0;0;0;1;1;0;2;2;0;0;0;0;1;0;0;0;0;1;0;-21;-3;20,0;20;6;17;11;4;11;7;2;6;4;6;10;4;4;2;6;2;2;0;0;1;6;8;0;12
BRE_BRE_J2_Q2;2;BRE_BRE_J2;BRE;BRE;2;90;VBC;113;True;False;False;50,0;3000;0;0;0;0;0;0;0;0;0;0;0;0;0;1;1;2;0;0;0;0;0;0;0;0;0;2;20,0;20;6;17;11;4;11;7;2;6;4;6;10;4;4;2;6;2;2;0;0;1;6;8;0;12
0_BRE_J2_Q3;3;0_BRE_J2;0;BRE;2;90;VBC;113;True;True;False;4,2;252;0;0;1;1;0;1;1;0;0;0;0;0;0;0;2;2;0;0;0;0;0;0;0;0;-2;1;20,0;27;8;16;8;3;8;5;5;8;3;6;7;1;3;5;8;6;2;1;2;2;4;6;1;33
1_BRE_J2_Q3;3;1_BRE_J2;1;BRE;2;90;VBC;113;True;True;False;4,65;279;5;2;2;0;1;1;0;1;1;0;0;0;0;0;0;0;2;2;0;0;0;1;0;0;-4;4;20,0;27;8;16;8;3;8;5;5;8;3;6;7;1;3;5;8;6;2;1;2;2;4;6;1;33
4_BRE_J2_Q3;3;4_BRE_J2;4;BRE;2;90;VBC;113;True;True;False;5,716666666666667;343;0;0;1;1;0;1;1;0;0;0;0;0;0;0;0;0;2;0;0;0;1;0;0;0;-3;0;20,0;27;8;16;8;3;8;5;5;8;3;6;7;1;3;5;8;6;2;1;2;2;4;6;1;33
8_BRE_J2_Q3;3;8_BRE_J2;8;BRE;2;90;VBC;113;True;False;False;0,0;0;0;0;0;0;0;0;0;0;0;0;0;0;0;0;0;0;0;0;0;0;0;0;0;0;0;0;20,0;27;8;16;8;3;8;5;5;8;3;6;7;1;3;5;8;6;2;1;2;2;4;6;1;33
10_BRE_J2_Q3;3;10_BRE_J2;10;BRE;2;90;VBC;113;True;False;False;3,45;207;5;1;3;2;0;1;1;1;2;1;2;2;0;0;0;0;0;0;0;0;0;0;1;0;-1;4;20,0;27;8;16;8;3;8;5;5;8;3;6;7;1;3;5;8;6;2;1;2;2;4;6;1;33
17_BRE_J2_Q3;3;17_BRE_J2;17;BRE;2;90;VBC;113;True;False;False;5,35;321;0;0;1;1;0;1;1;0;0;0;0;0;0;0;0;0;0;0;0;0;1;0;0;0;1;-2;20,0;27;8;16;8;3;8;5;5;8;3;6;7;1;3;5;8;6;2;1;2;2;4;6;1;33
18_BRE_J2_Q3;3;18_BRE_J2;18;BRE;2;90;VBC;113;True;True;False;4,2;252;3;1;1;0;1;1;0;0;0;0;1;1;0;0;0;0;0;0;0;2;0;1;1;0;-2;5;20,0;27;8;16;8;3;8;5;5;8;3;6;7;1;3;5;8;6;2;1;2;2;4;6;1;33
19_BRE_J2_Q3;3;19_BRE_J2;19;BRE;2;90;VBC;113;True;False;False;4,283333333333333;257;3;0;1;1;0;0;0;0;1;1;3;4;1;0;1;1;2;0;1;0;0;0;2;0;0;7;20,0;27;8;16;8;3;8;5;5;8;3;6;7;1;3;5;8;6;2;1;2;2;4;6;1;33
22_BRE_J2_Q3;3;22_BRE_J2;22;BRE;2;90;VBC;113;True;False;False;5,8;348;2;1;1;0;1;1;0;0;0;0;0;0;0;0;1;1;0;0;0;0;0;1;1;1;-1;3;20,0;27;8;16;8;3;8;5;5;8;3;6;7;1;3;5;8;6;2;1;2;2;4;6;1;33
23_BRE_J2_Q3;3;23_BRE_J2;23;BRE;2;90;VBC;113;True;False;False;0,0;0;0;0;0;0;0;0;0;0;0;0;0;0;0;0;0;0;0;0;0;0;0;0;0;0;0;0;20,0;27;8;16;8;3;8;5;5;8;3;6;7;1;3;5;8;6;2;1;2;2;4;6;1;33
37_BRE_J2_Q3;3;37_BRE_J2;37;BRE;2;90;VBC;113;True;False;False;5,8;348;3;1;3;2;0;1;1;1;2;1;0;0;0;1;1;2;0;0;0;0;0;0;1;0;-1;4;20,0;27;8;16;8;3;8;5;5;8;3;6;7;1;3;5;8;6;2;1;2;2;4;6;1;33
47_BRE_J2_Q3;3;47_BRE_J2;47;BRE;2;90;VBC;113;True;True;False;6,55;393;6;2;2;0;0;0;0;2;2;0;0;0;0;0;0;0;0;0;0;0;0;1;0;0;-2;5;20,0;27;8;16;8;3;8;5;5;8;3;6;7;1;3;5;8;6;2;1;2;2;4;6;1;33
BRE_BRE_J2_Q3;3;BRE_BRE_J2;BRE;BRE;2;90;VBC;113;True;False;False;50,0;3000;0;0;0;0;0;0;0;0;0;0;0;0;0;2;0;2;0;0;0;0;0;0;0;0;0;2;20,0;27;8;16;8;3;8;5;5;8;3;6;7;1;3;5;8;6;2;1;2;2;4;6;1;33
0_BRE_J2_Q4;4;0_BRE_J2;0;BRE;2;90;VBC;113;True;True;False;8,066666666666666;484;0;0;1;1;0;0;0;0;1;1;0;0;0;1;1;2;1;0;0;0;1;1;0;0;-9;0;20,0;16;5;19;14;4;11;7;1;8;7;5;8;3;5;6;11;3;5;2;0;2;6;7;0;9
1_BRE_J2_Q4;4;1_BRE_J2;1;BRE;2;90;VBC;113;True;True;False;6,133333333333334;368;2;0;2;2;0;1;1;0;1;1;2;2;0;0;0;0;0;1;0;0;0;0;1;0;-11;0;20,0;16;5;19;14;4;11;7;1;8;7;5;8;3;5;6;11;3;5;2;0;2;6;7;0;9
4_BRE_J2_Q4;4;4_BRE_J2;4;BRE;2;90;VBC;113;True;True;False;8,066666666666666;484;3;1;4;3;1;3;2;0;1;1;1;2;1;0;2;2;1;0;0;0;0;1;1;0;-9;2;20,0;16;5;19;14;4;11;7;1;8;7;5;8;3;5;6;11;3;5;2;0;2;6;7;0;9
8_BRE_J2_Q4;4;8_BRE_J2;8;BRE;2;90;VBC;113;True;False;False;3,716666666666667;223;2;1;1;0;1;1;0;0;0;0;0;2;2;0;0;0;0;1;0;0;0;1;1;0;-4;-1;20,0;16;5;19;14;4;11;7;1;8;7;5;8;3;5;6;11;3;5;2;0;2;6;7;0;9
10_BRE_J2_Q4;4;10_BRE_J2;10;BRE;2;90;VBC;113;True;False;False;6,283333333333333;377;5;1;3;2;0;0;0;1;3;2;2;2;0;0;1;1;0;1;0;0;0;0;2;0;-9;5;20,0;16;5;19;14;4;11;7;1;8;7;5;8;3;5;6;11;3;5;2;0;2;6;7;0;9
17_BRE_J2_Q4;4;17_BRE_J2;17;BRE;2;90;VBC;113;True;False;False;3,8666666666666667;232;0;0;4;4;0;2;2;0;2;2;0;0;0;2;1;3;0;1;1;0;0;0;0;0;-2;-1;20,0;16;5;19;14;4;11;7;1;8;7;5;8;3;5;6;11;3;5;2;0;2;6;7;0;9
18_BRE_J2_Q4;4;18_BRE_J2;18;BRE;2;90;VBC;113;True;True;False;4,35;261;0;0;0;0;0;0;0;0;0;0;0;0;0;0;0;0;0;1;0;0;0;0;1;0;-5;0;20,0;16;5;19;14;4;11;7;1;8;7;5;8;3;5;6;11;3;5;2;0;2;6;7;0;9
19_BRE_J2_Q4;4;19_BRE_J2;19;BRE;2;90;VBC;113;True;False;False;1,9333333333333333;116;0;0;1;1;0;1;1;0;0;0;0;0;0;0;0;0;1;0;0;0;0;0;1;0;-4;1;20,0;16;5;19;14;4;11;7;1;8;7;5;8;3;5;6;11;3;5;2;0;2;6;7;0;9
22_BRE_J2_Q4;4;22_BRE_J2;22;BRE;2;90;VBC;113;True;False;False;1,9333333333333333;116;2;1;1;0;1;1;0;0;0;0;0;0;0;1;0;1;0;0;0;0;0;0;0;0;-4;3;20,0;16;5;19;14;4;11;7;1;8;7;5;8;3;5;6;11;3;5;2;0;2;6;7;0;9
23_BRE_J2_Q4;4;23_BRE_J2;23;BRE;2;90;VBC;113;True;False;False;0,0;0;0;0;0;0;0;0;0;0;0;0;0;0;0;0;0;0;0;0;0;0;0;0;0;0;0;0;20,0;16;5;19;14;4;11;7;1;8;7;5;8;3;5;6;11;3;5;2;0;2;6;7;0;9
37_BRE_J2_Q4;4;37_BRE_J2;37;BRE;2;90;VBC;113;True;False;False;1,9333333333333333;116;0;0;0;0;0;0;0;0;0;0;0;0;0;0;1;1;0;0;0;0;0;1;0;0;-4;0;20,0;16;5;19;14;4;11;7;1;8;7;5;8;3;5;6;11;3;5;2;0;2;6;7;0;9
47_BRE_J2_Q4;4;47_BRE_J2;47;BRE;2;90;VBC;113;True;True;False;3,716666666666667;223;2;1;2;1;1;2;1;0;0;0;0;0;0;0;0;0;0;0;1;0;1;2;0;0;-4;-1;20,0;16;5;19;14;4;11;7;1;8;7;5;8;3;5;6;11;3;5;2;0;2;6;7;0;9
BRE_BRE_J2_Q4;4;BRE_BRE_J2;BRE;BRE;2;90;VBC;113;True;False;False;50,0;3000;0;0;0;0;0;0;0;0;0;0;0;0;0;1;0;1;0;0;0;0;0;0;0;0;0;1;20,0;16;5;19;14;4;11;7;1;8;7;5;8;3;5;6;11;3;5;2;0;2;6;7;0;9
0_VBC_J2_Q1;1;0_VBC_J2;0;VBC;2;113;BRE;90;False;True;True;6,816666666666666;409;5;2;2;0;1;1;0;1;1;0;0;0;0;0;0;0;1;0;0;0;0;0;0;0;-10;6;20,0;19;6;12;6;5;9;4;1;3;2;6;8;2;3;3;6;6;7;4;0;1;5;5;0;19
1_VBC_J2_Q1;1;1_VBC_J2;1;VBC;2;113;BRE;90;False;True;True;6,1;366;0;0;1;1;0;1;1;0;0;0;0;0;0;0;0;0;1;1;1;0;0;0;0;0;-11;0;20,0;19;6;12;6;5;9;4;1;3;2;6;8;2;3;3;6;6;7;4;0;1;5;5;0;19
2_VBC_J2_Q1;1;2_VBC_J2;2;VBC;2;113;BRE;90;False;False;True;3,9;234;2;1;3;2;1;1;0;0;2;2;0;0;0;0;0;0;0;0;1;0;0;0;1;0;3;2;20,0;19;6;12;6;5;9;4;1;3;2;6;8;2;3;3;6;6;7;4;0;1;5;5;0;19
3_VBC_J2_Q1;1;3_VBC_J2;3;VBC;2;113;BRE;90;False;True;True;4,416666666666667;265;2;0;0;0;0;0;0;0;0;0;2;2;0;0;0;0;0;2;1;0;0;2;1;0;-10;0;20,0;19;6;12;6;5;9;4;1;3;2;6;8;2;3;3;6;6;7;4;0;1;5;5;0;19
4_VBC_J2_Q1;1;4_VBC_J2;4;VBC;2;113;BRE;90;False;True;True;6,333333333333333;380;4;2;3;1;2;3;1;0;0;0;0;0;0;0;2;2;1;0;0;0;0;0;0;0;-7;6;20,0;19;6;12;6;5;9;4;1;3;2;6;8;2;3;3;6;6;7;4;0;1;5;5;0;19
5_VBC_J2_Q1;1;5_VBC_J2;5;VBC;2;113;BRE;90;False;True;True;5,633333333333334;338;0;0;0;0;0;0;0;0;0;0;0;0;0;1;0;1;2;3;0;0;0;0;0;0;-9;0;20,0;19;6;12;6;5;9;4;1;3;2;6;8;2;3;3;6;6;7;4;0;1;5;5;0;19
10_VBC_J2_Q1;1;10_VBC_J2;10;VBC;2;113;BRE;90;False;False;True;3,183333333333333;191;0;0;0;0;0;0;0;0;0;0;0;0;0;0;0;0;1;1;0;0;0;0;0;0;2;0;20,0;19;6;12;6;5;9;4;1;3;2;6;8;2;3;3;6;6;7;4;0;1;5;5;0;19
12_VBC_J2_Q1;1;12_VBC_J2;12;VBC;2;113;BRE;90;False;False;True;5,583333333333333;335;2;0;2;2;0;2;2;0;0;0;2;4;2;1;0;1;0;0;0;0;1;0;2;0;2;0;20,0;19;6;12;6;5;9;4;1;3;2;6;8;2;3;3;6;6;7;4;0;1;5;5;0;19
13_VBC_J2_Q1;1;13_VBC_J2;13;VBC;2;113;BRE;90;False;False;True;4,366666666666666;262;4;1;1;0;1;1;0;0;0;0;2;2;0;0;0;0;0;0;1;0;0;2;1;0;1;4;20,0;19;6;12;6;5;9;4;1;3;2;6;8;2;3;3;6;6;7;4;0;1;5;5;0;19
18_VBC_J2_Q1;1;18_VBC_J2;18;VBC;2;113;BRE;90;False;False;True;0,0;0;0;0;0;0;0;0;0;0;0;0;0;0;0;0;0;0;0;0;0;0;0;0;0;0;0;0;20,0;19;6;12;6;5;9;4;1;3;2;6;8;2;3;3;6;6;7;4;0;1;5;5;0;19
24_VBC_J2_Q1;1;24_VBC_J2;24;VBC;2;113;BRE;90;False;False;True;3,6666666666666665;220;0;0;0;0;0;0;0;0;0;0;0;0;0;0;0;0;0;0;0;0;0;1;0;0;-1;-1;20,0;19;6;12;6;5;9;4;1;3;2;6;8;2;3;3;6;6;7;4;0;1;5;5;0;19
32_VBC_J2_Q1;1;32_VBC_J2;32;VBC;2;113;BRE;90;False;False;True;0,0;0;0;0;0;0;0;0;0;0;0;0;0;0;0;0;0;0;0;0;0;0;0;0;0;0;0;0;20,0;19;6;12;6;5;9;4;1;3;2;6;8;2;3;3;6;6;7;4;0;1;5;5;0;19
VBC_VBC_J2_Q1;1;VBC_VBC_J2;VBC;VBC;2;113;BRE;90;False;False;True;50,0;3000;0;0;0;0;0;0;0;0;0;0;0;0;0;1;1;2;0;0;0;0;0;0;0;0;0;2;20,0;19;6;12;6;5;9;4;1;3;2;6;8;2;3;3;6;6;7;4;0;1;5;5;0;19
0_VBC_J2_Q2;2;0_VBC_J2;0;VBC;2;113;BRE;90;False;True;True;2,033333333333333;122;3;1;1;0;0;0;0;1;1;0;0;0;0;0;0;0;1;0;0;0;0;1;0;0;9;3;20,0;35;11;15;4;3;4;1;8;11;3;5;6;1;2;7;9;6;2;1;1;0;8;6;1;43
1_VBC_J2_Q2;2;1_VBC_J2;1;VBC;2;113;BRE;90;False;True;True;4,6;276;2;1;1;0;1;1;0;0;0;0;0;0;0;0;1;1;2;0;0;0;0;0;0;0;-1;5;20,0;35;11;15;4;3;4;1;8;11;3;5;6;1;2;7;9;6;2;1;1;0;8;6;1;43
2_VBC_J2_Q2;2;2_VBC_J2;2;VBC;2;113;BRE;90;False;False;True;3,3666666666666667;202;3;1;2;1;0;0;0;1;2;1;0;0;0;0;0;0;0;0;0;0;0;0;0;0;7;2;20,0;35;11;15;4;3;4;1;8;11;3;5;6;1;2;7;9;6;2;1;1;0;8;6;1;43
3_VBC_J2_Q2;2;3_VBC_J2;3;VBC;2;113;BRE;90;False;True;True;2,8666666666666667;172;0;0;0;0;0;0;0;0;0;0;0;0;0;0;0;0;0;1;0;0;0;1;0;0;-3;-2;20,0;35;11;15;4;3;4;1;8;11;3;5;6;1;2;7;9;6;2;1;1;0;8;6;1;43
4_VBC_J2_Q2;2;4_VBC_J2;4;VBC;2;113;BRE;90;False;True;True;5,616666666666666;337;6;2;2;0;0;0;0;2;2;0;0;0;0;0;0;0;0;1;0;0;0;0;0;0;6;5;20,0;35;11;15;4;3;4;1;8;11;3;5;6;1;2;7;9;6;2;1;1;0;8;6;1;43
5_VBC_J2_Q2;2;5_VBC_J2;5;VBC;2;113;BRE;90;False;True;True;4,933333333333334;296;2;1;1;0;1;1;0;0;0;0;0;0;0;0;3;3;1;0;0;0;0;1;2;0;8;7;20,0;35;11;15;4;3;4;1;8;11;3;5;6;1;2;7;9;6;2;1;1;0;8;6;1;43
10_VBC_J2_Q2;2;10_VBC_J2;10;VBC;2;113;BRE;90;False;False;True;7,65;459;11;3;4;1;0;1;1;3;3;0;2;2;0;1;0;1;0;0;0;0;0;1;1;0;16;11;20,0;35;11;15;4;3;4;1;8;11;3;5;6;1;2;7;9;6;2;1;1;0;8;6;1;43
12_VBC_J2_Q2;2;12_VBC_J2;12;VBC;2;113;BRE;90;False;False;True;4,35;261;2;1;1;0;1;1;0;0;0;0;0;0;0;0;1;1;0;0;0;1;0;2;0;1;6;2;20,0;35;11;15;4;3;4;1;8;11;3;5;6;1;2;7;9;6;2;1;1;0;8;6;1;43
13_VBC_J2_Q2;2;13_VBC_J2;13;VBC;2;113;BRE;90;False;False;True;5,066666666666666;304;5;1;2;1;0;0;0;1;2;1;2;2;0;0;0;0;1;0;1;0;0;0;1;0;7;7;20,0;35;11;15;4;3;4;1;8;11;3;5;6;1;2;7;9;6;2;1;1;0;8;6;1;43
18_VBC_J2_Q2;2;18_VBC_J2;18;VBC;2;113;BRE;90;False;False;True;0,0;0;0;0;0;0;0;0;0;0;0;0;0;0;0;0;0;0;0;0;0;0;0;0;0;0;0;0;20,0;35;11;15;4;3;4;1;8;11;3;5;6;1;2;7;9;6;2;1;1;0;8;6;1;43
24_VBC_J2_Q2;2;24_VBC_J2;24;VBC;2;113;BRE;90;False;False;True;7,166666666666667;430;1;0;1;1;0;0;0;0;1;1;1;2;1;1;2;3;1;0;0;0;0;1;1;0;21;3;20,0;35;11;15;4;3;4;1;8;11;3;5;6;1;2;7;9;6;2;1;1;0;8;6;1;43
32_VBC_J2_Q2;2;32_VBC_J2;32;VBC;2;113;BRE;90;False;False;True;2,35;141;0;0;0;0;0;0;0;0;0;0;0;0;0;0;0;0;0;0;0;0;0;1;1;0;-1;0;20,0;35;11;15;4;3;4;1;8;11;3;5;6;1;2;7;9;6;2;1;1;0;8;6;1;43
VBC_VBC_J2_Q2;2;VBC_VBC_J2;VBC;VBC;2;113;BRE;90;False;False;True;50,0;3000;0;0;0;0;0;0;0;0;0;0;0;0;0;0;0;0;0;0;0;0;0;0;0;0;0;0;20,0;35;11;15;4;3;4;1;8;11;3;5;6;1;2;7;9;6;2;1;1;0;8;6;1;43
0_VBC_J2_Q3;3;0_VBC_J2;0;VBC;2;113;BRE;90;False;True;True;3,8;228;0;0;2;2;0;0;0;0;2;2;0;0;0;0;1;1;1;0;0;0;0;1;0;0;-2;-1;20,0;30;11;23;12;5;10;5;6;13;7;2;3;1;8;5;13;9;2;1;2;2;6;4;3;36
1_VBC_J2_Q3;3;1_VBC_J2;1;VBC;2;113;BRE;90;False;True;True;3,8;228;0;0;1;1;0;1;1;0;0;0;0;0;0;0;0;0;0;0;0;1;0;0;0;0;-2;0;20,0;30;11;23;12;5;10;5;6;13;7;2;3;1;8;5;13;9;2;1;2;2;6;4;3;36
2_VBC_J2_Q3;3;2_VBC_J2;2;VBC;2;113;BRE;90;False;False;True;6,2;372;5;2;5;3;1;2;1;1;3;2;0;0;0;1;3;4;0;1;0;0;1;0;0;0;5;4;20,0;30;11;23;12;5;10;5;6;13;7;2;3;1;8;5;13;9;2;1;2;2;6;4;3;36
3_VBC_J2_Q3;3;3_VBC_J2;3;VBC;2;113;BRE;90;False;True;True;4,666666666666667;280;3;1;1;0;0;0;0;1;1;0;0;0;0;0;0;0;1;0;0;0;0;0;0;0;4;4;20,0;30;11;23;12;5;10;5;6;13;7;2;3;1;8;5;13;9;2;1;2;2;6;4;3;36
4_VBC_J2_Q3;3;4_VBC_J2;4;VBC;2;113;BRE;90;False;True;True;7,183333333333334;431;10;4;4;0;2;2;0;2;2;0;0;1;1;1;0;1;1;0;0;0;0;0;1;1;6;12;20,0;30;11;23;12;5;10;5;6;13;7;2;3;1;8;5;13;9;2;1;2;2;6;4;3;36
5_VBC_J2_Q3;3;5_VBC_J2;5;VBC;2;113;BRE;90;False;True;True;4,216666666666667;253;8;2;5;3;0;2;2;2;3;1;2;2;0;0;0;0;0;0;0;0;0;2;2;0;-1;5;20,0;30;11;23;12;5;10;5;6;13;7;2;3;1;8;5;13;9;2;1;2;2;6;4;3;36
10_VBC_J2_Q3;3;10_VBC_J2;10;VBC;2;113;BRE;90;False;False;True;6,2;372;0;0;2;2;0;1;1;0;1;1;0;0;0;0;1;1;1;1;0;1;1;0;0;0;5;-1;20,0;30;11;23;12;5;10;5;6;13;7;2;3;1;8;5;13;9;2;1;2;2;6;4;3;36
12_VBC_J2_Q3;3;12_VBC_J2;12;VBC;2;113;BRE;90;False;False;True;5,333333333333333;320;4;2;2;0;2;2;0;0;0;0;0;0;0;2;0;2;0;0;0;0;0;0;0;2;-1;6;20,0;30;11;23;12;5;10;5;6;13;7;2;3;1;8;5;13;9;2;1;2;2;6;4;3;36
13_VBC_J2_Q3;3;13_VBC_J2;13;VBC;2;113;BRE;90;False;False;True;5,783333333333333;347;0;0;1;1;0;0;0;0;1;1;0;0;0;1;0;1;5;0;1;0;0;2;0;0;4;4;20,0;30;11;23;12;5;10;5;6;13;7;2;3;1;8;5;13;9;2;1;2;2;6;4;3;36
18_VBC_J2_Q3;3;18_VBC_J2;18;VBC;2;113;BRE;90;False;False;True;0,0;0;0;0;0;0;0;0;0;0;0;0;0;0;0;0;0;0;0;0;0;0;0;0;0;0;0;0;20,0;30;11;23;12;5;10;5;6;13;7;2;3;1;8;5;13;9;2;1;2;2;6;4;3;36
24_VBC_J2_Q3;3;24_VBC_J2;24;VBC;2;113;BRE;90;False;False;True;2,816666666666667;169;0;0;0;0;0;0;0;0;0;0;0;0;0;2;0;2;0;0;0;0;0;1;1;0;-3;2;20,0;30;11;23;12;5;10;5;6;13;7;2;3;1;8;5;13;9;2;1;2;2;6;4;3;36
32_VBC_J2_Q3;3;32_VBC_J2;32;VBC;2;113;BRE;90;False;False;True;0,0;0;0;0;0;0;0;0;0;0;0;0;0;0;0;0;0;0;0;0;0;0;0;0;0;0;0;0;20,0;30;11;23;12;5;10;5;6;13;7;2;3;1;8;5;13;9;2;1;2;2;6;4;3;36
VBC_VBC_J2_Q3;3;VBC_VBC_J2;VBC;VBC;2;113;BRE;90;False;False;True;50,0;3000;0;0;0;0;0;0;0;0;0;0;0;0;0;1;0;1;0;0;0;0;0;0;0;0;0;1;20,0;30;11;23;12;5;10;5;6;13;7;2;3;1;8;5;13;9;2;1;2;2;6;4;3;36
0_VBC_J2_Q4;4;0_VBC_J2;0;VBC;2;113;BRE;90;False;True;True;4,35;261;7;3;4;1;2;2;0;1;2;1;0;0;0;1;0;1;0;0;0;0;0;0;0;0;5;7;20,0;29;10;22;12;6;10;4;4;12;8;5;6;1;6;7;13;7;3;2;2;0;7;6;2;36
1_VBC_J2_Q4;4;1_VBC_J2;1;VBC;2;113;BRE;90;False;True;True;4,55;273;0;0;1;1;0;0;0;0;1;1;0;0;0;1;1;2;1;0;0;0;0;2;0;0;7;0;20,0;29;10;22;12;6;10;4;4;12;8;5;6;1;6;7;13;7;3;2;2;0;7;6;2;36
2_VBC_J2_Q4;4;2_VBC_J2;2;VBC;2;113;BRE;90;False;False;True;2,466666666666667;148;0;0;1;1;0;0;0;0;1;1;0;0;0;0;1;1;0;0;0;0;0;0;0;0;2;0;20,0;29;10;22;12;6;10;4;4;12;8;5;6;1;6;7;13;7;3;2;2;0;7;6;2;36
3_VBC_J2_Q4;4;3_VBC_J2;3;VBC;2;113;BRE;90;False;True;True;5,65;339;6;2;2;0;1;1;0;1;1;0;1;1;0;0;2;2;0;0;0;0;0;1;1;1;7;8;20,0;29;10;22;12;6;10;4;4;12;8;5;6;1;6;7;13;7;3;2;2;0;7;6;2;36
4_VBC_J2_Q4;4;4_VBC_J2;4;VBC;2;113;BRE;90;False;True;True;5,65;339;2;0;0;0;0;0;0;0;0;0;2;2;0;2;0;2;1;0;0;0;0;1;1;0;7;5;20,0;29;10;22;12;6;10;4;4;12;8;5;6;1;6;7;13;7;3;2;2;0;7;6;2;36
5_VBC_J2_Q4;4;5_VBC_J2;5;VBC;2;113;BRE;90;False;True;True;2,9833333333333334;179;0;0;0;0;0;0;0;0;0;0;0;0;0;0;2;2;1;1;0;0;0;0;0;0;4;2;20,0;29;10;22;12;6;10;4;4;12;8;5;6;1;6;7;13;7;3;2;2;0;7;6;2;36
10_VBC_J2_Q4;4;10_VBC_J2;10;VBC;2;113;BRE;90;False;False;True;3,8666666666666667;232;3;1;3;2;0;1;1;1;2;1;0;0;0;0;0;0;0;0;0;0;0;0;1;0;2;2;20,0;29;10;22;12;6;10;4;4;12;8;5;6;1;6;7;13;7;3;2;2;0;7;6;2;36
12_VBC_J2_Q4;4;12_VBC_J2;12;VBC;2;113;BRE;90;False;False;True;4,35;261;2;1;1;0;1;1;0;0;0;0;0;0;0;1;1;2;0;1;0;0;0;1;0;0;6;2;20,0;29;10;22;12;6;10;4;4;12;8;5;6;1;6;7;13;7;3;2;2;0;7;6;2;36
13_VBC_J2_Q4;4;13_VBC_J2;13;VBC;2;113;BRE;90;False;False;True;6,133333333333334;368;3;1;3;2;1;2;1;0;1;1;1;1;0;1;0;1;2;0;0;1;0;0;2;1;11;7;20,0;29;10;22;12;6;10;4;4;12;8;5;6;1;6;7;13;7;3;2;2;0;7;6;2;36
18_VBC_J2_Q4;4;18_VBC_J2;18;VBC;2;113;BRE;90;False;False;True;3,283333333333333;197;2;1;4;3;1;2;1;0;2;2;0;0;0;0;0;0;2;1;1;0;0;1;0;0;4;0;20,0;29;10;22;12;6;10;4;4;12;8;5;6;1;6;7;13;7;3;2;2;0;7;6;2;36
24_VBC_J2_Q4;4;24_VBC_J2;24;VBC;2;113;BRE;90;False;False;True;4,35;261;4;1;2;1;0;0;0;1;2;1;1;2;1;0;0;0;0;0;1;1;0;0;1;0;6;5;20,0;29;10;22;12;6;10;4;4;12;8;5;6;1;6;7;13;7;3;2;2;0;7;6;2;36
32_VBC_J2_Q4;4;32_VBC_J2;32;VBC;2;113;BRE;90;False;False;True;2,3666666666666667;142;0;0;1;1;0;1;1;0;0;0;0;0;0;0;0;0;0;0;0;0;0;1;0;0;4;-2;20,0;29;10;22;12;6;10;4;4;12;8;5;6;1;6;7;13;7;3;2;2;0;7;6;2;36
VBC_VBC_J2_Q4;4;VBC_VBC_J2;VBC;VBC;2;113;BRE;90;False;False;True;50,0;3000;0;0;0;0;0;0;0;0;0;0;0;0;0;0;0;0;0;0;0;0;0;0;0;0;0;0;20,0;29;10;22;12;6;10;4;4;12;8;5;6;1;6;7;13;7;3;2;2;0;7;6;2;36
2_SBB_J2_Q1;1;2_SBB_J2;2;SBB;2;95;BUR;85;True;True;True;5,316666666666666;319;3;1;1;0;1;1;0;0;0;0;1;2;1;0;0;0;1;0;0;0;0;0;1;0;-4;4;20,0;27;9;17;8;8;13;5;1;4;3;8;12;4;3;8;11;5;2;1;1;0;6;7;3;32
3_SBB_J2_Q1;1;3_SBB_J2;3;SBB;2;95;BUR;85;True;True;True;5,433333333333334;326;2;1;2;1;1;1;0;0;1;1;0;0;0;0;0;0;0;0;0;0;0;0;0;0;-4;1;20,0;27;9;17;8;8;13;5;1;4;3;8;12;4;3;8;11;5;2;1;1;0;6;7;3;32
7_SBB_J2_Q1;1;7_SBB_J2;7;SBB;2;95;BUR;85;True;False;True;4,683333333333334;281;2;1;2;1;1;2;1;0;0;0;0;0;0;0;0;0;0;0;0;0;0;2;0;0;6;-1;20,0;27;9;17;8;8;13;5;1;4;3;8;12;4;3;8;11;5;2;1;1;0;6;7;3;32
10_SBB_J2_Q1;1;10_SBB_J2;10;SBB;2;95;BUR;85;True;False;True;4,566666666666666;274;5;2;3;1;1;2;1;1;1;0;0;0;0;0;1;1;0;0;0;0;0;1;0;1;6;4;20,0;27;9;17;8;8;13;5;1;4;3;8;12;4;3;8;11;5;2;1;1;0;6;7;3;32
11_SBB_J2_Q1;1;11_SBB_J2;11;SBB;2;95;BUR;85;True;True;True;5,433333333333334;326;2;0;3;3;0;1;1;0;2;2;2;2;0;0;2;2;1;1;0;0;0;1;2;0;-2;2;20,0;27;9;17;8;8;13;5;1;4;3;8;12;4;3;8;11;5;2;1;1;0;6;7;3;32
12_SBB_J2_Q1;1;12_SBB_J2;12;SBB;2;95;BUR;85;True;False;True;0,0;0;0;0;0;0;0;0;0;0;0;0;0;0;0;0;0;0;0;0;0;0;0;0;0;0;0;0;20,0;27;9;17;8;8;13;5;1;4;3;8;12;4;3;8;11;5;2;1;1;0;6;7;3;32
18_SBB_J2_Q1;1;18_SBB_J2;18;SBB;2;95;BUR;85;True;True;True;4,266666666666667;256;2;0;1;1;0;1;1;0;0;0;2;2;0;0;0;0;0;0;0;0;0;0;1;0;-4;2;20,0;27;9;17;8;8;13;5;1;4;3;8;12;4;3;8;11;5;2;1;1;0;6;7;3;32
19_SBB_J2_Q1;1;19_SBB_J2;19;SBB;2;95;BUR;85;True;False;True;4,566666666666666;274;3;0;1;1;0;1;1;0;0;0;3;6;3;0;1;1;1;0;1;1;0;1;3;0;6;5;20,0;27;9;17;8;8;13;5;1;4;3;8;12;4;3;8;11;5;2;1;1;0;6;7;3;32
20_SBB_J2_Q1;1;20_SBB_J2;20;SBB;2;95;BUR;85;True;False;True;4,566666666666666;274;4;2;2;0;2;2;0;0;0;0;0;0;0;1;0;1;0;0;0;0;0;0;0;2;6;5;20,0;27;9;17;8;8;13;5;1;4;3;8;12;4;3;8;11;5;2;1;1;0;6;7;3;32
22_SBB_J2_Q1;1;22_SBB_J2;22;SBB;2;95;BUR;85;True;False;True;0,0;0;0;0;0;0;0;0;0;0;0;0;0;0;0;0;0;0;0;0;0;0;0;0;0;0;0;0;20,0;27;9;17;8;8;13;5;1;4;3;8;12;4;3;8;11;5;2;1;1;0;6;7;3;32
32_SBB_J2_Q1;1;32_SBB_J2;32;SBB;2;95;BUR;85;True;True;True;5,433333333333334;326;2;1;1;0;1;1;0;0;0;0;0;0;0;1;3;4;0;1;0;0;0;1;0;0;-4;4;20,0;27;9;17;8;8;13;5;1;4;3;8;12;4;3;8;11;5;2;1;1;0;6;7;3;32
73_SBB_J2_Q1;1;73_SBB_J2;73;SBB;2;95;BUR;85;True;False;True;5,733333333333333;344;2;1;1;0;1;1;0;0;0;0;0;0;0;1;1;2;2;0;0;0;0;0;0;0;4;6;20,0;27;9;17;8;8;13;5;1;4;3;8;12;4;3;8;11;5;2;1;1;0;6;7;3;32
SBB_SBB_J2_Q1;1;SBB_SBB_J2;SBB;SBB;2;95;BUR;85;True;False;True;50,0;3000;0;0;0;0;0;0;0;0;0;0;0;0;0;0;0;0;0;0;0;0;0;0;0;0;0;0;20,0;27;9;17;8;8;13;5;1;4;3;8;12;4;3;8;11;5;2;1;1;0;6;7;3;32
2_SBB_J2_Q2;2;2_SBB_J2;2;SBB;2;95;BUR;85;True;True;True;5,083333333333333;305;0;0;1;1;0;0;0;0;1;1;0;0;0;0;0;0;1;0;0;0;0;0;0;0;3;0;20,0;27;8;19;11;5;8;3;3;11;8;8;10;2;4;9;13;6;1;2;0;1;3;6;1;36
3_SBB_J2_Q2;2;3_SBB_J2;3;SBB;2;95;BUR;85;True;True;True;3,5;210;0;0;1;1;0;0;0;0;1;1;0;0;0;0;1;1;1;0;0;0;0;1;0;0;3;0;20,0;27;8;19;11;5;8;3;3;11;8;8;10;2;4;9;13;6;1;2;0;1;3;6;1;36
7_SBB_J2_Q2;2;7_SBB_J2;7;SBB;2;95;BUR;85;True;False;True;3,183333333333333;191;6;1;1;0;0;0;0;1;1;0;3;3;0;0;1;1;0;0;0;0;0;0;1;0;16;8;20,0;27;8;19;11;5;8;3;3;11;8;8;10;2;4;9;13;6;1;2;0;1;3;6;1;36
10_SBB_J2_Q2;2;10_SBB_J2;10;SBB;2;95;BUR;85;True;False;True;4,883333333333334;293;2;1;2;1;1;2;1;0;0;0;0;0;0;1;1;2;0;0;0;0;0;0;0;1;10;3;20,0;27;8;19;11;5;8;3;3;11;8;8;10;2;4;9;13;6;1;2;0;1;3;6;1;36
11_SBB_J2_Q2;2;11_SBB_J2;11;SBB;2;95;BUR;85;True;True;True;5,95;357;5;1;4;3;1;2;1;0;2;2;3;3;0;1;0;1;2;1;1;0;1;0;2;0;6;6;20,0;27;8;19;11;5;8;3;3;11;8;8;10;2;4;9;13;6;1;2;0;1;3;6;1;36
12_SBB_J2_Q2;2;12_SBB_J2;12;SBB;2;95;BUR;85;True;False;True;0,0;0;0;0;0;0;0;0;0;0;0;0;0;0;0;0;0;0;0;0;0;0;0;0;0;0;0;0;20,0;27;8;19;11;5;8;3;3;11;8;8;10;2;4;9;13;6;1;2;0;1;3;6;1;36
18_SBB_J2_Q2;2;18_SBB_J2;18;SBB;2;95;BUR;85;True;True;True;7,983333333333333;479;7;3;6;3;2;3;1;1;3;2;0;0;0;0;1;1;0;0;0;0;0;1;0;0;12;4;20,0;27;8;19;11;5;8;3;3;11;8;8;10;2;4;9;13;6;1;2;0;1;3;6;1;36
19_SBB_J2_Q2;2;19_SBB_J2;19;SBB;2;95;BUR;85;True;False;True;6,5;390;5;1;2;1;0;0;0;1;2;1;2;2;0;0;1;1;2;0;0;0;0;0;2;0;14;9;20,0;27;8;19;11;5;8;3;3;11;8;8;10;2;4;9;13;6;1;2;0;1;3;6;1;36
20_SBB_J2_Q2;2;20_SBB_J2;20;SBB;2;95;BUR;85;True;False;True;5,516666666666667;331;2;1;1;0;1;1;0;0;0;0;0;2;2;0;2;2;0;0;1;0;0;0;1;0;17;4;20,0;27;8;19;11;5;8;3;3;11;8;8;10;2;4;9;13;6;1;2;0;1;3;6;1;36
22_SBB_J2_Q2;2;22_SBB_J2;22;SBB;2;95;BUR;85;True;False;True;1,7333333333333334;104;0;0;0;0;0;0;0;0;0;0;0;0;0;0;0;0;0;0;0;0;0;0;0;0;-2;0;20,0;27;8;19;11;5;8;3;3;11;8;8;10;2;4;9;13;6;1;2;0;1;3;6;1;36
32_SBB_J2_Q2;2;32_SBB_J2;32;SBB;2;95;BUR;85;True;True;True;0,7666666666666667;46;0;0;0;0;0;0;0;0;0;0;0;0;0;0;0;0;0;0;0;0;0;1;0;0;-3;-1;20,0;27;8;19;11;5;8;3;3;11;8;8;10;2;4;9;13;6;1;2;0;1;3;6;1;36
73_SBB_J2_Q2;2;73_SBB_J2;73;SBB;2;95;BUR;85;True;False;True;4,9;294;0;0;1;1;0;0;0;0;1;1;0;0;0;0;1;1;0;0;0;0;0;0;0;0;9;0;20,0;27;8;19;11;5;8;3;3;11;8;8;10;2;4;9;13;6;1;2;0;1;3;6;1;36
SBB_SBB_J2_Q2;2;SBB_SBB_J2;SBB;SBB;2;95;BUR;85;True;False;True;50,0;3000;0;0;0;0;0;0;0;0;0;0;0;0;0;2;1;3;0;0;0;0;0;0;0;0;0;3;20,0;27;8;19;11;5;8;3;3;11;8;8;10;2;4;9;13;6;1;2;0;1;3;6;1;36
2_SBB_J2_Q3;3;2_SBB_J2;2;SBB;2;95;BUR;85;True;True;True;4,7;282;2;1;3;2;1;1;0;0;2;2;0;0;0;0;1;1;1;0;1;0;0;0;0;0;0;3;20,0;19;4;13;9;3;5;2;1;8;7;10;15;5;3;7;10;4;5;1;1;0;10;9;0;15
3_SBB_J2_Q3;3;3_SBB_J2;3;SBB;2;95;BUR;85;True;True;True;3,4;204;0;0;0;0;0;0;0;0;0;0;0;0;0;0;1;1;0;1;0;0;0;1;0;0;2;-1;20,0;19;4;13;9;3;5;2;1;8;7;10;15;5;3;7;10;4;5;1;1;0;10;9;0;15
7_SBB_J2_Q3;3;7_SBB_J2;7;SBB;2;95;BUR;85;True;False;True;5,3;318;4;1;3;2;1;1;0;0;2;2;2;2;0;0;0;0;1;0;0;0;0;0;1;0;-6;4;20,0;19;4;13;9;3;5;2;1;8;7;10;15;5;3;7;10;4;5;1;1;0;10;9;0;15
10_SBB_J2_Q3;3;10_SBB_J2;10;SBB;2;95;BUR;85;True;False;True;4,05;243;4;0;1;1;0;0;0;0;1;1;4;6;2;2;0;2;0;2;0;0;0;3;3;0;-1;1;20,0;19;4;13;9;3;5;2;1;8;7;10;15;5;3;7;10;4;5;1;1;0;10;9;0;15
11_SBB_J2_Q3;3;11_SBB_J2;11;SBB;2;95;BUR;85;True;True;True;5,516666666666667;331;1;0;0;0;0;0;0;0;0;0;1;1;0;0;0;0;2;0;0;0;0;2;0;0;-1;1;20,0;19;4;13;9;3;5;2;1;8;7;10;15;5;3;7;10;4;5;1;1;0;10;9;0;15
12_SBB_J2_Q3;3;12_SBB_J2;12;SBB;2;95;BUR;85;True;False;True;0,0;0;0;0;0;0;0;0;0;0;0;0;0;0;0;0;0;0;0;0;0;0;0;0;0;0;0;0;20,0;19;4;13;9;3;5;2;1;8;7;10;15;5;3;7;10;4;5;1;1;0;10;9;0;15
18_SBB_J2_Q3;3;18_SBB_J2;18;SBB;2;95;BUR;85;True;True;True;6,383333333333334;383;5;2;4;2;1;2;1;1;2;1;0;0;0;1;0;1;0;1;0;0;0;0;0;0;-4;3;20,0;19;4;13;9;3;5;2;1;8;7;10;15;5;3;7;10;4;5;1;1;0;10;9;0;15
19_SBB_J2_Q3;3;19_SBB_J2;19;SBB;2;95;BUR;85;True;False;True;6,6;396;1;0;1;1;0;0;0;0;1;1;1;2;1;0;1;1;0;1;0;0;0;0;2;0;-8;1;20,0;19;4;13;9;3;5;2;1;8;7;10;15;5;3;7;10;4;5;1;1;0;10;9;0;15
20_SBB_J2_Q3;3;20_SBB_J2;20;SBB;2;95;BUR;85;True;False;True;3,216666666666667;193;0;0;0;0;0;0;0;0;0;0;0;0;0;0;1;1;0;0;0;0;0;1;0;0;-2;0;20,0;19;4;13;9;3;5;2;1;8;7;10;15;5;3;7;10;4;5;1;1;0;10;9;0;15
22_SBB_J2_Q3;3;22_SBB_J2;22;SBB;2;95;BUR;85;True;False;True;0,0;0;0;0;0;0;0;0;0;0;0;0;0;0;0;0;0;0;0;0;0;0;0;0;0;0;0;0;20,0;19;4;13;9;3;5;2;1;8;7;10;15;5;3;7;10;4;5;1;1;0;10;9;0;15
32_SBB_J2_Q3;3;32_SBB_J2;32;SBB;2;95;BUR;85;True;True;True;6,35;381;2;0;0;0;0;0;0;0;0;0;2;4;2;0;2;2;0;0;0;1;0;1;3;0;-5;5;20,0;19;4;13;9;3;5;2;1;8;7;10;15;5;3;7;10;4;5;1;1;0;10;9;0;15
73_SBB_J2_Q3;3;73_SBB_J2;73;SBB;2;95;BUR;85;True;False;True;4,483333333333333;269;0;0;1;1;0;1;1;0;0;0;0;0;0;0;0;0;0;0;0;0;0;2;0;0;-5;-3;20,0;19;4;13;9;3;5;2;1;8;7;10;15;5;3;7;10;4;5;1;1;0;10;9;0;15
SBB_SBB_J2_Q3;3;SBB_SBB_J2;SBB;SBB;2;95;BUR;85;True;False;True;50,0;3000;0;0;0;0;0;0;0;0;0;0;0;0;0;0;1;1;0;0;0;0;0;0;0;0;0;1;20,0;19;4;13;9;3;5;2;1;8;7;10;15;5;3;7;10;4;5;1;1;0;10;9;0;15
2_SBB_J2_Q4;4;2_SBB_J2;2;SBB;2;95;BUR;85;True;True;True;5,45;327;0;0;1;1;0;0;0;0;1;1;0;2;2;0;1;1;0;1;1;0;0;3;2;0;4;-3;20,0;22;8;17;9;7;11;4;1;6;5;5;7;2;2;7;9;3;7;1;0;0;8;6;0;15
3_SBB_J2_Q4;4;3_SBB_J2;3;SBB;2;95;BUR;85;True;True;True;7,3;438;7;1;1;0;0;0;0;1;1;0;4;4;0;0;1;1;1;0;0;0;0;1;2;0;-1;10;20,0;22;8;17;9;7;11;4;1;6;5;5;7;2;2;7;9;3;7;1;0;0;8;6;0;15
7_SBB_J2_Q4;4;7_SBB_J2;7;SBB;2;95;BUR;85;True;False;True;5,183333333333334;311;0;0;1;1;0;1;1;0;0;0;0;0;0;0;0;0;1;1;0;0;0;0;0;0;-9;-1;20,0;22;8;17;9;7;11;4;1;6;5;5;7;2;2;7;9;3;7;1;0;0;8;6;0;15
10_SBB_J2_Q4;4;10_SBB_J2;10;SBB;2;95;BUR;85;True;False;True;0,3333333333333333;20;0;0;1;1;0;1;1;0;0;0;0;0;0;0;0;0;0;0;0;0;0;0;0;0;-1;-1;20,0;22;8;17;9;7;11;4;1;6;5;5;7;2;2;7;9;3;7;1;0;0;8;6;0;15
11_SBB_J2_Q4;4;11_SBB_J2;11;SBB;2;95;BUR;85;True;True;True;7,183333333333334;431;5;2;6;4;2;3;1;0;3;3;1;1;0;2;1;3;1;1;0;0;0;1;1;0;-3;4;20,0;22;8;17;9;7;11;4;1;6;5;5;7;2;2;7;9;3;7;1;0;0;8;6;0;15
12_SBB_J2_Q4;4;12_SBB_J2;12;SBB;2;95;BUR;85;True;False;True;0,0;0;0;0;0;0;0;0;0;0;0;0;0;0;0;0;0;0;0;0;0;0;0;0;0;0;0;0;20,0;22;8;17;9;7;11;4;1;6;5;5;7;2;2;7;9;3;7;1;0;0;8;6;0;15
18_SBB_J2_Q4;4;18_SBB_J2;18;SBB;2;95;BUR;85;True;True;True;7,666666666666667;460;0;0;1;1;0;0;0;0;1;1;0;0;0;0;1;1;0;1;0;0;0;0;1;0;-1;0;20,0;22;8;17;9;7;11;4;1;6;5;5;7;2;2;7;9;3;7;1;0;0;8;6;0;15
19_SBB_J2_Q4;4;19_SBB_J2;19;SBB;2;95;BUR;85;True;False;True;4,883333333333334;293;6;3;3;0;3;3;0;0;0;0;0;0;0;0;0;0;0;2;0;0;0;0;0;0;0;4;20,0;22;8;17;9;7;11;4;1;6;5;5;7;2;2;7;9;3;7;1;0;0;8;6;0;15
20_SBB_J2_Q4;4;20_SBB_J2;20;SBB;2;95;BUR;85;True;False;True;2,7;162;2;1;1;0;1;1;0;0;0;0;0;0;0;0;0;0;0;0;0;0;0;0;0;0;-2;2;20,0;22;8;17;9;7;11;4;1;6;5;5;7;2;2;7;9;3;7;1;0;0;8;6;0;15
22_SBB_J2_Q4;4;22_SBB_J2;22;SBB;2;95;BUR;85;True;False;True;0,0;0;0;0;0;0;0;0;0;0;0;0;0;0;0;0;0;0;0;0;0;0;0;0;0;0;0;0;20,0;22;8;17;9;7;11;4;1;6;5;5;7;2;2;7;9;3;7;1;0;0;8;6;0;15
32_SBB_J2_Q4;4;32_SBB_J2;32;SBB;2;95;BUR;85;True;True;True;6,966666666666667;418;2;1;1;0;1;1;0;0;0;0;0;0;0;0;1;1;0;0;0;0;0;2;0;0;0;1;20,0;22;8;17;9;7;11;4;1;6;5;5;7;2;2;7;9;3;7;1;0;0;8;6;0;15
73_SBB_J2_Q4;4;73_SBB_J2;73;SBB;2;95;BUR;85;True;False;True;2,3333333333333335;140;0;0;1;1;0;1;1;0;0;0;0;0;0;0;1;1;0;0;0;0;0;1;0;0;-2;-1;20,0;22;8;17;9;7;11;4;1;6;5;5;7;2;2;7;9;3;7;1;0;0;8;6;0;15
SBB_SBB_J2_Q4;4;SBB_SBB_J2;SBB;SBB;2;95;BUR;85;True;False;True;50,0;3000;0;0;0;0;0;0;0;0;0;0;0;0;0;0;1;1;0;1;0;0;0;0;0;0;0;0;20,0;22;8;17;9;7;11;4;1;6;5;5;7;2;2;7;9;3;7;1;0;0;8;6;0;15
00_BUR_J2_Q1;1;00_BUR_J2;00;BUR;2;85;SBB;95;False;True;False;4,716666666666667;283;0;0;1;1;0;1;1;0;0;0;0;0;0;0;2;2;2;0;0;0;0;1;0;0;0;2;20,0;25;8;17;9;6;12;6;2;5;3;7;7;0;1;6;7;7;2;2;0;1;7;6;0;28
3_BUR_J2_Q1;1;3_BUR_J2;3;BUR;2;85;SBB;95;False;False;False;0,0;0;0;0;0;0;0;0;0;0;0;0;0;0;0;0;0;0;0;0;0;0;0;0;0;0;0;0;20,0;25;8;17;9;6;12;6;2;5;3;7;7;0;1;6;7;7;2;2;0;1;7;6;0;28
7_BUR_J2_Q1;1;7_BUR_J2;7;BUR;2;85;SBB;95;False;False;False;4,25;255;0;0;0;0;0;0;0;0;0;0;0;0;0;0;0;0;0;0;0;0;0;0;0;0;1;0;20,0;25;8;17;9;6;12;6;2;5;3;7;7;0;1;6;7;7;2;2;0;1;7;6;0;28
8_BUR_J2_Q1;1;8_BUR_J2;8;BUR;2;85;SBB;95;False;False;False;0,0;0;0;0;0;0;0;0;0;0;0;0;0;0;0;0;0;0;0;0;0;0;0;0;0;0;0;0;20,0;25;8;17;9;6;12;6;2;5;3;7;7;0;1;6;7;7;2;2;0;1;7;6;0;28
10_BUR_J2_Q1;1;10_BUR_J2;10;BUR;2;85;SBB;95;False;False;False;4,25;255;6;2;2;0;2;2;0;0;0;0;2;2;0;0;1;1;1;0;0;0;0;1;2;0;1;9;20,0;25;8;17;9;6;12;6;2;5;3;7;7;0;1;6;7;7;2;2;0;1;7;6;0;28
11_BUR_J2_Q1;1;11_BUR_J2;11;BUR;2;85;SBB;95;False;False;False;5,283333333333333;317;3;1;2;1;0;1;1;1;1;0;0;0;0;0;0;0;1;1;0;0;0;0;0;0;-2;2;20,0;25;8;17;9;6;12;6;2;5;3;7;7;0;1;6;7;7;2;2;0;1;7;6;0;28
17_BUR_J2_Q1;1;17_BUR_J2;17;BUR;2;85;SBB;95;False;True;False;3,0;180;3;1;1;0;0;0;0;1;1;0;0;0;0;0;0;0;0;0;0;0;0;0;1;0;1;4;20,0;25;8;17;9;6;12;6;2;5;3;7;7;0;1;6;7;7;2;2;0;1;7;6;0;28
19_BUR_J2_Q1;1;19_BUR_J2;19;BUR;2;85;SBB;95;False;False;False;4,45;267;3;1;2;1;1;2;1;0;0;0;1;1;0;0;0;0;0;0;0;0;1;0;1;0;-4;2;20,0;25;8;17;9;6;12;6;2;5;3;7;7;0;1;6;7;7;2;2;0;1;7;6;0;28
22_BUR_J2_Q1;1;22_BUR_J2;22;BUR;2;85;SBB;95;False;False;False;6,733333333333333;404;4;1;1;0;1;1;0;0;0;0;2;2;0;0;1;1;0;0;0;0;0;1;1;0;-5;5;20,0;25;8;17;9;6;12;6;2;5;3;7;7;0;1;6;7;7;2;2;0;1;7;6;0;28
23_BUR_J2_Q1;1;23_BUR_J2;23;BUR;2;85;SBB;95;False;True;False;5,75;345;2;0;2;2;0;1;1;0;1;1;2;2;0;0;0;0;0;0;0;0;0;1;1;0;-3;0;20,0;25;8;17;9;6;12;6;2;5;3;7;7;0;1;6;7;7;2;2;0;1;7;6;0;28
40_BUR_J2_Q1;1;40_BUR_J2;40;BUR;2;85;SBB;95;False;True;False;3,2666666666666666;196;2;1;1;0;1;1;0;0;0;0;0;0;0;0;1;1;0;0;0;0;0;1;0;0;3;2;20,0;25;8;17;9;6;12;6;2;5;3;7;7;0;1;6;7;7;2;2;0;1;7;6;0;28
56_BUR_J2_Q1;1;56_BUR_J2;56;BUR;2;85;SBB;95;False;True;False;8,3;498;2;1;5;4;1;3;2;0;2;2;0;0;0;0;1;1;3;1;2;0;0;2;0;0;-2;1;20,0;25;8;17;9;6;12;6;2;5;3;7;7;0;1;6;7;7;2;2;0;1;7;6;0;28
BUR_BUR_J2_Q1;1;BUR_BUR_J2;BUR;BUR;2;85;SBB;95;False;False;False;50,0;3000;0;0;0;0;0;0;0;0;0;0;0;0;0;1;0;1;0;0;0;0;0;0;0;0;0;1;20,0;25;8;17;9;6;12;6;2;5;3;7;7;0;1;6;7;7;2;2;0;1;7;6;0;28
00_BUR_J2_Q2;2;00_BUR_J2;00;BUR;2;85;SBB;95;False;True;False;4,783333333333333;287;0;0;2;2;0;1;1;0;1;1;0;0;0;0;0;0;0;0;0;0;0;0;0;0;-12;-2;20,0;10;4;16;12;2;8;6;2;8;6;0;0;0;1;6;7;2;4;0;1;0;6;3;0;1
3_BUR_J2_Q2;2;3_BUR_J2;3;BUR;2;85;SBB;95;False;False;False;3,4166666666666665;205;2;1;2;1;1;1;0;0;1;1;0;0;0;0;0;0;0;0;0;0;0;1;0;0;-8;0;20,0;10;4;16;12;2;8;6;2;8;6;0;0;0;1;6;7;2;4;0;1;0;6;3;0;1
7_BUR_J2_Q2;2;7_BUR_J2;7;BUR;2;85;SBB;95;False;False;False;2,9833333333333334;179;0;0;1;1;0;0;0;0;1;1;0;0;0;0;0;0;0;0;0;0;0;0;0;0;1;-1;20,0;10;4;16;12;2;8;6;2;8;6;0;0;0;1;6;7;2;4;0;1;0;6;3;0;1
8_BUR_J2_Q2;2;8_BUR_J2;8;BUR;2;85;SBB;95;False;False;False;7,783333333333333;467;0;0;1;1;0;0;0;0;1;1;0;0;0;1;0;1;0;0;0;0;0;0;0;0;-8;0;20,0;10;4;16;12;2;8;6;2;8;6;0;0;0;1;6;7;2;4;0;1;0;6;3;0;1
10_BUR_J2_Q2;2;10_BUR_J2;10;BUR;2;85;SBB;95;False;False;False;3,933333333333333;236;0;0;0;0;0;0;0;0;0;0;0;0;0;0;0;0;0;0;0;0;0;0;0;0;-14;0;20,0;10;4;16;12;2;8;6;2;8;6;0;0;0;1;6;7;2;4;0;1;0;6;3;0;1
11_BUR_J2_Q2;2;11_BUR_J2;11;BUR;2;85;SBB;95;False;False;False;5,216666666666667;313;3;1;2;1;0;0;0;1;2;1;0;0;0;0;1;1;0;0;0;0;0;1;0;0;-5;2;20,0;10;4;16;12;2;8;6;2;8;6;0;0;0;1;6;7;2;4;0;1;0;6;3;0;1
17_BUR_J2_Q2;2;17_BUR_J2;17;BUR;2;85;SBB;95;False;True;False;4,316666666666666;259;0;0;1;1;0;1;1;0;0;0;0;0;0;0;1;1;1;2;0;0;0;1;0;0;-13;-2;20,0;10;4;16;12;2;8;6;2;8;6;0;0;0;1;6;7;2;4;0;1;0;6;3;0;1
19_BUR_J2_Q2;2;19_BUR_J2;19;BUR;2;85;SBB;95;False;False;False;2,7;162;0;0;2;2;0;1;1;0;1;1;0;0;0;0;1;1;1;0;0;0;0;1;0;0;-5;-1;20,0;10;4;16;12;2;8;6;2;8;6;0;0;0;1;6;7;2;4;0;1;0;6;3;0;1
22_BUR_J2_Q2;2;22_BUR_J2;22;BUR;2;85;SBB;95;False;False;False;4,366666666666666;262;0;0;0;0;0;0;0;0;0;0;0;0;0;0;1;1;0;0;0;1;0;1;1;0;0;2;20,0;10;4;16;12;2;8;6;2;8;6;0;0;0;1;6;7;2;4;0;1;0;6;3;0;1
23_BUR_J2_Q2;2;23_BUR_J2;23;BUR;2;85;SBB;95;False;True;False;5,3;318;0;0;2;2;0;2;2;0;0;0;0;0;0;0;0;0;0;0;0;0;0;1;0;0;-13;-3;20,0;10;4;16;12;2;8;6;2;8;6;0;0;0;1;6;7;2;4;0;1;0;6;3;0;1
40_BUR_J2_Q2;2;40_BUR_J2;40;BUR;2;85;SBB;95;False;True;False;2,216666666666667;133;0;0;1;1;0;1;1;0;0;0;0;0;0;0;0;0;0;0;0;0;0;0;1;0;-9;0;20,0;10;4;16;12;2;8;6;2;8;6;0;0;0;1;6;7;2;4;0;1;0;6;3;0;1
56_BUR_J2_Q2;2;56_BUR_J2;56;BUR;2;85;SBB;95;False;True;False;2,9833333333333334;179;5;2;2;0;1;1;0;1;1;0;0;0;0;0;1;1;0;2;0;0;0;0;1;0;1;5;20,0;10;4;16;12;2;8;6;2;8;6;0;0;0;1;6;7;2;4;0;1;0;6;3;0;1
BUR_BUR_J2_Q2;2;BUR_BUR_J2;BUR;BUR;2;85;SBB;95;False;False;False;50,0;3000;0;0;0;0;0;0;0;0;0;0;0;0;0;0;1;1;0;0;0;0;0;0;0;0;0;1;20,0;10;4;16;12;2;8;6;2;8;6;0;0;0;1;6;7;2;4;0;1;0;6;3;0;1
00_BUR_J2_Q3;3;00_BUR_J2;00;BUR;2;85;SBB;95;False;True;False;4,6;276;4;1;1;0;1;1;0;0;0;0;2;2;0;2;0;2;1;1;0;0;0;3;2;0;4;5;20,0;25;8;22;14;7;15;8;1;7;6;8;13;5;7;7;14;5;4;3;0;1;10;10;0;23
3_BUR_J2_Q3;3;3_BUR_J2;3;BUR;2;85;SBB;95;False;False;False;0,0;0;0;0;0;0;0;0;0;0;0;0;0;0;0;0;0;0;0;0;0;0;0;0;0;0;0;0;20,0;25;8;22;14;7;15;8;1;7;6;8;13;5;7;7;14;5;4;3;0;1;10;10;0;23
7_BUR_J2_Q3;3;7_BUR_J2;7;BUR;2;85;SBB;95;False;False;False;6,95;417;0;0;1;1;0;0;0;0;1;1;0;0;0;0;1;1;0;0;1;0;0;1;0;0;8;0;20,0;25;8;22;14;7;15;8;1;7;6;8;13;5;7;7;14;5;4;3;0;1;10;10;0;23
8_BUR_J2_Q3;3;8_BUR_J2;8;BUR;2;85;SBB;95;False;False;False;3,05;183;0;0;0;0;0;0;0;0;0;0;0;0;0;1;0;1;0;0;0;0;0;1;0;0;-2;0;20,0;25;8;22;14;7;15;8;1;7;6;8;13;5;7;7;14;5;4;3;0;1;10;10;0;23
10_BUR_J2_Q3;3;10_BUR_J2;10;BUR;2;85;SBB;95;False;False;False;4,133333333333334;248;4;1;2;1;1;2;1;0;0;0;2;3;1;0;0;0;1;0;0;0;0;1;2;0;-1;4;20,0;25;8;22;14;7;15;8;1;7;6;8;13;5;7;7;14;5;4;3;0;1;10;10;0;23
11_BUR_J2_Q3;3;11_BUR_J2;11;BUR;2;85;SBB;95;False;False;False;5,4;324;2;1;3;2;1;2;1;0;1;1;0;0;0;1;1;2;0;1;0;0;1;0;0;0;2;0;20,0;25;8;22;14;7;15;8;1;7;6;8;13;5;7;7;14;5;4;3;0;1;10;10;0;23
17_BUR_J2_Q3;3;17_BUR_J2;17;BUR;2;85;SBB;95;False;True;False;0,0;0;0;0;0;0;0;0;0;0;0;0;0;0;0;0;0;0;0;0;0;0;0;0;0;0;0;0;20,0;25;8;22;14;7;15;8;1;7;6;8;13;5;7;7;14;5;4;3;0;1;10;10;0;23
19_BUR_J2_Q3;3;19_BUR_J2;19;BUR;2;85;SBB;95;False;False;False;0,0;0;0;0;0;0;0;0;0;0;0;0;0;0;0;0;0;0;0;0;0;0;0;0;0;0;0;0;20,0;25;8;22;14;7;15;8;1;7;6;8;13;5;7;7;14;5;4;3;0;1;10;10;0;23
22_BUR_J2_Q3;3;22_BUR_J2;22;BUR;2;85;SBB;95;False;False;False;3,933333333333333;236;4;2;2;0;2;2;0;0;0;0;0;2;2;1;0;1;1;0;0;0;0;2;1;0;5;3;20,0;25;8;22;14;7;15;8;1;7;6;8;13;5;7;7;14;5;4;3;0;1;10;10;0;23
23_BUR_J2_Q3;3;23_BUR_J2;23;BUR;2;85;SBB;95;False;True;False;5,866666666666666;352;1;0;4;4;0;1;1;0;3;3;1;2;1;0;2;2;0;0;0;0;0;0;3;0;7;1;20,0;25;8;22;14;7;15;8;1;7;6;8;13;5;7;7;14;5;4;3;0;1;10;10;0;23
40_BUR_J2_Q3;3;40_BUR_J2;40;BUR;2;85;SBB;95;False;True;False;6,066666666666666;364;3;0;2;2;0;2;2;0;0;0;3;4;1;1;0;1;0;0;0;0;0;1;2;0;1;2;20,0;25;8;22;14;7;15;8;1;7;6;8;13;5;7;7;14;5;4;3;0;1;10;10;0;23
56_BUR_J2_Q3;3;56_BUR_J2;56;BUR;2;85;SBB;95;False;True;False;10,0;600;7;3;7;4;2;5;3;1;2;1;0;0;0;0;1;1;2;1;2;0;0;1;0;0;6;6;20,0;25;8;22;14;7;15;8;1;7;6;8;13;5;7;7;14;5;4;3;0;1;10;10;0;23
BUR_BUR_J2_Q3;3;BUR_BUR_J2;BUR;BUR;2;85;SBB;95;False;False;False;50,0;3000;0;0;0;0;0;0;0;0;0;0;0;0;0;1;2;3;0;1;0;0;0;0;0;0;0;2;20,0;25;8;22;14;7;15;8;1;7;6;8;13;5;7;7;14;5;4;3;0;1;10;10;0;23
00_BUR_J2_Q4;4;00_BUR_J2;00;BUR;2;85;SBB;95;False;True;False;2,033333333333333;122;0;0;0;0;0;0;0;0;0;0;0;0;0;0;0;0;0;0;0;0;0;1;0;0;0;-1;20,0;25;7;19;12;6;10;4;1;9;8;10;11;1;4;6;10;4;5;3;0;0;7;7;0;24
3_BUR_J2_Q4;4;3_BUR_J2;3;BUR;2;85;SBB;95;False;False;False;0,0;0;0;0;0;0;0;0;0;0;0;0;0;0;0;0;0;0;0;0;0;0;0;0;0;0;0;0;20,0;25;7;19;12;6;10;4;1;9;8;10;11;1;4;6;10;4;5;3;0;0;7;7;0;24
7_BUR_J2_Q4;4;7_BUR_J2;7;BUR;2;85;SBB;95;False;False;False;2,433333333333333;146;1;0;0;0;0;0;0;0;0;0;1;2;1;1;0;1;0;0;0;0;0;0;2;0;1;3;20,0;25;7;19;12;6;10;4;1;9;8;10;11;1;4;6;10;4;5;3;0;0;7;7;0;24
8_BUR_J2_Q4;4;8_BUR_J2;8;BUR;2;85;SBB;95;False;False;False;1,25;75;0;0;0;0;0;0;0;0;0;0;0;0;0;0;0;0;0;0;0;0;0;3;0;0;1;-3;20,0;25;7;19;12;6;10;4;1;9;8;10;11;1;4;6;10;4;5;3;0;0;7;7;0;24
10_BUR_J2_Q4;4;10_BUR_J2;10;BUR;2;85;SBB;95;False;False;False;10,0;600;10;3;7;4;3;4;1;0;3;3;4;4;0;0;0;0;2;0;0;0;0;0;3;0;3;11;20,0;25;7;19;12;6;10;4;1;9;8;10;11;1;4;6;10;4;5;3;0;0;7;7;0;24
11_BUR_J2_Q4;4;11_BUR_J2;11;BUR;2;85;SBB;95;False;False;False;7,966666666666667;478;4;1;3;2;0;1;1;1;2;1;1;1;0;1;1;2;0;0;0;0;0;0;0;0;3;4;20,0;25;7;19;12;6;10;4;1;9;8;10;11;1;4;6;10;4;5;3;0;0;7;7;0;24
17_BUR_J2_Q4;4;17_BUR_J2;17;BUR;2;85;SBB;95;False;True;False;1,0333333333333334;62;0;0;0;0;0;0;0;0;0;0;0;0;0;0;0;0;0;0;0;0;0;0;0;0;2;0;20,0;25;7;19;12;6;10;4;1;9;8;10;11;1;4;6;10;4;5;3;0;0;7;7;0;24
19_BUR_J2_Q4;4;19_BUR_J2;19;BUR;2;85;SBB;95;False;False;False;0,0;0;0;0;0;0;0;0;0;0;0;0;0;0;0;0;0;0;0;0;0;0;0;0;0;0;0;0;20,0;25;7;19;12;6;10;4;1;9;8;10;11;1;4;6;10;4;5;3;0;0;7;7;0;24
22_BUR_J2_Q4;4;22_BUR_J2;22;BUR;2;85;SBB;95;False;False;False;3,3833333333333333;203;2;0;0;0;0;0;0;0;0;0;2;2;0;1;2;3;0;0;0;0;0;0;1;0;1;6;20,0;25;7;19;12;6;10;4;1;9;8;10;11;1;4;6;10;4;5;3;0;0;7;7;0;24
23_BUR_J2_Q4;4;23_BUR_J2;23;BUR;2;85;SBB;95;False;True;False;9,0;540;4;1;4;3;1;3;2;0;1;1;2;2;0;1;2;3;1;1;0;0;0;1;1;0;3;4;20,0;25;7;19;12;6;10;4;1;9;8;10;11;1;4;6;10;4;5;3;0;0;7;7;0;24
40_BUR_J2_Q4;4;40_BUR_J2;40;BUR;2;85;SBB;95;False;True;False;6,616666666666666;397;4;2;2;0;2;2;0;0;0;0;0;0;0;0;1;1;0;2;1;0;0;1;0;0;2;3;20,0;25;7;19;12;6;10;4;1;9;8;10;11;1;4;6;10;4;5;3;0;0;7;7;0;24
56_BUR_J2_Q4;4;56_BUR_J2;56;BUR;2;85;SBB;95;False;True;False;6,283333333333333;377;0;0;3;3;0;0;0;0;3;3;0;0;0;0;0;0;1;1;2;0;0;1;0;0;-1;-2;20,0;25;7;19;12;6;10;4;1;9;8;10;11;1;4;6;10;4;5;3;0;0;7;7;0;24
BUR_BUR_J2_Q4;4;BUR_BUR_J2;BUR;BUR;2;85;SBB;95;False;False;False;50,0;3000;0;0;0;0;0;0;0;0;0;0;0;0;0;0;0;0;0;1;0;0;0;0;0;0;0;-1;20,0;25;7;19;12;6;10;4;1;9;8;10;11;1;4;6;10;4;5;3;0;0;7;7;0;24
1_BKN_J2_Q1;1;1_BKN_J2;1;BKN;2;105;RMB;100;True;True;True;5,383333333333334;323;2;1;2;1;1;1;0;0;1;1;0;0;0;0;0;0;0;1;0;0;0;0;1;0;-3;1;20,0;18;6;14;8;4;10;6;2;4;2;4;4;0;1;4;5;5;5;0;0;0;7;4;1;12
3_BKN_J2_Q1;1;3_BKN_J2;3;BKN;2;105;RMB;100;True;True;True;6,25;375;3;1;2;1;0;0;0;1;2;1;0;0;0;0;2;2;0;2;0;0;0;0;1;0;-7;3;20,0;18;6;14;8;4;10;6;2;4;2;4;4;0;1;4;5;5;5;0;0;0;7;4;1;12
4_BKN_J2_Q1;1;4_BKN_J2;4;BKN;2;105;RMB;100;True;False;True;0,0;0;0;0;0;0;0;0;0;0;0;0;0;0;0;0;0;0;0;0;0;0;0;0;0;0;0;0;20,0;18;6;14;8;4;10;6;2;4;2;4;4;0;1;4;5;5;5;0;0;0;7;4;1;12
6_BKN_J2_Q1;1;6_BKN_J2;6;BKN;2;105;RMB;100;True;True;True;5,383333333333334;323;0;0;2;2;0;2;2;0;0;0;0;0;0;0;1;1;1;0;0;0;0;1;0;0;-3;-1;20,0;18;6;14;8;4;10;6;2;4;2;4;4;0;1;4;5;5;5;0;0;0;7;4;1;12
7_BKN_J2_Q1;1;7_BKN_J2;7;BKN;2;105;RMB;100;True;False;True;4,4;264;0;0;1;1;0;1;1;0;0;0;0;0;0;0;0;0;0;0;0;0;0;2;0;0;-9;-3;20,0;18;6;14;8;4;10;6;2;4;2;4;4;0;1;4;5;5;5;0;0;0;7;4;1;12
8_BKN_J2_Q1;1;8_BKN_J2;8;BKN;2;105;RMB;100;True;True;True;2,683333333333333;161;4;2;2;0;2;2;0;0;0;0;0;0;0;0;0;0;0;0;0;0;0;2;0;1;0;2;20,0;18;6;14;8;4;10;6;2;4;2;4;4;0;1;4;5;5;5;0;0;0;7;4;1;12
9_BKN_J2_Q1;1;9_BKN_J2;9;BKN;2;105;RMB;100;True;False;True;4,933333333333334;296;3;1;2;1;0;1;1;1;1;0;0;0;0;0;0;0;1;1;0;0;0;1;0;0;-13;1;20,0;18;6;14;8;4;10;6;2;4;2;4;4;0;1;4;5;5;5;0;0;0;7;4;1;12
10_BKN_J2_Q1;1;10_BKN_J2;10;BKN;2;105;RMB;100;True;False;True;4,616666666666666;277;0;0;1;1;0;1;1;0;0;0;0;0;0;0;0;0;1;1;0;0;0;0;0;0;-15;-1;20,0;18;6;14;8;4;10;6;2;4;2;4;4;0;1;4;5;5;5;0;0;0;7;4;1;12
11_BKN_J2_Q1;1;11_BKN_J2;11;BKN;2;105;RMB;100;True;True;True;5,383333333333334;323;2;0;0;0;0;0;0;0;0;0;2;2;0;0;1;1;2;0;0;0;0;0;1;0;-1;6;20,0;18;6;14;8;4;10;6;2;4;2;4;4;0;1;4;5;5;5;0;0;0;7;4;1;12
18_BKN_J2_Q1;1;18_BKN_J2;18;BKN;2;105;RMB;100;True;False;True;4,616666666666666;277;2;1;1;0;1;1;0;0;0;0;0;0;0;0;0;0;0;0;0;0;0;0;0;0;-13;2;20,0;18;6;14;8;4;10;6;2;4;2;4;4;0;1;4;5;5;5;0;0;0;7;4;1;12
25_BKN_J2_Q1;1;25_BKN_J2;25;BKN;2;105;RMB;100;True;False;True;3,433333333333333;206;0;0;0;0;0;0;0;0;0;0;0;0;0;0;0;0;0;0;0;0;0;0;0;0;-9;0;20,0;18;6;14;8;4;10;6;2;4;2;4;4;0;1;4;5;5;5;0;0;0;7;4;1;12
99_BKN_J2_Q1;1;99_BKN_J2;99;BKN;2;105;RMB;100;True;False;True;2,9166666666666665;175;2;0;1;1;0;1;1;0;0;0;2;2;0;0;0;0;0;0;0;0;0;1;1;0;-7;1;20,0;18;6;14;8;4;10;6;2;4;2;4;4;0;1;4;5;5;5;0;0;0;7;4;1;12
BKN_BKN_J2_Q1;1;BKN_BKN_J2;BKN;BKN;2;105;RMB;100;True;False;True;50,0;3000;0;0;0;0;0;0;0;0;0;0;0;0;0;1;0;1;0;0;0;0;0;0;0;0;0;1;20,0;18;6;14;8;4;10;6;2;4;2;4;4;0;1;4;5;5;5;0;0;0;7;4;1;12
1_BKN_J2_Q2;2;1_BKN_J2;1;BKN;2;105;RMB;100;True;True;True;7,25;435;2;1;1;0;1;1;0;0;0;0;0;0;0;1;0;1;1;0;0;0;0;0;0;0;3;4;20,0;31;9;15;6;6;8;2;3;7;4;10;10;0;2;5;7;7;5;6;0;0;5;7;1;42
3_BKN_J2_Q2;2;3_BKN_J2;3;BKN;2;105;RMB;100;True;True;True;6,2;372;4;2;2;0;2;2;0;0;0;0;0;0;0;1;0;1;0;2;0;0;0;1;0;0;1;2;20,0;31;9;15;6;6;8;2;3;7;4;10;10;0;2;5;7;7;5;6;0;0;5;7;1;42
4_BKN_J2_Q2;2;4_BKN_J2;4;BKN;2;105;RMB;100;True;False;True;0,3;18;0;0;0;0;0;0;0;0;0;0;0;0;0;0;0;0;0;0;0;0;0;1;0;0;-1;-1;20,0;31;9;15;6;6;8;2;3;7;4;10;10;0;2;5;7;7;5;6;0;0;5;7;1;42
6_BKN_J2_Q2;2;6_BKN_J2;6;BKN;2;105;RMB;100;True;True;True;6,016666666666667;361;5;2;4;2;1;3;2;1;1;0;0;0;0;0;0;0;1;0;2;0;0;1;0;0;8;5;20,0;31;9;15;6;6;8;2;3;7;4;10;10;0;2;5;7;7;5;6;0;0;5;7;1;42
7_BKN_J2_Q2;2;7_BKN_J2;7;BKN;2;105;RMB;100;True;False;True;0,0;0;0;0;0;0;0;0;0;0;0;0;0;0;0;0;0;0;0;0;0;0;0;0;0;0;0;0;20,0;31;9;15;6;6;8;2;3;7;4;10;10;0;2;5;7;7;5;6;0;0;5;7;1;42
8_BKN_J2_Q2;2;8_BKN_J2;8;BKN;2;105;RMB;100;True;True;True;6,25;375;0;0;0;0;0;0;0;0;0;0;0;0;0;0;1;1;0;0;0;0;0;0;0;0;3;1;20,0;31;9;15;6;6;8;2;3;7;4;10;10;0;2;5;7;7;5;6;0;0;5;7;1;42
9_BKN_J2_Q2;2;9_BKN_J2;9;BKN;2;105;RMB;100;True;False;True;7,483333333333333;449;2;0;2;2;0;0;0;0;2;2;2;2;0;0;0;0;1;0;2;0;0;1;1;0;6;3;20,0;31;9;15;6;6;8;2;3;7;4;10;10;0;2;5;7;7;5;6;0;0;5;7;1;42
10_BKN_J2_Q2;2;10_BKN_J2;10;BKN;2;105;RMB;100;True;False;True;1,5666666666666667;94;0;0;0;0;0;0;0;0;0;0;0;0;0;0;0;0;0;0;0;0;0;0;0;0;3;0;20,0;31;9;15;6;6;8;2;3;7;4;10;10;0;2;5;7;7;5;6;0;0;5;7;1;42
11_BKN_J2_Q2;2;11_BKN_J2;11;BKN;2;105;RMB;100;True;True;True;10,0;600;13;2;3;1;1;1;0;1;2;1;8;8;0;0;1;1;4;2;2;0;0;1;4;1;7;20;20,0;31;9;15;6;6;8;2;3;7;4;10;10;0;2;5;7;7;5;6;0;0;5;7;1;42
18_BKN_J2_Q2;2;18_BKN_J2;18;BKN;2;105;RMB;100;True;False;True;0,0;0;0;0;0;0;0;0;0;0;0;0;0;0;0;0;0;0;0;0;0;0;0;0;0;0;0;0;20,0;31;9;15;6;6;8;2;3;7;4;10;10;0;2;5;7;7;5;6;0;0;5;7;1;42
25_BKN_J2_Q2;2;25_BKN_J2;25;BKN;2;105;RMB;100;True;False;True;0,0;0;0;0;0;0;0;0;0;0;0;0;0;0;0;0;0;0;0;0;0;0;0;0;0;0;0;0;20,0;31;9;15;6;6;8;2;3;7;4;10;10;0;2;5;7;7;5;6;0;0;5;7;1;42
99_BKN_J2_Q2;2;99_BKN_J2;99;BKN;2;105;RMB;100;True;False;True;4,933333333333334;296;5;2;3;1;1;1;0;1;2;1;0;0;0;0;1;1;0;0;0;0;0;0;2;0;5;7;20,0;31;9;15;6;6;8;2;3;7;4;10;10;0;2;5;7;7;5;6;0;0;5;7;1;42
BKN_BKN_J2_Q2;2;BKN_BKN_J2;BKN;BKN;2;105;RMB;100;True;False;True;50,0;3000;0;0;0;0;0;0;0;0;0;0;0;0;0;0;2;2;0;1;0;0;0;0;0;0;0;1;20,0;31;9;15;6;6;8;2;3;7;4;10;10;0;2;5;7;7;5;6;0;0;5;7;1;42
1_BKN_J2_Q3;3;1_BKN_J2;1;BKN;2;105;RMB;100;True;True;True;4,366666666666666;262;0;0;0;0;0;0;0;0;0;0;0;0;0;0;0;0;0;0;0;0;0;3;0;0;-6;-3;20,0;28;10;16;6;6;8;2;4;8;4;4;4;0;1;6;7;5;2;2;0;1;6;4;0;31
3_BKN_J2_Q3;3;3_BKN_J2;3;BKN;2;105;RMB;100;True;True;True;7,0;420;2;1;1;0;1;1;0;0;0;0;0;0;0;1;1;2;3;1;0;0;0;0;0;0;3;6;20,0;28;10;16;6;6;8;2;4;8;4;4;4;0;1;6;7;5;2;2;0;1;6;4;0;31
4_BKN_J2_Q3;3;4_BKN_J2;4;BKN;2;105;RMB;100;True;False;True;0,0;0;0;0;0;0;0;0;0;0;0;0;0;0;0;0;0;0;0;0;0;0;0;0;0;0;0;0;20,0;28;10;16;6;6;8;2;4;8;4;4;4;0;1;6;7;5;2;2;0;1;6;4;0;31
6_BKN_J2_Q3;3;6_BKN_J2;6;BKN;2;105;RMB;100;True;True;True;3,3666666666666667;202;4;2;3;1;2;3;1;0;0;0;0;0;0;0;0;0;0;0;1;0;0;2;0;0;0;2;20,0;28;10;16;6;6;8;2;4;8;4;4;4;0;1;6;7;5;2;2;0;1;6;4;0;31
7_BKN_J2_Q3;3;7_BKN_J2;7;BKN;2;105;RMB;100;True;False;True;0,0;0;0;0;0;0;0;0;0;0;0;0;0;0;0;0;0;0;0;0;0;0;0;0;0;0;0;0;20,0;28;10;16;6;6;8;2;4;8;4;4;4;0;1;6;7;5;2;2;0;1;6;4;0;31
8_BKN_J2_Q3;3;8_BKN_J2;8;BKN;2;105;RMB;100;True;True;True;4,75;285;3;1;2;1;0;0;0;1;2;1;0;0;0;0;0;0;0;0;0;0;0;0;0;0;-3;2;20,0;28;10;16;6;6;8;2;4;8;4;4;4;0;1;6;7;5;2;2;0;1;6;4;0;31
9_BKN_J2_Q3;3;9_BKN_J2;9;BKN;2;105;RMB;100;True;False;True;7,466666666666667;448;10;3;4;1;1;1;0;2;3;1;2;2;0;0;0;0;1;0;0;0;0;1;1;0;6;10;20,0;28;10;16;6;6;8;2;4;8;4;4;4;0;1;6;7;5;2;2;0;1;6;4;0;31
10_BKN_J2_Q3;3;10_BKN_J2;10;BKN;2;105;RMB;100;True;False;True;6,633333333333334;398;2;1;1;0;1;1;0;0;0;0;0;0;0;0;1;1;1;0;0;0;0;0;1;0;5;5;20,0;28;10;16;6;6;8;2;4;8;4;4;4;0;1;6;7;5;2;2;0;1;6;4;0;31
11_BKN_J2_Q3;3;11_BKN_J2;11;BKN;2;105;RMB;100;True;True;True;5,533333333333333;332;2;0;0;0;0;0;0;0;0;0;2;2;0;0;1;1;0;0;0;0;0;0;2;0;1;5;20,0;28;10;16;6;6;8;2;4;8;4;4;4;0;1;6;7;5;2;2;0;1;6;4;0;31
18_BKN_J2_Q3;3;18_BKN_J2;18;BKN;2;105;RMB;100;True;False;True;0,0;0;0;0;0;0;0;0;0;0;0;0;0;0;0;0;0;0;0;0;0;0;0;0;0;0;0;0;20,0;28;10;16;6;6;8;2;4;8;4;4;4;0;1;6;7;5;2;2;0;1;6;4;0;31
25_BKN_J2_Q3;3;25_BKN_J2;25;BKN;2;105;RMB;100;True;False;True;5,25;315;0;0;3;3;0;1;1;0;2;2;0;0;0;0;0;0;0;0;1;0;1;0;0;0;8;-3;20,0;28;10;16;6;6;8;2;4;8;4;4;4;0;1;6;7;5;2;2;0;1;6;4;0;31
99_BKN_J2_Q3;3;99_BKN_J2;99;BKN;2;105;RMB;100;True;False;True;5,633333333333334;338;5;2;2;0;1;1;0;1;1;0;0;0;0;0;2;2;0;0;0;0;0;0;0;0;11;7;20,0;28;10;16;6;6;8;2;4;8;4;4;4;0;1;6;7;5;2;2;0;1;6;4;0;31
BKN_BKN_J2_Q3;3;BKN_BKN_J2;BKN;BKN;2;105;RMB;100;True;False;True;50,0;3000;0;0;0;0;0;0;0;0;0;0;0;0;0;0;1;1;0;1;0;0;0;0;0;0;0;0;20,0;28;10;16;6;6;8;2;4;8;4;4;4;0;1;6;7;5;2;2;0;1;6;4;0;31
1_BKN_J2_Q4;4;1_BKN_J2;1;BKN;2;105;RMB;100;True;True;True;2,45;147;3;1;1;0;1;1;0;0;0;0;1;2;1;0;0;0;0;0;0;0;0;2;2;1;5;2;20,0;28;7;14;7;7;8;1;0;6;6;14;16;2;3;7;10;2;2;3;0;1;6;9;1;34
3_BKN_J2_Q4;4;3_BKN_J2;3;BKN;2;105;RMB;100;True;True;True;2,3333333333333335;140;0;0;1;1;0;0;0;0;1;1;0;0;0;0;0;0;0;0;0;0;0;0;0;0;4;-1;20,0;28;7;14;7;7;8;1;0;6;6;14;16;2;3;7;10;2;2;3;0;1;6;9;1;34
4_BKN_J2_Q4;4;4_BKN_J2;4;BKN;2;105;RMB;100;True;False;True;0,0;0;0;0;0;0;0;0;0;0;0;0;0;0;0;0;0;0;0;0;0;0;0;0;0;0;0;0;20,0;28;7;14;7;7;8;1;0;6;6;14;16;2;3;7;10;2;2;3;0;1;6;9;1;34
6_BKN_J2_Q4;4;6_BKN_J2;6;BKN;2;105;RMB;100;True;True;True;0,0;0;0;0;0;0;0;0;0;0;0;0;0;0;0;0;0;0;0;0;0;0;0;0;0;0;0;0;20,0;28;7;14;7;7;8;1;0;6;6;14;16;2;3;7;10;2;2;3;0;1;6;9;1;34
7_BKN_J2_Q4;4;7_BKN_J2;7;BKN;2;105;RMB;100;True;False;True;0,0;0;0;0;0;0;0;0;0;0;0;0;0;0;0;0;0;0;0;0;0;0;0;0;0;0;0;0;20,0;28;7;14;7;7;8;1;0;6;6;14;16;2;3;7;10;2;2;3;0;1;6;9;1;34
8_BKN_J2_Q4;4;8_BKN_J2;8;BKN;2;105;RMB;100;True;True;True;5,316666666666666;319;0;0;1;1;0;0;0;0;1;1;0;0;0;0;0;0;0;0;0;0;0;0;0;0;1;-1;20,0;28;7;14;7;7;8;1;0;6;6;14;16;2;3;7;10;2;2;3;0;1;6;9;1;34
9_BKN_J2_Q4;4;9_BKN_J2;9;BKN;2;105;RMB;100;True;False;True;8,916666666666666;535;7;3;5;2;3;3;0;0;2;2;1;1;0;1;2;3;0;1;1;0;0;1;0;0;8;7;20,0;28;7;14;7;7;8;1;0;6;6;14;16;2;3;7;10;2;2;3;0;1;6;9;1;34
10_BKN_J2_Q4;4;10_BKN_J2;10;BKN;2;105;RMB;100;True;False;True;10,0;600;2;0;0;0;0;0;0;0;0;0;2;2;0;0;3;3;1;0;0;0;0;0;1;0;9;7;20,0;28;7;14;7;7;8;1;0;6;6;14;16;2;3;7;10;2;2;3;0;1;6;9;1;34
11_BKN_J2_Q4;4;11_BKN_J2;11;BKN;2;105;RMB;100;True;True;True;8,75;525;9;1;3;2;1;2;1;0;1;1;7;7;0;0;1;1;1;1;1;0;1;0;4;0;6;12;20,0;28;7;14;7;7;8;1;0;6;6;14;16;2;3;7;10;2;2;3;0;1;6;9;1;34
18_BKN_J2_Q4;4;18_BKN_J2;18;BKN;2;105;RMB;100;True;False;True;0,0;0;0;0;0;0;0;0;0;0;0;0;0;0;0;0;0;0;0;0;0;0;0;0;0;0;0;0;20,0;28;7;14;7;7;8;1;0;6;6;14;16;2;3;7;10;2;2;3;0;1;6;9;1;34
25_BKN_J2_Q4;4;25_BKN_J2;25;BKN;2;105;RMB;100;True;False;True;4,683333333333334;281;2;1;1;0;1;1;0;0;0;0;0;0;0;1;0;1;0;0;0;0;0;1;0;0;8;2;20,0;28;7;14;7;7;8;1;0;6;6;14;16;2;3;7;10;2;2;3;0;1;6;9;1;34
99_BKN_J2_Q4;4;99_BKN_J2;99;BKN;2;105;RMB;100;True;False;True;7,55;453;5;1;2;1;1;1;0;0;1;1;3;4;1;0;1;1;0;0;1;0;0;2;2;0;4;5;20,0;28;7;14;7;7;8;1;0;6;6;14;16;2;3;7;10;2;2;3;0;1;6;9;1;34
BKN_BKN_J2_Q4;4;BKN_BKN_J2;BKN;BKN;2;105;RMB;100;True;False;True;50,0;3000;0;0;0;0;0;0;0;0;0;0;0;0;0;1;0;1;0;0;0;0;0;0;0;0;0;1;20,0;28;7;14;7;7;8;1;0;6;6;14;16;2;3;7;10;2;2;3;0;1;6;9;1;34
0_RMB_J2_Q1;1;0_RMB_J2;0;RMB;2;100;BKN;105;False;False;False;4,933333333333334;296;13;4;4;0;1;1;0;3;3;0;2;2;0;0;1;1;0;0;0;0;0;1;1;0;13;14;20,0;34;11;16;5;8;10;2;3;6;3;9;9;0;0;7;7;7;1;4;0;0;4;7;1;49
1_RMB_J2_Q1;1;1_RMB_J2;1;RMB;2;100;BKN;105;False;True;False;5,583333333333333;335;5;2;4;2;2;3;1;0;1;1;1;1;0;0;0;0;0;0;1;0;0;0;1;0;7;5;20,0;34;11;16;5;8;10;2;3;6;3;9;9;0;0;7;7;7;1;4;0;0;4;7;1;49
7_RMB_J2_Q1;1;7_RMB_J2;7;RMB;2;100;BKN;105;False;False;False;4,933333333333334;296;2;0;0;0;0;0;0;0;0;0;2;2;0;0;0;0;2;0;0;0;0;0;1;0;13;5;20,0;34;11;16;5;8;10;2;3;6;3;9;9;0;0;7;7;7;1;4;0;0;4;7;1;49
9_RMB_J2_Q1;1;9_RMB_J2;9;RMB;2;100;BKN;105;False;False;False;4,1;246;2;0;0;0;0;0;0;0;0;0;2;2;0;0;1;1;0;0;1;0;0;0;1;0;12;5;20,0;34;11;16;5;8;10;2;3;6;3;9;9;0;0;7;7;7;1;4;0;0;4;7;1;49
11_RMB_J2_Q1;1;11_RMB_J2;11;RMB;2;100;BKN;105;False;True;False;5,383333333333334;323;2;1;3;2;1;2;1;0;1;1;0;0;0;0;0;0;0;0;1;0;0;0;1;0;1;2;20,0;34;11;16;5;8;10;2;3;6;3;9;9;0;0;7;7;7;1;4;0;0;4;7;1;49
13_RMB_J2_Q1;1;13_RMB_J2;13;RMB;2;100;BKN;105;False;False;False;0,0;0;0;0;0;0;0;0;0;0;0;0;0;0;0;0;0;0;0;0;0;0;0;0;0;0;0;0;20,0;34;11;16;5;8;10;2;3;6;3;9;9;0;0;7;7;7;1;4;0;0;4;7;1;49
14_RMB_J2_Q1;1;14_RMB_J2;14;RMB;2;100;BKN;105;False;True;False;5,583333333333333;335;2;0;0;0;0;0;0;0;0;0;2;2;0;0;0;0;2;0;1;0;0;1;1;0;6;5;20,0;34;11;16;5;8;10;2;3;6;3;9;9;0;0;7;7;7;1;4;0;0;4;7;1;49
16_RMB_J2_Q1;1;16_RMB_J2;16;RMB;2;100;BKN;105;False;False;False;0,0;0;0;0;0;0;0;0;0;0;0;0;0;0;0;0;0;0;0;0;0;0;0;0;0;0;0;0;20,0;34;11;16;5;8;10;2;3;6;3;9;9;0;0;7;7;7;1;4;0;0;4;7;1;49
20_RMB_J2_Q1;1;20_RMB_J2;20;RMB;2;100;BKN;105;False;False;False;3,75;225;4;2;2;0;2;2;0;0;0;0;0;0;0;0;2;2;0;0;0;0;0;0;0;1;9;6;20,0;34;11;16;5;8;10;2;3;6;3;9;9;0;0;7;7;7;1;4;0;0;4;7;1;49
22_RMB_J2_Q1;1;22_RMB_J2;22;RMB;2;100;BKN;105;False;True;False;6,25;375;4;2;2;0;2;2;0;0;0;0;0;0;0;0;1;1;0;1;0;0;0;1;1;0;7;4;20,0;34;11;16;5;8;10;2;3;6;3;9;9;0;0;7;7;7;1;4;0;0;4;7;1;49
23_RMB_J2_Q1;1;23_RMB_J2;23;RMB;2;100;BKN;105;False;False;False;4,416666666666667;265;0;0;1;1;0;0;0;0;1;1;0;0;0;0;0;0;2;0;0;0;0;0;0;0;9;1;20,0;34;11;16;5;8;10;2;3;6;3;9;9;0;0;7;7;7;1;4;0;0;4;7;1;49
24_RMB_J2_Q1;1;24_RMB_J2;24;RMB;2;100;BKN;105;False;True;False;5,066666666666666;304;0;0;0;0;0;0;0;0;0;0;0;0;0;0;2;2;1;0;0;0;0;1;0;0;3;2;20,0;34;11;16;5;8;10;2;3;6;3;9;9;0;0;7;7;7;1;4;0;0;4;7;1;49
RMB_RMB_J2_Q1;1;RMB_RMB_J2;RMB;RMB;2;100;BKN;105;False;False;False;50,0;3000;0;0;0;0;0;0;0;0;0;0;0;0;0;0;0;0;0;0;0;0;0;0;0;0;0;0;20,0;34;11;16;5;8;10;2;3;6;3;9;9;0;0;7;7;7;1;4;0;0;4;7;1;49
0_RMB_J2_Q2;2;0_RMB_J2;0;RMB;2;100;BKN;105;False;False;False;3,85;231;0;0;1;1;0;0;0;0;1;1;0;0;0;0;1;1;1;0;0;0;0;0;0;0;-3;1;20,0;24;9;15;6;6;8;2;3;7;4;3;3;0;0;4;4;6;6;3;0;0;7;4;1;22
1_RMB_J2_Q2;2;1_RMB_J2;1;RMB;2;100;BKN;105;False;True;False;4,75;285;0;0;2;2;0;1;1;0;1;1;0;0;0;0;0;0;0;0;0;0;0;2;0;0;-4;-4;20,0;24;9;15;6;6;8;2;3;7;4;3;3;0;0;4;4;6;6;3;0;0;7;4;1;22
7_RMB_J2_Q2;2;7_RMB_J2;7;RMB;2;100;BKN;105;False;False;False;7,816666666666666;469;8;3;5;2;2;2;0;1;3;2;1;1;0;0;0;0;2;3;1;0;0;0;2;0;-6;8;20,0;24;9;15;6;6;8;2;3;7;4;3;3;0;0;4;4;6;6;3;0;0;7;4;1;22
9_RMB_J2_Q2;2;9_RMB_J2;9;RMB;2;100;BKN;105;False;False;False;3,85;231;0;0;0;0;0;0;0;0;0;0;0;0;0;0;0;0;1;0;0;0;0;1;0;0;-3;0;20,0;24;9;15;6;6;8;2;3;7;4;3;3;0;0;4;4;6;6;3;0;0;7;4;1;22
11_RMB_J2_Q2;2;11_RMB_J2;11;RMB;2;100;BKN;105;False;True;False;6,5;390;8;3;4;1;1;2;1;2;2;0;0;0;0;0;0;0;1;0;0;0;0;1;0;1;-5;7;20,0;24;9;15;6;6;8;2;3;7;4;3;3;0;0;4;4;6;6;3;0;0;7;4;1;22
13_RMB_J2_Q2;2;13_RMB_J2;13;RMB;2;100;BKN;105;False;False;False;0,0;0;0;0;0;0;0;0;0;0;0;0;0;0;0;0;0;0;0;0;0;0;0;0;0;0;0;0;20,0;24;9;15;6;6;8;2;3;7;4;3;3;0;0;4;4;6;6;3;0;0;7;4;1;22
14_RMB_J2_Q2;2;14_RMB_J2;14;RMB;2;100;BKN;105;False;True;False;6,15;369;5;2;2;0;2;2;0;0;0;0;1;1;0;0;0;0;0;0;0;0;0;1;1;0;-4;5;20,0;24;9;15;6;6;8;2;3;7;4;3;3;0;0;4;4;6;6;3;0;0;7;4;1;22
16_RMB_J2_Q2;2;16_RMB_J2;16;RMB;2;100;BKN;105;False;False;False;2,466666666666667;148;2;1;1;0;1;1;0;0;0;0;0;0;0;0;0;0;0;0;0;0;0;0;1;0;-6;3;20,0;24;9;15;6;6;8;2;3;7;4;3;3;0;0;4;4;6;6;3;0;0;7;4;1;22
20_RMB_J2_Q2;2;20_RMB_J2;20;RMB;2;100;BKN;105;False;False;False;2,183333333333333;131;0;0;0;0;0;0;0;0;0;0;0;0;0;0;0;0;0;0;1;0;0;0;0;0;-1;1;20,0;24;9;15;6;6;8;2;3;7;4;3;3;0;0;4;4;6;6;3;0;0;7;4;1;22
22_RMB_J2_Q2;2;22_RMB_J2;22;RMB;2;100;BKN;105;False;True;False;5,0;300;0;0;0;0;0;0;0;0;0;0;0;0;0;0;2;2;0;2;1;0;0;0;0;0;1;1;20,0;24;9;15;6;6;8;2;3;7;4;3;3;0;0;4;4;6;6;3;0;0;7;4;1;22
23_RMB_J2_Q2;2;23_RMB_J2;23;RMB;2;100;BKN;105;False;False;False;5,25;315;1;0;0;0;0;0;0;0;0;0;1;1;0;0;0;0;0;0;0;0;0;1;0;0;-3;0;20,0;24;9;15;6;6;8;2;3;7;4;3;3;0;0;4;4;6;6;3;0;0;7;4;1;22
24_RMB_J2_Q2;2;24_RMB_J2;24;RMB;2;100;BKN;105;False;True;False;2,183333333333333;131;0;0;0;0;0;0;0;0;0;0;0;0;0;0;0;0;1;1;0;0;0;1;0;0;-1;-1;20,0;24;9;15;6;6;8;2;3;7;4;3;3;0;0;4;4;6;6;3;0;0;7;4;1;22
RMB_RMB_J2_Q2;2;RMB_RMB_J2;RMB;RMB;2;100;BKN;105;False;False;False;50,0;3000;0;0;0;0;0;0;0;0;0;0;0;0;0;0;1;1;0;0;0;0;0;0;0;0;0;1;20,0;24;9;15;6;6;8;2;3;7;4;3;3;0;0;4;4;6;6;3;0;0;7;4;1;22
0_RMB_J2_Q3;3;0_RMB_J2;0;RMB;2;100;BKN;105;False;False;False;8,6;516;7;2;3;1;1;2;1;1;1;0;2;2;0;0;1;1;0;0;0;0;0;0;1;1;-6;8;20,0;23;7;18;11;4;12;8;3;6;3;6;8;2;6;4;10;3;3;1;1;0;4;5;1;23
1_RMB_J2_Q3;3;1_RMB_J2;1;RMB;2;100;BKN;105;False;True;False;6,466666666666667;388;3;1;2;1;0;1;1;1;1;0;0;0;0;0;1;1;0;0;0;1;0;0;0;0;-2;4;20,0;23;7;18;11;4;12;8;3;6;3;6;8;2;6;4;10;3;3;1;1;0;4;5;1;23
7_RMB_J2_Q3;3;7_RMB_J2;7;RMB;2;100;BKN;105;False;False;False;5,25;315;5;2;2;0;1;1;0;1;1;0;0;0;0;0;0;0;1;0;0;0;0;0;0;0;-8;6;20,0;23;7;18;11;4;12;8;3;6;3;6;8;2;6;4;10;3;3;1;1;0;4;5;1;23
9_RMB_J2_Q3;3;9_RMB_J2;9;RMB;2;100;BKN;105;False;False;False;2,8333333333333335;170;0;0;1;1;0;0;0;0;1;1;0;0;0;0;1;1;0;0;0;0;0;0;0;0;2;0;20,0;23;7;18;11;4;12;8;3;6;3;6;8;2;6;4;10;3;3;1;1;0;4;5;1;23
11_RMB_J2_Q3;3;11_RMB_J2;11;RMB;2;100;BKN;105;False;True;False;3,816666666666667;229;0;0;2;2;0;1;1;0;1;1;0;0;0;0;0;0;0;0;0;0;0;0;0;0;-9;-2;20,0;23;7;18;11;4;12;8;3;6;3;6;8;2;6;4;10;3;3;1;1;0;4;5;1;23
13_RMB_J2_Q3;3;13_RMB_J2;13;RMB;2;100;BKN;105;False;False;False;0,0;0;0;0;0;0;0;0;0;0;0;0;0;0;0;0;0;0;0;0;0;0;0;0;0;0;0;0;20,0;23;7;18;11;4;12;8;3;6;3;6;8;2;6;4;10;3;3;1;1;0;4;5;1;23
14_RMB_J2_Q3;3;14_RMB_J2;14;RMB;2;100;BKN;105;False;True;False;4,75;285;4;1;3;2;1;3;2;0;0;0;2;2;0;1;0;1;0;0;0;0;0;1;1;0;3;3;20,0;23;7;18;11;4;12;8;3;6;3;6;8;2;6;4;10;3;3;1;1;0;4;5;1;23
16_RMB_J2_Q3;3;16_RMB_J2;16;RMB;2;100;BKN;105;False;False;False;1,6;96;0;0;0;0;0;0;0;0;0;0;0;0;0;0;0;0;0;0;0;0;0;0;0;0;4;0;20,0;23;7;18;11;4;12;8;3;6;3;6;8;2;6;4;10;3;3;1;1;0;4;5;1;23
20_RMB_J2_Q3;3;20_RMB_J2;20;RMB;2;100;BKN;105;False;False;False;5,283333333333333;317;3;1;2;1;1;2;1;0;0;0;1;2;1;2;1;3;0;2;0;0;0;0;1;0;-9;3;20,0;23;7;18;11;4;12;8;3;6;3;6;8;2;6;4;10;3;3;1;1;0;4;5;1;23
22_RMB_J2_Q3;3;22_RMB_J2;22;RMB;2;100;BKN;105;False;True;False;3,1166666666666667;187;1;0;1;1;0;1;1;0;0;0;1;2;1;2;0;2;1;0;1;0;0;2;2;0;0;3;20,0;23;7;18;11;4;12;8;3;6;3;6;8;2;6;4;10;3;3;1;1;0;4;5;1;23
23_RMB_J2_Q3;3;23_RMB_J2;23;RMB;2;100;BKN;105;False;False;False;3,533333333333333;212;0;0;1;1;0;0;0;0;1;1;0;0;0;0;0;0;0;0;0;0;0;1;0;0;-3;-2;20,0;23;7;18;11;4;12;8;3;6;3;6;8;2;6;4;10;3;3;1;1;0;4;5;1;23
24_RMB_J2_Q3;3;24_RMB_J2;24;RMB;2;100;BKN;105;False;True;False;4,75;285;0;0;1;1;0;1;1;0;0;0;0;0;0;1;0;1;1;1;0;0;0;0;0;0;3;0;20,0;23;7;18;11;4;12;8;3;6;3;6;8;2;6;4;10;3;3;1;1;0;4;5;1;23
RMB_RMB_J2_Q3;3;RMB_RMB_J2;RMB;RMB;2;100;BKN;105;False;False;False;50,0;3000;0;0;0;0;0;0;0;0;0;0;0;0;0;0;0;0;0;0;0;0;0;0;0;0;0;0;20,0;23;7;18;11;4;12;8;3;6;3;6;8;2;6;4;10;3;3;1;1;0;4;5;1;23
0_RMB_J2_Q4;4;0_RMB_J2;0;RMB;2;100;BKN;105;False;False;False;9,366666666666667;562;4;1;1;0;1;1;0;0;0;0;2;2;0;1;1;2;0;0;1;0;0;1;1;0;-6;7;20,0;19;5;17;12;4;7;3;1;10;9;8;8;0;4;4;8;3;5;1;1;0;10;6;1;11
1_RMB_J2_Q4;4;1_RMB_J2;1;RMB;2;100;BKN;105;False;True;False;4,033333333333333;242;0;0;1;1;0;0;0;0;1;1;0;0;0;0;1;1;0;0;0;0;0;1;0;0;-3;-1;20,0;19;5;17;12;4;7;3;1;10;9;8;8;0;4;4;8;3;5;1;1;0;10;6;1;11
7_RMB_J2_Q4;4;7_RMB_J2;7;RMB;2;100;BKN;105;False;False;False;5,316666666666666;319;3;1;4;3;1;2;1;0;2;2;1;1;0;0;0;0;2;0;0;0;0;1;1;0;-1;2;20,0;19;5;17;12;4;7;3;1;10;9;8;8;0;4;4;8;3;5;1;1;0;10;6;1;11
9_RMB_J2_Q4;4;9_RMB_J2;9;RMB;2;100;BKN;105;False;False;False;0,3;18;0;0;0;0;0;0;0;0;0;0;0;0;0;0;0;0;0;1;0;0;0;3;0;0;2;-4;20,0;19;5;17;12;4;7;3;1;10;9;8;8;0;4;4;8;3;5;1;1;0;10;6;1;11
11_RMB_J2_Q4;4;11_RMB_J2;11;RMB;2;100;BKN;105;False;True;False;5,316666666666666;319;5;1;3;2;1;1;0;0;2;2;3;3;0;0;2;2;0;2;0;0;0;0;1;1;-1;4;20,0;19;5;17;12;4;7;3;1;10;9;8;8;0;4;4;8;3;5;1;1;0;10;6;1;11
13_RMB_J2_Q4;4;13_RMB_J2;13;RMB;2;100;BKN;105;False;False;False;0,0;0;0;0;0;0;0;0;0;0;0;0;0;0;0;0;0;0;0;0;0;0;0;0;0;0;0;0;20,0;19;5;17;12;4;7;3;1;10;9;8;8;0;4;4;8;3;5;1;1;0;10;6;1;11
14_RMB_J2_Q4;4;14_RMB_J2;14;RMB;2;100;BKN;105;False;True;False;6,6;396;2;1;2;1;1;1;0;0;1;1;0;0;0;0;0;0;1;0;0;0;0;1;0;0;-9;1;20,0;19;5;17;12;4;7;3;1;10;9;8;8;0;4;4;8;3;5;1;1;0;10;6;1;11
16_RMB_J2_Q4;4;16_RMB_J2;16;RMB;2;100;BKN;105;False;False;False;0,9166666666666666;55;0;0;0;0;0;0;0;0;0;0;0;0;0;0;0;0;0;0;0;0;0;2;0;0;-3;-2;20,0;19;5;17;12;4;7;3;1;10;9;8;8;0;4;4;8;3;5;1;1;0;10;6;1;11
20_RMB_J2_Q4;4;20_RMB_J2;20;RMB;2;100;BKN;105;False;False;False;3,7666666666666666;226;0;0;1;1;0;1;1;0;0;0;0;0;0;1;0;1;0;0;0;0;0;0;1;0;-5;1;20,0;19;5;17;12;4;7;3;1;10;9;8;8;0;4;4;8;3;5;1;1;0;10;6;1;11
22_RMB_J2_Q4;4;22_RMB_J2;22;RMB;2;100;BKN;105;False;True;False;4,033333333333333;242;2;0;1;1;0;1;1;0;0;0;2;2;0;0;0;0;0;0;0;1;0;1;2;0;-3;3;20,0;19;5;17;12;4;7;3;1;10;9;8;8;0;4;4;8;3;5;1;1;0;10;6;1;11
23_RMB_J2_Q4;4;23_RMB_J2;23;RMB;2;100;BKN;105;False;False;False;5,666666666666667;340;3;1;3;2;0;0;0;1;3;2;0;0;0;1;0;1;0;1;0;0;0;0;0;0;-8;1;20,0;19;5;17;12;4;7;3;1;10;9;8;8;0;4;4;8;3;5;1;1;0;10;6;1;11
24_RMB_J2_Q4;4;24_RMB_J2;24;RMB;2;100;BKN;105;False;True;False;4,683333333333334;281;0;0;1;1;0;0;0;0;1;1;0;0;0;1;0;1;0;0;0;0;0;0;0;0;-8;0;20,0;19;5;17;12;4;7;3;1;10;9;8;8;0;4;4;8;3;5;1;1;0;10;6;1;11
RMB_RMB_J2_Q4;4;RMB_RMB_J2;RMB;RMB;2;100;BKN;105;False;False;False;50,0;3000;0;0;0;0;0;0;0;0;0;0;0;0;0;0;0;0;0;1;0;0;0;0;0;0;0;-1;20,0;19;5;17;12;4;7;3;1;10;9;8;8;0;4;4;8;3;5;1;1;0;10;6;1;11
0_BAX_J3_Q1;1;0_BAX_J3;0;BAX;3;80;DGC;87;True;False;False;4,166666666666667;250;3;0;0;0;0;0;0;0;0;0;3;4;1;0;0;0;0;0;0;1;0;0;2;0;-4;5;20,0;19;5;16;11;3;8;5;2;8;6;7;9;2;2;6;8;5;2;0;1;3;5;6;0;16
2_BAX_J3_Q1;1;2_BAX_J3;2;BAX;3;80;DGC;87;True;True;False;5,833333333333333;350;0;0;4;4;0;3;3;0;1;1;0;0;0;0;0;0;1;0;0;0;0;1;0;0;-8;-4;20,0;19;5;16;11;3;8;5;2;8;6;7;9;2;2;6;8;5;2;0;1;3;5;6;0;16
4_BAX_J3_Q1;1;4_BAX_J3;4;BAX;3;80;DGC;87;True;False;False;0,0;0;0;0;0;0;0;0;0;0;0;0;0;0;0;0;0;0;0;0;0;0;0;0;0;0;0;0;20,0;19;5;16;11;3;8;5;2;8;6;7;9;2;2;6;8;5;2;0;1;3;5;6;0;16
8_BAX_J3_Q1;1;8_BAX_J3;8;BAX;3;80;DGC;87;True;False;False;5,033333333333333;302;7;2;2;0;1;1;0;1;1;0;2;3;1;0;0;0;0;1;0;0;0;0;2;0;-5;7;20,0;19;5;16;11;3;8;5;2;8;6;7;9;2;2;6;8;5;2;0;1;3;5;6;0;16
11_BAX_J3_Q1;1;11_BAX_J3;11;BAX;3;80;DGC;87;True;True;False;4,966666666666667;298;4;1;2;1;1;1;0;0;1;1;2;2;0;0;0;0;0;0;0;0;0;1;1;0;-7;3;20,0;19;5;16;11;3;8;5;2;8;6;7;9;2;2;6;8;5;2;0;1;3;5;6;0;16
12_BAX_J3_Q1;1;12_BAX_J3;12;BAX;3;80;DGC;87;True;True;False;6,45;387;0;0;1;1;0;0;0;0;1;1;0;0;0;1;1;2;0;0;0;0;0;1;0;0;-12;0;20,0;19;5;16;11;3;8;5;2;8;6;7;9;2;2;6;8;5;2;0;1;3;5;6;0;16
19_BAX_J3_Q1;1;19_BAX_J3;19;BAX;3;80;DGC;87;True;False;False;3,55;213;3;1;1;0;0;0;0;1;1;0;0;0;0;0;0;0;0;0;0;0;0;0;0;0;0;3;20,0;19;5;16;11;3;8;5;2;8;6;7;9;2;2;6;8;5;2;0;1;3;5;6;0;16
32_BAX_J3_Q1;1;32_BAX_J3;32;BAX;3;80;DGC;87;True;False;False;5,033333333333333;302;0;0;1;1;0;1;1;0;0;0;0;0;0;0;0;0;0;0;0;0;1;1;0;0;-5;-3;20,0;19;5;16;11;3;8;5;2;8;6;7;9;2;2;6;8;5;2;0;1;3;5;6;0;16
33_BAX_J3_Q1;1;33_BAX_J3;33;BAX;3;80;DGC;87;True;True;False;5,833333333333333;350;2;1;2;1;1;2;1;0;0;0;0;0;0;1;4;5;1;1;0;0;1;1;0;0;-8;4;20,0;19;5;16;11;3;8;5;2;8;6;7;9;2;2;6;8;5;2;0;1;3;5;6;0;16
47_BAX_J3_Q1;1;47_BAX_J3;47;BAX;3;80;DGC;87;True;False;False;0,0;0;0;0;0;0;0;0;0;0;0;0;0;0;0;0;0;0;0;0;0;0;0;0;0;0;0;0;20,0;19;5;16;11;3;8;5;2;8;6;7;9;2;2;6;8;5;2;0;1;3;5;6;0;16
55_BAX_J3_Q1;1;55_BAX_J3;55;BAX;3;80;DGC;87;True;False;False;4,166666666666667;250;0;0;0;0;0;0;0;0;0;0;0;0;0;0;1;1;3;0;0;0;0;0;1;0;-4;5;20,0;19;5;16;11;3;8;5;2;8;6;7;9;2;2;6;8;5;2;0;1;3;5;6;0;16
99_BAX_J3_Q1;1;99_BAX_J3;99;BAX;3;80;DGC;87;True;True;False;4,966666666666667;298;0;0;3;3;0;0;0;0;3;3;0;0;0;0;0;0;0;0;0;0;1;0;0;0;-7;-4;20,0;19;5;16;11;3;8;5;2;8;6;7;9;2;2;6;8;5;2;0;1;3;5;6;0;16
BAX_BAX_J3_Q1;1;BAX_BAX_J3;BAX;BAX;3;80;DGC;87;True;False;False;50,0;3000;0;0;0;0;0;0;0;0;0;0;0;0;0;0;0;0;0;0;0;0;0;0;0;0;0;0;20,0;19;5;16;11;3;8;5;2;8;6;7;9;2;2;6;8;5;2;0;1;3;5;6;0;16
0_BAX_J3_Q2;2;0_BAX_J3;0;BAX;3;80;DGC;87;True;False;False;7,966666666666667;478;6;3;4;1;3;4;1;0;0;0;0;0;0;1;0;1;0;0;0;0;0;0;0;3;3;6;20,0;28;11;17;6;5;9;4;6;8;2;0;0;0;2;3;5;8;1;1;0;0;3;4;3;36
2_BAX_J3_Q2;2;2_BAX_J3;2;BAX;3;80;DGC;87;True;True;False;3,433333333333333;206;3;1;1;0;0;0;0;1;1;0;0;0;0;0;0;0;1;1;0;0;0;0;0;0;4;3;20,0;28;11;17;6;5;9;4;6;8;2;0;0;0;2;3;5;8;1;1;0;0;3;4;3;36
4_BAX_J3_Q2;2;4_BAX_J3;4;BAX;3;80;DGC;87;True;False;False;0,0;0;0;0;0;0;0;0;0;0;0;0;0;0;0;0;0;0;0;0;0;0;0;0;0;0;0;0;20,0;28;11;17;6;5;9;4;6;8;2;0;0;0;2;3;5;8;1;1;0;0;3;4;3;36
8_BAX_J3_Q2;2;8_BAX_J3;8;BAX;3;80;DGC;87;True;False;False;6,566666666666666;394;3;1;2;1;0;0;0;1;2;1;0;0;0;0;1;1;1;0;0;0;0;1;0;0;2;3;20,0;28;11;17;6;5;9;4;6;8;2;0;0;0;2;3;5;8;1;1;0;0;3;4;3;36
11_BAX_J3_Q2;2;11_BAX_J3;11;BAX;3;80;DGC;87;True;True;False;3,433333333333333;206;2;1;1;0;1;1;0;0;0;0;0;0;0;0;1;1;1;0;0;0;0;0;0;0;4;4;20,0;28;11;17;6;5;9;4;6;8;2;0;0;0;2;3;5;8;1;1;0;0;3;4;3;36
12_BAX_J3_Q2;2;12_BAX_J3;12;BAX;3;80;DGC;87;True;True;False;3,9833333333333334;239;3;1;1;0;0;0;0;1;1;0;0;0;0;0;0;0;0;0;0;0;0;0;1;0;3;4;20,0;28;11;17;6;5;9;4;6;8;2;0;0;0;2;3;5;8;1;1;0;0;3;4;3;36
19_BAX_J3_Q2;2;19_BAX_J3;19;BAX;3;80;DGC;87;True;False;False;6,016666666666667;361;3;1;1;0;0;0;0;1;1;0;0;0;0;0;0;0;2;0;0;0;0;0;1;0;3;6;20,0;28;11;17;6;5;9;4;6;8;2;0;0;0;2;3;5;8;1;1;0;0;3;4;3;36
32_BAX_J3_Q2;2;32_BAX_J3;32;BAX;3;80;DGC;87;True;False;False;4,6;276;0;0;3;3;0;2;2;0;1;1;0;0;0;0;0;0;0;0;1;0;0;0;1;0;-1;-1;20,0;28;11;17;6;5;9;4;6;8;2;0;0;0;2;3;5;8;1;1;0;0;3;4;3;36
33_BAX_J3_Q2;2;33_BAX_J3;33;BAX;3;80;DGC;87;True;True;False;2,033333333333333;122;2;1;2;1;1;2;1;0;0;0;0;0;0;0;0;0;0;0;0;0;0;1;0;0;3;0;20,0;28;11;17;6;5;9;4;6;8;2;0;0;0;2;3;5;8;1;1;0;0;3;4;3;36
47_BAX_J3_Q2;2;47_BAX_J3;47;BAX;3;80;DGC;87;True;False;False;0,0;0;0;0;0;0;0;0;0;0;0;0;0;0;0;0;0;0;0;0;0;0;0;0;0;0;0;0;20,0;28;11;17;6;5;9;4;6;8;2;0;0;0;2;3;5;8;1;1;0;0;3;4;3;36
55_BAX_J3_Q2;2;55_BAX_J3;55;BAX;3;80;DGC;87;True;False;False;6,566666666666666;394;3;1;1;0;0;0;0;1;1;0;0;0;0;1;0;1;3;0;0;0;0;1;1;0;2;7;20,0;28;11;17;6;5;9;4;6;8;2;0;0;0;2;3;5;8;1;1;0;0;3;4;3;36
99_BAX_J3_Q2;2;99_BAX_J3;99;BAX;3;80;DGC;87;True;True;False;5,4;324;3;1;1;0;0;0;0;1;1;0;0;0;0;0;0;0;0;0;0;0;0;0;0;0;7;3;20,0;28;11;17;6;5;9;4;6;8;2;0;0;0;2;3;5;8;1;1;0;0;3;4;3;36
BAX_BAX_J3_Q2;2;BAX_BAX_J3;BAX;BAX;3;80;DGC;87;True;False;False;50,0;3000;0;0;0;0;0;0;0;0;0;0;0;0;0;0;1;1;0;0;0;0;0;0;0;0;0;1;20,0;28;11;17;6;5;9;4;6;8;2;0;0;0;2;3;5;8;1;1;0;0;3;4;3;36
0_BAX_J3_Q3;3;0_BAX_J3;0;BAX;3;80;DGC;87;True;False;False;6,283333333333333;377;2;0;0;0;0;0;0;0;0;0;2;2;0;0;1;1;0;0;0;0;0;0;1;0;4;4;20,0;18;6;12;6;5;7;2;1;5;4;5;6;1;1;3;4;1;4;1;0;1;4;5;0;13
2_BAX_J3_Q3;3;2_BAX_J3;2;BAX;3;80;DGC;87;True;True;False;8,166666666666666;490;10;4;4;0;3;3;0;1;1;0;1;2;1;0;0;0;1;0;1;0;0;1;1;0;3;11;20,0;18;6;12;6;5;7;2;1;5;4;5;6;1;1;3;4;1;4;1;0;1;4;5;0;13
4_BAX_J3_Q3;3;4_BAX_J3;4;BAX;3;80;DGC;87;True;False;False;0,0;0;0;0;0;0;0;0;0;0;0;0;0;0;0;0;0;0;0;0;0;0;0;0;0;0;0;0;20,0;18;6;12;6;5;7;2;1;5;4;5;6;1;1;3;4;1;4;1;0;1;4;5;0;13
8_BAX_J3_Q3;3;8_BAX_J3;8;BAX;3;80;DGC;87;True;False;False;3,9;234;0;0;1;1;0;0;0;0;1;1;0;0;0;0;0;0;0;1;0;0;0;0;1;0;2;-1;20,0;18;6;12;6;5;7;2;1;5;4;5;6;1;1;3;4;1;4;1;0;1;4;5;0;13
11_BAX_J3_Q3;3;11_BAX_J3;11;BAX;3;80;DGC;87;True;True;False;6,316666666666666;379;4;1;1;0;1;1;0;0;0;0;2;2;0;0;1;1;0;0;0;0;0;0;2;0;-2;7;20,0;18;6;12;6;5;7;2;1;5;4;5;6;1;1;3;4;1;4;1;0;1;4;5;0;13
12_BAX_J3_Q3;3;12_BAX_J3;12;BAX;3;80;DGC;87;True;True;False;6,1;366;0;0;0;0;0;0;0;0;0;0;0;0;0;0;0;0;0;0;0;0;0;0;0;0;-4;0;20,0;18;6;12;6;5;7;2;1;5;4;5;6;1;1;3;4;1;4;1;0;1;4;5;0;13
19_BAX_J3_Q3;3;19_BAX_J3;19;BAX;3;80;DGC;87;True;False;False;3,683333333333333;221;2;1;1;0;1;1;0;0;0;0;0;0;0;0;0;0;0;1;0;0;0;0;0;0;0;1;20,0;18;6;12;6;5;7;2;1;5;4;5;6;1;1;3;4;1;4;1;0;1;4;5;0;13
32_BAX_J3_Q3;3;32_BAX_J3;32;BAX;3;80;DGC;87;True;False;False;2,6;156;0;0;1;1;0;1;1;0;0;0;0;0;0;0;1;1;0;0;0;0;1;0;0;0;4;-1;20,0;18;6;12;6;5;7;2;1;5;4;5;6;1;1;3;4;1;4;1;0;1;4;5;0;13
33_BAX_J3_Q3;3;33_BAX_J3;33;BAX;3;80;DGC;87;True;True;False;3,716666666666667;223;0;0;1;1;0;1;1;0;0;0;0;0;0;0;0;0;0;2;0;0;0;0;0;0;-6;-3;20,0;18;6;12;6;5;7;2;1;5;4;5;6;1;1;3;4;1;4;1;0;1;4;5;0;13
47_BAX_J3_Q3;3;47_BAX_J3;47;BAX;3;80;DGC;87;True;False;False;0,0;0;0;0;0;0;0;0;0;0;0;0;0;0;0;0;0;0;0;0;0;0;0;0;0;0;0;0;20,0;18;6;12;6;5;7;2;1;5;4;5;6;1;1;3;4;1;4;1;0;1;4;5;0;13
55_BAX_J3_Q3;3;55_BAX_J3;55;BAX;3;80;DGC;87;True;False;False;4,0;240;0;0;2;2;0;0;0;0;2;2;0;0;0;0;0;0;0;0;0;0;0;1;0;0;-5;-3;20,0;18;6;12;6;5;7;2;1;5;4;5;6;1;1;3;4;1;4;1;0;1;4;5;0;13
99_BAX_J3_Q3;3;99_BAX_J3;99;BAX;3;80;DGC;87;True;True;False;5,233333333333333;314;0;0;1;1;0;0;0;0;1;1;0;0;0;0;0;0;0;0;0;0;0;2;0;0;-6;-3;20,0;18;6;12;6;5;7;2;1;5;4;5;6;1;1;3;4;1;4;1;0;1;4;5;0;13
BAX_BAX_J3_Q3;3;BAX_BAX_J3;BAX;BAX;3;80;DGC;87;True;False;False;50,0;3000;0;0;0;0;0;0;0;0;0;0;0;0;0;1;0;1;0;0;0;0;0;0;0;0;0;1;20,0;18;6;12;6;5;7;2;1;5;4;5;6;1;1;3;4;1;4;1;0;1;4;5;0;13
0_BAX_J3_Q4;4;0_BAX_J3;0;BAX;3;80;DGC;87;True;False;False;5,066666666666666;304;0;0;1;1;0;1;1;0;0;0;0;0;0;0;0;0;0;0;0;0;0;3;1;0;-1;-3;20,0;15;4;15;11;1;6;5;3;9;6;4;4;0;2;11;13;0;7;2;0;1;9;5;1;7
2_BAX_J3_Q4;4;2_BAX_J3;2;BAX;3;80;DGC;87;True;True;False;5,1;306;3;1;2;1;0;1;1;1;1;0;0;0;0;1;1;2;0;1;1;0;1;1;0;0;3;2;20,0;15;4;15;11;1;6;5;3;9;6;4;4;0;2;11;13;0;7;2;0;1;9;5;1;7
4_BAX_J3_Q4;4;4_BAX_J3;4;BAX;3;80;DGC;87;True;False;False;0,0;0;0;0;0;0;0;0;0;0;0;0;0;0;0;0;0;0;0;0;0;0;0;0;0;0;0;0;20,0;15;4;15;11;1;6;5;3;9;6;4;4;0;2;11;13;0;7;2;0;1;9;5;1;7
8_BAX_J3_Q4;4;8_BAX_J3;8;BAX;3;80;DGC;87;True;False;False;5,4;324;0;0;1;1;0;0;0;0;1;1;0;0;0;0;4;4;0;1;0;0;0;1;0;0;-5;1;20,0;15;4;15;11;1;6;5;3;9;6;4;4;0;2;11;13;0;7;2;0;1;9;5;1;7
11_BAX_J3_Q4;4;11_BAX_J3;11;BAX;3;80;DGC;87;True;True;False;4,6;276;2;0;0;0;0;0;0;0;0;0;2;2;0;0;0;0;0;0;0;0;0;0;1;0;6;3;20,0;15;4;15;11;1;6;5;3;9;6;4;4;0;2;11;13;0;7;2;0;1;9;5;1;7
12_BAX_J3_Q4;4;12_BAX_J3;12;BAX;3;80;DGC;87;True;True;False;5,316666666666666;319;0;0;1;1;0;0;0;0;1;1;0;0;0;0;0;0;0;0;0;0;0;0;0;0;2;-1;20,0;15;4;15;11;1;6;5;3;9;6;4;4;0;2;11;13;0;7;2;0;1;9;5;1;7
19_BAX_J3_Q4;4;19_BAX_J3;19;BAX;3;80;DGC;87;True;False;False;9,616666666666667;577;2;1;2;1;1;1;0;0;1;1;0;0;0;0;3;3;0;1;0;0;0;1;1;1;1;3;20,0;15;4;15;11;1;6;5;3;9;6;4;4;0;2;11;13;0;7;2;0;1;9;5;1;7
32_BAX_J3_Q4;4;32_BAX_J3;32;BAX;3;80;DGC;87;True;False;False;5,066666666666666;304;2;0;2;2;0;1;1;0;1;1;2;2;0;0;2;2;0;1;0;0;0;1;1;0;-1;1;20,0;15;4;15;11;1;6;5;3;9;6;4;4;0;2;11;13;0;7;2;0;1;9;5;1;7
33_BAX_J3_Q4;4;33_BAX_J3;33;BAX;3;80;DGC;87;True;True;False;0,0;0;0;0;0;0;0;0;0;0;0;0;0;0;0;0;0;0;0;0;0;0;0;0;0;0;0;0;20,0;15;4;15;11;1;6;5;3;9;6;4;4;0;2;11;13;0;7;2;0;1;9;5;1;7
47_BAX_J3_Q4;4;47_BAX_J3;47;BAX;3;80;DGC;87;True;False;False;0,0;0;0;0;0;0;0;0;0;0;0;0;0;0;0;0;0;0;0;0;0;0;0;0;0;0;0;0;20,0;15;4;15;11;1;6;5;3;9;6;4;4;0;2;11;13;0;7;2;0;1;9;5;1;7
55_BAX_J3_Q4;4;55_BAX_J3;55;BAX;3;80;DGC;87;True;False;False;6,6;396;3;1;3;2;0;0;0;1;3;2;0;0;0;0;1;1;0;3;0;0;0;2;1;0;-1;-2;20,0;15;4;15;11;1;6;5;3;9;6;4;4;0;2;11;13;0;7;2;0;1;9;5;1;7
99_BAX_J3_Q4;4;99_BAX_J3;99;BAX;3;80;DGC;87;True;True;False;3,2333333333333334;194;3;1;3;2;0;2;2;1;1;0;0;0;0;0;0;0;0;0;1;0;0;0;0;0;1;2;20,0;15;4;15;11;1;6;5;3;9;6;4;4;0;2;11;13;0;7;2;0;1;9;5;1;7
BAX_BAX_J3_Q4;4;BAX_BAX_J3;BAX;BAX;3;80;DGC;87;True;False;False;50,0;3000;0;0;0;0;0;0;0;0;0;0;0;0;0;1;0;1;0;0;0;0;0;0;0;0;0;1;20,0;15;4;15;11;1;6;5;3;9;6;4;4;0;2;11;13;0;7;2;0;1;9;5;1;7
1_DGC_J3_Q1;1;1_DGC_J3;1;DGC;3;87;BAX;80;False;False;True;0,0;0;0;0;0;0;0;0;0;0;0;0;0;0;0;0;0;0;0;0;0;0;0;0;0;0;0;0;20,0;31;11;18;7;6;10;4;5;8;3;4;5;1;1;9;10;6;1;1;3;1;6;5;1;40
2_DGC_J3_Q1;1;2_DGC_J3;2;DGC;3;87;BAX;80;False;True;True;5,833333333333333;350;7;2;3;1;2;2;0;0;1;1;3;3;0;0;0;0;0;0;1;2;0;0;2;0;10;11;20,0;31;11;18;7;6;10;4;5;8;3;4;5;1;1;9;10;6;1;1;3;1;6;5;1;40
4_DGC_J3_Q1;1;4_DGC_J3;4;DGC;3;87;BAX;80;False;False;True;0,0;0;0;0;0;0;0;0;0;0;0;0;0;0;0;0;0;0;0;0;0;0;0;0;0;0;0;0;20,0;31;11;18;7;6;10;4;5;8;3;4;5;1;1;9;10;6;1;1;3;1;6;5;1;40
5_DGC_J3_Q1;1;5_DGC_J3;5;DGC;3;87;BAX;80;False;False;True;4,166666666666667;250;2;1;2;1;1;2;1;0;0;0;0;0;0;1;0;1;0;0;0;0;0;1;0;0;4;1;20,0;31;11;18;7;6;10;4;5;8;3;4;5;1;1;9;10;6;1;1;3;1;6;5;1;40
6_DGC_J3_Q1;1;6_DGC_J3;6;DGC;3;87;BAX;80;False;True;True;5,833333333333333;350;3;1;1;0;0;0;0;1;1;0;0;0;0;0;0;0;3;0;0;0;0;0;0;0;8;6;20,0;31;11;18;7;6;10;4;5;8;3;4;5;1;1;9;10;6;1;1;3;1;6;5;1;40
9_DGC_J3_Q1;1;9_DGC_J3;9;DGC;3;87;BAX;80;False;True;True;5,833333333333333;350;5;2;3;1;1;1;0;1;2;1;0;0;0;0;0;0;1;0;0;0;0;1;0;0;8;4;20,0;31;11;18;7;6;10;4;5;8;3;4;5;1;1;9;10;6;1;1;3;1;6;5;1;40
10_DGC_J3_Q1;1;10_DGC_J3;10;DGC;3;87;BAX;80;False;False;True;4,166666666666667;250;1;0;1;1;0;1;1;0;0;0;1;2;1;0;1;1;0;0;0;0;0;1;1;0;4;0;20,0;31;11;18;7;6;10;4;5;8;3;4;5;1;1;9;10;6;1;1;3;1;6;5;1;40
13_DGC_J3_Q1;1;13_DGC_J3;13;DGC;3;87;BAX;80;False;False;True;3,566666666666667;214;3;1;1;0;0;0;0;1;1;0;0;0;0;0;0;0;0;0;0;0;0;1;0;0;-1;2;20,0;31;11;18;7;6;10;4;5;8;3;4;5;1;1;9;10;6;1;1;3;1;6;5;1;40
18_DGC_J3_Q1;1;18_DGC_J3;18;DGC;3;87;BAX;80;False;True;True;6,933333333333334;416;2;1;2;1;1;1;0;0;1;1;0;0;0;0;4;4;1;0;0;0;0;0;0;0;9;6;20,0;31;11;18;7;6;10;4;5;8;3;4;5;1;1;9;10;6;1;1;3;1;6;5;1;40
21_DGC_J3_Q1;1;21_DGC_J3;21;DGC;3;87;BAX;80;False;True;True;6,433333333333334;386;2;1;2;1;1;2;1;0;0;0;0;0;0;0;1;1;0;1;0;0;0;0;1;1;13;2;20,0;31;11;18;7;6;10;4;5;8;3;4;5;1;1;9;10;6;1;1;3;1;6;5;1;40
23_DGC_J3_Q1;1;23_DGC_J3;23;DGC;3;87;BAX;80;False;False;True;3,066666666666667;184;0;0;0;0;0;0;0;0;0;0;0;0;0;0;0;0;1;0;0;1;0;2;0;0;3;0;20,0;31;11;18;7;6;10;4;5;8;3;4;5;1;1;9;10;6;1;1;3;1;6;5;1;40
24_DGC_J3_Q1;1;24_DGC_J3;24;DGC;3;87;BAX;80;False;False;True;4,166666666666667;250;6;2;3;1;0;1;1;2;2;0;0;0;0;0;1;1;0;0;0;0;1;0;1;0;2;6;20,0;31;11;18;7;6;10;4;5;8;3;4;5;1;1;9;10;6;1;1;3;1;6;5;1;40
DGC_DGC_J3_Q1;1;DGC_DGC_J3;DGC;DGC;3;87;BAX;80;False;False;True;50,0;3000;0;0;0;0;0;0;0;0;0;0;0;0;0;0;2;2;0;0;0;0;0;0;0;0;0;2;20,0;31;11;18;7;6;10;4;5;8;3;4;5;1;1;9;10;6;1;1;3;1;6;5;1;40
1_DGC_J3_Q2;2;1_DGC_J3;1;DGC;3;87;BAX;80;False;False;True;0,0;0;0;0;0;0;0;0;0;0;0;0;0;0;0;0;0;0;0;0;0;0;0;0;0;0;0;0;20,0;22;9;16;7;5;7;2;4;9;5;0;0;0;3;2;5;5;2;0;0;0;4;3;0;22
2_DGC_J3_Q2;2;2_DGC_J3;2;DGC;3;87;BAX;80;False;True;True;6,683333333333334;401;2;1;3;2;1;3;2;0;0;0;0;0;0;0;0;0;1;0;0;0;0;1;0;0;-2;0;20,0;22;9;16;7;5;7;2;4;9;5;0;0;0;3;2;5;5;2;0;0;0;4;3;0;22
4_DGC_J3_Q2;2;4_DGC_J3;4;DGC;3;87;BAX;80;False;False;True;0,0;0;0;0;0;0;0;0;0;0;0;0;0;0;0;0;0;0;0;0;0;0;0;0;0;0;0;0;20,0;22;9;16;7;5;7;2;4;9;5;0;0;0;3;2;5;5;2;0;0;0;4;3;0;22
5_DGC_J3_Q2;2;5_DGC_J3;5;DGC;3;87;BAX;80;False;False;True;0,7833333333333333;47;0;0;0;0;0;0;0;0;0;0;0;0;0;0;0;0;0;0;0;0;0;1;0;0;1;-1;20,0;22;9;16;7;5;7;2;4;9;5;0;0;0;3;2;5;5;2;0;0;0;4;3;0;22
6_DGC_J3_Q2;2;6_DGC_J3;6;DGC;3;87;BAX;80;False;True;True;8,45;507;3;1;2;1;0;0;0;1;2;1;0;0;0;0;0;0;1;1;0;0;0;1;0;0;-9;1;20,0;22;9;16;7;5;7;2;4;9;5;0;0;0;3;2;5;5;2;0;0;0;4;3;0;22
9_DGC_J3_Q2;2;9_DGC_J3;9;DGC;3;87;BAX;80;False;True;True;10,0;600;5;2;3;1;1;1;0;1;2;1;0;0;0;1;0;1;0;0;0;0;0;0;0;0;-6;5;20,0;22;9;16;7;5;7;2;4;9;5;0;0;0;3;2;5;5;2;0;0;0;4;3;0;22
10_DGC_J3_Q2;2;10_DGC_J3;10;DGC;3;87;BAX;80;False;False;True;0,0;0;0;0;0;0;0;0;0;0;0;0;0;0;0;0;0;0;0;0;0;0;0;0;0;0;0;0;20,0;22;9;16;7;5;7;2;4;9;5;0;0;0;3;2;5;5;2;0;0;0;4;3;0;22
13_DGC_J3_Q2;2;13_DGC_J3;13;DGC;3;87;BAX;80;False;False;True;7,233333333333333;434;8;3;3;0;1;1;0;2;2;0;0;0;0;0;0;0;1;0;0;0;0;0;1;0;-5;10;20,0;22;9;16;7;5;7;2;4;9;5;0;0;0;3;2;5;5;2;0;0;0;4;3;0;22
18_DGC_J3_Q2;2;18_DGC_J3;18;DGC;3;87;BAX;80;False;True;True;6,2;372;2;1;1;0;1;1;0;0;0;0;0;0;0;0;1;1;1;1;0;0;0;0;1;0;-5;4;20,0;22;9;16;7;5;7;2;4;9;5;0;0;0;3;2;5;5;2;0;0;0;4;3;0;22
21_DGC_J3_Q2;2;21_DGC_J3;21;DGC;3;87;BAX;80;False;True;True;6,566666666666666;394;2;1;1;0;1;1;0;0;0;0;0;0;0;0;0;0;0;0;0;0;0;0;1;0;-2;3;20,0;22;9;16;7;5;7;2;4;9;5;0;0;0;3;2;5;5;2;0;0;0;4;3;0;22
23_DGC_J3_Q2;2;23_DGC_J3;23;DGC;3;87;BAX;80;False;False;True;0,0;0;0;0;0;0;0;0;0;0;0;0;0;0;0;0;0;0;0;0;0;0;0;0;0;0;0;0;20,0;22;9;16;7;5;7;2;4;9;5;0;0;0;3;2;5;5;2;0;0;0;4;3;0;22
24_DGC_J3_Q2;2;24_DGC_J3;24;DGC;3;87;BAX;80;False;False;True;4,083333333333333;245;0;0;3;3;0;0;0;0;3;3;0;0;0;1;1;2;1;0;0;0;0;1;0;0;-2;-1;20,0;22;9;16;7;5;7;2;4;9;5;0;0;0;3;2;5;5;2;0;0;0;4;3;0;22
DGC_DGC_J3_Q2;2;DGC_DGC_J3;DGC;DGC;3;87;BAX;80;False;False;True;50,0;3000;0;0;0;0;0;0;0;0;0;0;0;0;0;1;0;1;0;0;0;0;0;0;0;0;0;1;20,0;22;9;16;7;5;7;2;4;9;5;0;0;0;3;2;5;5;2;0;0;0;4;3;0;22
1_DGC_J3_Q3;3;1_DGC_J3;1;DGC;3;87;BAX;80;False;False;True;0,0;0;0;0;0;0;0;0;0;0;0;0;0;0;0;0;0;0;0;0;0;0;0;0;0;0;0;0;20,0;20;8;12;4;5;7;2;3;5;2;1;2;1;1;6;7;3;5;2;2;0;5;4;0;23
2_DGC_J3_Q3;3;2_DGC_J3;2;DGC;3;87;BAX;80;False;True;True;5,816666666666666;349;4;2;2;0;2;2;0;0;0;0;0;0;0;0;1;1;0;2;0;0;0;0;1;0;3;4;20,0;20;8;12;4;5;7;2;3;5;2;1;2;1;1;6;7;3;5;2;2;0;5;4;0;23
4_DGC_J3_Q3;3;4_DGC_J3;4;DGC;3;87;BAX;80;False;False;True;6,1;366;6;2;3;1;0;0;0;2;3;1;0;0;0;0;0;0;0;0;0;0;0;0;0;0;4;5;20,0;20;8;12;4;5;7;2;3;5;2;1;2;1;1;6;7;3;5;2;2;0;5;4;0;23
5_DGC_J3_Q3;3;5_DGC_J3;5;DGC;3;87;BAX;80;False;False;True;5,266666666666667;316;0;0;0;0;0;0;0;0;0;0;0;0;0;0;0;0;1;1;0;0;0;2;1;0;2;-1;20,0;20;8;12;4;5;7;2;3;5;2;1;2;1;1;6;7;3;5;2;2;0;5;4;0;23
6_DGC_J3_Q3;3;6_DGC_J3;6;DGC;3;87;BAX;80;False;True;True;4,733333333333333;284;4;1;1;0;0;0;0;1;1;0;1;2;1;0;0;0;0;0;0;0;0;0;1;0;0;4;20,0;20;8;12;4;5;7;2;3;5;2;1;2;1;1;6;7;3;5;2;2;0;5;4;0;23
9_DGC_J3_Q3;3;9_DGC_J3;9;DGC;3;87;BAX;80;False;True;True;4,666666666666667;280;2;1;1;0;1;1;0;0;0;0;0;0;0;0;0;0;0;0;0;0;0;0;0;0;2;2;20,0;20;8;12;4;5;7;2;3;5;2;1;2;1;1;6;7;3;5;2;2;0;5;4;0;23
10_DGC_J3_Q3;3;10_DGC_J3;10;DGC;3;87;BAX;80;False;False;True;5,116666666666666;307;0;0;2;2;0;1;1;0;1;1;0;0;0;0;3;3;2;0;0;0;0;1;0;0;2;2;20,0;20;8;12;4;5;7;2;3;5;2;1;2;1;1;6;7;3;5;2;2;0;5;4;0;23
13_DGC_J3_Q3;3;13_DGC_J3;13;DGC;3;87;BAX;80;False;False;True;0,21666666666666667;13;0;0;0;0;0;0;0;0;0;0;0;0;0;0;0;0;0;0;0;0;0;0;0;0;-2;0;20,0;20;8;12;4;5;7;2;3;5;2;1;2;1;1;6;7;3;5;2;2;0;5;4;0;23
18_DGC_J3_Q3;3;18_DGC_J3;18;DGC;3;87;BAX;80;False;True;True;5,716666666666667;343;2;1;1;0;1;1;0;0;0;0;0;0;0;0;1;1;0;0;1;1;0;0;0;0;2;5;20,0;20;8;12;4;5;7;2;3;5;2;1;2;1;1;6;7;3;5;2;2;0;5;4;0;23
21_DGC_J3_Q3;3;21_DGC_J3;21;DGC;3;87;BAX;80;False;True;True;3,683333333333333;221;0;0;1;1;0;1;1;0;0;0;0;0;0;1;0;1;0;1;0;0;0;1;0;0;0;-2;20,0;20;8;12;4;5;7;2;3;5;2;1;2;1;1;6;7;3;5;2;2;0;5;4;0;23
23_DGC_J3_Q3;3;23_DGC_J3;23;DGC;3;87;BAX;80;False;False;True;4,283333333333333;257;0;0;0;0;0;0;0;0;0;0;0;0;0;0;0;0;0;0;0;1;0;0;0;0;0;1;20,0;20;8;12;4;5;7;2;3;5;2;1;2;1;1;6;7;3;5;2;2;0;5;4;0;23
24_DGC_J3_Q3;3;24_DGC_J3;24;DGC;3;87;BAX;80;False;False;True;4,4;264;2;1;1;0;1;1;0;0;0;0;0;0;0;0;1;1;0;1;1;0;0;1;1;0;-3;3;20,0;20;8;12;4;5;7;2;3;5;2;1;2;1;1;6;7;3;5;2;2;0;5;4;0;23
DGC_DGC_J3_Q3;3;DGC_DGC_J3;DGC;DGC;3;87;BAX;80;False;False;True;50,0;3000;0;0;0;0;0;0;0;0;0;0;0;0;0;0;0;0;0;0;0;0;0;0;0;0;0;0;20,0;20;8;12;4;5;7;2;3;5;2;1;2;1;1;6;7;3;5;2;2;0;5;4;0;23
1_DGC_J3_Q4;4;1_DGC_J3;1;DGC;3;87;BAX;80;False;False;True;0,5166666666666667;31;0;0;0;0;0;0;0;0;0;0;0;0;0;0;0;0;0;0;0;0;0;0;0;0;-1;0;20,0;14;3;12;9;3;8;5;0;4;4;8;15;7;1;9;10;2;4;5;1;0;5;9;0;16
2_DGC_J3_Q4;4;2_DGC_J3;2;DGC;3;87;BAX;80;False;True;True;5,35;321;6;1;2;1;1;1;0;0;1;1;4;4;0;0;1;1;0;0;0;0;0;1;2;0;6;7;20,0;14;3;12;9;3;8;5;0;4;4;8;15;7;1;9;10;2;4;5;1;0;5;9;0;16
4_DGC_J3_Q4;4;4_DGC_J3;4;DGC;3;87;BAX;80;False;False;True;0,1;6;0;0;0;0;0;0;0;0;0;0;0;0;0;0;0;0;0;0;0;0;0;0;0;0;-2;0;20,0;14;3;12;9;3;8;5;0;4;4;8;15;7;1;9;10;2;4;5;1;0;5;9;0;16
5_DGC_J3_Q4;4;5_DGC_J3;5;DGC;3;87;BAX;80;False;False;True;4,6;276;0;0;2;2;0;2;2;0;0;0;0;2;2;0;0;0;0;0;0;0;0;0;1;0;-2;-3;20,0;14;3;12;9;3;8;5;0;4;4;8;15;7;1;9;10;2;4;5;1;0;5;9;0;16
6_DGC_J3_Q4;4;6_DGC_J3;6;DGC;3;87;BAX;80;False;True;True;5,4;324;0;0;0;0;0;0;0;0;0;0;0;0;0;0;0;0;1;2;0;0;0;0;1;0;1;0;20,0;14;3;12;9;3;8;5;0;4;4;8;15;7;1;9;10;2;4;5;1;0;5;9;0;16
9_DGC_J3_Q4;4;9_DGC_J3;9;DGC;3;87;BAX;80;False;True;True;6,45;387;3;1;1;0;1;1;0;0;0;0;1;1;0;0;0;0;0;1;3;0;0;1;1;0;-1;5;20,0;14;3;12;9;3;8;5;0;4;4;8;15;7;1;9;10;2;4;5;1;0;5;9;0;16
10_DGC_J3_Q4;4;10_DGC_J3;10;DGC;3;87;BAX;80;False;False;True;1,2833333333333334;77;1;0;0;0;0;0;0;0;0;0;1;2;1;0;1;1;0;0;0;0;0;0;1;0;-1;2;20,0;14;3;12;9;3;8;5;0;4;4;8;15;7;1;9;10;2;4;5;1;0;5;9;0;16
13_DGC_J3_Q4;4;13_DGC_J3;13;DGC;3;87;BAX;80;False;False;True;6,15;369;0;0;2;2;0;1;1;0;1;1;0;0;0;0;2;2;1;1;0;0;0;0;0;0;4;0;20,0;14;3;12;9;3;8;5;0;4;4;8;15;7;1;9;10;2;4;5;1;0;5;9;0;16
18_DGC_J3_Q4;4;18_DGC_J3;18;DGC;3;87;BAX;80;False;True;True;6,75;405;4;1;4;3;1;3;2;0;1;1;2;4;2;1;2;3;0;0;0;0;0;2;2;0;3;2;20,0;14;3;12;9;3;8;5;0;4;4;8;15;7;1;9;10;2;4;5;1;0;5;9;0;16
21_DGC_J3_Q4;4;21_DGC_J3;21;DGC;3;87;BAX;80;False;True;True;6,633333333333334;398;0;0;0;0;0;0;0;0;0;0;0;2;2;0;2;2;0;0;0;0;0;0;1;0;-4;1;20,0;14;3;12;9;3;8;5;0;4;4;8;15;7;1;9;10;2;4;5;1;0;5;9;0;16
23_DGC_J3_Q4;4;23_DGC_J3;23;DGC;3;87;BAX;80;False;False;True;0,36666666666666664;22;0;0;0;0;0;0;0;0;0;0;0;0;0;0;0;0;0;0;0;0;0;0;0;0;-3;0;20,0;14;3;12;9;3;8;5;0;4;4;8;15;7;1;9;10;2;4;5;1;0;5;9;0;16
24_DGC_J3_Q4;4;24_DGC_J3;24;DGC;3;87;BAX;80;False;False;True;6,4;384;0;0;1;1;0;0;0;0;1;1;0;0;0;0;0;0;0;0;2;1;0;1;0;0;-5;1;20,0;14;3;12;9;3;8;5;0;4;4;8;15;7;1;9;10;2;4;5;1;0;5;9;0;16
DGC_DGC_J3_Q4;4;DGC_DGC_J3;DGC;DGC;3;87;BAX;80;False;False;True;50,0;3000;0;0;0;0;0;0;0;0;0;0;0;0;0;0;1;1;0;0;0;0;0;0;0;0;0;1;20,0;14;3;12;9;3;8;5;0;4;4;8;15;7;1;9;10;2;4;5;1;0;5;9;0;16
0_MBA_J3_Q1;1;0_MBA_J3;0;MBA;3;115;GIR;113;True;True;True;6,833333333333333;410;2;0;1;1;0;1;1;0;0;0;2;2;0;0;1;1;3;1;3;0;0;1;1;0;15;7;20,0;28;7;14;7;1;7;6;6;7;1;8;9;1;4;9;13;8;6;6;0;0;3;7;1;45
00_MBA_J3_Q1;1;00_MBA_J3;00;MBA;3;115;GIR;113;True;False;True;4,733333333333333;284;5;1;2;1;1;2;1;0;0;0;3;3;0;2;1;3;0;0;1;0;0;0;3;1;4;11;20,0;28;7;14;7;1;7;6;6;7;1;8;9;1;4;9;13;8;6;6;0;0;3;7;1;45
3_MBA_J3_Q1;1;3_MBA_J3;3;MBA;3;115;GIR;113;True;True;True;4,066666666666666;244;6;2;3;1;0;0;0;2;3;1;0;0;0;1;0;1;0;1;1;0;0;0;0;0;5;6;20,0;28;7;14;7;1;7;6;6;7;1;8;9;1;4;9;13;8;6;6;0;0;3;7;1;45
5_MBA_J3_Q1;1;5_MBA_J3;5;MBA;3;115;GIR;113;True;False;True;3,1666666666666665;190;2;0;0;0;0;0;0;0;0;0;2;2;0;0;0;0;2;1;0;0;0;1;1;0;3;3;20,0;28;7;14;7;1;7;6;6;7;1;8;9;1;4;9;13;8;6;6;0;0;3;7;1;45
11_MBA_J3_Q1;1;11_MBA_J3;11;MBA;3;115;GIR;113;True;True;True;4,733333333333333;284;4;1;1;0;0;0;0;1;1;0;1;2;1;0;1;1;1;0;0;0;0;0;1;0;8;6;20,0;28;7;14;7;1;7;6;6;7;1;8;9;1;4;9;13;8;6;6;0;0;3;7;1;45
13_MBA_J3_Q1;1;13_MBA_J3;13;MBA;3;115;GIR;113;True;False;True;5,266666666666667;316;0;0;0;0;0;0;0;0;0;0;0;0;0;1;0;1;0;1;0;0;0;0;0;0;10;0;20,0;28;7;14;7;1;7;6;6;7;1;8;9;1;4;9;13;8;6;6;0;0;3;7;1;45
20_MBA_J3_Q1;1;20_MBA_J3;20;MBA;3;115;GIR;113;True;False;True;0,0;0;0;0;0;0;0;0;0;0;0;0;0;0;0;0;0;0;0;0;0;0;0;0;0;0;0;0;20,0;28;7;14;7;1;7;6;6;7;1;8;9;1;4;9;13;8;6;6;0;0;3;7;1;45
22_MBA_J3_Q1;1;22_MBA_J3;22;MBA;3;115;GIR;113;True;True;True;6,166666666666667;370;0;0;2;2;0;2;2;0;0;0;0;0;0;0;1;1;1;0;0;0;0;0;0;0;9;0;20,0;28;7;14;7;1;7;6;6;7;1;8;9;1;4;9;13;8;6;6;0;0;3;7;1;45
24_MBA_J3_Q1;1;24_MBA_J3;24;MBA;3;115;GIR;113;True;False;True;5,933333333333334;356;3;1;2;1;0;1;1;1;1;0;0;0;0;0;0;0;0;0;0;0;0;0;1;0;13;3;20,0;28;7;14;7;1;7;6;6;7;1;8;9;1;4;9;13;8;6;6;0;0;3;7;1;45
32_MBA_J3_Q1;1;32_MBA_J3;32;MBA;3;115;GIR;113;True;False;True;1,7333333333333334;104;0;0;0;0;0;0;0;0;0;0;0;0;0;0;2;2;0;1;0;0;0;1;0;0;7;0;20,0;28;7;14;7;1;7;6;6;7;1;8;9;1;4;9;13;8;6;6;0;0;3;7;1;45
35_MBA_J3_Q1;1;35_MBA_J3;35;MBA;3;115;GIR;113;True;False;True;3,8333333333333335;230;6;2;3;1;0;1;1;2;2;0;0;0;0;0;0;0;1;0;1;0;0;0;0;0;9;7;20,0;28;7;14;7;1;7;6;6;7;1;8;9;1;4;9;13;8;6;6;0;0;3;7;1;45
99_MBA_J3_Q1;1;99_MBA_J3;99;MBA;3;115;GIR;113;True;True;True;3,533333333333333;212;0;0;0;0;0;0;0;0;0;0;0;0;0;0;2;2;0;1;0;0;0;0;0;0;7;1;20,0;28;7;14;7;1;7;6;6;7;1;8;9;1;4;9;13;8;6;6;0;0;3;7;1;45
MBA_MBA_J3_Q1;1;MBA_MBA_J3;MBA;MBA;3;115;GIR;113;True;False;True;50,0;3000;0;0;0;0;0;0;0;0;0;0;0;0;0;0;1;1;0;0;0;0;0;0;0;0;0;1;20,0;28;7;14;7;1;7;6;6;7;1;8;9;1;4;9;13;8;6;6;0;0;3;7;1;45
0_MBA_J3_Q2;2;0_MBA_J3;0;MBA;3;115;GIR;113;True;True;True;6,933333333333334;416;3;1;3;2;0;0;0;1;3;2;0;0;0;0;0;0;1;1;1;0;0;0;1;0;-16;3;20,0;19;4;13;9;0;3;3;4;10;6;7;8;1;0;2;2;6;3;2;0;0;5;7;0;18
00_MBA_J3_Q2;2;00_MBA_J3;00;MBA;3;115;GIR;113;True;False;True;1,9;114;1;0;0;0;0;0;0;0;0;0;1;2;1;0;0;0;0;0;1;0;0;0;1;0;-4;2;20,0;19;4;13;9;0;3;3;4;10;6;7;8;1;0;2;2;6;3;2;0;0;5;7;0;18
3_MBA_J3_Q2;2;3_MBA_J3;3;MBA;3;115;GIR;113;True;True;True;6,383333333333334;383;8;2;3;1;0;0;0;2;3;1;2;2;0;0;0;0;1;1;0;0;0;2;1;0;-9;6;20,0;19;4;13;9;0;3;3;4;10;6;7;8;1;0;2;2;6;3;2;0;0;5;7;0;18
5_MBA_J3_Q2;2;5_MBA_J3;5;MBA;3;115;GIR;113;True;False;True;3,7666666666666666;226;0;0;0;0;0;0;0;0;0;0;0;0;0;0;0;0;0;0;0;0;0;1;0;0;-6;-1;20,0;19;4;13;9;0;3;3;4;10;6;7;8;1;0;2;2;6;3;2;0;0;5;7;0;18
11_MBA_J3_Q2;2;11_MBA_J3;11;MBA;3;115;GIR;113;True;True;True;8,3;498;3;1;3;2;0;1;1;1;2;1;0;0;0;0;0;0;3;0;0;0;0;1;0;0;-11;3;20,0;19;4;13;9;0;3;3;4;10;6;7;8;1;0;2;2;6;3;2;0;0;5;7;0;18
13_MBA_J3_Q2;2;13_MBA_J3;13;MBA;3;115;GIR;113;True;False;True;1,0;60;0;0;0;0;0;0;0;0;0;0;0;0;0;0;0;0;0;0;0;0;0;0;0;0;-5;0;20,0;19;4;13;9;0;3;3;4;10;6;7;8;1;0;2;2;6;3;2;0;0;5;7;0;18
20_MBA_J3_Q2;2;20_MBA_J3;20;MBA;3;115;GIR;113;True;False;True;0,0;0;0;0;0;0;0;0;0;0;0;0;0;0;0;0;0;0;0;0;0;0;0;0;0;0;0;0;20,0;19;4;13;9;0;3;3;4;10;6;7;8;1;0;2;2;6;3;2;0;0;5;7;0;18
22_MBA_J3_Q2;2;22_MBA_J3;22;MBA;3;115;GIR;113;True;True;True;5,216666666666667;313;2;0;0;0;0;0;0;0;0;0;2;2;0;0;0;0;0;0;0;0;0;0;2;0;-4;4;20,0;19;4;13;9;0;3;3;4;10;6;7;8;1;0;2;2;6;3;2;0;0;5;7;0;18
24_MBA_J3_Q2;2;24_MBA_J3;24;MBA;3;115;GIR;113;True;False;True;3,6166666666666667;217;0;0;1;1;0;0;0;0;1;1;0;0;0;0;0;0;1;0;0;0;0;1;0;0;-10;-1;20,0;19;4;13;9;0;3;3;4;10;6;7;8;1;0;2;2;6;3;2;0;0;5;7;0;18
32_MBA_J3_Q2;2;32_MBA_J3;32;MBA;3;115;GIR;113;True;False;True;3,6333333333333333;218;0;0;1;1;0;1;1;0;0;0;0;0;0;0;1;1;0;0;0;0;0;0;0;0;-3;0;20,0;19;4;13;9;0;3;3;4;10;6;7;8;1;0;2;2;6;3;2;0;0;5;7;0;18
35_MBA_J3_Q2;2;35_MBA_J3;35;MBA;3;115;GIR;113;True;False;True;4,783333333333333;287;0;0;1;1;0;0;0;0;1;1;0;0;0;0;0;0;0;0;0;0;0;0;0;0;-15;-1;20,0;19;4;13;9;0;3;3;4;10;6;7;8;1;0;2;2;6;3;2;0;0;5;7;0;18
99_MBA_J3_Q2;2;99_MBA_J3;99;MBA;3;115;GIR;113;True;True;True;4,466666666666667;268;2;0;1;1;0;1;1;0;0;0;2;2;0;0;1;1;0;1;0;0;0;0;2;0;-12;3;20,0;19;4;13;9;0;3;3;4;10;6;7;8;1;0;2;2;6;3;2;0;0;5;7;0;18
MBA_MBA_J3_Q2;2;MBA_MBA_J3;MBA;MBA;3;115;GIR;113;True;False;True;50,0;3000;0;0;0;0;0;0;0;0;0;0;0;0;0;0;0;0;0;0;0;0;0;0;0;0;0;0;20,0;19;4;13;9;0;3;3;4;10;6;7;8;1;0;2;2;6;3;2;0;0;5;7;0;18
0_MBA_J3_Q3;3;0_MBA_J3;0;MBA;3;115;GIR;113;True;True;True;7,583333333333333;455;9;1;5;4;0;2;2;1;3;2;6;6;0;0;0;0;1;0;1;0;0;2;3;0;-3;8;20,0;14;3;13;10;1;5;4;2;8;6;6;6;0;4;4;8;2;5;1;0;0;7;6;0;9
00_MBA_J3_Q3;3;00_MBA_J3;00;MBA;3;115;GIR;113;True;False;True;4,066666666666666;244;0;0;0;0;0;0;0;0;0;0;0;0;0;0;2;2;1;0;0;0;0;0;0;0;2;3;20,0;14;3;13;10;1;5;4;2;8;6;6;6;0;4;4;8;2;5;1;0;0;7;6;0;9
3_MBA_J3_Q3;3;3_MBA_J3;3;MBA;3;115;GIR;113;True;True;True;8,466666666666667;508;0;0;2;2;0;1;1;0;1;1;0;0;0;0;0;0;0;0;0;0;0;2;1;0;-10;-3;20,0;14;3;13;10;1;5;4;2;8;6;6;6;0;4;4;8;2;5;1;0;0;7;6;0;9
5_MBA_J3_Q3;3;5_MBA_J3;5;MBA;3;115;GIR;113;True;False;True;2,4166666666666665;145;0;0;0;0;0;0;0;0;0;0;0;0;0;0;0;0;0;3;0;0;0;0;0;0;-5;-3;20,0;14;3;13;10;1;5;4;2;8;6;6;6;0;4;4;8;2;5;1;0;0;7;6;0;9
11_MBA_J3_Q3;3;11_MBA_J3;11;MBA;3;115;GIR;113;True;True;True;7,9;474;0;0;1;1;0;0;0;0;1;1;0;0;0;2;0;2;0;1;0;0;0;0;2;0;-5;2;20,0;14;3;13;10;1;5;4;2;8;6;6;6;0;4;4;8;2;5;1;0;0;7;6;0;9
13_MBA_J3_Q3;3;13_MBA_J3;13;MBA;3;115;GIR;113;True;False;True;3,6333333333333333;218;3;1;2;1;0;0;0;1;2;1;0;0;0;0;0;0;0;0;0;0;0;0;0;0;-1;2;20,0;14;3;13;10;1;5;4;2;8;6;6;6;0;4;4;8;2;5;1;0;0;7;6;0;9
20_MBA_J3_Q3;3;20_MBA_J3;20;MBA;3;115;GIR;113;True;False;True;0,0;0;0;0;0;0;0;0;0;0;0;0;0;0;0;0;0;0;0;0;0;0;0;0;0;0;0;0;20,0;14;3;13;10;1;5;4;2;8;6;6;6;0;4;4;8;2;5;1;0;0;7;6;0;9
22_MBA_J3_Q3;3;22_MBA_J3;22;MBA;3;115;GIR;113;True;True;True;0,0;0;0;0;0;0;0;0;0;0;0;0;0;0;0;0;0;0;0;0;0;0;0;0;0;0;0;0;20,0;14;3;13;10;1;5;4;2;8;6;6;6;0;4;4;8;2;5;1;0;0;7;6;0;9
24_MBA_J3_Q3;3;24_MBA_J3;24;MBA;3;115;GIR;113;True;False;True;5,966666666666667;358;0;0;1;1;0;1;1;0;0;0;0;0;0;0;1;1;0;0;0;0;0;0;0;0;-1;0;20,0;14;3;13;10;1;5;4;2;8;6;6;6;0;4;4;8;2;5;1;0;0;7;6;0;9
32_MBA_J3_Q3;3;32_MBA_J3;32;MBA;3;115;GIR;113;True;False;True;5,933333333333334;356;2;1;1;0;1;1;0;0;0;0;0;0;0;2;1;3;0;0;0;0;0;2;0;0;-10;3;20,0;14;3;13;10;1;5;4;2;8;6;6;6;0;4;4;8;2;5;1;0;0;7;6;0;9
35_MBA_J3_Q3;3;35_MBA_J3;35;MBA;3;115;GIR;113;True;False;True;4,033333333333333;242;0;0;1;1;0;0;0;0;1;1;0;0;0;0;0;0;0;0;0;0;0;1;0;0;-7;-2;20,0;14;3;13;10;1;5;4;2;8;6;6;6;0;4;4;8;2;5;1;0;0;7;6;0;9
99_MBA_J3_Q3;3;99_MBA_J3;99;MBA;3;115;GIR;113;True;True;True;0,0;0;0;0;0;0;0;0;0;0;0;0;0;0;0;0;0;0;0;0;0;0;0;0;0;0;0;0;20,0;14;3;13;10;1;5;4;2;8;6;6;6;0;4;4;8;2;5;1;0;0;7;6;0;9
MBA_MBA_J3_Q3;3;MBA_MBA_J3;MBA;MBA;3;115;GIR;113;True;False;True;50,0;3000;0;0;0;0;0;0;0;0;0;0;0;0;0;0;0;0;0;1;0;0;0;0;0;0;0;-1;20,0;14;3;13;10;1;5;4;2;8;6;6;6;0;4;4;8;2;5;1;0;0;7;6;0;9
0_MBA_J3_Q4;4;0_MBA_J3;0;MBA;3;115;GIR;113;True;True;True;5,05;303;4;1;2;1;1;2;1;0;0;0;2;2;0;0;0;0;1;1;1;0;0;2;1;0;6;3;20,0;31;8;16;8;3;6;3;5;10;5;10;15;5;2;6;8;6;2;4;0;1;11;11;0;33
00_MBA_J3_Q4;4;00_MBA_J3;00;MBA;3;115;GIR;113;True;False;True;6,966666666666667;418;1;0;1;1;0;1;1;0;0;0;1;2;1;0;0;0;0;0;0;0;1;4;2;0;2;-4;20,0;31;8;16;8;3;6;3;5;10;5;10;15;5;2;6;8;6;2;4;0;1;11;11;0;33
3_MBA_J3_Q4;4;3_MBA_J3;3;MBA;3;115;GIR;113;True;True;True;3,7333333333333334;224;1;0;0;0;0;0;0;0;0;0;1;2;1;0;1;1;0;0;0;0;0;0;1;0;8;2;20,0;31;8;16;8;3;6;3;5;10;5;10;15;5;2;6;8;6;2;4;0;1;11;11;0;33
5_MBA_J3_Q4;4;5_MBA_J3;5;MBA;3;115;GIR;113;True;False;True;4,95;297;7;1;1;0;0;0;0;1;1;0;4;6;2;0;2;2;0;1;0;0;0;2;3;0;3;7;20,0;31;8;16;8;3;6;3;5;10;5;10;15;5;2;6;8;6;2;4;0;1;11;11;0;33
11_MBA_J3_Q4;4;11_MBA_J3;11;MBA;3;115;GIR;113;True;True;True;6,05;363;3;1;2;1;0;0;0;1;2;1;0;0;0;0;0;0;1;0;0;0;0;0;0;0;9;3;20,0;31;8;16;8;3;6;3;5;10;5;10;15;5;2;6;8;6;2;4;0;1;11;11;0;33
13_MBA_J3_Q4;4;13_MBA_J3;13;MBA;3;115;GIR;113;True;False;True;3,95;237;0;0;1;1;0;0;0;0;1;1;0;0;0;0;0;0;1;0;1;0;0;0;1;0;0;2;20,0;31;8;16;8;3;6;3;5;10;5;10;15;5;2;6;8;6;2;4;0;1;11;11;0;33
20_MBA_J3_Q4;4;20_MBA_J3;20;MBA;3;115;GIR;113;True;False;True;0,0;0;0;0;0;0;0;0;0;0;0;0;0;0;0;0;0;0;0;0;0;0;0;0;0;0;0;0;20,0;31;8;16;8;3;6;3;5;10;5;10;15;5;2;6;8;6;2;4;0;1;11;11;0;33
22_MBA_J3_Q4;4;22_MBA_J3;22;MBA;3;115;GIR;113;True;True;True;6,266666666666667;376;6;2;2;0;2;2;0;0;0;0;2;2;0;0;2;2;0;0;0;0;0;1;2;0;1;9;20,0;31;8;16;8;3;6;3;5;10;5;10;15;5;2;6;8;6;2;4;0;1;11;11;0;33
24_MBA_J3_Q4;4;24_MBA_J3;24;MBA;3;115;GIR;113;True;False;True;10,0;600;6;2;6;4;0;1;1;2;5;3;0;1;1;2;0;2;3;0;2;0;0;1;1;0;9;8;20,0;31;8;16;8;3;6;3;5;10;5;10;15;5;2;6;8;6;2;4;0;1;11;11;0;33
32_MBA_J3_Q4;4;32_MBA_J3;32;MBA;3;115;GIR;113;True;False;True;0,0;0;0;0;0;0;0;0;0;0;0;0;0;0;0;0;0;0;0;0;0;0;0;0;0;0;0;0;20,0;31;8;16;8;3;6;3;5;10;5;10;15;5;2;6;8;6;2;4;0;1;11;11;0;33
35_MBA_J3_Q4;4;35_MBA_J3;35;MBA;3;115;GIR;113;True;False;True;3,033333333333333;182;3;1;1;0;0;0;0;1;1;0;0;0;0;0;1;1;0;0;0;0;0;1;0;0;7;3;20,0;31;8;16;8;3;6;3;5;10;5;10;15;5;2;6;8;6;2;4;0;1;11;11;0;33
99_MBA_J3_Q4;4;99_MBA_J3;99;MBA;3;115;GIR;113;True;True;True;0,0;0;0;0;0;0;0;0;0;0;0;0;0;0;0;0;0;0;0;0;0;0;0;0;0;0;0;0;20,0;31;8;16;8;3;6;3;5;10;5;10;15;5;2;6;8;6;2;4;0;1;11;11;0;33
MBA_MBA_J3_Q4;4;MBA_MBA_J3;MBA;MBA;3;115;GIR;113;True;False;True;50,0;3000;0;0;0;0;0;0;0;0;0;0;0;0;0;0;0;0;0;0;0;0;0;0;0;0;0;0;20,0;31;8;16;8;3;6;3;5;10;5;10;15;5;2;6;8;6;2;4;0;1;11;11;0;33
0_MBA_J3_Q5;5;0_MBA_J3;0;MBA;3;115;GIR;113;True;True;True;0,0;0;0;0;0;0;0;0;0;0;0;0;0;0;0;0;0;0;0;0;0;0;0;0;0;0;0;0;10,0;11;4;9;5;3;6;3;1;3;2;2;3;1;2;4;6;2;0;0;0;0;1;2;1;14
00_MBA_J3_Q5;5;00_MBA_J3;00;MBA;3;115;GIR;113;True;False;True;2,7;162;3;1;1;0;1;1;0;0;0;0;1;1;0;0;0;0;0;0;0;0;0;1;1;1;4;3;10,0;11;4;9;5;3;6;3;1;3;2;2;3;1;2;4;6;2;0;0;0;0;1;2;1;14
3_MBA_J3_Q5;5;3_MBA_J3;3;MBA;3;115;GIR;113;True;True;True;5,0;300;4;1;3;2;0;1;1;1;2;1;1;2;1;0;0;0;1;0;0;0;0;0;1;0;0;3;10,0;11;4;9;5;3;6;3;1;3;2;2;3;1;2;4;6;2;0;0;0;0;1;2;1;14
5_MBA_J3_Q5;5;5_MBA_J3;5;MBA;3;115;GIR;113;True;False;True;5,0;300;2;1;2;1;1;2;1;0;0;0;0;0;0;0;0;0;1;0;0;0;0;0;0;0;0;2;10,0;11;4;9;5;3;6;3;1;3;2;2;3;1;2;4;6;2;0;0;0;0;1;2;1;14
11_MBA_J3_Q5;5;11_MBA_J3;11;MBA;3;115;GIR;113;True;True;True;2,3;138;0;0;0;0;0;0;0;0;0;0;0;0;0;0;1;1;0;0;0;0;0;0;0;0;-4;1;10,0;11;4;9;5;3;6;3;1;3;2;2;3;1;2;4;6;2;0;0;0;0;1;2;1;14
13_MBA_J3_Q5;5;13_MBA_J3;13;MBA;3;115;GIR;113;True;False;True;0,0;0;0;0;0;0;0;0;0;0;0;0;0;0;0;0;0;0;0;0;0;0;0;0;0;0;0;0;10,0;11;4;9;5;3;6;3;1;3;2;2;3;1;2;4;6;2;0;0;0;0;1;2;1;14
20_MBA_J3_Q5;5;20_MBA_J3;20;MBA;3;115;GIR;113;True;False;True;0,0;0;0;0;0;0;0;0;0;0;0;0;0;0;0;0;0;0;0;0;0;0;0;0;0;0;0;0;10,0;11;4;9;5;3;6;3;1;3;2;2;3;1;2;4;6;2;0;0;0;0;1;2;1;14
22_MBA_J3_Q5;5;22_MBA_J3;22;MBA;3;115;GIR;113;True;True;True;0,0;0;0;0;0;0;0;0;0;0;0;0;0;0;0;0;0;0;0;0;0;0;0;0;0;0;0;0;10,0;11;4;9;5;3;6;3;1;3;2;2;3;1;2;4;6;2;0;0;0;0;1;2;1;14
24_MBA_J3_Q5;5;24_MBA_J3;24;MBA;3;115;GIR;113;True;False;True;5,0;300;0;0;1;1;0;1;1;0;0;0;0;0;0;0;1;1;0;0;0;0;0;0;0;0;0;0;10,0;11;4;9;5;3;6;3;1;3;2;2;3;1;2;4;6;2;0;0;0;0;1;2;1;14
32_MBA_J3_Q5;5;32_MBA_J3;32;MBA;3;115;GIR;113;True;False;True;0,0;0;0;0;0;0;0;0;0;0;0;0;0;0;0;0;0;0;0;0;0;0;0;0;0;0;0;0;10,0;11;4;9;5;3;6;3;1;3;2;2;3;1;2;4;6;2;0;0;0;0;1;2;1;14
35_MBA_J3_Q5;5;35_MBA_J3;35;MBA;3;115;GIR;113;True;False;True;5,0;300;2;1;2;1;1;1;0;0;1;1;0;0;0;2;1;3;0;0;0;0;0;0;0;0;0;4;10,0;11;4;9;5;3;6;3;1;3;2;2;3;1;2;4;6;2;0;0;0;0;1;2;1;14
99_MBA_J3_Q5;5;99_MBA_J3;99;MBA;3;115;GIR;113;True;True;True;0,0;0;0;0;0;0;0;0;0;0;0;0;0;0;0;0;0;0;0;0;0;0;0;0;0;0;0;0;10,0;11;4;9;5;3;6;3;1;3;2;2;3;1;2;4;6;2;0;0;0;0;1;2;1;14
MBA_MBA_J3_Q5;5;MBA_MBA_J3;MBA;MBA;3;115;GIR;113;True;False;True;25,0;1500;0;0;0;0;0;0;0;0;0;0;0;0;0;0;1;1;0;0;0;0;0;0;0;0;0;1;10,0;11;4;9;5;3;6;3;1;3;2;2;3;1;2;4;6;2;0;0;0;0;1;2;1;14
00_MBA_J3_Q6;6;00_MBA_J3;00;MBA;3;115;GIR;113;True;False;True;0,0;0;0;0;0;0;0;0;0;0;0;0;0;0;0;0;0;0;0;0;0;0;0;0;0;0;0;0;10,0;12;4;9;5;3;5;2;1;4;3;3;3;0;1;5;6;1;1;1;1;1;4;2;0;12
0_MBA_J3_Q6;6;0_MBA_J3;0;MBA;3;115;GIR;113;True;True;True;0,0;0;0;0;0;0;0;0;0;0;0;0;0;0;0;0;0;0;0;0;0;0;0;0;0;0;0;0;10,0;12;4;9;5;3;5;2;1;4;3;3;3;0;1;5;6;1;1;1;1;1;4;2;0;12
3_MBA_J3_Q6;6;3_MBA_J3;3;MBA;3;115;GIR;113;True;True;True;3,45;207;0;0;2;2;0;2;2;0;0;0;0;0;0;1;0;1;0;0;0;0;0;1;0;0;7;-2;10,0;12;4;9;5;3;5;2;1;4;3;3;3;0;1;5;6;1;1;1;1;1;4;2;0;12
5_MBA_J3_Q6;6;5_MBA_J3;5;MBA;3;115;GIR;113;True;False;True;4,9;294;2;1;1;0;1;1;0;0;0;0;0;0;0;0;1;1;0;0;1;0;0;1;0;0;3;3;10,0;12;4;9;5;3;5;2;1;4;3;3;3;0;1;5;6;1;1;1;1;1;4;2;0;12
11_MBA_J3_Q6;6;11_MBA_J3;11;MBA;3;115;GIR;113;True;True;True;5,0;300;0;0;1;1;0;0;0;0;1;1;0;0;0;0;1;1;1;0;0;0;0;0;0;0;2;1;10,0;12;4;9;5;3;5;2;1;4;3;3;3;0;1;5;6;1;1;1;1;1;4;2;0;12
13_MBA_J3_Q6;6;13_MBA_J3;13;MBA;3;115;GIR;113;True;False;True;1,0;60;0;0;0;0;0;0;0;0;0;0;0;0;0;0;0;0;0;0;0;0;0;0;0;0;-6;0;10,0;12;4;9;5;3;5;2;1;4;3;3;3;0;1;5;6;1;1;1;1;1;4;2;0;12
20_MBA_J3_Q6;6;20_MBA_J3;20;MBA;3;115;GIR;113;True;False;True;0,55;33;0;0;0;0;0;0;0;0;0;0;0;0;0;0;0;0;0;0;0;0;0;0;0;0;1;0;10,0;12;4;9;5;3;5;2;1;4;3;3;3;0;1;5;6;1;1;1;1;1;4;2;0;12
22_MBA_J3_Q6;6;22_MBA_J3;22;MBA;3;115;GIR;113;True;True;True;0,1;6;0;0;0;0;0;0;0;0;0;0;0;0;0;0;1;1;0;0;0;0;0;0;0;0;-1;1;10,0;12;4;9;5;3;5;2;1;4;3;3;3;0;1;5;6;1;1;1;1;1;4;2;0;12
24_MBA_J3_Q6;6;24_MBA_J3;24;MBA;3;115;GIR;113;True;False;True;5,0;300;1;0;0;0;0;0;0;0;0;0;1;1;0;0;1;1;0;1;0;0;0;1;1;0;2;1;10,0;12;4;9;5;3;5;2;1;4;3;3;3;0;1;5;6;1;1;1;1;1;4;2;0;12
32_MBA_J3_Q6;6;32_MBA_J3;32;MBA;3;115;GIR;113;True;False;True;0,0;0;0;0;0;0;0;0;0;0;0;0;0;0;0;0;0;0;0;0;0;0;0;0;0;0;0;0;10,0;12;4;9;5;3;5;2;1;4;3;3;3;0;1;5;6;1;1;1;1;1;4;2;0;12
35_MBA_J3_Q6;6;35_MBA_J3;35;MBA;3;115;GIR;113;True;False;True;5,0;300;9;3;5;2;2;2;0;1;3;2;2;2;0;0;0;0;0;0;0;1;1;1;1;0;2;7;10,0;12;4;9;5;3;5;2;1;4;3;3;3;0;1;5;6;1;1;1;1;1;4;2;0;12
99_MBA_J3_Q6;6;99_MBA_J3;99;MBA;3;115;GIR;113;True;True;True;0,0;0;0;0;0;0;0;0;0;0;0;0;0;0;0;0;0;0;0;0;0;0;0;0;0;0;0;0;10,0;12;4;9;5;3;5;2;1;4;3;3;3;0;1;5;6;1;1;1;1;1;4;2;0;12
MBA_MBA_J3_Q6;6;MBA_MBA_J3;MBA;MBA;3;115;GIR;113;True;False;True;25,0;1500;0;0;0;0;0;0;0;0;0;0;0;0;0;0;1;1;0;0;0;0;0;0;0;0;0;1;10,0;12;4;9;5;3;5;2;1;4;3;3;3;0;1;5;6;1;1;1;1;1;4;2;0;12
4_GIR_J3_Q1;1;4_GIR_J3;4;GIR;3;113;MBA;115;False;False;False;4,733333333333333;284;1;0;0;0;0;0;0;0;0;0;1;2;1;0;0;0;1;1;1;0;0;0;1;0;-6;2;20,0;10;4;14;10;3;6;3;1;8;7;1;2;1;1;3;4;2;7;1;0;0;7;3;0;-5
5_GIR_J3_Q1;1;5_GIR_J3;5;GIR;3;113;MBA;115;False;False;False;3,65;219;0;0;1;1;0;0;0;0;1;1;0;0;0;0;0;0;0;0;0;0;0;2;0;0;-7;-3;20,0;10;4;14;10;3;6;3;1;8;7;1;2;1;1;3;4;2;7;1;0;0;7;3;0;-5
7_GIR_J3_Q1;1;7_GIR_J3;7;GIR;3;113;MBA;115;False;True;False;3,533333333333333;212;0;0;1;1;0;0;0;0;1;1;0;0;0;0;0;0;0;2;0;0;0;1;0;0;-7;-4;20,0;10;4;14;10;3;6;3;1;8;7;1;2;1;1;3;4;2;7;1;0;0;7;3;0;-5
8_GIR_J3_Q1;1;8_GIR_J3;8;GIR;3;113;MBA;115;False;True;False;6,35;381;0;0;2;2;0;1;1;0;1;1;0;0;0;0;2;2;0;1;0;0;0;0;0;0;-11;-1;20,0;10;4;14;10;3;6;3;1;8;7;1;2;1;1;3;4;2;7;1;0;0;7;3;0;-5
9_GIR_J3_Q1;1;9_GIR_J3;9;GIR;3;113;MBA;115;False;False;False;1,7333333333333334;104;0;0;1;1;0;0;0;0;1;1;0;0;0;0;0;0;0;0;0;0;0;0;0;0;-5;-1;20,0;10;4;14;10;3;6;3;1;8;7;1;2;1;1;3;4;2;7;1;0;0;7;3;0;-5
10_GIR_J3_Q1;1;10_GIR_J3;10;GIR;3;113;MBA;115;False;False;False;3,65;219;3;1;2;1;0;0;0;1;2;1;0;0;0;0;1;1;1;1;0;0;0;0;0;0;-7;3;20,0;10;4;14;10;3;6;3;1;8;7;1;2;1;1;3;4;2;7;1;0;0;7;3;0;-5
11_GIR_J3_Q1;1;11_GIR_J3;11;GIR;3;113;MBA;115;False;True;False;6,35;381;0;0;3;3;0;2;2;0;1;1;0;0;0;0;0;0;0;2;0;0;0;1;1;0;-11;-5;20,0;10;4;14;10;3;6;3;1;8;7;1;2;1;1;3;4;2;7;1;0;0;7;3;0;-5
12_GIR_J3_Q1;1;12_GIR_J3;12;GIR;3;113;MBA;115;False;True;False;5,066666666666666;304;0;0;0;0;0;0;0;0;0;0;0;0;0;0;0;0;0;0;0;0;0;1;0;0;-13;-1;20,0;10;4;14;10;3;6;3;1;8;7;1;2;1;1;3;4;2;7;1;0;0;7;3;0;-5
21_GIR_J3_Q1;1;21_GIR_J3;21;GIR;3;113;MBA;115;False;False;False;4,933333333333334;296;2;1;1;0;1;1;0;0;0;0;0;0;0;0;0;0;0;0;0;0;0;1;0;0;-5;1;20,0;10;4;14;10;3;6;3;1;8;7;1;2;1;1;3;4;2;7;1;0;0;7;3;0;-5
23_GIR_J3_Q1;1;23_GIR_J3;23;GIR;3;113;MBA;115;False;True;False;5,816666666666666;349;0;0;1;1;0;0;0;0;1;1;0;0;0;0;0;0;0;0;0;0;0;0;1;0;-13;0;20,0;10;4;14;10;3;6;3;1;8;7;1;2;1;1;3;4;2;7;1;0;0;7;3;0;-5
25_GIR_J3_Q1;1;25_GIR_J3;25;GIR;3;113;MBA;115;False;False;False;0,0;0;0;0;0;0;0;0;0;0;0;0;0;0;0;0;0;0;0;0;0;0;0;0;0;0;0;0;20,0;10;4;14;10;3;6;3;1;8;7;1;2;1;1;3;4;2;7;1;0;0;7;3;0;-5
29_GIR_J3_Q1;1;29_GIR_J3;29;GIR;3;113;MBA;115;False;False;False;4,183333333333334;251;4;2;2;0;2;2;0;0;0;0;0;0;0;0;0;0;0;0;0;0;0;1;0;0;-5;3;20,0;10;4;14;10;3;6;3;1;8;7;1;2;1;1;3;4;2;7;1;0;0;7;3;0;-5
GIR_GIR_J3_Q1;1;GIR_GIR_J3;GIR;GIR;3;113;MBA;115;False;False;False;50,0;3000;0;0;0;0;0;0;0;0;0;0;0;0;0;1;0;1;0;0;0;0;0;0;0;0;0;1;20,0;10;4;14;10;3;6;3;1;8;7;1;2;1;1;3;4;2;7;1;0;0;7;3;0;-5
4_GIR_J3_Q2;2;4_GIR_J3;4;GIR;3;113;MBA;115;False;False;False;4,416666666666667;265;4;2;2;0;2;2;0;0;0;0;0;0;0;1;1;2;2;0;0;0;0;0;0;0;4;8;20,0;38;15;20;5;9;10;1;6;10;4;2;3;1;3;10;13;14;2;1;0;0;7;5;0;56
5_GIR_J3_Q2;2;5_GIR_J3;5;GIR;3;113;MBA;115;False;False;False;5,666666666666667;340;8;3;3;0;1;1;0;2;2;0;0;0;0;0;1;1;2;0;0;0;0;0;0;0;13;11;20,0;38;15;20;5;9;10;1;6;10;4;2;3;1;3;10;13;14;2;1;0;0;7;5;0;56
7_GIR_J3_Q2;2;7_GIR_J3;7;GIR;3;113;MBA;115;False;True;False;3,0833333333333335;185;0;0;0;0;0;0;0;0;0;0;0;0;0;0;0;0;1;0;0;0;0;0;0;0;11;1;20,0;38;15;20;5;9;10;1;6;10;4;2;3;1;3;10;13;14;2;1;0;0;7;5;0;56
8_GIR_J3_Q2;2;8_GIR_J3;8;GIR;3;113;MBA;115;False;True;False;3,6333333333333333;218;3;1;2;1;0;0;0;1;2;1;0;0;0;0;1;1;1;1;0;0;0;0;0;0;3;3;20,0;38;15;20;5;9;10;1;6;10;4;2;3;1;3;10;13;14;2;1;0;0;7;5;0;56
9_GIR_J3_Q2;2;9_GIR_J3;9;GIR;3;113;MBA;115;False;False;False;2,5;150;0;0;0;0;0;0;0;0;0;0;0;0;0;0;0;0;0;0;0;0;0;0;1;0;4;1;20,0;38;15;20;5;9;10;1;6;10;4;2;3;1;3;10;13;14;2;1;0;0;7;5;0;56
10_GIR_J3_Q2;2;10_GIR_J3;10;GIR;3;113;MBA;115;False;False;False;6,366666666666666;382;3;1;4;3;0;1;1;1;3;2;0;0;0;0;0;0;3;0;0;0;0;0;0;0;16;3;20,0;38;15;20;5;9;10;1;6;10;4;2;3;1;3;10;13;14;2;1;0;0;7;5;0;56
11_GIR_J3_Q2;2;11_GIR_J3;11;GIR;3;113;MBA;115;False;True;False;4,333333333333333;260;0;0;0;0;0;0;0;0;0;0;0;0;0;0;0;0;4;0;1;0;0;0;0;0;6;5;20,0;38;15;20;5;9;10;1;6;10;4;2;3;1;3;10;13;14;2;1;0;0;7;5;0;56
12_GIR_J3_Q2;2;12_GIR_J3;12;GIR;3;113;MBA;115;False;True;False;1,7166666666666666;103;2;1;1;0;1;1;0;0;0;0;0;0;0;0;2;2;0;0;0;0;0;1;0;0;4;3;20,0;38;15;20;5;9;10;1;6;10;4;2;3;1;3;10;13;14;2;1;0;0;7;5;0;56
21_GIR_J3_Q2;2;21_GIR_J3;21;GIR;3;113;MBA;115;False;False;False;4,2;252;2;0;0;0;0;0;0;0;0;0;2;2;0;1;2;3;0;1;0;0;0;1;2;0;6;5;20,0;38;15;20;5;9;10;1;6;10;4;2;3;1;3;10;13;14;2;1;0;0;7;5;0;56
23_GIR_J3_Q2;2;23_GIR_J3;23;GIR;3;113;MBA;115;False;True;False;7,6;456;7;3;4;1;2;2;0;1;2;1;0;0;0;0;0;0;0;0;0;0;0;1;0;0;14;5;20,0;38;15;20;5;9;10;1;6;10;4;2;3;1;3;10;13;14;2;1;0;0;7;5;0;56
25_GIR_J3_Q2;2;25_GIR_J3;25;GIR;3;113;MBA;115;False;False;False;4,083333333333333;245;6;3;3;0;3;3;0;0;0;0;0;1;1;0;2;2;1;0;0;0;0;3;2;0;9;7;20,0;38;15;20;5;9;10;1;6;10;4;2;3;1;3;10;13;14;2;1;0;0;7;5;0;56
29_GIR_J3_Q2;2;29_GIR_J3;29;GIR;3;113;MBA;115;False;False;False;2,4;144;3;1;1;0;0;0;0;1;1;0;0;0;0;0;0;0;0;0;0;0;0;1;0;0;5;2;20,0;38;15;20;5;9;10;1;6;10;4;2;3;1;3;10;13;14;2;1;0;0;7;5;0;56
GIR_GIR_J3_Q2;2;GIR_GIR_J3;GIR;GIR;3;113;MBA;115;False;False;False;50,0;3000;0;0;0;0;0;0;0;0;0;0;0;0;0;1;1;2;0;0;0;0;0;0;0;0;0;2;20,0;38;15;20;5;9;10;1;6;10;4;2;3;1;3;10;13;14;2;1;0;0;7;5;0;56
4_GIR_J3_Q3;3;4_GIR_J3;4;GIR;3;113;MBA;115;False;False;False;5,933333333333334;356;1;0;1;1;0;0;0;0;1;1;1;2;1;0;0;0;0;0;0;0;0;1;1;0;1;-1;20,0;22;6;14;8;5;6;1;1;8;7;9;11;2;3;6;9;6;2;4;0;0;6;7;1;30
5_GIR_J3_Q3;3;5_GIR_J3;5;GIR;3;113;MBA;115;False;False;False;5,95;357;4;1;3;2;1;1;0;0;2;2;2;2;0;0;1;1;0;1;2;0;0;1;1;0;3;4;20,0;22;6;14;8;5;6;1;1;8;7;9;11;2;3;6;9;6;2;4;0;0;6;7;1;30
7_GIR_J3_Q3;3;7_GIR_J3;7;GIR;3;113;MBA;115;False;True;False;0,0;0;0;0;0;0;0;0;0;0;0;0;0;0;0;0;0;0;0;0;0;0;0;0;0;0;0;0;20,0;22;6;14;8;5;6;1;1;8;7;9;11;2;3;6;9;6;2;4;0;0;6;7;1;30
8_GIR_J3_Q3;3;8_GIR_J3;8;GIR;3;113;MBA;115;False;True;False;4,9;294;3;1;2;1;0;0;0;1;2;1;0;0;0;1;1;2;0;0;0;0;0;0;0;0;9;4;20,0;22;6;14;8;5;6;1;1;8;7;9;11;2;3;6;9;6;2;4;0;0;6;7;1;30
9_GIR_J3_Q3;3;9_GIR_J3;9;GIR;3;113;MBA;115;False;False;False;1,8;108;0;0;0;0;0;0;0;0;0;0;0;0;0;0;0;0;0;0;0;0;0;0;0;0;-2;0;20,0;22;6;14;8;5;6;1;1;8;7;9;11;2;3;6;9;6;2;4;0;0;6;7;1;30
10_GIR_J3_Q3;3;10_GIR_J3;10;GIR;3;113;MBA;115;False;False;False;4,45;267;2;1;2;1;1;1;0;0;1;1;0;0;0;0;0;0;0;0;0;0;0;1;0;0;6;0;20,0;22;6;14;8;5;6;1;1;8;7;9;11;2;3;6;9;6;2;4;0;0;6;7;1;30
11_GIR_J3_Q3;3;11_GIR_J3;11;GIR;3;113;MBA;115;False;True;False;6,966666666666667;418;2;0;1;1;0;1;1;0;0;0;2;2;0;0;1;1;2;1;0;0;0;0;2;0;7;5;20,0;22;6;14;8;5;6;1;1;8;7;9;11;2;3;6;9;6;2;4;0;0;6;7;1;30
12_GIR_J3_Q3;3;12_GIR_J3;12;GIR;3;113;MBA;115;False;True;False;2,9;174;4;2;2;0;2;2;0;0;0;0;0;0;0;1;0;1;0;0;0;0;0;1;0;1;4;4;20,0;22;6;14;8;5;6;1;1;8;7;9;11;2;3;6;9;6;2;4;0;0;6;7;1;30
21_GIR_J3_Q3;3;21_GIR_J3;21;GIR;3;113;MBA;115;False;False;False;4,833333333333333;290;4;1;1;0;1;1;0;0;0;0;2;3;1;0;1;1;2;0;1;0;0;0;2;0;2;9;20,0;22;6;14;8;5;6;1;1;8;7;9;11;2;3;6;9;6;2;4;0;0;6;7;1;30
23_GIR_J3_Q3;3;23_GIR_J3;23;GIR;3;113;MBA;115;False;True;False;7,816666666666666;469;2;0;1;1;0;0;0;0;1;1;2;2;0;1;2;3;1;0;0;0;0;0;1;0;3;6;20,0;22;6;14;8;5;6;1;1;8;7;9;11;2;3;6;9;6;2;4;0;0;6;7;1;30
25_GIR_J3_Q3;3;25_GIR_J3;25;GIR;3;113;MBA;115;False;False;False;2,2666666666666666;136;0;0;0;0;0;0;0;0;0;0;0;0;0;0;0;0;0;0;0;0;0;1;0;0;2;-1;20,0;22;6;14;8;5;6;1;1;8;7;9;11;2;3;6;9;6;2;4;0;0;6;7;1;30
29_GIR_J3_Q3;3;29_GIR_J3;29;GIR;3;113;MBA;115;False;False;False;2,183333333333333;131;0;0;1;1;0;0;0;0;1;1;0;0;0;0;0;0;1;0;0;0;0;1;0;0;5;-1;20,0;22;6;14;8;5;6;1;1;8;7;9;11;2;3;6;9;6;2;4;0;0;6;7;1;30
GIR_GIR_J3_Q3;3;GIR_GIR_J3;GIR;GIR;3;113;MBA;115;False;False;False;50,0;3000;0;0;0;0;0;0;0;0;0;0;0;0;0;0;0;0;0;0;1;0;0;0;0;0;0;1;20,0;22;6;14;8;5;6;1;1;8;7;9;11;2;3;6;9;6;2;4;0;0;6;7;1;30
4_GIR_J3_Q4;4;4_GIR_J3;4;GIR;3;113;MBA;115;False;False;False;8,4;504;3;1;1;0;1;1;0;0;0;0;1;5;4;0;2;2;0;1;0;0;0;2;4;0;-7;2;20,0;22;8;13;5;6;6;0;2;7;5;4;14;10;3;7;10;3;6;0;1;0;11;11;1;15
5_GIR_J3_Q4;4;5_GIR_J3;5;GIR;3;113;MBA;115;False;False;False;4,883333333333334;293;7;3;4;1;2;2;0;1;2;1;0;0;0;1;0;1;0;0;0;0;0;2;0;0;0;5;20,0;22;8;13;5;6;6;0;2;7;5;4;14;10;3;7;10;3;6;0;1;0;11;11;1;15
7_GIR_J3_Q4;4;7_GIR_J3;7;GIR;3;113;MBA;115;False;True;False;0,0;0;0;0;0;0;0;0;0;0;0;0;0;0;0;0;0;0;0;0;0;0;0;0;0;0;0;0;20,0;22;8;13;5;6;6;0;2;7;5;4;14;10;3;7;10;3;6;0;1;0;11;11;1;15
8_GIR_J3_Q4;4;8_GIR_J3;8;GIR;3;113;MBA;115;False;True;False;3,0166666666666666;181;0;0;0;0;0;0;0;0;0;0;0;0;0;0;0;0;0;0;0;0;0;2;1;0;-3;-1;20,0;22;8;13;5;6;6;0;2;7;5;4;14;10;3;7;10;3;6;0;1;0;11;11;1;15
9_GIR_J3_Q4;4;9_GIR_J3;9;GIR;3;113;MBA;115;False;False;False;0,0;0;0;0;0;0;0;0;0;0;0;0;0;0;0;0;0;0;0;0;0;0;0;0;0;0;0;0;20,0;22;8;13;5;6;6;0;2;7;5;4;14;10;3;7;10;3;6;0;1;0;11;11;1;15
10_GIR_J3_Q4;4;10_GIR_J3;10;GIR;3;113;MBA;115;False;False;False;6,716666666666667;403;5;2;4;2;1;1;0;1;3;2;0;2;2;0;0;0;0;1;0;0;0;0;1;0;-11;1;20,0;22;8;13;5;6;6;0;2;7;5;4;14;10;3;7;10;3;6;0;1;0;11;11;1;15
11_GIR_J3_Q4;4;11_GIR_J3;11;GIR;3;113;MBA;115;False;True;False;6,983333333333333;419;3;0;2;2;0;0;0;0;2;2;3;4;1;0;2;2;3;4;0;0;0;1;2;0;-6;2;20,0;22;8;13;5;6;6;0;2;7;5;4;14;10;3;7;10;3;6;0;1;0;11;11;1;15
12_GIR_J3_Q4;4;12_GIR_J3;12;GIR;3;113;MBA;115;False;True;False;2,1333333333333333;128;0;0;0;0;0;0;0;0;0;0;0;0;0;0;0;0;0;0;0;0;0;1;0;0;0;-1;20,0;22;8;13;5;6;6;0;2;7;5;4;14;10;3;7;10;3;6;0;1;0;11;11;1;15
21_GIR_J3_Q4;4;21_GIR_J3;21;GIR;3;113;MBA;115;False;False;False;7,866666666666666;472;2;1;1;0;1;1;0;0;0;0;0;3;3;1;1;2;0;0;0;0;0;2;3;1;-9;2;20,0;22;8;13;5;6;6;0;2;7;5;4;14;10;3;7;10;3;6;0;1;0;11;11;1;15
23_GIR_J3_Q4;4;23_GIR_J3;23;GIR;3;113;MBA;115;False;True;False;6,766666666666667;406;2;1;1;0;1;1;0;0;0;0;0;0;0;0;1;1;0;0;0;1;0;0;0;0;-9;4;20,0;22;8;13;5;6;6;0;2;7;5;4;14;10;3;7;10;3;6;0;1;0;11;11;1;15
25_GIR_J3_Q4;4;25_GIR_J3;25;GIR;3;113;MBA;115;False;False;False;0,0;0;0;0;0;0;0;0;0;0;0;0;0;0;0;0;0;0;0;0;0;0;0;0;0;0;0;0;20,0;22;8;13;5;6;6;0;2;7;5;4;14;10;3;7;10;3;6;0;1;0;11;11;1;15
29_GIR_J3_Q4;4;29_GIR_J3;29;GIR;3;113;MBA;115;False;False;False;3,2333333333333334;194;0;0;0;0;0;0;0;0;0;0;0;0;0;1;0;1;0;0;0;0;0;1;0;0;0;0;20,0;22;8;13;5;6;6;0;2;7;5;4;14;10;3;7;10;3;6;0;1;0;11;11;1;15
GIR_GIR_J3_Q4;4;GIR_GIR_J3;GIR;GIR;3;113;MBA;115;False;False;False;50,0;3000;0;0;0;0;0;0;0;0;0;0;0;0;0;0;1;1;0;0;0;0;0;0;0;0;0;1;20,0;22;8;13;5;6;6;0;2;7;5;4;14;10;3;7;10;3;6;0;1;0;11;11;1;15
4_GIR_J3_Q5;5;4_GIR_J3;4;GIR;3;113;MBA;115;False;False;False;5,0;300;2;1;1;0;1;1;0;0;0;0;0;0;0;0;0;0;0;0;0;0;0;1;0;0;0;1;10,0;11;4;10;6;3;7;4;1;3;2;2;2;0;2;4;6;2;0;0;0;0;2;1;1;12
5_GIR_J3_Q5;5;5_GIR_J3;5;GIR;3;113;MBA;115;False;False;False;0,0;0;0;0;0;0;0;0;0;0;0;0;0;0;0;0;0;0;0;0;0;0;0;0;0;0;0;0;10,0;11;4;10;6;3;7;4;1;3;2;2;2;0;2;4;6;2;0;0;0;0;2;1;1;12
7_GIR_J3_Q5;5;7_GIR_J3;7;GIR;3;113;MBA;115;False;True;False;0,0;0;0;0;0;0;0;0;0;0;0;0;0;0;0;0;0;0;0;0;0;0;0;0;0;0;0;0;10,0;11;4;10;6;3;7;4;1;3;2;2;2;0;2;4;6;2;0;0;0;0;2;1;1;12
8_GIR_J3_Q5;5;8_GIR_J3;8;GIR;3;113;MBA;115;False;True;False;5,0;300;0;0;1;1;0;1;1;0;0;0;0;0;0;1;1;2;1;0;0;0;0;1;0;0;0;1;10,0;11;4;10;6;3;7;4;1;3;2;2;2;0;2;4;6;2;0;0;0;0;2;1;1;12
9_GIR_J3_Q5;5;9_GIR_J3;9;GIR;3;113;MBA;115;False;False;False;0,0;0;0;0;0;0;0;0;0;0;0;0;0;0;0;0;0;0;0;0;0;0;0;0;0;0;0;0;10,0;11;4;10;6;3;7;4;1;3;2;2;2;0;2;4;6;2;0;0;0;0;2;1;1;12
10_GIR_J3_Q5;5;10_GIR_J3;10;GIR;3;113;MBA;115;False;False;False;0,16666666666666666;10;0;0;0;0;0;0;0;0;0;0;0;0;0;0;0;0;0;0;0;0;0;0;0;0;0;0;10,0;11;4;10;6;3;7;4;1;3;2;2;2;0;2;4;6;2;0;0;0;0;2;1;1;12
11_GIR_J3_Q5;5;11_GIR_J3;11;GIR;3;113;MBA;115;False;True;False;5,0;300;7;2;5;3;1;3;2;1;2;1;2;2;0;0;0;0;1;0;0;0;0;0;1;0;0;6;10,0;11;4;10;6;3;7;4;1;3;2;2;2;0;2;4;6;2;0;0;0;0;2;1;1;12
12_GIR_J3_Q5;5;12_GIR_J3;12;GIR;3;113;MBA;115;False;True;False;3,183333333333333;191;0;0;1;1;0;1;1;0;0;0;0;0;0;1;1;2;0;0;0;0;0;0;0;0;0;1;10,0;11;4;10;6;3;7;4;1;3;2;2;2;0;2;4;6;2;0;0;0;0;2;1;1;12
21_GIR_J3_Q5;5;21_GIR_J3;21;GIR;3;113;MBA;115;False;False;False;1,65;99;0;0;0;0;0;0;0;0;0;0;0;0;0;0;0;0;0;0;0;0;0;0;0;0;0;0;10,0;11;4;10;6;3;7;4;1;3;2;2;2;0;2;4;6;2;0;0;0;0;2;1;1;12
23_GIR_J3_Q5;5;23_GIR_J3;23;GIR;3;113;MBA;115;False;True;False;2,1333333333333333;128;0;0;0;0;0;0;0;0;0;0;0;0;0;0;1;1;0;0;0;0;0;0;0;0;4;1;10,0;11;4;10;6;3;7;4;1;3;2;2;2;0;2;4;6;2;0;0;0;0;2;1;1;12
25_GIR_J3_Q5;5;25_GIR_J3;25;GIR;3;113;MBA;115;False;False;False;0,0;0;0;0;0;0;0;0;0;0;0;0;0;0;0;0;0;0;0;0;0;0;0;0;0;0;0;0;10,0;11;4;10;6;3;7;4;1;3;2;2;2;0;2;4;6;2;0;0;0;0;2;1;1;12
29_GIR_J3_Q5;5;29_GIR_J3;29;GIR;3;113;MBA;115;False;False;False;2,8666666666666667;172;2;1;2;1;1;1;0;0;1;1;0;0;0;0;0;0;0;0;0;0;0;0;0;1;-4;1;10,0;11;4;10;6;3;7;4;1;3;2;2;2;0;2;4;6;2;0;0;0;0;2;1;1;12
GIR_GIR_J3_Q5;5;GIR_GIR_J3;GIR;GIR;3;113;MBA;115;False;False;False;25,0;1500;0;0;0;0;0;0;0;0;0;0;0;0;0;0;1;1;0;0;0;0;0;0;0;0;0;1;10,0;11;4;10;6;3;7;4;1;3;2;2;2;0;2;4;6;2;0;0;0;0;2;1;1;12
4_GIR_J3_Q6;6;4_GIR_J3;4;GIR;3;113;MBA;115;False;False;False;5,0;300;3;1;3;2;0;0;0;1;3;2;0;0;0;0;1;1;0;0;0;0;0;0;0;0;-2;2;10,0;10;2;8;6;1;5;4;1;3;2;5;6;1;2;4;6;1;3;0;1;1;3;4;0;8
5_GIR_J3_Q6;6;5_GIR_J3;5;GIR;3;113;MBA;115;False;False;False;0,0;0;0;0;0;0;0;0;0;0;0;0;0;0;0;0;0;0;0;0;0;0;0;0;0;0;0;0;10,0;10;2;8;6;1;5;4;1;3;2;5;6;1;2;4;6;1;3;0;1;1;3;4;0;8
7_GIR_J3_Q6;6;7_GIR_J3;7;GIR;3;113;MBA;115;False;True;False;0,0;0;0;0;0;0;0;0;0;0;0;0;0;0;0;0;0;0;0;0;0;0;0;0;0;0;0;0;10,0;10;2;8;6;1;5;4;1;3;2;5;6;1;2;4;6;1;3;0;1;1;3;4;0;8
8_GIR_J3_Q6;6;8_GIR_J3;8;GIR;3;113;MBA;115;False;True;False;4,45;267;4;1;2;1;1;2;1;0;0;0;2;2;0;0;1;1;0;0;0;0;0;0;1;0;-1;5;10,0;10;2;8;6;1;5;4;1;3;2;5;6;1;2;4;6;1;3;0;1;1;3;4;0;8
9_GIR_J3_Q6;6;9_GIR_J3;9;GIR;3;113;MBA;115;False;False;False;0,0;0;0;0;0;0;0;0;0;0;0;0;0;0;0;0;0;0;0;0;0;0;0;0;0;0;0;0;10,0;10;2;8;6;1;5;4;1;3;2;5;6;1;2;4;6;1;3;0;1;1;3;4;0;8
10_GIR_J3_Q6;6;10_GIR_J3;10;GIR;3;113;MBA;115;False;False;False;2,7666666666666666;166;0;0;2;2;0;2;2;0;0;0;0;0;0;1;0;1;0;0;0;0;1;0;0;0;5;-2;10,0;10;2;8;6;1;5;4;1;3;2;5;6;1;2;4;6;1;3;0;1;1;3;4;0;8
11_GIR_J3_Q6;6;11_GIR_J3;11;GIR;3;113;MBA;115;False;True;False;2,783333333333333;167;1;0;0;0;0;0;0;0;0;0;1;2;1;0;0;0;0;1;0;0;0;0;1;0;-8;0;10,0;10;2;8;6;1;5;4;1;3;2;5;6;1;2;4;6;1;3;0;1;1;3;4;0;8
12_GIR_J3_Q6;6;12_GIR_J3;12;GIR;3;113;MBA;115;False;True;False;1,65;99;0;0;0;0;0;0;0;0;0;0;0;0;0;0;1;1;0;1;0;0;0;1;0;0;-2;-1;10,0;10;2;8;6;1;5;4;1;3;2;5;6;1;2;4;6;1;3;0;1;1;3;4;0;8
21_GIR_J3_Q6;6;21_GIR_J3;21;GIR;3;113;MBA;115;False;False;False;0,18333333333333332;11;0;0;0;0;0;0;0;0;0;0;0;0;0;0;0;0;0;0;0;0;0;1;0;0;0;-1;10,0;10;2;8;6;1;5;4;1;3;2;5;6;1;2;4;6;1;3;0;1;1;3;4;0;8
23_GIR_J3_Q6;6;23_GIR_J3;23;GIR;3;113;MBA;115;False;True;False;4,9;294;0;0;0;0;0;0;0;0;0;0;0;0;0;0;0;0;1;0;0;0;0;0;0;0;-3;1;10,0;10;2;8;6;1;5;4;1;3;2;5;6;1;2;4;6;1;3;0;1;1;3;4;0;8
25_GIR_J3_Q6;6;25_GIR_J3;25;GIR;3;113;MBA;115;False;False;False;2,716666666666667;163;2;0;1;1;0;1;1;0;0;0;2;2;0;1;1;2;0;0;0;1;0;0;2;0;2;6;10,0;10;2;8;6;1;5;4;1;3;2;5;6;1;2;4;6;1;3;0;1;1;3;4;0;8
29_GIR_J3_Q6;6;29_GIR_J3;29;GIR;3;113;MBA;115;False;False;False;0,55;33;0;0;0;0;0;0;0;0;0;0;0;0;0;0;0;0;0;0;0;0;0;0;0;0;-1;0;10,0;10;2;8;6;1;5;4;1;3;2;5;6;1;2;4;6;1;3;0;1;1;3;4;0;8
GIR_GIR_J3_Q6;6;GIR_GIR_J3;GIR;GIR;3;113;MBA;115;False;False;False;25,0;1500;0;0;0;0;0;0;0;0;0;0;0;0;0;0;0;0;0;1;0;0;0;1;0;0;0;-2;10,0;10;2;8;6;1;5;4;1;3;2;5;6;1;2;4;6;1;3;0;1;1;3;4;0;8
2_LLT_J3_Q1;1;2_LLT_J3;2;LLT;3;96;UCM;80;True;False;True;0,0;0;0;0;0;0;0;0;0;0;0;0;0;0;0;0;0;0;0;0;0;0;0;0;0;0;0;0;20,0;26;9;13;4;7;10;3;2;3;1;6;6;0;2;7;9;5;3;1;0;0;5;7;0;36
3_LLT_J3_Q1;1;3_LLT_J3;3;LLT;3;96;UCM;80;True;False;True;6,416666666666667;385;7;2;2;0;1;1;0;1;1;0;2;2;0;0;0;0;2;0;0;0;0;0;1;0;9;10;20,0;26;9;13;4;7;10;3;2;3;1;6;6;0;2;7;9;5;3;1;0;0;5;7;0;36
6_LLT_J3_Q1;1;6_LLT_J3;6;LLT;3;96;UCM;80;True;False;True;7,45;447;2;1;2;1;1;1;0;0;1;1;0;0;0;0;0;0;1;0;0;0;0;1;1;0;10;2;20,0;26;9;13;4;7;10;3;2;3;1;6;6;0;2;7;9;5;3;1;0;0;5;7;0;36
9_LLT_J3_Q1;1;9_LLT_J3;9;LLT;3;96;UCM;80;True;True;True;4,566666666666666;274;2;1;1;0;1;1;0;0;0;0;0;0;0;0;1;1;1;3;0;0;0;0;2;0;-4;3;20,0;26;9;13;4;7;10;3;2;3;1;6;6;0;2;7;9;5;3;1;0;0;5;7;0;36
11_LLT_J3_Q1;1;11_LLT_J3;11;LLT;3;96;UCM;80;True;True;True;4,833333333333333;290;2;1;1;0;1;1;0;0;0;0;0;0;0;1;0;1;0;0;0;0;0;1;0;0;-4;2;20,0;26;9;13;4;7;10;3;2;3;1;6;6;0;2;7;9;5;3;1;0;0;5;7;0;36
13_LLT_J3_Q1;1;13_LLT_J3;13;LLT;3;96;UCM;80;True;False;True;0,0;0;0;0;0;0;0;0;0;0;0;0;0;0;0;0;0;0;0;0;0;0;0;0;0;0;0;0;20,0;26;9;13;4;7;10;3;2;3;1;6;6;0;2;7;9;5;3;1;0;0;5;7;0;36
15_LLT_J3_Q1;1;15_LLT_J3;15;LLT;3;96;UCM;80;True;True;True;1,5666666666666667;94;0;0;0;0;0;0;0;0;0;0;0;0;0;0;0;0;0;0;0;0;0;0;1;0;-7;1;20,0;26;9;13;4;7;10;3;2;3;1;6;6;0;2;7;9;5;3;1;0;0;5;7;0;36
19_LLT_J3_Q1;1;19_LLT_J3;19;LLT;3;96;UCM;80;True;True;True;7,433333333333334;446;4;2;4;2;2;4;2;0;0;0;0;0;0;0;1;1;1;0;0;0;0;0;0;0;-2;4;20,0;26;9;13;4;7;10;3;2;3;1;6;6;0;2;7;9;5;3;1;0;0;5;7;0;36
21_LLT_J3_Q1;1;21_LLT_J3;21;LLT;3;96;UCM;80;True;False;True;2,6;156;0;0;0;0;0;0;0;0;0;0;0;0;0;1;1;2;0;0;0;0;0;1;0;0;4;1;20,0;26;9;13;4;7;10;3;2;3;1;6;6;0;2;7;9;5;3;1;0;0;5;7;0;36
31_LLT_J3_Q1;1;31_LLT_J3;31;LLT;3;96;UCM;80;True;False;True;5,166666666666667;310;3;1;2;1;0;1;1;1;1;0;0;0;0;0;3;3;0;0;0;0;0;1;0;0;8;4;20,0;26;9;13;4;7;10;3;2;3;1;6;6;0;2;7;9;5;3;1;0;0;5;7;0;36
35_LLT_J3_Q1;1;35_LLT_J3;35;LLT;3;96;UCM;80;True;False;True;2,566666666666667;154;4;1;1;0;1;1;0;0;0;0;2;2;0;0;1;1;0;0;0;0;0;1;1;0;6;5;20,0;26;9;13;4;7;10;3;2;3;1;6;6;0;2;7;9;5;3;1;0;0;5;7;0;36
42_LLT_J3_Q1;1;42_LLT_J3;42;LLT;3;96;UCM;80;True;True;True;7,4;444;2;0;0;0;0;0;0;0;0;0;2;2;0;0;0;0;0;0;1;0;0;0;1;0;0;4;20,0;26;9;13;4;7;10;3;2;3;1;6;6;0;2;7;9;5;3;1;0;0;5;7;0;36
LLT_LLT_J3_Q1;1;LLT_LLT_J3;LLT;LLT;3;96;UCM;80;True;False;True;50,0;3000;0;0;0;0;0;0;0;0;0;0;0;0;0;0;0;0;0;0;0;0;0;0;0;0;0;0;20,0;26;9;13;4;7;10;3;2;3;1;6;6;0;2;7;9;5;3;1;0;0;5;7;0;36
2_LLT_J3_Q2;2;2_LLT_J3;2;LLT;3;96;UCM;80;True;False;True;0,0;0;0;0;0;0;0;0;0;0;0;0;0;0;0;0;0;0;0;0;0;0;0;0;0;0;0;0;20,0;21;9;17;8;6;12;6;3;5;2;0;1;1;2;5;7;5;2;4;1;0;4;3;1;26
3_LLT_J3_Q2;2;3_LLT_J3;3;LLT;3;96;UCM;80;True;False;True;3,8833333333333333;233;3;1;3;2;0;2;2;1;1;0;0;0;0;0;0;0;0;1;0;0;0;0;0;0;1;0;20,0;21;9;17;8;6;12;6;3;5;2;0;1;1;2;5;7;5;2;4;1;0;4;3;1;26
6_LLT_J3_Q2;2;6_LLT_J3;6;LLT;3;96;UCM;80;True;False;True;1,5166666666666666;91;0;0;0;0;0;0;0;0;0;0;0;0;0;0;0;0;0;0;0;0;0;1;0;0;2;-1;20,0;21;9;17;8;6;12;6;3;5;2;0;1;1;2;5;7;5;2;4;1;0;4;3;1;26
9_LLT_J3_Q2;2;9_LLT_J3;9;LLT;3;96;UCM;80;True;True;True;8,483333333333333;509;4;2;3;1;2;3;1;0;0;0;0;0;0;0;1;1;4;0;0;0;0;0;0;0;9;8;20,0;21;9;17;8;6;12;6;3;5;2;0;1;1;2;5;7;5;2;4;1;0;4;3;1;26
11_LLT_J3_Q2;2;11_LLT_J3;11;LLT;3;96;UCM;80;True;True;True;2,7333333333333334;164;0;0;0;0;0;0;0;0;0;0;0;0;0;0;0;0;0;0;0;0;0;1;0;0;-3;-1;20,0;21;9;17;8;6;12;6;3;5;2;0;1;1;2;5;7;5;2;4;1;0;4;3;1;26
13_LLT_J3_Q2;2;13_LLT_J3;13;LLT;3;96;UCM;80;True;False;True;0,0;0;0;0;0;0;0;0;0;0;0;0;0;0;0;0;0;0;0;0;0;0;0;0;0;0;0;0;20,0;21;9;17;8;6;12;6;3;5;2;0;1;1;2;5;7;5;2;4;1;0;4;3;1;26
15_LLT_J3_Q2;2;15_LLT_J3;15;LLT;3;96;UCM;80;True;True;True;6,116666666666666;367;0;0;0;0;0;0;0;0;0;0;0;0;0;0;1;1;0;0;1;1;0;0;0;0;10;3;20,0;21;9;17;8;6;12;6;3;5;2;0;1;1;2;5;7;5;2;4;1;0;4;3;1;26
19_LLT_J3_Q2;2;19_LLT_J3;19;LLT;3;96;UCM;80;True;True;True;3,8833333333333333;233;0;0;0;0;0;0;0;0;0;0;0;0;0;0;0;0;0;0;0;0;0;1;1;0;1;0;20,0;21;9;17;8;6;12;6;3;5;2;0;1;1;2;5;7;5;2;4;1;0;4;3;1;26
21_LLT_J3_Q2;2;21_LLT_J3;21;LLT;3;96;UCM;80;True;False;True;4,533333333333333;272;0;0;2;2;0;2;2;0;0;0;0;0;0;0;0;0;0;0;0;0;0;1;0;0;5;-3;20,0;21;9;17;8;6;12;6;3;5;2;0;1;1;2;5;7;5;2;4;1;0;4;3;1;26
31_LLT_J3_Q2;2;31_LLT_J3;31;LLT;3;96;UCM;80;True;False;True;7,266666666666667;436;5;2;5;3;1;2;1;1;3;2;0;0;0;2;0;2;0;0;1;0;0;0;0;0;14;5;20,0;21;9;17;8;6;12;6;3;5;2;0;1;1;2;5;7;5;2;4;1;0;4;3;1;26
35_LLT_J3_Q2;2;35_LLT_J3;35;LLT;3;96;UCM;80;True;False;True;6,116666666666666;367;6;3;3;0;3;3;0;0;0;0;0;1;1;0;0;0;1;1;0;0;0;0;2;1;10;7;20,0;21;9;17;8;6;12;6;3;5;2;0;1;1;2;5;7;5;2;4;1;0;4;3;1;26
42_LLT_J3_Q2;2;42_LLT_J3;42;LLT;3;96;UCM;80;True;True;True;5,466666666666667;328;3;1;1;0;0;0;0;1;1;0;0;0;0;0;2;2;0;0;1;0;0;0;0;0;6;6;20,0;21;9;17;8;6;12;6;3;5;2;0;1;1;2;5;7;5;2;4;1;0;4;3;1;26
LLT_LLT_J3_Q2;2;LLT_LLT_J3;LLT;LLT;3;96;UCM;80;True;False;True;50,0;3000;0;0;0;0;0;0;0;0;0;0;0;0;0;0;1;1;0;0;1;0;0;0;0;0;0;2;20,0;21;9;17;8;6;12;6;3;5;2;0;1;1;2;5;7;5;2;4;1;0;4;3;1;26
2_LLT_J3_Q3;3;2_LLT_J3;2;LLT;3;96;UCM;80;True;False;True;0,0;0;0;0;0;0;0;0;0;0;0;0;0;0;0;0;0;0;0;0;0;0;0;0;0;0;0;0;20,0;27;9;14;5;6;9;3;3;5;2;6;6;0;1;5;6;5;3;0;0;0;5;6;0;31
3_LLT_J3_Q3;3;3_LLT_J3;3;LLT;3;96;UCM;80;True;False;True;3,0833333333333335;185;0;0;3;3;0;1;1;0;2;2;0;0;0;0;0;0;1;0;0;0;0;0;2;0;-2;0;20,0;27;9;14;5;6;9;3;3;5;2;6;6;0;1;5;6;5;3;0;0;0;5;6;0;31
6_LLT_J3_Q3;3;6_LLT_J3;6;LLT;3;96;UCM;80;True;False;True;4,4;264;3;1;1;0;0;0;0;1;1;0;0;0;0;0;0;0;0;0;0;0;0;1;0;0;0;2;20,0;27;9;14;5;6;9;3;3;5;2;6;6;0;1;5;6;5;3;0;0;0;5;6;0;31
9_LLT_J3_Q3;3;9_LLT_J3;9;LLT;3;96;UCM;80;True;True;True;8,066666666666666;484;9;4;6;2;3;5;2;1;1;0;0;0;0;0;0;0;1;0;0;0;0;1;0;0;2;7;20,0;27;9;14;5;6;9;3;3;5;2;6;6;0;1;5;6;5;3;0;0;0;5;6;0;31
11_LLT_J3_Q3;3;11_LLT_J3;11;LLT;3;96;UCM;80;True;True;True;0,2;12;0;0;0;0;0;0;0;0;0;0;0;0;0;0;0;0;0;0;0;0;0;0;0;0;2;0;20,0;27;9;14;5;6;9;3;3;5;2;6;6;0;1;5;6;5;3;0;0;0;5;6;0;31
13_LLT_J3_Q3;3;13_LLT_J3;13;LLT;3;96;UCM;80;True;False;True;0,0;0;0;0;0;0;0;0;0;0;0;0;0;0;0;0;0;0;0;0;0;0;0;0;0;0;0;0;20,0;27;9;14;5;6;9;3;3;5;2;6;6;0;1;5;6;5;3;0;0;0;5;6;0;31
15_LLT_J3_Q3;3;15_LLT_J3;15;LLT;3;96;UCM;80;True;True;True;4,45;267;0;0;0;0;0;0;0;0;0;0;0;0;0;0;0;0;1;0;0;0;0;0;0;0;4;1;20,0;27;9;14;5;6;9;3;3;5;2;6;6;0;1;5;6;5;3;0;0;0;5;6;0;31
19_LLT_J3_Q3;3;19_LLT_J3;19;LLT;3;96;UCM;80;True;True;True;4,733333333333333;284;3;1;1;0;1;1;0;0;0;0;1;1;0;0;1;1;1;1;0;0;0;1;1;0;4;4;20,0;27;9;14;5;6;9;3;3;5;2;6;6;0;1;5;6;5;3;0;0;0;5;6;0;31
21_LLT_J3_Q3;3;21_LLT_J3;21;LLT;3;96;UCM;80;True;False;True;2,3333333333333335;140;2;0;0;0;0;0;0;0;0;0;2;2;0;0;0;0;0;0;0;0;0;0;1;0;4;3;20,0;27;9;14;5;6;9;3;3;5;2;6;6;0;1;5;6;5;3;0;0;0;5;6;0;31
31_LLT_J3_Q3;3;31_LLT_J3;31;LLT;3;96;UCM;80;True;False;True;9,8;588;6;1;1;0;0;0;0;1;1;0;3;3;0;0;2;2;0;0;0;0;0;0;2;0;0;10;20,0;27;9;14;5;6;9;3;3;5;2;6;6;0;1;5;6;5;3;0;0;0;5;6;0;31
35_LLT_J3_Q3;3;35_LLT_J3;35;LLT;3;96;UCM;80;True;False;True;5,266666666666667;316;2;1;1;0;1;1;0;0;0;0;0;0;0;1;1;2;0;1;0;0;0;1;0;0;-2;2;20,0;27;9;14;5;6;9;3;3;5;2;6;6;0;1;5;6;5;3;0;0;0;5;6;0;31
42_LLT_J3_Q3;3;42_LLT_J3;42;LLT;3;96;UCM;80;True;True;True;7,666666666666667;460;2;1;1;0;1;1;0;0;0;0;0;0;0;0;1;1;1;0;0;0;0;1;0;0;-2;3;20,0;27;9;14;5;6;9;3;3;5;2;6;6;0;1;5;6;5;3;0;0;0;5;6;0;31
LLT_LLT_J3_Q3;3;LLT_LLT_J3;LLT;LLT;3;96;UCM;80;True;False;True;50,0;3000;0;0;0;0;0;0;0;0;0;0;0;0;0;0;0;0;0;1;0;0;0;0;0;0;0;-1;20,0;27;9;14;5;6;9;3;3;5;2;6;6;0;1;5;6;5;3;0;0;0;5;6;0;31
2_LLT_J3_Q4;4;2_LLT_J3;2;LLT;3;96;UCM;80;True;False;True;0,0;0;0;0;0;0;0;0;0;0;0;0;0;0;0;0;0;0;0;0;0;0;0;0;0;0;0;0;20,0;22;9;15;6;8;12;4;1;3;2;3;4;1;2;7;9;4;3;1;0;0;5;6;0;27
3_LLT_J3_Q4;4;3_LLT_J3;3;LLT;3;96;UCM;80;True;False;True;6,016666666666667;361;3;1;3;2;1;2;1;0;1;1;1;2;1;0;0;0;2;1;0;0;0;1;2;0;2;2;20,0;22;9;15;6;8;12;4;1;3;2;3;4;1;2;7;9;4;3;1;0;0;5;6;0;27
6_LLT_J3_Q4;4;6_LLT_J3;6;LLT;3;96;UCM;80;True;False;True;1,0333333333333334;62;0;0;0;0;0;0;0;0;0;0;0;0;0;0;0;0;0;0;0;0;0;0;0;0;-3;0;20,0;22;9;15;6;8;12;4;1;3;2;3;4;1;2;7;9;4;3;1;0;0;5;6;0;27
9_LLT_J3_Q4;4;9_LLT_J3;9;LLT;3;96;UCM;80;True;True;True;7,533333333333333;452;4;2;3;1;2;2;0;0;1;1;0;0;0;0;0;0;1;2;0;0;0;0;0;0;2;2;20,0;22;9;15;6;8;12;4;1;3;2;3;4;1;2;7;9;4;3;1;0;0;5;6;0;27
11_LLT_J3_Q4;4;11_LLT_J3;11;LLT;3;96;UCM;80;True;True;True;7,933333333333334;476;6;3;4;1;3;4;1;0;0;0;0;0;0;1;2;3;0;0;0;0;0;1;0;0;-1;7;20,0;22;9;15;6;8;12;4;1;3;2;3;4;1;2;7;9;4;3;1;0;0;5;6;0;27
13_LLT_J3_Q4;4;13_LLT_J3;13;LLT;3;96;UCM;80;True;False;True;0,0;0;0;0;0;0;0;0;0;0;0;0;0;0;0;0;0;0;0;0;0;0;0;0;0;0;0;0;20,0;22;9;15;6;8;12;4;1;3;2;3;4;1;2;7;9;4;3;1;0;0;5;6;0;27
15_LLT_J3_Q4;4;15_LLT_J3;15;LLT;3;96;UCM;80;True;True;True;5,45;327;0;0;0;0;0;0;0;0;0;0;0;0;0;0;1;1;0;0;0;0;0;0;0;0;-3;1;20,0;22;9;15;6;8;12;4;1;3;2;3;4;1;2;7;9;4;3;1;0;0;5;6;0;27
19_LLT_J3_Q4;4;19_LLT_J3;19;LLT;3;96;UCM;80;True;True;True;5,883333333333334;353;6;2;3;1;2;3;1;0;0;0;2;2;0;0;2;2;1;0;0;0;0;0;2;0;3;10;20,0;22;9;15;6;8;12;4;1;3;2;3;4;1;2;7;9;4;3;1;0;0;5;6;0;27
21_LLT_J3_Q4;4;21_LLT_J3;21;LLT;3;96;UCM;80;True;False;True;4,233333333333333;254;0;0;0;0;0;0;0;0;0;0;0;0;0;0;0;0;0;0;0;0;0;0;0;0;-2;0;20,0;22;9;15;6;8;12;4;1;3;2;3;4;1;2;7;9;4;3;1;0;0;5;6;0;27
31_LLT_J3_Q4;4;31_LLT_J3;31;LLT;3;96;UCM;80;True;False;True;2,066666666666667;124;3;1;1;0;0;0;0;1;1;0;0;0;0;1;0;1;0;0;0;0;0;0;0;0;0;4;20,0;22;9;15;6;8;12;4;1;3;2;3;4;1;2;7;9;4;3;1;0;0;5;6;0;27
35_LLT_J3_Q4;4;35_LLT_J3;35;LLT;3;96;UCM;80;True;False;True;3,8666666666666667;232;0;0;1;1;0;1;1;0;0;0;0;0;0;0;1;1;0;0;1;0;0;2;1;0;-5;0;20,0;22;9;15;6;8;12;4;1;3;2;3;4;1;2;7;9;4;3;1;0;0;5;6;0;27
42_LLT_J3_Q4;4;42_LLT_J3;42;LLT;3;96;UCM;80;True;True;True;5,983333333333333;359;0;0;0;0;0;0;0;0;0;0;0;0;0;0;1;1;0;0;0;0;0;1;1;0;2;1;20,0;22;9;15;6;8;12;4;1;3;2;3;4;1;2;7;9;4;3;1;0;0;5;6;0;27
LLT_LLT_J3_Q4;4;LLT_LLT_J3;LLT;LLT;3;96;UCM;80;True;False;True;50,0;3000;0;0;0;0;0;0;0;0;0;0;0;0;0;0;0;0;0;0;0;0;0;0;0;0;0;0;20,0;22;9;15;6;8;12;4;1;3;2;3;4;1;2;7;9;4;3;1;0;0;5;6;0;27
0_UCM_J3_Q1;1;0_UCM_J3;0;UCM;3;80;LLT;96;False;True;False;1,5333333333333334;92;4;1;1;0;1;1;0;0;0;0;2;2;0;0;0;0;0;0;1;0;0;2;1;0;6;4;20,0;22;9;17;8;9;12;3;0;5;5;4;5;1;2;2;4;5;1;3;0;0;7;5;1;22
1_UCM_J3_Q1;1;1_UCM_J3;1;UCM;3;80;LLT;96;False;False;False;6,416666666666667;385;0;0;3;3;0;0;0;0;3;3;0;0;0;0;0;0;0;0;0;0;0;2;0;0;-9;-5;20,0;22;9;17;8;9;12;3;0;5;5;4;5;1;2;2;4;5;1;3;0;0;7;5;1;22
2_UCM_J3_Q1;1;2_UCM_J3;2;UCM;3;80;LLT;96;False;True;False;6,166666666666667;370;2;1;1;0;1;1;0;0;0;0;0;0;0;0;1;1;0;0;0;0;0;0;0;1;-5;3;20,0;22;9;17;8;9;12;3;0;5;5;4;5;1;2;2;4;5;1;3;0;0;7;5;1;22
5_UCM_J3_Q1;1;5_UCM_J3;5;UCM;3;80;LLT;96;False;True;False;3,5833333333333335;215;7;3;3;0;3;3;0;0;0;0;1;2;1;0;0;0;1;0;1;0;0;0;1;0;5;9;20,0;22;9;17;8;9;12;3;0;5;5;4;5;1;2;2;4;5;1;3;0;0;7;5;1;22
8_UCM_J3_Q1;1;8_UCM_J3;8;UCM;3;80;LLT;96;False;False;False;3,8333333333333335;230;3;1;2;1;1;2;1;0;0;0;1;1;0;0;0;0;2;0;1;0;0;0;2;0;1;7;20,0;22;9;17;8;9;12;3;0;5;5;4;5;1;2;2;4;5;1;3;0;0;7;5;1;22
12_UCM_J3_Q1;1;12_UCM_J3;12;UCM;3;80;LLT;96;False;False;False;5,166666666666667;310;2;1;3;2;1;2;1;0;1;1;0;0;0;1;0;1;0;1;0;0;0;0;0;0;-8;0;20,0;22;9;17;8;9;12;3;0;5;5;4;5;1;2;2;4;5;1;3;0;0;7;5;1;22
13_UCM_J3_Q1;1;13_UCM_J3;13;UCM;3;80;LLT;96;False;False;False;0,0;0;0;0;0;0;0;0;0;0;0;0;0;0;0;0;0;0;0;0;0;0;0;0;0;0;0;0;20,0;22;9;17;8;9;12;3;0;5;5;4;5;1;2;2;4;5;1;3;0;0;7;5;1;22
15_UCM_J3_Q1;1;15_UCM_J3;15;UCM;3;80;LLT;96;False;False;False;3,8333333333333335;230;2;1;2;1;1;2;1;0;0;0;0;0;0;1;1;2;0;0;0;0;0;1;0;0;1;2;20,0;22;9;17;8;9;12;3;0;5;5;4;5;1;2;2;4;5;1;3;0;0;7;5;1;22
21_UCM_J3_Q1;1;21_UCM_J3;21;UCM;3;80;LLT;96;False;False;False;4,633333333333334;278;0;0;0;0;0;0;0;0;0;0;0;0;0;0;0;0;1;0;0;0;0;0;0;0;-11;1;20,0;22;9;17;8;9;12;3;0;5;5;4;5;1;2;2;4;5;1;3;0;0;7;5;1;22
24_UCM_J3_Q1;1;24_UCM_J3;24;UCM;3;80;LLT;96;False;False;False;0,0;0;0;0;0;0;0;0;0;0;0;0;0;0;0;0;0;0;0;0;0;0;0;0;0;0;0;0;20,0;22;9;17;8;9;12;3;0;5;5;4;5;1;2;2;4;5;1;3;0;0;7;5;1;22
31_UCM_J3_Q1;1;31_UCM_J3;31;UCM;3;80;LLT;96;False;True;False;4,833333333333333;290;0;0;0;0;0;0;0;0;0;0;0;0;0;0;0;0;1;0;0;0;0;2;0;0;4;-1;20,0;22;9;17;8;9;12;3;0;5;5;4;5;1;2;2;4;5;1;3;0;0;7;5;1;22
99_UCM_J3_Q1;1;99_UCM_J3;99;UCM;3;80;LLT;96;False;True;False;10,0;600;2;1;2;1;1;1;0;0;1;1;0;0;0;0;0;0;0;0;0;0;0;0;1;0;-4;2;20,0;22;9;17;8;9;12;3;0;5;5;4;5;1;2;2;4;5;1;3;0;0;7;5;1;22
UCM_UCM_J3_Q1;1;UCM_UCM_J3;UCM;UCM;3;80;LLT;96;False;False;False;50,0;3000;0;0;0;0;0;0;0;0;0;0;0;0;0;0;0;0;0;0;0;0;0;0;0;0;0;0;20,0;22;9;17;8;9;12;3;0;5;5;4;5;1;2;2;4;5;1;3;0;0;7;5;1;22
0_UCM_J3_Q2;2;0_UCM_J3;0;UCM;3;80;LLT;96;False;True;False;7,766666666666667;466;0;0;0;0;0;0;0;0;0;0;0;0;0;0;1;1;1;2;0;0;0;0;0;0;-7;0;20,0;10;4;10;6;4;5;1;0;5;5;2;4;2;1;7;8;1;6;2;0;1;3;4;0;7
1_UCM_J3_Q2;2;1_UCM_J3;1;UCM;3;80;LLT;96;False;False;False;3,8333333333333335;230;0;0;1;1;0;0;0;0;1;1;0;0;0;0;1;1;0;0;1;0;0;0;1;0;-4;2;20,0;10;4;10;6;4;5;1;0;5;5;2;4;2;1;7;8;1;6;2;0;1;3;4;0;7
2_UCM_J3_Q2;2;2_UCM_J3;2;UCM;3;80;LLT;96;False;True;False;3,5;210;3;1;2;1;1;2;1;0;0;0;1;2;1;0;0;0;0;1;0;0;0;0;1;0;1;1;20,0;10;4;10;6;4;5;1;0;5;5;2;4;2;1;7;8;1;6;2;0;1;3;4;0;7
5_UCM_J3_Q2;2;5_UCM_J3;5;UCM;3;80;LLT;96;False;True;False;10,0;600;0;0;0;0;0;0;0;0;0;0;0;0;0;0;1;1;0;1;0;0;0;0;1;0;-11;1;20,0;10;4;10;6;4;5;1;0;5;5;2;4;2;1;7;8;1;6;2;0;1;3;4;0;7
8_UCM_J3_Q2;2;8_UCM_J3;8;UCM;3;80;LLT;96;False;False;False;6,5;390;4;2;4;2;2;2;0;0;2;2;0;0;0;0;2;2;0;1;0;0;0;2;0;0;-12;1;20,0;10;4;10;6;4;5;1;0;5;5;2;4;2;1;7;8;1;6;2;0;1;3;4;0;7
12_UCM_J3_Q2;2;12_UCM_J3;12;UCM;3;80;LLT;96;False;False;False;6,166666666666667;370;3;1;2;1;1;1;0;0;1;1;1;2;1;0;1;1;0;0;1;0;1;1;1;0;-7;2;20,0;10;4;10;6;4;5;1;0;5;5;2;4;2;1;7;8;1;6;2;0;1;3;4;0;7
13_UCM_J3_Q2;2;13_UCM_J3;13;UCM;3;80;LLT;96;False;False;False;3,7666666666666666;226;0;0;1;1;0;0;0;0;1;1;0;0;0;0;0;0;0;0;0;0;0;0;0;0;-2;-1;20,0;10;4;10;6;4;5;1;0;5;5;2;4;2;1;7;8;1;6;2;0;1;3;4;0;7
15_UCM_J3_Q2;2;15_UCM_J3;15;UCM;3;80;LLT;96;False;False;False;2,2333333333333334;134;0;0;0;0;0;0;0;0;0;0;0;0;0;1;0;1;0;0;0;0;0;0;0;0;-4;1;20,0;10;4;10;6;4;5;1;0;5;5;2;4;2;1;7;8;1;6;2;0;1;3;4;0;7
21_UCM_J3_Q2;2;21_UCM_J3;21;UCM;3;80;LLT;96;False;False;False;0,0;0;0;0;0;0;0;0;0;0;0;0;0;0;0;0;0;0;0;0;0;0;0;0;0;0;0;0;20,0;10;4;10;6;4;5;1;0;5;5;2;4;2;1;7;8;1;6;2;0;1;3;4;0;7
24_UCM_J3_Q2;2;24_UCM_J3;24;UCM;3;80;LLT;96;False;False;False;1,9166666666666667;115;0;0;0;0;0;0;0;0;0;0;0;0;0;0;0;0;0;0;0;0;0;0;0;0;-2;0;20,0;10;4;10;6;4;5;1;0;5;5;2;4;2;1;7;8;1;6;2;0;1;3;4;0;7
31_UCM_J3_Q2;2;31_UCM_J3;31;UCM;3;80;LLT;96;False;True;False;0,0;0;0;0;0;0;0;0;0;0;0;0;0;0;0;0;0;0;0;0;0;0;0;0;0;0;0;0;20,0;10;4;10;6;4;5;1;0;5;5;2;4;2;1;7;8;1;6;2;0;1;3;4;0;7
99_UCM_J3_Q2;2;99_UCM_J3;99;UCM;3;80;LLT;96;False;True;False;4,316666666666666;259;0;0;0;0;0;0;0;0;0;0;0;0;0;0;0;0;0;0;0;0;0;0;0;0;-7;0;20,0;10;4;10;6;4;5;1;0;5;5;2;4;2;1;7;8;1;6;2;0;1;3;4;0;7
UCM_UCM_J3_Q2;2;UCM_UCM_J3;UCM;UCM;3;80;LLT;96;False;False;False;50,0;3000;0;0;0;0;0;0;0;0;0;0;0;0;0;0;1;1;0;1;0;0;0;0;0;0;0;0;20,0;10;4;10;6;4;5;1;0;5;5;2;4;2;1;7;8;1;6;2;0;1;3;4;0;7
0_UCM_J3_Q3;3;0_UCM_J3;0;UCM;3;80;LLT;96;False;True;False;5,45;327;2;1;1;0;1;1;0;0;0;0;0;0;0;0;0;0;0;1;0;0;0;1;0;0;2;0;20,0;25;9;17;8;7;12;5;2;5;3;5;5;0;3;4;7;2;2;2;0;0;6;5;1;25
1_UCM_J3_Q3;3;1_UCM_J3;1;UCM;3;80;LLT;96;False;False;False;2,05;123;2;0;1;1;0;1;1;0;0;0;2;2;0;0;0;0;0;1;0;0;0;1;1;0;-4;0;20,0;25;9;17;8;7;12;5;2;5;3;5;5;0;3;4;7;2;2;2;0;0;6;5;1;25
2_UCM_J3_Q3;3;2_UCM_J3;2;UCM;3;80;LLT;96;False;True;False;7,8;468;0;0;3;3;0;2;2;0;1;1;0;0;0;0;2;2;0;0;0;0;0;1;0;0;4;-2;20,0;25;9;17;8;7;12;5;2;5;3;5;5;0;3;4;7;2;2;2;0;0;6;5;1;25
5_UCM_J3_Q3;3;5_UCM_J3;5;UCM;3;80;LLT;96;False;True;False;7,666666666666667;460;14;6;9;3;5;6;1;1;3;2;1;1;0;0;0;0;0;0;0;0;0;0;2;0;2;13;20,0;25;9;17;8;7;12;5;2;5;3;5;5;0;3;4;7;2;2;2;0;0;6;5;1;25
8_UCM_J3_Q3;3;8_UCM_J3;8;UCM;3;80;LLT;96;False;False;False;2,4833333333333334;149;2;0;1;1;0;1;1;0;0;0;2;2;0;0;1;1;0;0;1;0;0;1;1;0;-6;3;20,0;25;9;17;8;7;12;5;2;5;3;5;5;0;3;4;7;2;2;2;0;0;6;5;1;25
12_UCM_J3_Q3;3;12_UCM_J3;12;UCM;3;80;LLT;96;False;False;False;0,2833333333333333;17;0;0;0;0;0;0;0;0;0;0;0;0;0;0;0;0;0;0;0;0;0;0;0;0;0;0;20,0;25;9;17;8;7;12;5;2;5;3;5;5;0;3;4;7;2;2;2;0;0;6;5;1;25
13_UCM_J3_Q3;3;13_UCM_J3;13;UCM;3;80;LLT;96;False;False;False;2,3333333333333335;140;0;0;0;0;0;0;0;0;0;0;0;0;0;0;0;0;0;0;0;0;0;1;0;0;-4;-1;20,0;25;9;17;8;7;12;5;2;5;3;5;5;0;3;4;7;2;2;2;0;0;6;5;1;25
15_UCM_J3_Q3;3;15_UCM_J3;15;UCM;3;80;LLT;96;False;False;False;4,55;273;2;1;1;0;1;1;0;0;0;0;0;0;0;1;0;1;0;0;0;0;0;1;0;1;-4;2;20,0;25;9;17;8;7;12;5;2;5;3;5;5;0;3;4;7;2;2;2;0;0;6;5;1;25
21_UCM_J3_Q3;3;21_UCM_J3;21;UCM;3;80;LLT;96;False;False;False;0,0;0;0;0;0;0;0;0;0;0;0;0;0;0;0;0;0;0;0;0;0;0;0;0;0;0;0;0;20,0;25;9;17;8;7;12;5;2;5;3;5;5;0;3;4;7;2;2;2;0;0;6;5;1;25
24_UCM_J3_Q3;3;24_UCM_J3;24;UCM;3;80;LLT;96;False;False;False;0,0;0;0;0;0;0;0;0;0;0;0;0;0;0;0;0;0;0;0;0;0;0;0;0;0;0;0;0;20,0;25;9;17;8;7;12;5;2;5;3;5;5;0;3;4;7;2;2;2;0;0;6;5;1;25
31_UCM_J3_Q3;3;31_UCM_J3;31;UCM;3;80;LLT;96;False;True;False;9,716666666666667;583;0;0;0;0;0;0;0;0;0;0;0;0;0;0;1;1;2;0;0;0;0;0;1;0;-2;4;20,0;25;9;17;8;7;12;5;2;5;3;5;5;0;3;4;7;2;2;2;0;0;6;5;1;25
99_UCM_J3_Q3;3;99_UCM_J3;99;UCM;3;80;LLT;96;False;True;False;7,666666666666667;460;3;1;1;0;0;0;0;1;1;0;0;0;0;2;0;2;0;0;0;0;0;0;0;0;2;5;20,0;25;9;17;8;7;12;5;2;5;3;5;5;0;3;4;7;2;2;2;0;0;6;5;1;25
UCM_UCM_J3_Q3;3;UCM_UCM_J3;UCM;UCM;3;80;LLT;96;False;False;False;50,0;3000;0;0;0;0;0;0;0;0;0;0;0;0;0;0;0;0;0;0;1;0;0;0;0;0;0;1;20,0;25;9;17;8;7;12;5;2;5;3;5;5;0;3;4;7;2;2;2;0;0;6;5;1;25
0_UCM_J3_Q4;4;0_UCM_J3;0;UCM;3;80;LLT;96;False;True;False;6,016666666666667;361;4;1;1;0;1;1;0;0;0;0;2;2;0;1;1;2;0;0;0;0;0;0;1;0;-2;7;20,0;23;8;17;9;6;10;4;2;7;5;5;6;1;3;4;7;1;1;2;0;0;6;5;0;21
1_UCM_J3_Q4;4;1_UCM_J3;1;UCM;3;80;LLT;96;False;False;False;3,9833333333333334;239;3;1;2;1;0;0;0;1;2;1;0;0;0;0;0;0;0;1;0;0;0;0;0;0;3;1;20,0;23;8;17;9;6;10;4;2;7;5;5;6;1;3;4;7;1;1;2;0;0;6;5;0;21
2_UCM_J3_Q4;4;2_UCM_J3;2;UCM;3;80;LLT;96;False;True;False;8,466666666666667;508;0;0;2;2;0;0;0;0;2;2;0;0;0;0;1;1;0;0;0;0;0;2;0;0;4;-3;20,0;23;8;17;9;6;10;4;2;7;5;5;6;1;3;4;7;1;1;2;0;0;6;5;0;21
5_UCM_J3_Q4;4;5_UCM_J3;5;UCM;3;80;LLT;96;False;True;False;6,016666666666667;361;5;2;4;2;1;3;2;1;1;0;0;0;0;1;0;1;0;0;0;0;0;0;0;0;-2;4;20,0;23;8;17;9;6;10;4;2;7;5;5;6;1;3;4;7;1;1;2;0;0;6;5;0;21
8_UCM_J3_Q4;4;8_UCM_J3;8;UCM;3;80;LLT;96;False;False;False;8,933333333333334;536;4;1;4;3;1;2;1;0;2;2;2;2;0;0;1;1;1;0;0;0;0;0;1;0;3;4;20,0;23;8;17;9;6;10;4;2;7;5;5;6;1;3;4;7;1;1;2;0;0;6;5;0;21
12_UCM_J3_Q4;4;12_UCM_J3;12;UCM;3;80;LLT;96;False;False;False;10,0;600;5;2;3;1;2;3;1;0;0;0;1;1;0;0;0;0;0;0;2;0;0;2;1;0;1;5;20,0;23;8;17;9;6;10;4;2;7;5;5;6;1;3;4;7;1;1;2;0;0;6;5;0;21
13_UCM_J3_Q4;4;13_UCM_J3;13;UCM;3;80;LLT;96;False;False;False;2,6;156;0;0;0;0;0;0;0;0;0;0;0;0;0;0;0;0;0;0;0;0;0;1;0;0;-5;-1;20,0;23;8;17;9;6;10;4;2;7;5;5;6;1;3;4;7;1;1;2;0;0;6;5;0;21
15_UCM_J3_Q4;4;15_UCM_J3;15;UCM;3;80;LLT;96;False;False;False;3,9833333333333334;239;2;1;1;0;1;1;0;0;0;0;0;1;1;1;0;1;0;0;0;0;0;1;2;0;3;3;20,0;23;8;17;9;6;10;4;2;7;5;5;6;1;3;4;7;1;1;2;0;0;6;5;0;21
21_UCM_J3_Q4;4;21_UCM_J3;21;UCM;3;80;LLT;96;False;False;False;0,0;0;0;0;0;0;0;0;0;0;0;0;0;0;0;0;0;0;0;0;0;0;0;0;0;0;0;0;20,0;23;8;17;9;6;10;4;2;7;5;5;6;1;3;4;7;1;1;2;0;0;6;5;0;21
24_UCM_J3_Q4;4;24_UCM_J3;24;UCM;3;80;LLT;96;False;False;False;0,0;0;0;0;0;0;0;0;0;0;0;0;0;0;0;0;0;0;0;0;0;0;0;0;0;0;0;0;20,0;23;8;17;9;6;10;4;2;7;5;5;6;1;3;4;7;1;1;2;0;0;6;5;0;21
31_UCM_J3_Q4;4;31_UCM_J3;31;UCM;3;80;LLT;96;False;True;False;0,0;0;0;0;0;0;0;0;0;0;0;0;0;0;0;0;0;0;0;0;0;0;0;0;0;0;0;0;20,0;23;8;17;9;6;10;4;2;7;5;5;6;1;3;4;7;1;1;2;0;0;6;5;0;21
99_UCM_J3_Q4;4;99_UCM_J3;99;UCM;3;80;LLT;96;False;True;False;0,0;0;0;0;0;0;0;0;0;0;0;0;0;0;0;0;0;0;0;0;0;0;0;0;0;0;0;0;20,0;23;8;17;9;6;10;4;2;7;5;5;6;1;3;4;7;1;1;2;0;0;6;5;0;21
UCM_UCM_J3_Q4;4;UCM_UCM_J3;UCM;UCM;3;80;LLT;96;False;False;False;50,0;3000;0;0;0;0;0;0;0;0;0;0;0;0;0;0;1;1;0;0;0;0;0;0;0;0;0;1;20,0;23;8;17;9;6;10;4;2;7;5;5;6;1;3;4;7;1;1;2;0;0;6;5;0;21
00_CAZ_J3_Q1;1;00_CAZ_J3;00;CAZ;3;84;BRE;88;True;True;False;6,633333333333334;398;2;1;3;2;1;3;2;0;0;0;0;0;0;0;1;1;0;0;0;0;0;0;0;0;7;1;20,0;19;7;17;10;6;12;6;1;5;4;4;6;2;3;7;10;2;4;5;1;1;4;5;0;21
0_CAZ_J3_Q1;1;0_CAZ_J3;0;CAZ;3;84;BRE;88;True;False;False;3,4833333333333334;209;0;0;1;1;0;0;0;0;1;1;0;0;0;0;1;1;0;1;0;0;0;0;0;0;-4;-1;20,0;19;7;17;10;6;12;6;1;5;4;4;6;2;3;7;10;2;4;5;1;1;4;5;0;21
2_CAZ_J3_Q1;1;2_CAZ_J3;2;CAZ;3;84;BRE;88;True;True;False;6,516666666666667;391;5;2;3;1;2;3;1;0;0;0;1;2;1;0;0;0;1;1;1;0;1;1;3;0;7;5;20,0;19;7;17;10;6;12;6;1;5;4;4;6;2;3;7;10;2;4;5;1;1;4;5;0;21
3_CAZ_J3_Q1;1;3_CAZ_J3;3;CAZ;3;84;BRE;88;True;False;False;3,3666666666666667;202;0;0;0;0;0;0;0;0;0;0;0;0;0;0;0;0;0;2;0;0;0;0;0;0;-4;-2;20,0;19;7;17;10;6;12;6;1;5;4;4;6;2;3;7;10;2;4;5;1;1;4;5;0;21
4_CAZ_J3_Q1;1;4_CAZ_J3;4;CAZ;3;84;BRE;88;True;True;False;6,633333333333334;398;7;2;3;1;1;2;1;1;1;0;2;2;0;0;0;0;1;0;1;0;0;2;1;0;7;7;20,0;19;7;17;10;6;12;6;1;5;4;4;6;2;3;7;10;2;4;5;1;1;4;5;0;21
5_CAZ_J3_Q1;1;5_CAZ_J3;5;CAZ;3;84;BRE;88;True;False;False;0,0;0;0;0;0;0;0;0;0;0;0;0;0;0;0;0;0;0;0;0;0;0;0;0;0;0;0;0;20,0;19;7;17;10;6;12;6;1;5;4;4;6;2;3;7;10;2;4;5;1;1;4;5;0;21
7_CAZ_J3_Q1;1;7_CAZ_J3;7;CAZ;3;84;BRE;88;True;False;False;3,4833333333333334;209;1;0;0;0;0;0;0;0;0;0;1;2;1;0;0;0;0;0;1;0;0;0;1;0;-4;2;20,0;19;7;17;10;6;12;6;1;5;4;4;6;2;3;7;10;2;4;5;1;1;4;5;0;21
10_CAZ_J3_Q1;1;10_CAZ_J3;10;CAZ;3;84;BRE;88;True;False;False;3,3666666666666667;202;0;0;1;1;0;0;0;0;1;1;0;0;0;0;0;0;0;0;0;1;0;0;0;0;-4;0;20,0;19;7;17;10;6;12;6;1;5;4;4;6;2;3;7;10;2;4;5;1;1;4;5;0;21
12_CAZ_J3_Q1;1;12_CAZ_J3;12;CAZ;3;84;BRE;88;True;False;False;3,4833333333333334;209;2;1;3;2;1;3;2;0;0;0;0;0;0;2;1;3;0;0;1;0;0;0;0;0;-4;4;20,0;19;7;17;10;6;12;6;1;5;4;4;6;2;3;7;10;2;4;5;1;1;4;5;0;21
14_CAZ_J3_Q1;1;14_CAZ_J3;14;CAZ;3;84;BRE;88;True;True;False;6,516666666666667;391;0;0;2;2;0;0;0;0;2;2;0;0;0;0;2;2;0;0;1;0;0;0;0;0;7;1;20,0;19;7;17;10;6;12;6;1;5;4;4;6;2;3;7;10;2;4;5;1;1;4;5;0;21
15_CAZ_J3_Q1;1;15_CAZ_J3;15;CAZ;3;84;BRE;88;True;False;False;0,0;0;0;0;0;0;0;0;0;0;0;0;0;0;0;0;0;0;0;0;0;0;0;0;0;0;0;0;20,0;19;7;17;10;6;12;6;1;5;4;4;6;2;3;7;10;2;4;5;1;1;4;5;0;21
20_CAZ_J3_Q1;1;20_CAZ_J3;20;CAZ;3;84;BRE;88;True;True;False;6,516666666666667;391;2;1;1;0;1;1;0;0;0;0;0;0;0;0;2;2;0;0;0;0;0;1;0;0;7;3;20,0;19;7;17;10;6;12;6;1;5;4;4;6;2;3;7;10;2;4;5;1;1;4;5;0;21
CAZ_CAZ_J3_Q1;1;CAZ_CAZ_J3;CAZ;CAZ;3;84;BRE;88;True;False;False;50,0;3000;0;0;0;0;0;0;0;0;0;0;0;0;0;1;0;1;0;0;0;0;0;0;0;0;0;1;20,0;19;7;17;10;6;12;6;1;5;4;4;6;2;3;7;10;2;4;5;1;1;4;5;0;21
0_CAZ_J3_Q2;2;0_CAZ_J3;0;CAZ;3;84;BRE;88;True;False;False;1,1166666666666667;67;0;0;0;0;0;0;0;0;0;0;0;0;0;0;0;0;0;0;0;0;0;0;1;0;5;1;20,0;24;9;16;7;7;10;3;2;6;4;4;7;3;2;4;6;9;3;2;1;1;3;6;1;31
00_CAZ_J3_Q2;2;00_CAZ_J3;00;CAZ;3;84;BRE;88;True;True;False;6,5;390;4;1;2;1;1;2;1;0;0;0;2;3;1;0;1;1;1;1;0;0;0;0;3;0;-9;6;20,0;24;9;16;7;7;10;3;2;6;4;4;7;3;2;4;6;9;3;2;1;1;3;6;1;31
2_CAZ_J3_Q2;2;2_CAZ_J3;2;CAZ;3;84;BRE;88;True;True;False;8,883333333333333;533;1;0;3;3;0;1;1;0;2;2;1;2;1;0;2;2;2;0;0;0;1;0;1;0;-6;1;20,0;24;9;16;7;7;10;3;2;6;4;4;7;3;2;4;6;9;3;2;1;1;3;6;1;31
3_CAZ_J3_Q2;2;3_CAZ_J3;3;CAZ;3;84;BRE;88;True;False;False;3,5;210;5;2;2;0;1;1;0;1;1;0;0;0;0;0;0;0;1;1;0;1;0;0;0;0;6;6;20,0;24;9;16;7;7;10;3;2;6;4;4;7;3;2;4;6;9;3;2;1;1;3;6;1;31
4_CAZ_J3_Q2;2;4_CAZ_J3;4;CAZ;3;84;BRE;88;True;True;False;5,25;315;2;1;1;0;1;1;0;0;0;0;0;0;0;0;0;0;0;0;0;0;0;0;0;0;-6;2;20,0;24;9;16;7;7;10;3;2;6;4;4;7;3;2;4;6;9;3;2;1;1;3;6;1;31
5_CAZ_J3_Q2;2;5_CAZ_J3;5;CAZ;3;84;BRE;88;True;False;False;0,0;0;0;0;0;0;0;0;0;0;0;0;0;0;0;0;0;0;0;0;0;0;0;0;0;0;0;0;20,0;24;9;16;7;7;10;3;2;6;4;4;7;3;2;4;6;9;3;2;1;1;3;6;1;31
7_CAZ_J3_Q2;2;7_CAZ_J3;7;CAZ;3;84;BRE;88;True;False;False;3,5;210;5;2;3;1;1;1;0;1;2;1;0;0;0;0;0;0;2;0;0;0;0;0;0;0;4;6;20,0;24;9;16;7;7;10;3;2;6;4;4;7;3;2;4;6;9;3;2;1;1;3;6;1;31
10_CAZ_J3_Q2;2;10_CAZ_J3;10;CAZ;3;84;BRE;88;True;False;False;3,5;210;0;0;0;0;0;0;0;0;0;0;0;0;0;0;0;0;0;1;2;0;0;1;0;0;6;0;20,0;24;9;16;7;7;10;3;2;6;4;4;7;3;2;4;6;9;3;2;1;1;3;6;1;31
12_CAZ_J3_Q2;2;12_CAZ_J3;12;CAZ;3;84;BRE;88;True;False;False;7,333333333333333;440;6;3;3;0;3;3;0;0;0;0;0;0;0;0;1;1;1;0;0;0;0;1;0;1;-2;7;20,0;24;9;16;7;7;10;3;2;6;4;4;7;3;2;4;6;9;3;2;1;1;3;6;1;31
14_CAZ_J3_Q2;2;14_CAZ_J3;14;CAZ;3;84;BRE;88;True;True;False;2,6666666666666665;160;1;0;0;0;0;0;0;0;0;0;1;2;1;1;0;1;1;0;0;0;0;0;1;0;-1;3;20,0;24;9;16;7;7;10;3;2;6;4;4;7;3;2;4;6;9;3;2;1;1;3;6;1;31
15_CAZ_J3_Q2;2;15_CAZ_J3;15;CAZ;3;84;BRE;88;True;False;False;6,5;390;0;0;2;2;0;1;1;0;1;1;0;0;0;0;0;0;1;0;0;0;0;1;0;0;-9;-2;20,0;24;9;16;7;7;10;3;2;6;4;4;7;3;2;4;6;9;3;2;1;1;3;6;1;31
20_CAZ_J3_Q2;2;20_CAZ_J3;20;CAZ;3;84;BRE;88;True;True;False;1,25;75;0;0;0;0;0;0;0;0;0;0;0;0;0;0;0;0;0;0;0;0;0;0;0;0;-3;0;20,0;24;9;16;7;7;10;3;2;6;4;4;7;3;2;4;6;9;3;2;1;1;3;6;1;31
CAZ_CAZ_J3_Q2;2;CAZ_CAZ_J3;CAZ;CAZ;3;84;BRE;88;True;False;False;50,0;3000;0;0;0;0;0;0;0;0;0;0;0;0;0;1;0;1;0;0;0;0;0;0;0;0;0;1;20,0;24;9;16;7;7;10;3;2;6;4;4;7;3;2;4;6;9;3;2;1;1;3;6;1;31
00_CAZ_J3_Q3;3;00_CAZ_J3;00;CAZ;3;84;BRE;88;True;True;False;5,7;342;2;0;1;1;0;0;0;0;1;1;2;2;0;0;0;0;0;0;0;1;0;0;1;0;2;3;20,0;24;8;16;8;7;9;2;1;7;6;7;8;1;5;7;12;5;6;3;2;0;5;7;0;33
0_CAZ_J3_Q3;3;0_CAZ_J3;0;CAZ;3;84;BRE;88;True;False;False;6,6;396;0;0;0;0;0;0;0;0;0;0;0;0;0;0;1;1;2;0;0;0;0;2;0;0;6;1;20,0;24;8;16;8;7;9;2;1;7;6;7;8;1;5;7;12;5;6;3;2;0;5;7;0;33
2_CAZ_J3_Q3;3;2_CAZ_J3;2;CAZ;3;84;BRE;88;True;True;False;3,4;204;0;0;0;0;0;0;0;0;0;0;0;0;0;0;0;0;2;0;0;0;0;0;0;0;-5;2;20,0;24;8;16;8;7;9;2;1;7;6;7;8;1;5;7;12;5;6;3;2;0;5;7;0;33
3_CAZ_J3_Q3;3;3_CAZ_J3;3;CAZ;3;84;BRE;88;True;False;False;3,433333333333333;206;2;1;2;1;1;1;0;0;1;1;0;0;0;1;1;2;0;1;0;0;0;0;0;0;2;2;20,0;24;8;16;8;7;9;2;1;7;6;7;8;1;5;7;12;5;6;3;2;0;5;7;0;33
4_CAZ_J3_Q3;3;4_CAZ_J3;4;CAZ;3;84;BRE;88;True;True;False;6,566666666666666;394;9;4;6;2;3;3;0;1;3;2;0;0;0;0;0;0;1;2;1;0;0;0;1;0;-1;8;20,0;24;8;16;8;7;9;2;1;7;6;7;8;1;5;7;12;5;6;3;2;0;5;7;0;33
5_CAZ_J3_Q3;3;5_CAZ_J3;5;CAZ;3;84;BRE;88;True;False;False;0,0;0;0;0;0;0;0;0;0;0;0;0;0;0;0;0;0;0;0;0;0;0;0;0;0;0;0;0;20,0;24;8;16;8;7;9;2;1;7;6;7;8;1;5;7;12;5;6;3;2;0;5;7;0;33
7_CAZ_J3_Q3;3;7_CAZ_J3;7;CAZ;3;84;BRE;88;True;False;False;6,6;396;2;0;0;0;0;0;0;0;0;0;2;2;0;0;1;1;0;2;1;0;0;0;1;0;6;3;20,0;24;8;16;8;7;9;2;1;7;6;7;8;1;5;7;12;5;6;3;2;0;5;7;0;33
10_CAZ_J3_Q3;3;10_CAZ_J3;10;CAZ;3;84;BRE;88;True;False;False;0,0;0;0;0;0;0;0;0;0;0;0;0;0;0;0;0;0;0;0;0;0;0;0;0;0;0;0;0;20,0;24;8;16;8;7;9;2;1;7;6;7;8;1;5;7;12;5;6;3;2;0;5;7;0;33
12_CAZ_J3_Q3;3;12_CAZ_J3;12;CAZ;3;84;BRE;88;True;False;False;4,3;258;5;1;1;0;1;1;0;0;0;0;3;4;1;0;0;0;0;0;1;0;0;1;2;0;-1;6;20,0;24;8;16;8;7;9;2;1;7;6;7;8;1;5;7;12;5;6;3;2;0;5;7;0;33
14_CAZ_J3_Q3;3;14_CAZ_J3;14;CAZ;3;84;BRE;88;True;True;False;5,7;342;2;1;2;1;1;2;1;0;0;0;0;0;0;1;1;2;0;0;0;0;0;2;2;0;2;3;20,0;24;8;16;8;7;9;2;1;7;6;7;8;1;5;7;12;5;6;3;2;0;5;7;0;33
15_CAZ_J3_Q3;3;15_CAZ_J3;15;CAZ;3;84;BRE;88;True;False;False;0,0;0;0;0;0;0;0;0;0;0;0;0;0;0;0;0;0;0;0;0;0;0;0;0;0;0;0;0;20,0;24;8;16;8;7;9;2;1;7;6;7;8;1;5;7;12;5;6;3;2;0;5;7;0;33
20_CAZ_J3_Q3;3;20_CAZ_J3;20;CAZ;3;84;BRE;88;True;True;False;7,7;462;2;1;4;3;1;2;1;0;2;2;0;0;0;2;0;2;0;1;0;1;0;0;0;0;-6;1;20,0;24;8;16;8;7;9;2;1;7;6;7;8;1;5;7;12;5;6;3;2;0;5;7;0;33
CAZ_CAZ_J3_Q3;3;CAZ_CAZ_J3;CAZ;CAZ;3;84;BRE;88;True;False;False;50,0;3000;0;0;0;0;0;0;0;0;0;0;0;0;0;1;3;4;0;0;0;0;0;0;0;0;0;4;20,0;24;8;16;8;7;9;2;1;7;6;7;8;1;5;7;12;5;6;3;2;0;5;7;0;33
0_CAZ_J3_Q4;4;0_CAZ_J3;0;CAZ;3;84;BRE;88;True;False;False;1,8166666666666667;109;0;0;1;1;0;0;0;0;1;1;0;0;0;0;1;1;0;0;0;0;0;1;0;0;-5;-1;20,0;17;4;14;10;3;7;4;1;7;6;8;12;4;3;10;13;0;8;3;1;1;8;9;0;12
00_CAZ_J3_Q4;4;00_CAZ_J3;00;CAZ;3;84;BRE;88;True;True;False;8,616666666666667;517;5;1;1;0;1;1;0;0;0;0;3;5;2;1;4;5;0;2;1;0;0;2;4;0;0;9;20,0;17;4;14;10;3;7;4;1;7;6;8;12;4;3;10;13;0;8;3;1;1;8;9;0;12
2_CAZ_J3_Q4;4;2_CAZ_J3;2;CAZ;3;84;BRE;88;True;True;False;8,183333333333334;491;5;1;3;2;0;1;1;1;2;1;2;4;2;0;1;1;0;2;1;0;1;0;2;0;0;2;20,0;17;4;14;10;3;7;4;1;7;6;8;12;4;3;10;13;0;8;3;1;1;8;9;0;12
3_CAZ_J3_Q4;4;3_CAZ_J3;3;CAZ;3;84;BRE;88;True;False;False;5,55;333;3;1;3;2;1;1;0;0;2;2;1;1;0;0;0;0;0;0;0;0;0;1;1;0;-12;1;20,0;17;4;14;10;3;7;4;1;7;6;8;12;4;3;10;13;0;8;3;1;1;8;9;0;12
4_CAZ_J3_Q4;4;4_CAZ_J3;4;CAZ;3;84;BRE;88;True;True;False;8,183333333333334;491;4;1;2;1;1;1;0;0;1;1;2;2;0;0;0;0;0;2;1;0;0;2;1;0;0;1;20,0;17;4;14;10;3;7;4;1;7;6;8;12;4;3;10;13;0;8;3;1;1;8;9;0;12
5_CAZ_J3_Q4;4;5_CAZ_J3;5;CAZ;3;84;BRE;88;True;False;False;0,0;0;0;0;0;0;0;0;0;0;0;0;0;0;0;0;0;0;0;0;0;0;0;0;0;0;0;0;20,0;17;4;14;10;3;7;4;1;7;6;8;12;4;3;10;13;0;8;3;1;1;8;9;0;12
7_CAZ_J3_Q4;4;7_CAZ_J3;7;CAZ;3;84;BRE;88;True;False;False;6,266666666666667;376;0;0;1;1;0;0;0;0;1;1;0;0;0;2;1;3;0;0;0;1;0;0;0;0;2;3;20,0;17;4;14;10;3;7;4;1;7;6;8;12;4;3;10;13;0;8;3;1;1;8;9;0;12
10_CAZ_J3_Q4;4;10_CAZ_J3;10;CAZ;3;84;BRE;88;True;False;False;0,0;0;0;0;0;0;0;0;0;0;0;0;0;0;0;0;0;0;0;0;0;0;0;0;0;0;0;0;20,0;17;4;14;10;3;7;4;1;7;6;8;12;4;3;10;13;0;8;3;1;1;8;9;0;12
12_CAZ_J3_Q4;4;12_CAZ_J3;12;CAZ;3;84;BRE;88;True;False;False;6,383333333333334;383;0;0;3;3;0;3;3;0;0;0;0;0;0;0;2;2;0;1;0;0;0;1;0;0;0;-3;20,0;17;4;14;10;3;7;4;1;7;6;8;12;4;3;10;13;0;8;3;1;1;8;9;0;12
14_CAZ_J3_Q4;4;14_CAZ_J3;14;CAZ;3;84;BRE;88;True;True;False;3,6166666666666667;217;0;0;0;0;0;0;0;0;0;0;0;0;0;0;1;1;0;1;0;0;0;1;1;0;-5;0;20,0;17;4;14;10;3;7;4;1;7;6;8;12;4;3;10;13;0;8;3;1;1;8;9;0;12
15_CAZ_J3_Q4;4;15_CAZ_J3;15;CAZ;3;84;BRE;88;True;False;False;0,0;0;0;0;0;0;0;0;0;0;0;0;0;0;0;0;0;0;0;0;0;0;0;0;0;0;0;0;20,0;17;4;14;10;3;7;4;1;7;6;8;12;4;3;10;13;0;8;3;1;1;8;9;0;12
20_CAZ_J3_Q4;4;20_CAZ_J3;20;CAZ;3;84;BRE;88;True;True;False;1,3833333333333333;83;0;0;0;0;0;0;0;0;0;0;0;0;0;0;0;0;0;0;0;0;0;0;0;0;-5;0;20,0;17;4;14;10;3;7;4;1;7;6;8;12;4;3;10;13;0;8;3;1;1;8;9;0;12
CAZ_CAZ_J3_Q4;4;CAZ_CAZ_J3;CAZ;CAZ;3;84;BRE;88;True;False;False;50,0;3000;0;0;0;0;0;0;0;0;0;0;0;0;0;0;0;0;0;0;0;0;0;0;0;0;0;0;20,0;17;4;14;10;3;7;4;1;7;6;8;12;4;3;10;13;0;8;3;1;1;8;9;0;12
0_BRE_J3_Q1;1;0_BRE_J3;0;BRE;3;88;CAZ;84;False;False;True;4,616666666666666;277;2;1;2;1;1;1;0;0;1;1;0;0;0;1;0;1;0;0;0;0;0;1;0;1;2;1;20,0;16;7;15;8;5;9;4;2;6;4;0;2;2;1;9;10;3;7;3;1;1;5;4;1;14
1_BRE_J3_Q1;1;1_BRE_J3;1;BRE;3;88;CAZ;84;False;True;True;8,516666666666667;511;0;0;2;2;0;1;1;0;1;1;0;0;0;0;4;4;1;2;0;0;0;0;2;0;-2;3;20,0;16;7;15;8;5;9;4;2;6;4;0;2;2;1;9;10;3;7;3;1;1;5;4;1;14
4_BRE_J3_Q1;1;4_BRE_J3;4;BRE;3;88;CAZ;84;False;True;True;4,2;252;2;1;3;2;1;3;2;0;0;0;0;2;2;0;1;1;1;0;0;0;0;2;1;0;-3;-1;20,0;16;7;15;8;5;9;4;2;6;4;0;2;2;1;9;10;3;7;3;1;1;5;4;1;14
8_BRE_J3_Q1;1;8_BRE_J3;8;BRE;3;88;CAZ;84;False;False;True;1,4833333333333334;89;0;0;0;0;0;0;0;0;0;0;0;0;0;0;0;0;0;0;0;0;0;0;0;0;-1;0;20,0;16;7;15;8;5;9;4;2;6;4;0;2;2;1;9;10;3;7;3;1;1;5;4;1;14
10_BRE_J3_Q1;1;10_BRE_J3;10;BRE;3;88;CAZ;84;False;False;True;3,4833333333333334;209;3;1;3;2;0;0;0;1;3;2;0;0;0;0;0;0;0;0;0;0;0;0;0;0;4;1;20,0;16;7;15;8;5;9;4;2;6;4;0;2;2;1;9;10;3;7;3;1;1;5;4;1;14
17_BRE_J3_Q1;1;17_BRE_J3;17;BRE;3;88;CAZ;84;False;False;True;1,4833333333333334;89;0;0;0;0;0;0;0;0;0;0;0;0;0;0;1;1;0;0;0;0;0;0;0;0;-1;1;20,0;16;7;15;8;5;9;4;2;6;4;0;2;2;1;9;10;3;7;3;1;1;5;4;1;14
18_BRE_J3_Q1;1;18_BRE_J3;18;BRE;3;88;CAZ;84;False;True;True;4,2;252;2;1;1;0;1;1;0;0;0;0;0;0;0;0;0;0;0;1;1;0;0;1;0;0;-3;1;20,0;16;7;15;8;5;9;4;2;6;4;0;2;2;1;9;10;3;7;3;1;1;5;4;1;14
19_BRE_J3_Q1;1;19_BRE_J3;19;BRE;3;88;CAZ;84;False;False;True;5,8;348;5;2;2;0;1;1;0;1;1;0;0;0;0;0;0;0;1;2;1;0;0;0;1;0;0;6;20,0;16;7;15;8;5;9;4;2;6;4;0;2;2;1;9;10;3;7;3;1;1;5;4;1;14
22_BRE_J3_Q1;1;22_BRE_J3;22;BRE;3;88;CAZ;84;False;False;True;4,316666666666666;259;0;0;1;1;0;1;1;0;0;0;0;0;0;0;1;1;0;0;1;1;1;0;0;0;1;1;20,0;16;7;15;8;5;9;4;2;6;4;0;2;2;1;9;10;3;7;3;1;1;5;4;1;14
23_BRE_J3_Q1;1;23_BRE_J3;23;BRE;3;88;CAZ;84;False;False;True;0,0;0;0;0;0;0;0;0;0;0;0;0;0;0;0;0;0;0;0;0;0;0;0;0;0;0;0;0;20,0;16;7;15;8;5;9;4;2;6;4;0;2;2;1;9;10;3;7;3;1;1;5;4;1;14
37_BRE_J3_Q1;1;37_BRE_J3;37;BRE;3;88;CAZ;84;False;True;True;5,383333333333334;323;0;0;0;0;0;0;0;0;0;0;0;0;0;0;1;1;0;0;0;0;0;1;0;0;-5;0;20,0;16;7;15;8;5;9;4;2;6;4;0;2;2;1;9;10;3;7;3;1;1;5;4;1;14
47_BRE_J3_Q1;1;47_BRE_J3;47;BRE;3;88;CAZ;84;False;True;True;6,516666666666667;391;2;1;1;0;1;1;0;0;0;0;0;0;0;0;1;1;0;2;0;0;0;0;0;0;-7;1;20,0;16;7;15;8;5;9;4;2;6;4;0;2;2;1;9;10;3;7;3;1;1;5;4;1;14
BRE_BRE_J3_Q1;1;BRE_BRE_J3;BRE;BRE;3;88;CAZ;84;False;False;True;50,0;3000;0;0;0;0;0;0;0;0;0;0;0;0;0;0;0;0;0;0;0;0;0;0;0;0;0;0;20,0;16;7;15;8;5;9;4;2;6;4;0;2;2;1;9;10;3;7;3;1;1;5;4;1;14
0_BRE_J3_Q2;2;0_BRE_J3;0;BRE;3;88;CAZ;84;False;False;True;2,9833333333333334;179;0;0;0;0;0;0;0;0;0;0;0;0;0;0;1;1;0;0;0;0;0;1;0;0;-4;0;20,0;27;12;19;7;11;14;3;1;5;4;2;2;0;3;7;10;7;3;1;1;1;6;3;1;32
1_BRE_J3_Q2;2;1_BRE_J3;1;BRE;3;88;CAZ;84;False;True;True;1,25;75;2;1;1;0;1;1;0;0;0;0;0;0;0;0;0;0;0;0;0;0;0;0;0;0;3;2;20,0;27;12;19;7;11;14;3;1;5;4;2;2;0;3;7;10;7;3;1;1;1;6;3;1;32
4_BRE_J3_Q2;2;4_BRE_J3;4;BRE;3;88;CAZ;84;False;True;True;5,866666666666666;352;8;4;5;1;4;4;0;0;1;1;0;0;0;0;0;0;0;0;0;0;0;0;1;0;4;8;20,0;27;12;19;7;11;14;3;1;5;4;2;2;0;3;7;10;7;3;1;1;1;6;3;1;32
8_BRE_J3_Q2;2;8_BRE_J3;8;BRE;3;88;CAZ;84;False;False;True;3,5;210;2;0;1;1;0;1;1;0;0;0;2;2;0;0;0;0;0;0;0;0;1;0;1;0;-6;1;20,0;27;12;19;7;11;14;3;1;5;4;2;2;0;3;7;10;7;3;1;1;1;6;3;1;32
10_BRE_J3_Q2;2;10_BRE_J3;10;BRE;3;88;CAZ;84;False;False;True;3,5;210;2;1;1;0;1;1;0;0;0;0;0;0;0;1;1;2;2;2;0;0;0;0;0;0;-6;4;20,0;27;12;19;7;11;14;3;1;5;4;2;2;0;3;7;10;7;3;1;1;1;6;3;1;32
17_BRE_J3_Q2;2;17_BRE_J3;17;BRE;3;88;CAZ;84;False;False;True;8,75;525;2;1;2;1;1;1;0;0;1;1;0;0;0;0;1;1;0;1;0;0;0;1;0;0;0;0;20,0;27;12;19;7;11;14;3;1;5;4;2;2;0;3;7;10;7;3;1;1;1;6;3;1;32
18_BRE_J3_Q2;2;18_BRE_J3;18;BRE;3;88;CAZ;84;False;True;True;3,4833333333333334;209;2;1;1;0;1;1;0;0;0;0;0;0;0;0;1;1;0;0;0;1;0;0;0;0;5;4;20,0;27;12;19;7;11;14;3;1;5;4;2;2;0;3;7;10;7;3;1;1;1;6;3;1;32
19_BRE_J3_Q2;2;19_BRE_J3;19;BRE;3;88;CAZ;84;False;False;True;4,133333333333334;248;0;0;1;1;0;1;1;0;0;0;0;0;0;0;1;1;2;0;1;0;0;1;0;0;-1;2;20,0;27;12;19;7;11;14;3;1;5;4;2;2;0;3;7;10;7;3;1;1;1;6;3;1;32
22_BRE_J3_Q2;2;22_BRE_J3;22;BRE;3;88;CAZ;84;False;False;True;3,0166666666666666;181;6;3;4;1;3;3;0;0;1;1;0;0;0;0;0;0;1;0;0;0;0;1;0;1;4;5;20,0;27;12;19;7;11;14;3;1;5;4;2;2;0;3;7;10;7;3;1;1;1;6;3;1;32
23_BRE_J3_Q2;2;23_BRE_J3;23;BRE;3;88;CAZ;84;False;False;True;0,0;0;0;0;0;0;0;0;0;0;0;0;0;0;0;0;0;0;0;0;0;0;0;0;0;0;0;0;20,0;27;12;19;7;11;14;3;1;5;4;2;2;0;3;7;10;7;3;1;1;1;6;3;1;32
37_BRE_J3_Q2;2;37_BRE_J3;37;BRE;3;88;CAZ;84;False;True;True;7,016666666666667;421;3;1;3;2;0;1;1;1;2;1;0;0;0;1;1;2;0;0;0;0;0;1;1;0;7;3;20,0;27;12;19;7;11;14;3;1;5;4;2;2;0;3;7;10;7;3;1;1;1;6;3;1;32
47_BRE_J3_Q2;2;47_BRE_J3;47;BRE;3;88;CAZ;84;False;True;True;6,5;390;0;0;0;0;0;0;0;0;0;0;0;0;0;1;1;2;2;0;0;0;0;1;0;0;9;3;20,0;27;12;19;7;11;14;3;1;5;4;2;2;0;3;7;10;7;3;1;1;1;6;3;1;32
BRE_BRE_J3_Q2;2;BRE_BRE_J3;BRE;BRE;3;88;CAZ;84;False;False;True;50,0;3000;0;0;0;0;0;0;0;0;0;0;0;0;0;0;0;0;0;0;0;0;0;0;0;0;0;0;20,0;27;12;19;7;11;14;3;1;5;4;2;2;0;3;7;10;7;3;1;1;1;6;3;1;32
0_BRE_J3_Q3;3;0_BRE_J3;0;BRE;3;88;CAZ;84;False;False;True;2,25;135;0;0;0;0;0;0;0;0;0;0;0;0;0;0;0;0;0;1;1;0;0;1;0;0;-2;-1;20,0;23;7;16;9;3;6;3;4;10;6;5;6;1;3;2;5;5;4;5;0;2;7;5;0;20
1_BRE_J3_Q3;3;1_BRE_J3;1;BRE;3;88;CAZ;84;False;True;True;4,866666666666666;292;0;0;1;1;0;0;0;0;1;1;0;0;0;0;1;1;0;1;0;0;0;1;0;0;-2;-2;20,0;23;7;16;9;3;6;3;4;10;6;5;6;1;3;2;5;5;4;5;0;2;7;5;0;20
4_BRE_J3_Q3;3;4_BRE_J3;4;BRE;3;88;CAZ;84;False;True;True;3,4;204;2;1;2;1;1;2;1;0;0;0;0;0;0;0;0;0;2;0;0;0;1;0;0;0;5;2;20,0;23;7;16;9;3;6;3;4;10;6;5;6;1;3;2;5;5;4;5;0;2;7;5;0;20
8_BRE_J3_Q3;3;8_BRE_J3;8;BRE;3;88;CAZ;84;False;False;True;6,366666666666666;382;0;0;1;1;0;1;1;0;0;0;0;0;0;0;1;1;1;1;0;0;1;0;0;0;-6;-1;20,0;23;7;16;9;3;6;3;4;10;6;5;6;1;3;2;5;5;4;5;0;2;7;5;0;20
10_BRE_J3_Q3;3;10_BRE_J3;10;BRE;3;88;CAZ;84;False;False;True;3,433333333333333;206;0;0;1;1;0;0;0;0;1;1;0;0;0;0;0;0;0;0;0;0;0;0;0;0;-2;-1;20,0;23;7;16;9;3;6;3;4;10;6;5;6;1;3;2;5;5;4;5;0;2;7;5;0;20
17_BRE_J3_Q3;3;17_BRE_J3;17;BRE;3;88;CAZ;84;False;False;True;5,133333333333334;308;5;2;2;0;2;2;0;0;0;0;1;2;1;0;0;0;0;0;1;0;0;2;1;0;1;4;20,0;23;7;16;9;3;6;3;4;10;6;5;6;1;3;2;5;5;4;5;0;2;7;5;0;20
18_BRE_J3_Q3;3;18_BRE_J3;18;BRE;3;88;CAZ;84;False;True;True;1,7333333333333334;104;2;0;0;0;0;0;0;0;0;0;2;2;0;1;0;1;0;0;0;0;0;2;1;0;3;2;20,0;23;7;16;9;3;6;3;4;10;6;5;6;1;3;2;5;5;4;5;0;2;7;5;0;20
19_BRE_J3_Q3;3;19_BRE_J3;19;BRE;3;88;CAZ;84;False;False;True;6,6;396;2;0;2;2;0;1;1;0;1;1;2;2;0;0;0;0;1;0;0;0;0;0;2;0;-6;3;20,0;23;7;16;9;3;6;3;4;10;6;5;6;1;3;2;5;5;4;5;0;2;7;5;0;20
22_BRE_J3_Q3;3;22_BRE_J3;22;BRE;3;88;CAZ;84;False;False;True;1,9;114;0;0;0;0;0;0;0;0;0;0;0;0;0;0;0;0;0;0;0;0;0;1;0;0;2;-1;20,0;23;7;16;9;3;6;3;4;10;6;5;6;1;3;2;5;5;4;5;0;2;7;5;0;20
23_BRE_J3_Q3;3;23_BRE_J3;23;BRE;3;88;CAZ;84;False;False;True;0,0;0;0;0;0;0;0;0;0;0;0;0;0;0;0;0;0;0;0;0;0;0;0;0;0;0;0;0;20,0;23;7;16;9;3;6;3;4;10;6;5;6;1;3;2;5;5;4;5;0;2;7;5;0;20
37_BRE_J3_Q3;3;37_BRE_J3;37;BRE;3;88;CAZ;84;False;True;True;7,75;465;9;3;3;0;0;0;0;3;3;0;0;0;0;1;0;1;0;1;2;0;0;0;0;0;1;11;20,0;23;7;16;9;3;6;3;4;10;6;5;6;1;3;2;5;5;4;5;0;2;7;5;0;20
47_BRE_J3_Q3;3;47_BRE_J3;47;BRE;3;88;CAZ;84;False;True;True;6,566666666666666;394;3;1;4;3;0;0;0;1;4;3;0;0;0;0;0;0;1;0;1;0;0;0;1;0;1;3;20,0;23;7;16;9;3;6;3;4;10;6;5;6;1;3;2;5;5;4;5;0;2;7;5;0;20
BRE_BRE_J3_Q3;3;BRE_BRE_J3;BRE;BRE;3;88;CAZ;84;False;False;True;50,0;3000;0;0;0;0;0;0;0;0;0;0;0;0;0;1;0;1;0;0;0;0;0;0;0;0;0;1;20,0;23;7;16;9;3;6;3;4;10;6;5;6;1;3;2;5;5;4;5;0;2;7;5;0;20
0_BRE_J3_Q4;4;0_BRE_J3;0;BRE;3;88;CAZ;84;False;False;True;7,216666666666667;433;2;1;2;1;1;2;1;0;0;0;0;2;2;0;1;1;0;0;4;0;0;2;1;1;6;3;20,0;22;6;16;10;4;11;7;2;5;3;8;12;4;2;8;10;4;3;5;1;1;9;8;1;23
1_BRE_J3_Q4;4;1_BRE_J3;1;BRE;3;88;CAZ;84;False;True;True;0,0;0;0;0;0;0;0;0;0;0;0;0;0;0;0;0;0;0;0;0;0;0;0;0;0;0;0;0;20,0;22;6;16;10;4;11;7;2;5;3;8;12;4;2;8;10;4;3;5;1;1;9;8;1;23
4_BRE_J3_Q4;4;4_BRE_J3;4;BRE;3;88;CAZ;84;False;True;True;9,883333333333333;593;4;0;5;5;0;4;4;0;1;1;4;4;0;0;0;0;3;2;0;0;0;2;2;0;3;0;20,0;22;6;16;10;4;11;7;2;5;3;8;12;4;2;8;10;4;3;5;1;1;9;8;1;23
8_BRE_J3_Q4;4;8_BRE_J3;8;BRE;3;88;CAZ;84;False;False;True;0,0;0;0;0;0;0;0;0;0;0;0;0;0;0;0;0;0;0;0;0;0;0;0;0;0;0;0;0;20,0;22;6;16;10;4;11;7;2;5;3;8;12;4;2;8;10;4;3;5;1;1;9;8;1;23
10_BRE_J3_Q4;4;10_BRE_J3;10;BRE;3;88;CAZ;84;False;False;True;8,1;486;7;2;2;0;1;1;0;1;1;0;2;2;0;0;1;1;1;0;0;0;0;2;2;0;7;9;20,0;22;6;16;10;4;11;7;2;5;3;8;12;4;2;8;10;4;3;5;1;1;9;8;1;23
17_BRE_J3_Q4;4;17_BRE_J3;17;BRE;3;88;CAZ;84;False;False;True;7,333333333333333;440;3;1;1;0;0;0;0;1;1;0;0;0;0;0;0;0;0;0;0;0;0;0;0;0;8;3;20,0;22;6;16;10;4;11;7;2;5;3;8;12;4;2;8;10;4;3;5;1;1;9;8;1;23
18_BRE_J3_Q4;4;18_BRE_J3;18;BRE;3;88;CAZ;84;False;True;True;8,216666666666667;493;2;1;2;1;1;2;1;0;0;0;0;2;2;1;4;5;0;1;0;1;0;1;2;0;9;5;20,0;22;6;16;10;4;11;7;2;5;3;8;12;4;2;8;10;4;3;5;1;1;9;8;1;23
19_BRE_J3_Q4;4;19_BRE_J3;19;BRE;3;88;CAZ;84;False;False;True;0,11666666666666667;7;0;0;0;0;0;0;0;0;0;0;0;0;0;0;0;0;0;0;0;0;0;0;0;0;2;0;20,0;22;6;16;10;4;11;7;2;5;3;8;12;4;2;8;10;4;3;5;1;1;9;8;1;23
22_BRE_J3_Q4;4;22_BRE_J3;22;BRE;3;88;CAZ;84;False;False;True;1,7833333333333334;107;2;1;2;1;1;2;1;0;0;0;0;0;0;1;0;1;0;0;0;0;1;1;0;0;-4;0;20,0;22;6;16;10;4;11;7;2;5;3;8;12;4;2;8;10;4;3;5;1;1;9;8;1;23
23_BRE_J3_Q4;4;23_BRE_J3;23;BRE;3;88;CAZ;84;False;False;True;0,0;0;0;0;0;0;0;0;0;0;0;0;0;0;0;0;0;0;0;0;0;0;0;0;0;0;0;0;20,0;22;6;16;10;4;11;7;2;5;3;8;12;4;2;8;10;4;3;5;1;1;9;8;1;23
37_BRE_J3_Q4;4;37_BRE_J3;37;BRE;3;88;CAZ;84;False;True;True;2,783333333333333;167;0;0;2;2;0;0;0;0;2;2;0;0;0;0;1;1;0;0;0;0;0;1;0;0;-1;-2;20,0;22;6;16;10;4;11;7;2;5;3;8;12;4;2;8;10;4;3;5;1;1;9;8;1;23
47_BRE_J3_Q4;4;47_BRE_J3;47;BRE;3;88;CAZ;84;False;True;True;4,566666666666666;274;2;0;0;0;0;0;0;0;0;0;2;2;0;0;1;1;0;0;1;0;0;0;1;0;-5;5;20,0;22;6;16;10;4;11;7;2;5;3;8;12;4;2;8;10;4;3;5;1;1;9;8;1;23
BRE_BRE_J3_Q4;4;BRE_BRE_J3;BRE;BRE;3;88;CAZ;84;False;False;True;50,0;3000;0;0;0;0;0;0;0;0;0;0;0;0;0;0;0;0;0;0;0;0;0;0;0;0;0;0;20,0;22;6;16;10;4;11;7;2;5;3;8;12;4;2;8;10;4;3;5;1;1;9;8;1;23
0_JOV_J3_Q1;1;0_JOV_J3;0;JOV;3;101;SBB;69;True;False;True;3,9;234;2;1;1;0;1;1;0;0;0;0;0;0;0;0;0;0;1;0;0;0;0;0;0;0;15;3;20,0;31;10;19;9;6;12;6;4;7;3;7;9;2;4;11;15;8;2;4;1;0;5;7;1;48
1_JOV_J3_Q1;1;1_JOV_J3;1;JOV;3;101;SBB;69;True;False;True;5,133333333333334;308;0;0;1;1;0;0;0;0;1;1;0;0;0;1;3;4;1;0;0;0;0;1;1;0;13;4;20,0;31;10;19;9;6;12;6;4;7;3;7;9;2;4;11;15;8;2;4;1;0;5;7;1;48
9_JOV_J3_Q1;1;9_JOV_J3;9;JOV;3;101;SBB;69;True;False;True;5,233333333333333;314;10;2;2;0;1;1;0;1;1;0;5;6;1;0;2;2;2;0;1;0;0;0;4;0;15;18;20,0;31;10;19;9;6;12;6;4;7;3;7;9;2;4;11;15;8;2;4;1;0;5;7;1;48
12_JOV_J3_Q1;1;12_JOV_J3;12;JOV;3;101;SBB;69;True;True;True;6,4;384;0;0;0;0;0;0;0;0;0;0;0;0;0;0;1;1;1;0;0;0;0;0;0;0;21;2;20,0;31;10;19;9;6;12;6;4;7;3;7;9;2;4;11;15;8;2;4;1;0;5;7;1;48
16_JOV_J3_Q1;1;16_JOV_J3;16;JOV;3;101;SBB;69;True;False;True;3,6;216;3;1;1;0;0;0;0;1;1;0;0;0;0;0;0;0;0;2;1;0;0;1;0;0;4;1;20,0;31;10;19;9;6;12;6;4;7;3;7;9;2;4;11;15;8;2;4;1;0;5;7;1;48
17_JOV_J3_Q1;1;17_JOV_J3;17;JOV;3;101;SBB;69;True;True;True;6,1;366;5;2;5;3;1;3;2;1;2;1;0;0;0;0;0;0;1;0;0;0;0;0;0;0;10;3;20,0;31;10;19;9;6;12;6;4;7;3;7;9;2;4;11;15;8;2;4;1;0;5;7;1;48
21_JOV_J3_Q1;1;21_JOV_J3;21;JOV;3;101;SBB;69;True;False;True;0,0;0;0;0;0;0;0;0;0;0;0;0;0;0;0;0;0;0;0;0;0;0;0;0;0;0;0;0;20,0;31;10;19;9;6;12;6;4;7;3;7;9;2;4;11;15;8;2;4;1;0;5;7;1;48
24_JOV_J3_Q1;1;24_JOV_J3;24;JOV;3;101;SBB;69;True;True;True;4,866666666666666;292;3;1;4;3;0;2;2;1;2;1;0;0;0;0;1;1;0;0;2;0;0;1;0;0;12;2;20,0;31;10;19;9;6;12;6;4;7;3;7;9;2;4;11;15;8;2;4;1;0;5;7;1;48
32_JOV_J3_Q1;1;32_JOV_J3;32;JOV;3;101;SBB;69;True;False;True;0,0;0;0;0;0;0;0;0;0;0;0;0;0;0;0;0;0;0;0;0;0;0;0;0;0;0;0;0;20,0;31;10;19;9;6;12;6;4;7;3;7;9;2;4;11;15;8;2;4;1;0;5;7;1;48
35_JOV_J3_Q1;1;35_JOV_J3;35;JOV;3;101;SBB;69;True;True;True;6,216666666666667;373;4;2;3;1;2;3;1;0;0;0;0;0;0;1;1;2;2;0;0;0;0;1;0;1;13;6;20,0;31;10;19;9;6;12;6;4;7;3;7;9;2;4;11;15;8;2;4;1;0;5;7;1;48
44_JOV_J3_Q1;1;44_JOV_J3;44;JOV;3;101;SBB;69;True;False;True;3,783333333333333;227;4;1;2;1;1;2;1;0;0;0;2;3;1;0;1;1;0;0;0;0;0;0;2;0;12;5;20,0;31;10;19;9;6;12;6;4;7;3;7;9;2;4;11;15;8;2;4;1;0;5;7;1;48
88_JOV_J3_Q1;1;88_JOV_J3;88;JOV;3;101;SBB;69;True;True;True;4,766666666666667;286;0;0;0;0;0;0;0;0;0;0;0;0;0;0;0;0;0;0;0;1;0;1;0;0;10;0;20,0;31;10;19;9;6;12;6;4;7;3;7;9;2;4;11;15;8;2;4;1;0;5;7;1;48
JOV_JOV_J3_Q1;1;JOV_JOV_J3;JOV;JOV;3;101;SBB;69;True;False;True;50,0;3000;0;0;0;0;0;0;0;0;0;0;0;0;0;2;2;4;0;0;0;0;0;0;0;0;0;4;20,0;31;10;19;9;6;12;6;4;7;3;7;9;2;4;11;15;8;2;4;1;0;5;7;1;48
0_JOV_J3_Q2;2;0_JOV_J3;0;JOV;3;101;SBB;69;True;False;True;4,8;288;1;0;0;0;0;0;0;0;0;0;1;2;1;0;1;1;1;0;0;0;0;0;2;0;-11;4;20,0;18;7;16;9;4;10;6;3;6;3;1;3;2;1;6;7;4;3;0;0;1;5;3;0;12
1_JOV_J3_Q2;2;1_JOV_J3;1;JOV;3;101;SBB;69;True;False;True;4,65;279;5;2;5;3;1;2;1;1;3;2;0;0;0;0;0;0;0;0;0;0;0;0;0;0;-9;2;20,0;18;7;16;9;4;10;6;3;6;3;1;3;2;1;6;7;4;3;0;0;1;5;3;0;12
9_JOV_J3_Q2;2;9_JOV_J3;9;JOV;3;101;SBB;69;True;False;True;5,133333333333334;308;0;0;1;1;0;0;0;0;1;1;0;1;1;0;1;1;1;1;0;0;0;0;0;0;-11;-1;20,0;18;7;16;9;4;10;6;3;6;3;1;3;2;1;6;7;4;3;0;0;1;5;3;0;12
12_JOV_J3_Q2;2;12_JOV_J3;12;JOV;3;101;SBB;69;True;True;True;4,15;249;0;0;0;0;0;0;0;0;0;0;0;0;0;0;0;0;0;1;0;0;0;1;0;0;-1;-2;20,0;18;7;16;9;4;10;6;3;6;3;1;3;2;1;6;7;4;3;0;0;1;5;3;0;12
16_JOV_J3_Q2;2;16_JOV_J3;16;JOV;3;101;SBB;69;True;False;True;5,85;351;0;0;0;0;0;0;0;0;0;0;0;0;0;0;0;0;1;0;0;0;0;0;0;0;-10;1;20,0;18;7;16;9;4;10;6;3;6;3;1;3;2;1;6;7;4;3;0;0;1;5;3;0;12
17_JOV_J3_Q2;2;17_JOV_J3;17;JOV;3;101;SBB;69;True;True;True;4,45;267;5;2;2;0;1;1;0;1;1;0;0;0;0;0;0;0;0;0;0;0;0;2;0;0;3;3;20,0;18;7;16;9;4;10;6;3;6;3;1;3;2;1;6;7;4;3;0;0;1;5;3;0;12
21_JOV_J3_Q2;2;21_JOV_J3;21;JOV;3;101;SBB;69;True;False;True;0,0;0;0;0;0;0;0;0;0;0;0;0;0;0;0;0;0;0;0;0;0;0;0;0;0;0;0;0;20,0;18;7;16;9;4;10;6;3;6;3;1;3;2;1;6;7;4;3;0;0;1;5;3;0;12
24_JOV_J3_Q2;2;24_JOV_J3;24;JOV;3;101;SBB;69;True;True;True;6,1;366;3;1;3;2;0;2;2;1;1;0;0;0;0;0;0;0;1;0;0;0;1;0;1;0;-5;2;20,0;18;7;16;9;4;10;6;3;6;3;1;3;2;1;6;7;4;3;0;0;1;5;3;0;12
32_JOV_J3_Q2;2;32_JOV_J3;32;JOV;3;101;SBB;69;True;False;True;0,0;0;0;0;0;0;0;0;0;0;0;0;0;0;0;0;0;0;0;0;0;0;0;0;0;0;0;0;20,0;18;7;16;9;4;10;6;3;6;3;1;3;2;1;6;7;4;3;0;0;1;5;3;0;12
35_JOV_J3_Q2;2;35_JOV_J3;35;JOV;3;101;SBB;69;True;True;True;3,933333333333333;236;2;1;2;1;1;2;1;0;0;0;0;0;0;1;0;1;0;0;0;0;0;1;0;0;-5;1;20,0;18;7;16;9;4;10;6;3;6;3;1;3;2;1;6;7;4;3;0;0;1;5;3;0;12
44_JOV_J3_Q2;2;44_JOV_J3;44;JOV;3;101;SBB;69;True;False;True;6,066666666666666;364;0;0;1;1;0;1;1;0;0;0;0;0;0;0;2;2;0;1;0;0;0;1;0;0;-6;-1;20,0;18;7;16;9;4;10;6;3;6;3;1;3;2;1;6;7;4;3;0;0;1;5;3;0;12
88_JOV_J3_Q2;2;88_JOV_J3;88;JOV;3;101;SBB;69;True;True;True;4,866666666666666;292;2;1;2;1;1;2;1;0;0;0;0;0;0;0;0;0;0;0;0;0;0;0;0;0;0;1;20,0;18;7;16;9;4;10;6;3;6;3;1;3;2;1;6;7;4;3;0;0;1;5;3;0;12
JOV_JOV_J3_Q2;2;JOV_JOV_J3;JOV;JOV;3;101;SBB;69;True;False;True;50,0;3000;0;0;0;0;0;0;0;0;0;0;0;0;0;0;2;2;0;0;0;0;0;0;0;0;0;2;20,0;18;7;16;9;4;10;6;3;6;3;1;3;2;1;6;7;4;3;0;0;1;5;3;0;12
0_JOV_J3_Q3;3;0_JOV_J3;0;JOV;3;101;SBB;69;True;False;True;0,0;0;0;0;0;0;0;0;0;0;0;0;0;0;0;0;0;0;0;0;0;0;0;0;0;0;0;0;20,0;24;10;17;7;10;13;3;0;4;4;4;5;1;3;7;10;8;1;1;1;0;6;5;3;34
1_JOV_J3_Q3;3;1_JOV_J3;1;JOV;3;101;SBB;69;True;False;True;4,366666666666666;262;2;1;4;3;1;3;2;0;1;1;0;0;0;0;2;2;1;0;0;0;0;3;0;1;-4;-1;20,0;24;10;17;7;10;13;3;0;4;4;4;5;1;3;7;10;8;1;1;1;0;6;5;3;34
9_JOV_J3_Q3;3;9_JOV_J3;9;JOV;3;101;SBB;69;True;False;True;4,716666666666667;283;0;0;0;0;0;0;0;0;0;0;0;0;0;0;1;1;3;0;0;0;0;1;1;0;-5;4;20,0;24;10;17;7;10;13;3;0;4;4;4;5;1;3;7;10;8;1;1;1;0;6;5;3;34
12_JOV_J3_Q3;3;12_JOV_J3;12;JOV;3;101;SBB;69;True;True;True;5,633333333333334;338;1;0;1;1;0;0;0;0;1;1;1;1;0;0;1;1;0;0;1;0;0;0;1;0;10;3;20,0;24;10;17;7;10;13;3;0;4;4;4;5;1;3;7;10;8;1;1;1;0;6;5;3;34
16_JOV_J3_Q3;3;16_JOV_J3;16;JOV;3;101;SBB;69;True;False;True;3,2333333333333334;194;0;0;0;0;0;0;0;0;0;0;0;0;0;0;0;0;1;0;0;0;0;0;0;0;5;1;20,0;24;10;17;7;10;13;3;0;4;4;4;5;1;3;7;10;8;1;1;1;0;6;5;3;34
17_JOV_J3_Q3;3;17_JOV_J3;17;JOV;3;101;SBB;69;True;True;True;5,633333333333334;338;0;0;0;0;0;0;0;0;0;0;0;0;0;0;0;0;0;0;0;0;0;0;0;0;10;0;20,0;24;10;17;7;10;13;3;0;4;4;4;5;1;3;7;10;8;1;1;1;0;6;5;3;34
21_JOV_J3_Q3;3;21_JOV_J3;21;JOV;3;101;SBB;69;True;False;True;4,433333333333334;266;2;1;1;0;1;1;0;0;0;0;0;0;0;0;0;0;0;0;0;0;0;0;0;0;-4;2;20,0;24;10;17;7;10;13;3;0;4;4;4;5;1;3;7;10;8;1;1;1;0;6;5;3;34
24_JOV_J3_Q3;3;24_JOV_J3;24;JOV;3;101;SBB;69;True;True;True;6,766666666666667;406;2;0;1;1;0;0;0;0;1;1;2;2;0;0;1;1;1;0;0;0;0;0;1;0;1;4;20,0;24;10;17;7;10;13;3;0;4;4;4;5;1;3;7;10;8;1;1;1;0;6;5;3;34
32_JOV_J3_Q3;3;32_JOV_J3;32;JOV;3;101;SBB;69;True;False;True;0,0;0;0;0;0;0;0;0;0;0;0;0;0;0;0;0;0;0;0;0;0;0;0;0;0;0;0;0;20,0;24;10;17;7;10;13;3;0;4;4;4;5;1;3;7;10;8;1;1;1;0;6;5;3;34
35_JOV_J3_Q3;3;35_JOV_J3;35;JOV;3;101;SBB;69;True;True;True;3,6333333333333333;218;4;2;2;0;2;2;0;0;0;0;0;0;0;1;0;1;1;1;0;1;0;1;0;1;6;5;20,0;24;10;17;7;10;13;3;0;4;4;4;5;1;3;7;10;8;1;1;1;0;6;5;3;34
44_JOV_J3_Q3;3;44_JOV_J3;44;JOV;3;101;SBB;69;True;False;True;6,3;378;11;5;6;1;5;6;1;0;0;0;1;2;1;2;0;2;0;0;0;0;0;0;1;1;0;12;20,0;24;10;17;7;10;13;3;0;4;4;4;5;1;3;7;10;8;1;1;1;0;6;5;3;34
88_JOV_J3_Q3;3;88_JOV_J3;88;JOV;3;101;SBB;69;True;True;True;5,283333333333333;317;2;1;2;1;1;1;0;0;1;1;0;0;0;0;2;2;1;0;0;0;0;1;1;0;11;4;20,0;24;10;17;7;10;13;3;0;4;4;4;5;1;3;7;10;8;1;1;1;0;6;5;3;34
JOV_JOV_J3_Q3;3;JOV_JOV_J3;JOV;JOV;3;101;SBB;69;True;False;True;50,0;3000;0;0;0;0;0;0;0;0;0;0;0;0;0;0;0;0;0;0;0;0;0;0;0;0;0;0;20,0;24;10;17;7;10;13;3;0;4;4;4;5;1;3;7;10;8;1;1;1;0;6;5;3;34
0_JOV_J3_Q4;4;0_JOV_J3;0;JOV;3;101;SBB;69;True;False;True;0,0;0;0;0;0;0;0;0;0;0;0;0;0;0;0;0;0;0;0;0;0;0;0;0;0;0;0;0;20,0;28;9;15;6;4;7;3;5;8;3;5;6;1;2;7;9;10;3;1;1;1;7;4;1;35
1_JOV_J3_Q4;4;1_JOV_J3;1;JOV;3;101;SBB;69;True;False;True;5,066666666666666;304;0;0;1;1;0;1;1;0;0;0;0;0;0;0;0;0;0;1;0;0;0;0;0;0;3;-2;20,0;28;9;15;6;4;7;3;5;8;3;5;6;1;2;7;9;10;3;1;1;1;7;4;1;35
9_JOV_J3_Q4;4;9_JOV_J3;9;JOV;3;101;SBB;69;True;False;True;5,066666666666666;304;1;0;1;1;0;0;0;0;1;1;1;2;1;1;1;2;3;0;0;0;0;1;1;0;3;4;20,0;28;9;15;6;4;7;3;5;8;3;5;6;1;2;7;9;10;3;1;1;1;7;4;1;35
12_JOV_J3_Q4;4;12_JOV_J3;12;JOV;3;101;SBB;69;True;True;True;6,333333333333333;380;3;1;1;0;1;1;0;0;0;0;1;1;0;0;0;0;1;0;1;0;0;2;0;0;13;3;20,0;28;9;15;6;4;7;3;5;8;3;5;6;1;2;7;9;10;3;1;1;1;7;4;1;35
16_JOV_J3_Q4;4;16_JOV_J3;16;JOV;3;101;SBB;69;True;False;True;0,0;0;0;0;0;0;0;0;0;0;0;0;0;0;0;0;0;0;0;0;0;0;0;0;0;0;0;0;20,0;28;9;15;6;4;7;3;5;8;3;5;6;1;2;7;9;10;3;1;1;1;7;4;1;35
17_JOV_J3_Q4;4;17_JOV_J3;17;JOV;3;101;SBB;69;True;True;True;3,2333333333333334;194;3;1;2;1;0;0;0;1;2;1;0;0;0;0;1;1;0;0;0;0;0;1;0;0;9;2;20,0;28;9;15;6;4;7;3;5;8;3;5;6;1;2;7;9;10;3;1;1;1;7;4;1;35
21_JOV_J3_Q4;4;21_JOV_J3;21;JOV;3;101;SBB;69;True;False;True;6,766666666666667;406;5;1;1;0;1;1;0;0;0;0;3;3;0;0;0;0;1;1;0;1;0;1;2;0;3;7;20,0;28;9;15;6;4;7;3;5;8;3;5;6;1;2;7;9;10;3;1;1;1;7;4;1;35
24_JOV_J3_Q4;4;24_JOV_J3;24;JOV;3;101;SBB;69;True;True;True;5,55;333;3;1;2;1;0;1;1;1;1;0;0;0;0;1;0;1;4;0;0;0;1;1;0;0;9;5;20,0;28;9;15;6;4;7;3;5;8;3;5;6;1;2;7;9;10;3;1;1;1;7;4;1;35
32_JOV_J3_Q4;4;32_JOV_J3;32;JOV;3;101;SBB;69;True;False;True;3,6666666666666665;220;3;1;3;2;0;1;1;1;2;1;0;0;0;0;0;0;0;0;0;0;0;0;0;0;-1;1;20,0;28;9;15;6;4;7;3;5;8;3;5;6;1;2;7;9;10;3;1;1;1;7;4;1;35
35_JOV_J3_Q4;4;35_JOV_J3;35;JOV;3;101;SBB;69;True;True;True;6,533333333333333;392;2;1;1;0;1;1;0;0;0;0;0;0;0;0;0;0;0;0;0;0;0;0;0;1;5;2;20,0;28;9;15;6;4;7;3;5;8;3;5;6;1;2;7;9;10;3;1;1;1;7;4;1;35
44_JOV_J3_Q4;4;44_JOV_J3;44;JOV;3;101;SBB;69;True;False;True;2,85;171;2;1;1;0;1;1;0;0;0;0;0;0;0;0;2;2;1;0;0;0;0;0;0;0;7;5;20,0;28;9;15;6;4;7;3;5;8;3;5;6;1;2;7;9;10;3;1;1;1;7;4;1;35
88_JOV_J3_Q4;4;88_JOV_J3;88;JOV;3;101;SBB;69;True;True;True;4,933333333333334;296;6;2;2;0;0;0;0;2;2;0;0;0;0;0;1;1;0;0;0;0;0;0;1;0;9;8;20,0;28;9;15;6;4;7;3;5;8;3;5;6;1;2;7;9;10;3;1;1;1;7;4;1;35
JOV_JOV_J3_Q4;4;JOV_JOV_J3;JOV;JOV;3;101;SBB;69;True;False;True;50,0;3000;0;0;0;0;0;0;0;0;0;0;0;0;0;0;2;2;0;1;0;0;0;1;0;0;0;0;20,0;28;9;15;6;4;7;3;5;8;3;5;6;1;2;7;9;10;3;1;1;1;7;4;1;35
2_SBB_J3_Q1;1;2_SBB_J3;2;SBB;3;69;JOV;101;False;True;False;3,7333333333333334;224;0;0;0;0;0;0;0;0;0;0;0;0;0;0;1;1;0;1;0;0;0;0;1;0;-10;1;20,0;6;0;12;12;0;7;7;0;5;5;6;8;2;2;7;9;2;7;1;0;1;7;5;0;-6
3_SBB_J3_Q1;1;3_SBB_J3;3;SBB;3;69;JOV;101;False;False;False;5,4;324;0;0;1;1;0;0;0;0;1;1;0;0;0;0;1;1;0;0;1;0;0;1;0;0;-13;0;20,0;6;0;12;12;0;7;7;0;5;5;6;8;2;2;7;9;2;7;1;0;1;7;5;0;-6
7_SBB_J3_Q1;1;7_SBB_J3;7;SBB;3;69;JOV;101;False;False;False;6,266666666666667;376;2;0;3;3;0;1;1;0;2;2;2;2;0;0;0;0;0;1;0;0;1;1;1;0;-15;-3;20,0;6;0;12;12;0;7;7;0;5;5;6;8;2;2;7;9;2;7;1;0;1;7;5;0;-6
10_SBB_J3_Q1;1;10_SBB_J3;10;SBB;3;69;JOV;101;False;False;False;3,9833333333333334;239;2;0;0;0;0;0;0;0;0;0;2;2;0;0;1;1;0;1;0;0;0;2;1;0;-8;1;20,0;6;0;12;12;0;7;7;0;5;5;6;8;2;2;7;9;2;7;1;0;1;7;5;0;-6
11_SBB_J3_Q1;1;11_SBB_J3;11;SBB;3;69;JOV;101;False;True;False;7,166666666666667;430;0;0;2;2;0;1;1;0;1;1;0;0;0;0;2;2;0;1;0;0;0;1;0;0;-22;-2;20,0;6;0;12;12;0;7;7;0;5;5;6;8;2;2;7;9;2;7;1;0;1;7;5;0;-6
13_SBB_J3_Q1;1;13_SBB_J3;13;SBB;3;69;JOV;101;False;False;False;0,0;0;0;0;0;0;0;0;0;0;0;0;0;0;0;0;0;0;0;0;0;0;0;0;0;0;0;0;20,0;6;0;12;12;0;7;7;0;5;5;6;8;2;2;7;9;2;7;1;0;1;7;5;0;-6
18_SBB_J3_Q1;1;18_SBB_J3;18;SBB;3;69;JOV;101;False;True;False;5,866666666666666;352;0;0;2;2;0;1;1;0;1;1;0;0;0;0;0;0;0;0;0;0;0;0;0;0;-16;-2;20,0;6;0;12;12;0;7;7;0;5;5;6;8;2;2;7;9;2;7;1;0;1;7;5;0;-6
19_SBB_J3_Q1;1;19_SBB_J3;19;SBB;3;69;JOV;101;False;True;False;4,6;276;2;0;0;0;0;0;0;0;0;0;2;2;0;0;1;1;1;1;0;0;0;0;1;0;-12;4;20,0;6;0;12;12;0;7;7;0;5;5;6;8;2;2;7;9;2;7;1;0;1;7;5;0;-6
20_SBB_J3_Q1;1;20_SBB_J3;20;SBB;3;69;JOV;101;False;False;False;2,8333333333333335;170;0;0;2;2;0;2;2;0;0;0;0;0;0;0;1;1;0;0;0;0;0;0;0;0;-3;-1;20,0;6;0;12;12;0;7;7;0;5;5;6;8;2;2;7;9;2;7;1;0;1;7;5;0;-6
22_SBB_J3_Q1;1;22_SBB_J3;22;SBB;3;69;JOV;101;False;False;False;0,0;0;0;0;0;0;0;0;0;0;0;0;0;0;0;0;0;0;0;0;0;0;0;0;0;0;0;0;20,0;6;0;12;12;0;7;7;0;5;5;6;8;2;2;7;9;2;7;1;0;1;7;5;0;-6
32_SBB_J3_Q1;1;32_SBB_J3;32;SBB;3;69;JOV;101;False;True;False;6,016666666666667;361;0;0;1;1;0;1;1;0;0;0;0;2;2;2;0;2;0;2;0;0;0;1;1;0;-17;-3;20,0;6;0;12;12;0;7;7;0;5;5;6;8;2;2;7;9;2;7;1;0;1;7;5;0;-6
73_SBB_J3_Q1;1;73_SBB_J3;73;SBB;3;69;JOV;101;False;False;False;4,133333333333334;248;0;0;1;1;0;1;1;0;0;0;0;0;0;0;0;0;1;0;0;0;0;1;0;0;-9;-1;20,0;6;0;12;12;0;7;7;0;5;5;6;8;2;2;7;9;2;7;1;0;1;7;5;0;-6
SBB_SBB_J3_Q1;1;SBB_SBB_J3;SBB;SBB;3;69;JOV;101;False;False;False;50,0;3000;0;0;0;0;0;0;0;0;0;0;0;0;0;0;0;0;0;0;0;0;0;0;0;0;0;0;20,0;6;0;12;12;0;7;7;0;5;5;6;8;2;2;7;9;2;7;1;0;1;7;5;0;-6
2_SBB_J3_Q2;2;2_SBB_J3;2;SBB;3;69;JOV;101;False;True;False;10,0;600;8;2;3;1;1;1;0;1;2;1;3;3;0;0;1;1;1;0;0;0;0;1;1;0;11;9;20,0;29;9;17;8;4;9;5;5;8;3;6;7;1;2;8;10;8;1;3;1;0;4;5;2;42
3_SBB_J3_Q2;2;3_SBB_J3;3;SBB;3;69;JOV;101;False;False;False;0,75;45;0;0;0;0;0;0;0;0;0;0;0;0;0;0;0;0;0;0;0;0;0;0;0;0;6;0;20,0;29;9;17;8;4;9;5;5;8;3;6;7;1;2;8;10;8;1;3;1;0;4;5;2;42
7_SBB_J3_Q2;2;7_SBB_J3;7;SBB;3;69;JOV;101;False;False;False;6,55;393;6;2;6;4;0;2;2;2;4;2;0;0;0;0;1;1;0;0;1;0;0;1;0;0;5;3;20,0;29;9;17;8;4;9;5;5;8;3;6;7;1;2;8;10;8;1;3;1;0;4;5;2;42
10_SBB_J3_Q2;2;10_SBB_J3;10;SBB;3;69;JOV;101;False;False;False;3,183333333333333;191;5;2;2;0;1;1;0;1;1;0;0;0;0;0;0;0;0;0;1;0;0;0;0;1;1;6;20,0;29;9;17;8;4;9;5;5;8;3;6;7;1;2;8;10;8;1;3;1;0;4;5;2;42
11_SBB_J3_Q2;2;11_SBB_J3;11;SBB;3;69;JOV;101;False;True;False;2,7;162;0;0;0;0;0;0;0;0;0;0;0;0;0;0;0;0;0;0;0;0;0;0;0;0;0;0;20,0;29;9;17;8;4;9;5;5;8;3;6;7;1;2;8;10;8;1;3;1;0;4;5;2;42
13_SBB_J3_Q2;2;13_SBB_J3;13;SBB;3;69;JOV;101;False;False;False;0,0;0;0;0;0;0;0;0;0;0;0;0;0;0;0;0;0;0;0;0;0;0;0;0;0;0;0;0;20,0;29;9;17;8;4;9;5;5;8;3;6;7;1;2;8;10;8;1;3;1;0;4;5;2;42
18_SBB_J3_Q2;2;18_SBB_J3;18;SBB;3;69;JOV;101;False;True;False;2,45;147;2;1;2;1;1;2;1;0;0;0;0;0;0;0;0;0;0;0;0;0;0;0;0;0;-3;1;20,0;29;9;17;8;4;9;5;5;8;3;6;7;1;2;8;10;8;1;3;1;0;4;5;2;42
19_SBB_J3_Q2;2;19_SBB_J3;19;SBB;3;69;JOV;101;False;True;False;10,0;600;5;1;2;1;0;1;1;1;1;0;2;2;0;0;3;3;4;0;1;0;0;1;2;0;11;13;20,0;29;9;17;8;4;9;5;5;8;3;6;7;1;2;8;10;8;1;3;1;0;4;5;2;42
20_SBB_J3_Q2;2;20_SBB_J3;20;SBB;3;69;JOV;101;False;False;False;4,366666666666666;262;2;1;1;0;1;1;0;0;0;0;0;0;0;0;1;1;0;0;0;0;0;0;0;1;12;3;20,0;29;9;17;8;4;9;5;5;8;3;6;7;1;2;8;10;8;1;3;1;0;4;5;2;42
22_SBB_J3_Q2;2;22_SBB_J3;22;SBB;3;69;JOV;101;False;False;False;0,0;0;0;0;0;0;0;0;0;0;0;0;0;0;0;0;0;0;0;0;0;0;0;0;0;0;0;0;20,0;29;9;17;8;4;9;5;5;8;3;6;7;1;2;8;10;8;1;3;1;0;4;5;2;42
32_SBB_J3_Q2;2;32_SBB_J3;32;SBB;3;69;JOV;101;False;True;False;2,45;147;1;0;1;1;0;1;1;0;0;0;1;2;1;1;0;1;1;0;0;1;0;0;2;0;-2;4;20,0;29;9;17;8;4;9;5;5;8;3;6;7;1;2;8;10;8;1;3;1;0;4;5;2;42
73_SBB_J3_Q2;2;73_SBB_J3;73;SBB;3;69;JOV;101;False;False;False;7,55;453;0;0;0;0;0;0;0;0;0;0;0;0;0;1;2;3;2;0;0;0;0;1;0;0;14;4;20,0;29;9;17;8;4;9;5;5;8;3;6;7;1;2;8;10;8;1;3;1;0;4;5;2;42
SBB_SBB_J3_Q2;2;SBB_SBB_J3;SBB;SBB;3;69;JOV;101;False;False;False;50,0;3000;0;0;0;0;0;0;0;0;0;0;0;0;0;0;0;0;0;1;0;0;0;0;0;0;0;-1;20,0;29;9;17;8;4;9;5;5;8;3;6;7;1;2;8;10;8;1;3;1;0;4;5;2;42
2_SBB_J3_Q3;3;2_SBB_J3;2;SBB;3;69;JOV;101;False;True;False;5,283333333333333;317;0;0;1;1;0;0;0;0;1;1;0;0;0;0;0;0;1;0;0;0;0;1;0;0;-11;-1;20,0;18;5;14;9;4;8;4;1;6;5;7;10;3;2;3;5;5;2;0;0;1;6;6;1;13
3_SBB_J3_Q3;3;3_SBB_J3;3;SBB;3;69;JOV;101;False;False;False;4,716666666666667;283;5;1;3;2;0;0;0;1;3;2;2;2;0;0;0;0;0;0;0;0;0;1;1;0;5;3;20,0;18;5;14;9;4;8;4;1;6;5;7;10;3;2;3;5;5;2;0;0;1;6;6;1;13
7_SBB_J3_Q3;3;7_SBB_J3;7;SBB;3;69;JOV;101;False;False;False;5,666666666666667;340;0;0;0;0;0;0;0;0;0;0;0;0;0;0;0;0;3;0;0;0;0;0;0;0;1;3;20,0;18;5;14;9;4;8;4;1;6;5;7;10;3;2;3;5;5;2;0;0;1;6;6;1;13
10_SBB_J3_Q3;3;10_SBB_J3;10;SBB;3;69;JOV;101;False;False;False;3,9833333333333334;239;0;0;1;1;0;1;1;0;0;0;0;0;0;0;0;0;0;0;0;0;1;0;0;0;-5;-2;20,0;18;5;14;9;4;8;4;1;6;5;7;10;3;2;3;5;5;2;0;0;1;6;6;1;13
11_SBB_J3_Q3;3;11_SBB_J3;11;SBB;3;69;JOV;101;False;True;False;8,7;522;3;0;1;1;0;0;0;0;1;1;3;4;1;0;0;0;1;0;0;0;0;1;2;0;-3;3;20,0;18;5;14;9;4;8;4;1;6;5;7;10;3;2;3;5;5;2;0;0;1;6;6;1;13
13_SBB_J3_Q3;3;13_SBB_J3;13;SBB;3;69;JOV;101;False;False;False;0,0;0;0;0;0;0;0;0;0;0;0;0;0;0;0;0;0;0;0;0;0;0;0;0;0;0;0;0;20,0;18;5;14;9;4;8;4;1;6;5;7;10;3;2;3;5;5;2;0;0;1;6;6;1;13
18_SBB_J3_Q3;3;18_SBB_J3;18;SBB;3;69;JOV;101;False;True;False;4,433333333333334;266;0;0;2;2;0;1;1;0;1;1;0;0;0;1;1;2;0;0;0;0;0;0;0;0;4;0;20,0;18;5;14;9;4;8;4;1;6;5;7;10;3;2;3;5;5;2;0;0;1;6;6;1;13
19_SBB_J3_Q3;3;19_SBB_J3;19;SBB;3;69;JOV;101;False;True;False;5,283333333333333;317;2;1;1;0;1;1;0;0;0;0;0;0;0;0;0;0;0;0;0;0;0;0;0;0;-11;2;20,0;18;5;14;9;4;8;4;1;6;5;7;10;3;2;3;5;5;2;0;0;1;6;6;1;13
20_SBB_J3_Q3;3;20_SBB_J3;20;SBB;3;69;JOV;101;False;False;False;3,2333333333333334;194;0;0;2;2;0;2;2;0;0;0;0;0;0;1;1;2;0;0;0;0;0;0;0;0;-5;0;20,0;18;5;14;9;4;8;4;1;6;5;7;10;3;2;3;5;5;2;0;0;1;6;6;1;13
22_SBB_J3_Q3;3;22_SBB_J3;22;SBB;3;69;JOV;101;False;False;False;0,35;21;0;0;0;0;0;0;0;0;0;0;0;0;0;0;0;0;0;0;0;0;0;0;0;0;1;0;20,0;18;5;14;9;4;8;4;1;6;5;7;10;3;2;3;5;5;2;0;0;1;6;6;1;13
32_SBB_J3_Q3;3;32_SBB_J3;32;SBB;3;69;JOV;101;False;True;False;3,066666666666667;184;7;3;3;0;3;3;0;0;0;0;1;2;1;0;1;1;0;0;0;0;0;1;2;1;5;8;20,0;18;5;14;9;4;8;4;1;6;5;7;10;3;2;3;5;5;2;0;0;1;6;6;1;13
73_SBB_J3_Q3;3;73_SBB_J3;73;SBB;3;69;JOV;101;False;False;False;5,283333333333333;317;1;0;0;0;0;0;0;0;0;0;1;2;1;0;0;0;0;1;0;0;0;1;1;0;-11;-1;20,0;18;5;14;9;4;8;4;1;6;5;7;10;3;2;3;5;5;2;0;0;1;6;6;1;13
SBB_SBB_J3_Q3;3;SBB_SBB_J3;SBB;SBB;3;69;JOV;101;False;False;False;50,0;3000;0;0;0;0;0;0;0;0;0;0;0;0;0;0;0;0;0;1;0;0;0;1;0;0;0;-2;20,0;18;5;14;9;4;8;4;1;6;5;7;10;3;2;3;5;5;2;0;0;1;6;6;1;13
2_SBB_J3_Q4;4;2_SBB_J3;2;SBB;3;69;JOV;101;False;True;False;6,55;393;3;1;2;1;1;1;0;0;1;1;1;2;1;0;0;0;1;1;0;0;0;1;1;0;-3;1;20,0;16;6;14;8;4;8;4;2;6;4;2;7;5;2;4;6;3;5;1;1;0;5;6;0;10
3_SBB_J3_Q4;4;3_SBB_J3;3;SBB;3;69;JOV;101;False;False;False;7,116666666666666;427;2;1;2;1;1;2;1;0;0;0;0;0;0;0;0;0;0;0;1;0;0;1;1;0;-8;2;20,0;16;6;14;8;4;8;4;2;6;4;2;7;5;2;4;6;3;5;1;1;0;5;6;0;10
7_SBB_J3_Q4;4;7_SBB_J3;7;SBB;3;69;JOV;101;False;False;False;3,55;213;2;1;3;2;1;2;1;0;1;1;0;1;1;0;2;2;0;1;0;0;0;0;0;0;-2;0;20,0;16;6;14;8;4;8;4;2;6;4;2;7;5;2;4;6;3;5;1;1;0;5;6;0;10
10_SBB_J3_Q4;4;10_SBB_J3;10;SBB;3;69;JOV;101;False;False;False;4,116666666666666;247;0;0;1;1;0;1;1;0;0;0;0;0;0;0;0;0;0;0;0;1;0;1;0;0;-7;-1;20,0;16;6;14;8;4;8;4;2;6;4;2;7;5;2;4;6;3;5;1;1;0;5;6;0;10
11_SBB_J3_Q4;4;11_SBB_J3;11;SBB;3;69;JOV;101;False;True;False;0,0;0;0;0;0;0;0;0;0;0;0;0;0;0;0;0;0;0;0;0;0;0;0;0;0;0;0;0;20,0;16;6;14;8;4;8;4;2;6;4;2;7;5;2;4;6;3;5;1;1;0;5;6;0;10
13_SBB_J3_Q4;4;13_SBB_J3;13;SBB;3;69;JOV;101;False;False;False;0,0;0;0;0;0;0;0;0;0;0;0;0;0;0;0;0;0;0;0;0;0;0;0;0;0;0;0;0;20,0;16;6;14;8;4;8;4;2;6;4;2;7;5;2;4;6;3;5;1;1;0;5;6;0;10
18_SBB_J3_Q4;4;18_SBB_J3;18;SBB;3;69;JOV;101;False;True;False;4,216666666666667;253;0;0;0;0;0;0;0;0;0;0;0;2;2;0;0;0;0;0;0;0;0;0;1;0;0;-1;20,0;16;6;14;8;4;8;4;2;6;4;2;7;5;2;4;6;3;5;1;1;0;5;6;0;10
19_SBB_J3_Q4;4;19_SBB_J3;19;SBB;3;69;JOV;101;False;True;False;4,116666666666666;247;1;0;1;1;0;1;1;0;0;0;1;2;1;0;0;0;2;0;0;0;0;0;2;0;-7;3;20,0;16;6;14;8;4;8;4;2;6;4;2;7;5;2;4;6;3;5;1;1;0;5;6;0;10
20_SBB_J3_Q4;4;20_SBB_J3;20;SBB;3;69;JOV;101;False;False;False;2,216666666666667;133;2;1;1;0;1;1;0;0;0;0;0;0;0;0;2;2;0;0;0;0;0;0;0;0;4;4;20,0;16;6;14;8;4;8;4;2;6;4;2;7;5;2;4;6;3;5;1;1;0;5;6;0;10
22_SBB_J3_Q4;4;22_SBB_J3;22;SBB;3;69;JOV;101;False;False;False;8,666666666666666;520;3;1;3;2;0;0;0;1;3;2;0;0;0;1;0;1;0;0;0;0;0;1;0;0;-16;1;20,0;16;6;14;8;4;8;4;2;6;4;2;7;5;2;4;6;3;5;1;1;0;5;6;0;10
32_SBB_J3_Q4;4;32_SBB_J3;32;SBB;3;69;JOV;101;False;True;False;5,883333333333334;353;0;0;0;0;0;0;0;0;0;0;0;0;0;0;0;0;0;1;0;0;0;0;0;0;-15;-1;20,0;16;6;14;8;4;8;4;2;6;4;2;7;5;2;4;6;3;5;1;1;0;5;6;0;10
73_SBB_J3_Q4;4;73_SBB_J3;73;SBB;3;69;JOV;101;False;False;False;3,566666666666667;214;3;1;1;0;0;0;0;1;1;0;0;0;0;0;0;0;0;1;0;0;0;1;1;0;-6;2;20,0;16;6;14;8;4;8;4;2;6;4;2;7;5;2;4;6;3;5;1;1;0;5;6;0;10
SBB_SBB_J3_Q4;4;SBB_SBB_J3;SBB;SBB;3;69;JOV;101;False;False;False;50,0;3000;0;0;0;0;0;0;0;0;0;0;0;0;0;1;0;1;0;1;0;0;0;0;0;0;0;0;20,0;16;6;14;8;4;8;4;2;6;4;2;7;5;2;4;6;3;5;1;1;0;5;6;0;10
1_RMB_J3_Q1;1;1_RMB_J3;1;RMB;3;90;BUR;80;True;False;True;4,783333333333333;287;7;3;3;0;2;2;0;1;1;0;0;0;0;0;0;0;0;0;0;0;0;1;0;1;1;6;20,0;25;10;18;8;7;10;3;3;8;5;2;2;0;3;4;7;8;3;4;2;0;5;4;2;34
6_RMB_J3_Q1;1;6_RMB_J3;6;RMB;3;90;BUR;80;True;True;True;5,216666666666667;313;0;0;2;2;0;0;0;0;2;2;0;0;0;0;0;0;0;0;0;0;0;0;1;0;4;-1;20,0;25;10;18;8;7;10;3;3;8;5;2;2;0;3;4;7;8;3;4;2;0;5;4;2;34
7_RMB_J3_Q1;1;7_RMB_J3;7;RMB;3;90;BUR;80;True;False;True;3,0166666666666666;181;0;0;1;1;0;0;0;0;1;1;0;0;0;0;1;1;1;0;0;0;0;1;0;0;0;0;20,0;25;10;18;8;7;10;3;3;8;5;2;2;0;3;4;7;8;3;4;2;0;5;4;2;34
8_RMB_J3_Q1;1;8_RMB_J3;8;RMB;3;90;BUR;80;True;False;True;3,0166666666666666;181;0;0;1;1;0;0;0;0;1;1;0;0;0;0;0;0;0;0;0;0;0;0;0;0;0;-1;20,0;25;10;18;8;7;10;3;3;8;5;2;2;0;3;4;7;8;3;4;2;0;5;4;2;34
9_RMB_J3_Q1;1;9_RMB_J3;9;RMB;3;90;BUR;80;True;True;True;6,983333333333333;419;7;3;4;1;2;2;0;1;2;1;0;0;0;0;0;0;0;1;0;1;0;0;0;1;5;6;20,0;25;10;18;8;7;10;3;3;8;5;2;2;0;3;4;7;8;3;4;2;0;5;4;2;34
11_RMB_J3_Q1;1;11_RMB_J3;11;RMB;3;90;BUR;80;True;True;True;6,983333333333333;419;5;2;3;1;1;2;1;1;1;0;0;0;0;1;1;2;4;1;2;0;0;1;0;0;5;10;20,0;25;10;18;8;7;10;3;3;8;5;2;2;0;3;4;7;8;3;4;2;0;5;4;2;34
12_RMB_J3_Q1;1;12_RMB_J3;12;RMB;3;90;BUR;80;True;True;True;6,983333333333333;419;2;0;0;0;0;0;0;0;0;0;2;2;0;0;0;0;1;0;1;0;0;1;2;0;5;5;20,0;25;10;18;8;7;10;3;3;8;5;2;2;0;3;4;7;8;3;4;2;0;5;4;2;34
13_RMB_J3_Q1;1;13_RMB_J3;13;RMB;3;90;BUR;80;True;False;True;0,0;0;0;0;0;0;0;0;0;0;0;0;0;0;0;0;0;0;0;0;0;0;0;0;0;0;0;0;20,0;25;10;18;8;7;10;3;3;8;5;2;2;0;3;4;7;8;3;4;2;0;5;4;2;34
14_RMB_J3_Q1;1;14_RMB_J3;14;RMB;3;90;BUR;80;True;False;True;3,0166666666666666;181;0;0;0;0;0;0;0;0;0;0;0;0;0;0;1;1;0;0;0;0;0;0;0;0;0;1;20,0;25;10;18;8;7;10;3;3;8;5;2;2;0;3;4;7;8;3;4;2;0;5;4;2;34
16_RMB_J3_Q1;1;16_RMB_J3;16;RMB;3;90;BUR;80;True;False;True;4,783333333333333;287;2;1;1;0;1;1;0;0;0;0;0;0;0;1;0;1;2;1;1;0;0;1;0;0;1;4;20,0;25;10;18;8;7;10;3;3;8;5;2;2;0;3;4;7;8;3;4;2;0;5;4;2;34
20_RMB_J3_Q1;1;20_RMB_J3;20;RMB;3;90;BUR;80;True;True;True;5,216666666666667;313;2;1;3;2;1;3;2;0;0;0;0;0;0;1;1;2;0;0;0;1;0;0;1;0;4;4;20,0;25;10;18;8;7;10;3;3;8;5;2;2;0;3;4;7;8;3;4;2;0;5;4;2;34
23_RMB_J3_Q1;1;23_RMB_J3;23;RMB;3;90;BUR;80;True;False;True;0,0;0;0;0;0;0;0;0;0;0;0;0;0;0;0;0;0;0;0;0;0;0;0;0;0;0;0;0;20,0;25;10;18;8;7;10;3;3;8;5;2;2;0;3;4;7;8;3;4;2;0;5;4;2;34
RMB_RMB_J3_Q1;1;RMB_RMB_J3;RMB;RMB;3;90;BUR;80;True;False;True;50,0;3000;0;0;0;0;0;0;0;0;0;0;0;0;0;0;0;0;0;0;0;0;0;0;0;0;0;0;20,0;25;10;18;8;7;10;3;3;8;5;2;2;0;3;4;7;8;3;4;2;0;5;4;2;34
1_RMB_J3_Q2;2;1_RMB_J3;1;RMB;3;90;BUR;80;True;False;True;0,0;0;0;0;0;0;0;0;0;0;0;0;0;0;0;0;0;0;0;0;0;0;0;0;0;0;0;0;20,0;16;6;17;11;4;10;6;2;7;5;2;4;2;4;2;6;4;3;1;0;1;4;4;0;10
6_RMB_J3_Q2;2;6_RMB_J3;6;RMB;3;90;BUR;80;True;True;True;3,1166666666666667;187;0;0;0;0;0;0;0;0;0;0;0;0;0;0;0;0;0;1;0;0;0;0;0;0;-5;-1;20,0;16;6;17;11;4;10;6;2;7;5;2;4;2;4;2;6;4;3;1;0;1;4;4;0;10
7_RMB_J3_Q2;2;7_RMB_J3;7;RMB;3;90;BUR;80;True;False;True;5,483333333333333;329;0;0;3;3;0;1;1;0;2;2;0;0;0;0;0;0;0;1;0;0;1;0;0;0;-7;-5;20,0;16;6;17;11;4;10;6;2;7;5;2;4;2;4;2;6;4;3;1;0;1;4;4;0;10
8_RMB_J3_Q2;2;8_RMB_J3;8;RMB;3;90;BUR;80;True;False;True;4,366666666666666;262;0;0;1;1;0;1;1;0;0;0;0;0;0;0;0;0;0;0;0;0;0;0;0;0;-7;-1;20,0;16;6;17;11;4;10;6;2;7;5;2;4;2;4;2;6;4;3;1;0;1;4;4;0;10
9_RMB_J3_Q2;2;9_RMB_J3;9;RMB;3;90;BUR;80;True;True;True;5,633333333333334;338;1;0;0;0;0;0;0;0;0;0;1;2;1;1;0;1;2;0;0;0;0;1;1;0;-3;3;20,0;16;6;17;11;4;10;6;2;7;5;2;4;2;4;2;6;4;3;1;0;1;4;4;0;10
11_RMB_J3_Q2;2;11_RMB_J3;11;RMB;3;90;BUR;80;True;True;True;5,633333333333334;338;4;1;4;3;0;2;2;1;2;1;1;2;1;0;0;0;0;0;0;0;0;0;1;0;-3;1;20,0;16;6;17;11;4;10;6;2;7;5;2;4;2;4;2;6;4;3;1;0;1;4;4;0;10
12_RMB_J3_Q2;2;12_RMB_J3;12;RMB;3;90;BUR;80;True;True;True;4,516666666666667;271;3;1;1;0;0;0;0;1;1;0;0;0;0;0;0;0;0;0;0;0;0;0;0;0;-3;3;20,0;16;6;17;11;4;10;6;2;7;5;2;4;2;4;2;6;4;3;1;0;1;4;4;0;10
13_RMB_J3_Q2;2;13_RMB_J3;13;RMB;3;90;BUR;80;True;False;True;4,816666666666666;289;2;1;1;0;1;1;0;0;0;0;0;0;0;1;2;3;0;0;0;0;0;0;0;0;-7;5;20,0;16;6;17;11;4;10;6;2;7;5;2;4;2;4;2;6;4;3;1;0;1;4;4;0;10
14_RMB_J3_Q2;2;14_RMB_J3;14;RMB;3;90;BUR;80;True;False;True;4,366666666666666;262;0;0;0;0;0;0;0;0;0;0;0;0;0;0;0;0;1;0;0;0;0;0;0;0;-7;1;20,0;16;6;17;11;4;10;6;2;7;5;2;4;2;4;2;6;4;3;1;0;1;4;4;0;10
16_RMB_J3_Q2;2;16_RMB_J3;16;RMB;3;90;BUR;80;True;False;True;0,6666666666666666;40;2;1;1;0;1;1;0;0;0;0;0;0;0;0;0;0;0;0;0;0;0;1;0;0;0;1;20,0;16;6;17;11;4;10;6;2;7;5;2;4;2;4;2;6;4;3;1;0;1;4;4;0;10
20_RMB_J3_Q2;2;20_RMB_J3;20;RMB;3;90;BUR;80;True;True;True;4,516666666666667;271;2;1;3;2;1;3;2;0;0;0;0;0;0;2;0;2;0;1;0;0;0;2;0;0;-3;-1;20,0;16;6;17;11;4;10;6;2;7;5;2;4;2;4;2;6;4;3;1;0;1;4;4;0;10
23_RMB_J3_Q2;2;23_RMB_J3;23;RMB;3;90;BUR;80;True;False;True;6,883333333333334;413;2;1;3;2;1;1;0;0;2;2;0;0;0;0;0;0;1;0;1;0;0;0;2;0;-5;4;20,0;16;6;17;11;4;10;6;2;7;5;2;4;2;4;2;6;4;3;1;0;1;4;4;0;10
RMB_RMB_J3_Q2;2;RMB_RMB_J3;RMB;RMB;3;90;BUR;80;True;False;True;50,0;3000;0;0;0;0;0;0;0;0;0;0;0;0;0;0;0;0;0;0;0;0;0;0;0;0;0;0;20,0;16;6;17;11;4;10;6;2;7;5;2;4;2;4;2;6;4;3;1;0;1;4;4;0;10
1_RMB_J3_Q3;3;1_RMB_J3;1;RMB;3;90;BUR;80;True;False;True;0,0;0;0;0;0;0;0;0;0;0;0;0;0;0;0;0;0;0;0;0;0;0;0;0;0;0;0;0;20,0;27;7;15;8;4;5;1;3;10;7;10;10;0;3;8;11;4;6;2;1;0;4;8;0;35
6_RMB_J3_Q3;3;6_RMB_J3;6;RMB;3;90;BUR;80;True;True;True;5,616666666666666;337;2;0;0;0;0;0;0;0;0;0;2;2;0;0;1;1;0;1;0;0;0;0;1;0;9;3;20,0;27;7;15;8;4;5;1;3;10;7;10;10;0;3;8;11;4;6;2;1;0;4;8;0;35
7_RMB_J3_Q3;3;7_RMB_J3;7;RMB;3;90;BUR;80;True;False;True;6,75;405;2;1;4;3;1;1;0;0;3;3;0;0;0;0;0;0;3;0;2;0;0;1;1;0;5;4;20,0;27;7;15;8;4;5;1;3;10;7;10;10;0;3;8;11;4;6;2;1;0;4;8;0;35
8_RMB_J3_Q3;3;8_RMB_J3;8;RMB;3;90;BUR;80;True;False;True;2,5;150;0;0;0;0;0;0;0;0;0;0;0;0;0;0;1;1;0;0;0;0;0;0;0;0;0;1;20,0;27;7;15;8;4;5;1;3;10;7;10;10;0;3;8;11;4;6;2;1;0;4;8;0;35
9_RMB_J3_Q3;3;9_RMB_J3;9;RMB;3;90;BUR;80;True;True;True;4,383333333333334;263;2;1;2;1;1;1;0;0;1;1;0;0;0;0;1;1;0;0;0;0;0;1;0;0;-4;1;20,0;27;7;15;8;4;5;1;3;10;7;10;10;0;3;8;11;4;6;2;1;0;4;8;0;35
11_RMB_J3_Q3;3;11_RMB_J3;11;RMB;3;90;BUR;80;True;True;True;7,5;450;6;2;4;2;0;0;0;2;4;2;0;0;0;0;1;1;1;1;0;0;0;0;1;0;5;6;20,0;27;7;15;8;4;5;1;3;10;7;10;10;0;3;8;11;4;6;2;1;0;4;8;0;35
12_RMB_J3_Q3;3;12_RMB_J3;12;RMB;3;90;BUR;80;True;True;True;3,25;195;2;0;0;0;0;0;0;0;0;0;2;2;0;0;0;0;0;2;0;0;0;0;1;0;0;1;20,0;27;7;15;8;4;5;1;3;10;7;10;10;0;3;8;11;4;6;2;1;0;4;8;0;35
13_RMB_J3_Q3;3;13_RMB_J3;13;RMB;3;90;BUR;80;True;False;True;3,25;195;2;0;0;0;0;0;0;0;0;0;2;2;0;1;0;1;0;0;0;0;0;0;1;0;0;4;20,0;27;7;15;8;4;5;1;3;10;7;10;10;0;3;8;11;4;6;2;1;0;4;8;0;35
14_RMB_J3_Q3;3;14_RMB_J3;14;RMB;3;90;BUR;80;True;False;True;5,616666666666666;337;5;1;1;0;0;0;0;1;1;0;2;2;0;0;1;1;0;0;0;0;0;0;1;0;9;7;20,0;27;7;15;8;4;5;1;3;10;7;10;10;0;3;8;11;4;6;2;1;0;4;8;0;35
16_RMB_J3_Q3;3;16_RMB_J3;16;RMB;3;90;BUR;80;True;False;True;6,75;405;6;2;2;0;2;2;0;0;0;0;2;2;0;1;2;3;0;2;0;1;0;1;2;0;5;9;20,0;27;7;15;8;4;5;1;3;10;7;10;10;0;3;8;11;4;6;2;1;0;4;8;0;35
20_RMB_J3_Q3;3;20_RMB_J3;20;RMB;3;90;BUR;80;True;True;True;0,0;0;0;0;0;0;0;0;0;0;0;0;0;0;0;0;0;0;0;0;0;0;0;0;0;0;0;0;20,0;27;7;15;8;4;5;1;3;10;7;10;10;0;3;8;11;4;6;2;1;0;4;8;0;35
23_RMB_J3_Q3;3;23_RMB_J3;23;RMB;3;90;BUR;80;True;False;True;4,383333333333334;263;0;0;2;2;0;1;1;0;1;1;0;0;0;1;1;2;0;0;0;0;0;1;0;0;-4;-1;20,0;27;7;15;8;4;5;1;3;10;7;10;10;0;3;8;11;4;6;2;1;0;4;8;0;35
RMB_RMB_J3_Q3;3;RMB_RMB_J3;RMB;RMB;3;90;BUR;80;True;False;True;50,0;3000;0;0;0;0;0;0;0;0;0;0;0;0;0;0;0;0;0;0;0;0;0;0;0;0;0;0;20,0;27;7;15;8;4;5;1;3;10;7;10;10;0;3;8;11;4;6;2;1;0;4;8;0;35
1_RMB_J3_Q4;4;1_RMB_J3;1;RMB;3;90;BUR;80;True;False;True;10,0;600;4;0;1;1;0;0;0;0;1;1;4;4;0;0;0;0;0;0;0;0;0;1;3;0;10;5;20,0;22;6;15;9;6;10;4;0;5;5;10;10;0;2;7;9;1;3;3;0;0;6;7;0;24
6_RMB_J3_Q4;4;6_RMB_J3;6;RMB;3;90;BUR;80;True;True;True;8,566666666666666;514;4;1;1;0;1;1;0;0;0;0;2;2;0;1;0;1;0;0;0;0;0;0;2;0;10;7;20,0;22;6;15;9;6;10;4;0;5;5;10;10;0;2;7;9;1;3;3;0;0;6;7;0;24
7_RMB_J3_Q4;4;7_RMB_J3;7;RMB;3;90;BUR;80;True;False;True;7,116666666666666;427;6;2;5;3;2;4;2;0;1;1;2;2;0;0;0;0;0;1;1;0;0;2;1;0;8;2;20,0;22;6;15;9;6;10;4;0;5;5;10;10;0;2;7;9;1;3;3;0;0;6;7;0;24
8_RMB_J3_Q4;4;8_RMB_J3;8;RMB;3;90;BUR;80;True;False;True;6,766666666666667;406;4;1;2;1;1;1;0;0;1;1;2;2;0;0;2;2;1;0;1;0;0;0;1;0;7;8;20,0;22;6;15;9;6;10;4;0;5;5;10;10;0;2;7;9;1;3;3;0;0;6;7;0;24
9_RMB_J3_Q4;4;9_RMB_J3;9;RMB;3;90;BUR;80;True;True;True;0,0;0;0;0;0;0;0;0;0;0;0;0;0;0;0;0;0;0;0;0;0;0;0;0;0;0;0;0;20,0;22;6;15;9;6;10;4;0;5;5;10;10;0;2;7;9;1;3;3;0;0;6;7;0;24
11_RMB_J3_Q4;4;11_RMB_J3;11;RMB;3;90;BUR;80;True;True;True;3,2333333333333334;194;2;1;2;1;1;1;0;0;1;1;0;0;0;0;3;3;0;0;0;0;0;0;0;0;3;4;20,0;22;6;15;9;6;10;4;0;5;5;10;10;0;2;7;9;1;3;3;0;0;6;7;0;24
12_RMB_J3_Q4;4;12_RMB_J3;12;RMB;3;90;BUR;80;True;True;True;2,8833333333333333;173;0;0;1;1;0;0;0;0;1;1;0;0;0;0;0;0;0;2;0;0;0;1;0;0;2;-4;20,0;22;6;15;9;6;10;4;0;5;5;10;10;0;2;7;9;1;3;3;0;0;6;7;0;24
13_RMB_J3_Q4;4;13_RMB_J3;13;RMB;3;90;BUR;80;True;False;True;3,716666666666667;223;2;1;2;1;1;2;1;0;0;0;0;0;0;1;2;3;0;0;1;0;0;1;0;0;4;4;20,0;22;6;15;9;6;10;4;0;5;5;10;10;0;2;7;9;1;3;3;0;0;6;7;0;24
14_RMB_J3_Q4;4;14_RMB_J3;14;RMB;3;90;BUR;80;True;False;True;0,0;0;0;0;0;0;0;0;0;0;0;0;0;0;0;0;0;0;0;0;0;0;0;0;0;0;0;0;20,0;22;6;15;9;6;10;4;0;5;5;10;10;0;2;7;9;1;3;3;0;0;6;7;0;24
16_RMB_J3_Q4;4;16_RMB_J3;16;RMB;3;90;BUR;80;True;False;True;6,283333333333333;377;0;0;0;0;0;0;0;0;0;0;0;0;0;0;0;0;0;0;0;0;0;0;0;0;6;0;20,0;22;6;15;9;6;10;4;0;5;5;10;10;0;2;7;9;1;3;3;0;0;6;7;0;24
20_RMB_J3_Q4;4;20_RMB_J3;20;RMB;3;90;BUR;80;True;True;True;0,0;0;0;0;0;0;0;0;0;0;0;0;0;0;0;0;0;0;0;0;0;0;0;0;0;0;0;0;20,0;22;6;15;9;6;10;4;0;5;5;10;10;0;2;7;9;1;3;3;0;0;6;7;0;24
23_RMB_J3_Q4;4;23_RMB_J3;23;RMB;3;90;BUR;80;True;False;True;1,4333333333333333;86;0;0;1;1;0;1;1;0;0;0;0;0;0;0;0;0;0;0;0;0;0;1;0;0;0;-2;20,0;22;6;15;9;6;10;4;0;5;5;10;10;0;2;7;9;1;3;3;0;0;6;7;0;24
RMB_RMB_J3_Q4;4;RMB_RMB_J3;RMB;RMB;3;90;BUR;80;True;False;True;50,0;3000;0;0;0;0;0;0;0;0;0;0;0;0;0;0;0;0;0;0;0;0;0;0;0;0;0;0;20,0;22;6;15;9;6;10;4;0;5;5;10;10;0;2;7;9;1;3;3;0;0;6;7;0;24
00_BUR_J3_Q1;1;00_BUR_J3;00;BUR;3;80;RMB;90;False;True;False;5,216666666666667;313;0;0;2;2;0;2;2;0;0;0;0;0;0;1;0;1;0;1;0;0;0;0;0;0;-4;-2;20,0;20;7;17;10;6;13;7;1;4;3;5;6;1;6;5;11;5;5;3;0;2;4;5;0;22
3_BUR_J3_Q1;1;3_BUR_J3;3;BUR;3;80;RMB;90;False;False;False;5,1;306;5;2;3;1;2;3;1;0;0;0;1;2;1;0;0;0;1;0;0;0;0;1;1;0;-2;4;20,0;20;7;17;10;6;13;7;1;4;3;5;6;1;6;5;11;5;5;3;0;2;4;5;0;22
7_BUR_J3_Q1;1;7_BUR_J3;7;BUR;3;80;RMB;90;False;True;False;5,216666666666667;313;0;0;0;0;0;0;0;0;0;0;0;0;0;2;2;4;0;0;0;0;0;2;0;0;-4;2;20,0;20;7;17;10;6;13;7;1;4;3;5;6;1;6;5;11;5;5;3;0;2;4;5;0;22
8_BUR_J3_Q1;1;8_BUR_J3;8;BUR;3;80;RMB;90;False;False;False;4,783333333333333;287;0;0;0;0;0;0;0;0;0;0;0;0;0;0;0;0;0;0;0;0;0;0;0;0;-1;0;20,0;20;7;17;10;6;13;7;1;4;3;5;6;1;6;5;11;5;5;3;0;2;4;5;0;22
10_BUR_J3_Q1;1;10_BUR_J3;10;BUR;3;80;RMB;90;False;False;False;3,0166666666666666;181;4;0;0;0;0;0;0;0;0;0;4;4;0;0;0;0;1;0;1;0;0;0;2;0;0;8;20,0;20;7;17;10;6;13;7;1;4;3;5;6;1;6;5;11;5;5;3;0;2;4;5;0;22
11_BUR_J3_Q1;1;11_BUR_J3;11;BUR;3;80;RMB;90;False;False;False;4,783333333333333;287;2;1;2;1;1;1;0;0;1;1;0;0;0;0;0;0;0;0;0;0;1;0;0;0;-1;0;20,0;20;7;17;10;6;13;7;1;4;3;5;6;1;6;5;11;5;5;3;0;2;4;5;0;22
17_BUR_J3_Q1;1;17_BUR_J3;17;BUR;3;80;RMB;90;False;False;False;0,0;0;0;0;0;0;0;0;0;0;0;0;0;0;0;0;0;0;0;0;0;0;0;0;0;0;0;0;20,0;20;7;17;10;6;13;7;1;4;3;5;6;1;6;5;11;5;5;3;0;2;4;5;0;22
19_BUR_J3_Q1;1;19_BUR_J3;19;BUR;3;80;RMB;90;False;False;False;3,0166666666666666;181;0;0;2;2;0;1;1;0;1;1;0;0;0;1;1;2;0;0;0;0;0;0;1;0;0;1;20,0;20;7;17;10;6;13;7;1;4;3;5;6;1;6;5;11;5;5;3;0;2;4;5;0;22
22_BUR_J3_Q1;1;22_BUR_J3;22;BUR;3;80;RMB;90;False;True;False;2,8666666666666667;172;2;1;1;0;1;1;0;0;0;0;0;0;0;1;1;2;0;2;0;0;0;0;0;0;-2;2;20,0;20;7;17;10;6;13;7;1;4;3;5;6;1;6;5;11;5;5;3;0;2;4;5;0;22
23_BUR_J3_Q1;1;23_BUR_J3;23;BUR;3;80;RMB;90;False;True;False;6,983333333333333;419;0;0;2;2;0;2;2;0;0;0;0;0;0;0;1;1;1;2;1;0;1;1;0;0;-5;-3;20,0;20;7;17;10;6;13;7;1;4;3;5;6;1;6;5;11;5;5;3;0;2;4;5;0;22
40_BUR_J3_Q1;1;40_BUR_J3;40;BUR;3;80;RMB;90;False;False;False;2,033333333333333;122;0;0;1;1;0;1;1;0;0;0;0;0;0;0;0;0;1;0;0;0;0;0;0;0;-1;0;20,0;20;7;17;10;6;13;7;1;4;3;5;6;1;6;5;11;5;5;3;0;2;4;5;0;22
56_BUR_J3_Q1;1;56_BUR_J3;56;BUR;3;80;RMB;90;False;True;False;6,983333333333333;419;7;3;4;1;2;2;0;1;2;1;0;0;0;0;0;0;1;0;1;0;0;0;1;0;-5;9;20,0;20;7;17;10;6;13;7;1;4;3;5;6;1;6;5;11;5;5;3;0;2;4;5;0;22
BUR_BUR_J3_Q1;1;BUR_BUR_J3;BUR;BUR;3;80;RMB;90;False;False;False;50,0;3000;0;0;0;0;0;0;0;0;0;0;0;0;0;1;0;1;0;0;0;0;0;0;0;0;0;1;20,0;20;7;17;10;6;13;7;1;4;3;5;6;1;6;5;11;5;5;3;0;2;4;5;0;22
00_BUR_J3_Q2;2;00_BUR_J3;00;BUR;3;80;RMB;90;False;True;False;9,333333333333334;560;6;3;4;1;3;3;0;0;1;1;0;0;0;0;3;3;0;0;1;0;0;1;0;1;10;8;20,0;26;10;14;4;9;10;1;1;4;3;5;6;1;2;9;11;6;3;1;1;0;4;4;2;37
3_BUR_J3_Q2;2;3_BUR_J3;3;BUR;3;80;RMB;90;False;False;False;1,3;78;2;1;1;0;1;1;0;0;0;0;0;0;0;0;0;0;0;0;0;0;0;0;0;0;4;2;20,0;26;10;14;4;9;10;1;1;4;3;5;6;1;2;9;11;6;3;1;1;0;4;4;2;37
7_BUR_J3_Q2;2;7_BUR_J3;7;BUR;3;80;RMB;90;False;True;False;0,0;0;0;0;0;0;0;0;0;0;0;0;0;0;0;0;0;0;0;0;0;0;0;0;0;0;0;0;20,0;26;10;14;4;9;10;1;1;4;3;5;6;1;2;9;11;6;3;1;1;0;4;4;2;37
8_BUR_J3_Q2;2;8_BUR_J3;8;BUR;3;80;RMB;90;False;False;False;0,3333333333333333;20;0;0;0;0;0;0;0;0;0;0;0;0;0;0;0;0;0;0;0;0;0;0;0;0;0;0;20,0;26;10;14;4;9;10;1;1;4;3;5;6;1;2;9;11;6;3;1;1;0;4;4;2;37
10_BUR_J3_Q2;2;10_BUR_J3;10;BUR;3;80;RMB;90;False;False;False;4,15;249;0;0;0;0;0;0;0;0;0;0;0;0;0;0;0;0;0;0;0;0;0;0;0;0;3;0;20,0;26;10;14;4;9;10;1;1;4;3;5;6;1;2;9;11;6;3;1;1;0;4;4;2;37
11_BUR_J3_Q2;2;11_BUR_J3;11;BUR;3;80;RMB;90;False;False;False;1,0;60;0;0;0;0;0;0;0;0;0;0;0;0;0;0;1;1;0;0;0;0;0;0;0;0;2;1;20,0;26;10;14;4;9;10;1;1;4;3;5;6;1;2;9;11;6;3;1;1;0;4;4;2;37
17_BUR_J3_Q2;2;17_BUR_J3;17;BUR;3;80;RMB;90;False;False;False;5,516666666666667;331;0;0;0;0;0;0;0;0;0;0;0;0;0;1;0;1;1;1;0;0;0;0;1;0;5;2;20,0;26;10;14;4;9;10;1;1;4;3;5;6;1;2;9;11;6;3;1;1;0;4;4;2;37
19_BUR_J3_Q2;2;19_BUR_J3;19;BUR;3;80;RMB;90;False;False;False;1,3666666666666667;82;2;0;0;0;0;0;0;0;0;0;2;2;0;0;0;0;0;0;0;0;0;0;1;0;0;3;20,0;26;10;14;4;9;10;1;1;4;3;5;6;1;2;9;11;6;3;1;1;0;4;4;2;37
22_BUR_J3_Q2;2;22_BUR_J3;22;BUR;3;80;RMB;90;False;True;False;3,216666666666667;193;7;3;3;0;3;3;0;0;0;0;1;2;1;1;1;2;0;0;0;0;0;2;1;0;-1;7;20,0;26;10;14;4;9;10;1;1;4;3;5;6;1;2;9;11;6;3;1;1;0;4;4;2;37
23_BUR_J3_Q2;2;23_BUR_J3;23;BUR;3;80;RMB;90;False;True;False;8,633333333333333;518;3;1;2;1;0;0;0;1;2;1;0;0;0;0;2;2;3;0;0;0;0;0;0;0;10;7;20,0;26;10;14;4;9;10;1;1;4;3;5;6;1;2;9;11;6;3;1;1;0;4;4;2;37
40_BUR_J3_Q2;2;40_BUR_J3;40;BUR;3;80;RMB;90;False;False;False;5,483333333333333;329;4;2;2;0;2;2;0;0;0;0;0;0;0;0;0;0;0;1;0;1;0;1;0;1;7;3;20,0;26;10;14;4;9;10;1;1;4;3;5;6;1;2;9;11;6;3;1;1;0;4;4;2;37
56_BUR_J3_Q2;2;56_BUR_J3;56;BUR;3;80;RMB;90;False;True;False;9,666666666666666;580;2;0;2;2;0;1;1;0;1;1;2;2;0;0;1;1;2;1;0;0;0;0;1;0;10;3;20,0;26;10;14;4;9;10;1;1;4;3;5;6;1;2;9;11;6;3;1;1;0;4;4;2;37
BUR_BUR_J3_Q2;2;BUR_BUR_J3;BUR;BUR;3;80;RMB;90;False;False;False;50,0;3000;0;0;0;0;0;0;0;0;0;0;0;0;0;0;1;1;0;0;0;0;0;0;0;0;0;1;20,0;26;10;14;4;9;10;1;1;4;3;5;6;1;2;9;11;6;3;1;1;0;4;4;2;37
00_BUR_J3_Q3;3;00_BUR_J3;00;BUR;3;80;RMB;90;False;True;False;5,333333333333333;320;8;3;4;1;1;1;0;2;3;1;0;0;0;0;0;0;0;2;0;0;0;0;0;1;-9;5;20,0;22;9;19;10;7;13;6;2;6;4;2;4;2;3;5;8;5;4;5;0;1;8;4;1;19
3_BUR_J3_Q3;3;3_BUR_J3;3;BUR;3;80;RMB;90;False;False;False;0,0;0;0;0;0;0;0;0;0;0;0;0;0;0;0;0;0;0;0;0;0;0;0;0;0;0;0;0;20,0;22;9;19;10;7;13;6;2;6;4;2;4;2;3;5;8;5;4;5;0;1;8;4;1;19
7_BUR_J3_Q3;3;7_BUR_J3;7;BUR;3;80;RMB;90;False;True;False;2,6333333333333333;158;0;0;0;0;0;0;0;0;0;0;0;0;0;0;0;0;0;0;1;0;0;1;0;0;-5;0;20,0;22;9;19;10;7;13;6;2;6;4;2;4;2;3;5;8;5;4;5;0;1;8;4;1;19
8_BUR_J3_Q3;3;8_BUR_J3;8;BUR;3;80;RMB;90;False;False;False;0,0;0;0;0;0;0;0;0;0;0;0;0;0;0;0;0;0;0;0;0;0;0;0;0;0;0;0;0;20,0;22;9;19;10;7;13;6;2;6;4;2;4;2;3;5;8;5;4;5;0;1;8;4;1;19
10_BUR_J3_Q3;3;10_BUR_J3;10;BUR;3;80;RMB;90;False;False;False;4,666666666666667;280;2;1;1;0;1;1;0;0;0;0;0;0;0;0;0;0;0;0;0;0;0;0;1;0;4;3;20,0;22;9;19;10;7;13;6;2;6;4;2;4;2;3;5;8;5;4;5;0;1;8;4;1;19
11_BUR_J3_Q3;3;11_BUR_J3;11;BUR;3;80;RMB;90;False;False;False;4,666666666666667;280;0;0;1;1;0;0;0;0;1;1;0;0;0;0;1;1;0;0;0;0;0;0;0;0;4;0;20,0;22;9;19;10;7;13;6;2;6;4;2;4;2;3;5;8;5;4;5;0;1;8;4;1;19
17_BUR_J3_Q3;3;17_BUR_J3;17;BUR;3;80;RMB;90;False;False;False;0,0;0;0;0;0;0;0;0;0;0;0;0;0;0;0;0;0;0;0;0;0;0;0;0;0;0;0;0;20,0;22;9;19;10;7;13;6;2;6;4;2;4;2;3;5;8;5;4;5;0;1;8;4;1;19
19_BUR_J3_Q3;3;19_BUR_J3;19;BUR;3;80;RMB;90;False;False;False;5,866666666666666;352;4;2;4;2;2;4;2;0;0;0;0;0;0;0;0;0;2;0;1;0;1;1;0;0;0;3;20,0;22;9;19;10;7;13;6;2;6;4;2;4;2;3;5;8;5;4;5;0;1;8;4;1;19
22_BUR_J3_Q3;3;22_BUR_J3;22;BUR;3;80;RMB;90;False;True;False;1,7833333333333334;107;1;0;0;0;0;0;0;0;0;0;1;2;1;1;1;2;0;1;0;0;0;2;1;0;1;0;20,0;22;9;19;10;7;13;6;2;6;4;2;4;2;3;5;8;5;4;5;0;1;8;4;1;19
23_BUR_J3_Q3;3;23_BUR_J3;23;BUR;3;80;RMB;90;False;True;False;6,833333333333333;410;0;0;3;3;0;2;2;0;1;1;0;0;0;1;1;2;0;0;0;0;0;1;0;0;-9;-2;20,0;22;9;19;10;7;13;6;2;6;4;2;4;2;3;5;8;5;4;5;0;1;8;4;1;19
40_BUR_J3_Q3;3;40_BUR_J3;40;BUR;3;80;RMB;90;False;False;False;8,216666666666667;493;7;3;4;1;3;4;1;0;0;0;1;2;1;1;1;2;0;1;0;0;0;2;1;0;-6;5;20,0;22;9;19;10;7;13;6;2;6;4;2;4;2;3;5;8;5;4;5;0;1;8;4;1;19
56_BUR_J3_Q3;3;56_BUR_J3;56;BUR;3;80;RMB;90;False;True;False;10,0;600;0;0;2;2;0;1;1;0;1;1;0;0;0;0;1;1;3;0;3;0;0;1;1;0;-5;5;20,0;22;9;19;10;7;13;6;2;6;4;2;4;2;3;5;8;5;4;5;0;1;8;4;1;19
BUR_BUR_J3_Q3;3;BUR_BUR_J3;BUR;BUR;3;80;RMB;90;False;False;False;50,0;3000;0;0;0;0;0;0;0;0;0;0;0;0;0;0;0;0;0;0;0;0;0;0;0;0;0;0;20,0;22;9;19;10;7;13;6;2;6;4;2;4;2;3;5;8;5;4;5;0;1;8;4;1;19
00_BUR_J3_Q4;4;00_BUR_J3;00;BUR;3;80;RMB;90;False;True;False;7,833333333333333;470;2;0;0;0;0;0;0;0;0;0;2;2;0;0;2;2;0;1;0;0;0;0;1;0;-8;4;20,0;12;4;13;9;3;7;4;1;6;5;3;4;1;1;6;7;2;7;2;0;0;7;6;0;5
3_BUR_J3_Q4;4;3_BUR_J3;3;BUR;3;80;RMB;90;False;False;False;0,0;0;0;0;0;0;0;0;0;0;0;0;0;0;0;0;0;0;0;0;0;0;0;0;0;0;0;0;20,0;12;4;13;9;3;7;4;1;6;5;3;4;1;1;6;7;2;7;2;0;0;7;6;0;5
7_BUR_J3_Q4;4;7_BUR_J3;7;BUR;3;80;RMB;90;False;True;False;0,0;0;0;0;0;0;0;0;0;0;0;0;0;0;0;0;0;0;0;0;0;0;0;0;0;0;0;0;20,0;12;4;13;9;3;7;4;1;6;5;3;4;1;1;6;7;2;7;2;0;0;7;6;0;5
8_BUR_J3_Q4;4;8_BUR_J3;8;BUR;3;80;RMB;90;False;False;False;0,0;0;0;0;0;0;0;0;0;0;0;0;0;0;0;0;0;0;0;0;0;0;0;0;0;0;0;0;20,0;12;4;13;9;3;7;4;1;6;5;3;4;1;1;6;7;2;7;2;0;0;7;6;0;5
10_BUR_J3_Q4;4;10_BUR_J3;10;BUR;3;80;RMB;90;False;False;False;8,216666666666667;493;0;0;1;1;0;0;0;0;1;1;0;0;0;0;1;1;1;0;0;0;0;0;1;0;-11;2;20,0;12;4;13;9;3;7;4;1;6;5;3;4;1;1;6;7;2;7;2;0;0;7;6;0;5
11_BUR_J3_Q4;4;11_BUR_J3;11;BUR;3;80;RMB;90;False;False;False;2,1666666666666665;130;0;0;1;1;0;0;0;0;1;1;0;0;0;0;1;1;0;1;0;0;0;0;1;0;-2;0;20,0;12;4;13;9;3;7;4;1;6;5;3;4;1;1;6;7;2;7;2;0;0;7;6;0;5
17_BUR_J3_Q4;4;17_BUR_J3;17;BUR;3;80;RMB;90;False;False;False;0,0;0;0;0;0;0;0;0;0;0;0;0;0;0;0;0;0;0;0;0;0;0;0;0;0;0;0;0;20,0;12;4;13;9;3;7;4;1;6;5;3;4;1;1;6;7;2;7;2;0;0;7;6;0;5
19_BUR_J3_Q4;4;19_BUR_J3;19;BUR;3;80;RMB;90;False;False;False;6,316666666666666;379;3;1;4;3;1;2;1;0;2;2;1;2;1;0;0;0;0;0;0;0;0;0;2;0;-8;1;20,0;12;4;13;9;3;7;4;1;6;5;3;4;1;1;6;7;2;7;2;0;0;7;6;0;5
22_BUR_J3_Q4;4;22_BUR_J3;22;BUR;3;80;RMB;90;False;True;False;5,25;315;0;0;1;1;0;1;1;0;0;0;0;0;0;1;1;2;0;3;1;0;0;1;1;0;-7;-1;20,0;12;4;13;9;3;7;4;1;6;5;3;4;1;1;6;7;2;7;2;0;0;7;6;0;5
23_BUR_J3_Q4;4;23_BUR_J3;23;BUR;3;80;RMB;90;False;True;False;8,55;513;0;0;0;0;0;0;0;0;0;0;0;0;0;0;0;0;0;2;0;0;0;3;0;0;-6;-5;20,0;12;4;13;9;3;7;4;1;6;5;3;4;1;1;6;7;2;7;2;0;0;7;6;0;5
40_BUR_J3_Q4;4;40_BUR_J3;40;BUR;3;80;RMB;90;False;False;False;4,75;285;2;1;3;2;1;3;2;0;0;0;0;0;0;0;0;0;0;0;0;0;0;1;0;0;-3;-1;20,0;12;4;13;9;3;7;4;1;6;5;3;4;1;1;6;7;2;7;2;0;0;7;6;0;5
56_BUR_J3_Q4;4;56_BUR_J3;56;BUR;3;80;RMB;90;False;True;False;6,916666666666667;415;5;2;3;1;1;1;0;1;2;1;0;0;0;0;1;1;1;0;1;0;0;2;0;0;-5;5;20,0;12;4;13;9;3;7;4;1;6;5;3;4;1;1;6;7;2;7;2;0;0;7;6;0;5
BUR_BUR_J3_Q4;4;BUR_BUR_J3;BUR;BUR;3;80;RMB;90;False;False;False;50,0;3000;0;0;0;0;0;0;0;0;0;0;0;0;0;0;0;0;0;0;0;0;0;0;0;0;0;0;20,0;12;4;13;9;3;7;4;1;6;5;3;4;1;1;6;7;2;7;2;0;0;7;6;0;5
1_HIO_J3_Q1;1;1_HIO_J3;1;HIO;3;78;VBC;99;True;True;False;5,683333333333334;341;8;3;4;1;2;3;1;1;1;0;1;1;0;1;0;1;1;0;0;0;0;0;1;0;8;10;20,0;25;9;21;12;5;12;7;4;9;5;3;5;2;5;4;9;5;0;1;0;0;4;3;0;25
2_HIO_J3_Q1;1;2_HIO_J3;2;HIO;3;78;VBC;99;True;False;False;4,316666666666666;259;0;0;0;0;0;0;0;0;0;0;0;0;0;0;0;0;0;0;0;0;0;0;0;0;-7;0;20,0;25;9;21;12;5;12;7;4;9;5;3;5;2;5;4;9;5;0;1;0;0;4;3;0;25
3_HIO_J3_Q1;1;3_HIO_J3;3;HIO;3;78;VBC;99;True;True;False;4,9;294;0;0;1;1;0;0;0;0;1;1;0;0;0;1;0;1;0;0;0;0;0;2;0;0;6;-2;20,0;25;9;21;12;5;12;7;4;9;5;3;5;2;5;4;9;5;0;1;0;0;4;3;0;25
4_HIO_J3_Q1;1;4_HIO_J3;4;HIO;3;78;VBC;99;True;True;False;5,683333333333334;341;6;2;5;3;0;3;3;2;2;0;0;0;0;0;0;0;1;0;1;0;0;0;0;0;8;5;20,0;25;9;21;12;5;12;7;4;9;5;3;5;2;5;4;9;5;0;1;0;0;4;3;0;25
5_HIO_J3_Q1;1;5_HIO_J3;5;HIO;3;78;VBC;99;True;True;False;4,9;294;0;0;1;1;0;0;0;0;1;1;0;0;0;1;1;2;1;0;0;0;0;0;0;0;6;2;20,0;25;9;21;12;5;12;7;4;9;5;3;5;2;5;4;9;5;0;1;0;0;4;3;0;25
6_HIO_J3_Q1;1;6_HIO_J3;6;HIO;3;78;VBC;99;True;False;False;4,316666666666666;259;3;1;4;3;0;2;2;1;2;1;0;0;0;0;0;0;1;0;0;0;0;0;0;0;-7;1;20,0;25;9;21;12;5;12;7;4;9;5;3;5;2;5;4;9;5;0;1;0;0;4;3;0;25
7_HIO_J3_Q1;1;7_HIO_J3;7;HIO;3;78;VBC;99;True;False;False;3,75;225;4;2;2;0;2;2;0;0;0;0;0;0;0;0;1;1;0;0;0;0;0;0;0;0;7;5;20,0;25;9;21;12;5;12;7;4;9;5;3;5;2;5;4;9;5;0;1;0;0;4;3;0;25
12_HIO_J3_Q1;1;12_HIO_J3;12;HIO;3;78;VBC;99;True;True;False;3,55;213;1;0;0;0;0;0;0;0;0;0;1;2;1;0;1;1;0;0;0;0;0;0;1;0;-3;2;20,0;25;9;21;12;5;12;7;4;9;5;3;5;2;5;4;9;5;0;1;0;0;4;3;0;25
14_HIO_J3_Q1;1;14_HIO_J3;14;HIO;3;78;VBC;99;True;False;False;5,1;306;1;0;1;1;0;0;0;0;1;1;1;2;1;0;0;0;1;0;0;0;0;1;1;0;-5;0;20,0;25;9;21;12;5;12;7;4;9;5;3;5;2;5;4;9;5;0;1;0;0;4;3;0;25
16_HIO_J3_Q1;1;16_HIO_J3;16;HIO;3;78;VBC;99;True;False;False;1,1833333333333333;71;2;1;1;0;1;1;0;0;0;0;0;0;0;0;0;0;0;0;0;0;0;1;0;0;2;1;20,0;25;9;21;12;5;12;7;4;9;5;3;5;2;5;4;9;5;0;1;0;0;4;3;0;25
22_HIO_J3_Q1;1;22_HIO_J3;22;HIO;3;78;VBC;99;True;False;False;3,9166666666666665;235;0;0;2;2;0;1;1;0;1;1;0;0;0;1;1;2;0;0;0;0;0;0;0;0;-7;0;20,0;25;9;21;12;5;12;7;4;9;5;3;5;2;5;4;9;5;0;1;0;0;4;3;0;25
25_HIO_J3_Q1;1;25_HIO_J3;25;HIO;3;78;VBC;99;True;False;False;2,7;162;0;0;0;0;0;0;0;0;0;0;0;0;0;0;0;0;0;0;0;0;0;0;0;0;-3;0;20,0;25;9;21;12;5;12;7;4;9;5;3;5;2;5;4;9;5;0;1;0;0;4;3;0;25
HIO_HIO_J3_Q1;1;HIO_HIO_J3;HIO;HIO;3;78;VBC;99;True;False;False;50,0;3000;0;0;0;0;0;0;0;0;0;0;0;0;0;1;0;1;0;0;0;0;0;0;0;0;0;1;20,0;25;9;21;12;5;12;7;4;9;5;3;5;2;5;4;9;5;0;1;0;0;4;3;0;25
1_HIO_J3_Q2;2;1_HIO_J3;1;HIO;3;78;VBC;99;True;True;False;4,933333333333334;296;3;1;3;2;1;2;1;0;1;1;1;1;0;0;0;0;0;1;0;0;0;0;0;0;-7;0;20,0;16;7;17;10;6;11;5;1;6;5;1;3;2;2;5;7;5;5;2;0;0;8;3;1;8
2_HIO_J3_Q2;2;2_HIO_J3;2;HIO;3;78;VBC;99;True;False;False;2,3333333333333335;140;0;0;1;1;0;0;0;0;1;1;0;0;0;0;0;0;0;0;0;0;0;2;0;0;-2;-3;20,0;16;7;17;10;6;11;5;1;6;5;1;3;2;2;5;7;5;5;2;0;0;8;3;1;8
3_HIO_J3_Q2;2;3_HIO_J3;3;HIO;3;78;VBC;99;True;True;False;2,3666666666666667;142;0;0;1;1;0;1;1;0;0;0;0;0;0;0;1;1;0;0;0;0;0;1;0;0;1;-1;20,0;16;7;17;10;6;11;5;1;6;5;1;3;2;2;5;7;5;5;2;0;0;8;3;1;8
4_HIO_J3_Q2;2;4_HIO_J3;4;HIO;3;78;VBC;99;True;True;False;1,55;93;0;0;0;0;0;0;0;0;0;0;0;0;0;0;0;0;0;0;0;0;0;2;0;0;-1;-2;20,0;16;7;17;10;6;11;5;1;6;5;1;3;2;2;5;7;5;5;2;0;0;8;3;1;8
5_HIO_J3_Q2;2;5_HIO_J3;5;HIO;3;78;VBC;99;True;True;False;8,866666666666667;532;5;2;5;3;1;1;0;1;4;3;0;0;0;0;1;1;0;1;0;0;0;0;0;0;-6;2;20,0;16;7;17;10;6;11;5;1;6;5;1;3;2;2;5;7;5;5;2;0;0;8;3;1;8
6_HIO_J3_Q2;2;6_HIO_J3;6;HIO;3;78;VBC;99;True;False;False;6,116666666666666;367;0;0;1;1;0;1;1;0;0;0;0;0;0;0;0;0;1;0;0;0;0;0;1;0;-6;1;20,0;16;7;17;10;6;11;5;1;6;5;1;3;2;2;5;7;5;5;2;0;0;8;3;1;8
7_HIO_J3_Q2;2;7_HIO_J3;7;HIO;3;78;VBC;99;True;False;False;5,116666666666666;307;6;3;4;1;3;4;1;0;0;0;0;2;2;2;0;2;0;0;0;0;0;0;1;1;-2;6;20,0;16;7;17;10;6;11;5;1;6;5;1;3;2;2;5;7;5;5;2;0;0;8;3;1;8
12_HIO_J3_Q2;2;12_HIO_J3;12;HIO;3;78;VBC;99;True;True;False;1,1333333333333333;68;0;0;0;0;0;0;0;0;0;0;0;0;0;0;0;0;0;0;0;0;0;0;0;0;0;0;20,0;16;7;17;10;6;11;5;1;6;5;1;3;2;2;5;7;5;5;2;0;0;8;3;1;8
14_HIO_J3_Q2;2;14_HIO_J3;14;HIO;3;78;VBC;99;True;False;False;1,1333333333333333;68;0;0;0;0;0;0;0;0;0;0;0;0;0;0;0;0;0;0;0;0;0;0;0;0;-3;0;20,0;16;7;17;10;6;11;5;1;6;5;1;3;2;2;5;7;5;5;2;0;0;8;3;1;8
16_HIO_J3_Q2;2;16_HIO_J3;16;HIO;3;78;VBC;99;True;False;False;6,2;372;0;0;1;1;0;1;1;0;0;0;0;0;0;0;2;2;1;1;0;0;0;1;0;0;-5;0;20,0;16;7;17;10;6;11;5;1;6;5;1;3;2;2;5;7;5;5;2;0;0;8;3;1;8
22_HIO_J3_Q2;2;22_HIO_J3;22;HIO;3;78;VBC;99;True;False;False;6,5;390;0;0;0;0;0;0;0;0;0;0;0;0;0;0;1;1;3;0;0;0;0;0;0;0;-7;4;20,0;16;7;17;10;6;11;5;1;6;5;1;3;2;2;5;7;5;5;2;0;0;8;3;1;8
25_HIO_J3_Q2;2;25_HIO_J3;25;HIO;3;78;VBC;99;True;False;False;3,75;225;2;1;1;0;1;1;0;0;0;0;0;0;0;0;0;0;0;1;0;0;0;1;1;0;-7;1;20,0;16;7;17;10;6;11;5;1;6;5;1;3;2;2;5;7;5;5;2;0;0;8;3;1;8
HIO_HIO_J3_Q2;2;HIO_HIO_J3;HIO;HIO;3;78;VBC;99;True;False;False;50,0;3000;0;0;0;0;0;0;0;0;0;0;0;0;0;0;0;0;0;1;2;0;0;1;0;0;0;0;20,0;16;7;17;10;6;11;5;1;6;5;1;3;2;2;5;7;5;5;2;0;0;8;3;1;8
1_HIO_J3_Q3;3;1_HIO_J3;1;HIO;3;78;VBC;99;True;True;False;8,25;495;3;0;3;3;0;1;1;0;2;2;3;4;1;0;0;0;0;0;1;0;0;3;2;0;-1;-1;20,0;16;5;14;9;4;9;5;1;5;4;5;8;3;2;4;6;2;6;4;0;0;9;7;0;8
2_HIO_J3_Q3;3;2_HIO_J3;2;HIO;3;78;VBC;99;True;False;False;4,833333333333333;290;2;1;1;0;1;1;0;0;0;0;0;0;0;0;1;1;0;0;0;0;0;1;0;0;-8;2;20,0;16;5;14;9;4;9;5;1;5;4;5;8;3;2;4;6;2;6;4;0;0;9;7;0;8
3_HIO_J3_Q3;3;3_HIO_J3;3;HIO;3;78;VBC;99;True;True;False;4,316666666666666;259;3;1;2;1;0;1;1;1;1;0;0;0;0;0;1;1;0;1;0;0;0;1;0;0;-3;1;20,0;16;5;14;9;4;9;5;1;5;4;5;8;3;2;4;6;2;6;4;0;0;9;7;0;8
4_HIO_J3_Q3;3;4_HIO_J3;4;HIO;3;78;VBC;99;True;True;False;5,166666666666667;310;4;2;5;3;2;3;1;0;2;2;0;0;0;0;0;0;1;1;1;0;0;1;0;0;0;1;20,0;16;5;14;9;4;9;5;1;5;4;5;8;3;2;4;6;2;6;4;0;0;9;7;0;8
5_HIO_J3_Q3;3;5_HIO_J3;5;HIO;3;78;VBC;99;True;True;False;4,116666666666666;247;0;0;0;0;0;0;0;0;0;0;0;2;2;0;0;0;0;0;1;0;0;0;2;0;-8;1;20,0;16;5;14;9;4;9;5;1;5;4;5;8;3;2;4;6;2;6;4;0;0;9;7;0;8
6_HIO_J3_Q3;3;6_HIO_J3;6;HIO;3;78;VBC;99;True;False;False;3,5166666666666666;211;0;0;0;0;0;0;0;0;0;0;0;0;0;0;0;0;0;1;1;0;0;1;1;0;-9;0;20,0;16;5;14;9;4;9;5;1;5;4;5;8;3;2;4;6;2;6;4;0;0;9;7;0;8
7_HIO_J3_Q3;3;7_HIO_J3;7;HIO;3;78;VBC;99;True;False;False;3,8833333333333333;233;0;0;1;1;0;1;1;0;0;0;0;0;0;0;0;0;0;1;0;0;0;0;0;0;-3;-2;20,0;16;5;14;9;4;9;5;1;5;4;5;8;3;2;4;6;2;6;4;0;0;9;7;0;8
12_HIO_J3_Q3;3;12_HIO_J3;12;HIO;3;78;VBC;99;True;True;False;3,55;213;4;1;1;0;1;1;0;0;0;0;2;2;0;1;0;1;0;0;0;0;0;0;1;0;3;6;20,0;16;5;14;9;4;9;5;1;5;4;5;8;3;2;4;6;2;6;4;0;0;9;7;0;8
14_HIO_J3_Q3;3;14_HIO_J3;14;HIO;3;78;VBC;99;True;False;False;4,9;294;0;0;0;0;0;0;0;0;0;0;0;0;0;0;1;1;1;1;0;0;0;1;0;0;0;0;20,0;16;5;14;9;4;9;5;1;5;4;5;8;3;2;4;6;2;6;4;0;0;9;7;0;8
16_HIO_J3_Q3;3;16_HIO_J3;16;HIO;3;78;VBC;99;True;False;False;4,116666666666666;247;0;0;0;0;0;0;0;0;0;0;0;0;0;0;0;0;0;1;0;0;0;1;1;0;2;-1;20,0;16;5;14;9;4;9;5;1;5;4;5;8;3;2;4;6;2;6;4;0;0;9;7;0;8
22_HIO_J3_Q3;3;22_HIO_J3;22;HIO;3;78;VBC;99;True;False;False;0,7833333333333333;47;0;0;0;0;0;0;0;0;0;0;0;0;0;1;0;1;0;0;0;0;0;0;0;0;-5;1;20,0;16;5;14;9;4;9;5;1;5;4;5;8;3;2;4;6;2;6;4;0;0;9;7;0;8
25_HIO_J3_Q3;3;25_HIO_J3;25;HIO;3;78;VBC;99;True;False;False;2,566666666666667;154;0;0;1;1;0;1;1;0;0;0;0;0;0;0;0;0;0;0;0;0;0;0;0;0;-8;-1;20,0;16;5;14;9;4;9;5;1;5;4;5;8;3;2;4;6;2;6;4;0;0;9;7;0;8
HIO_HIO_J3_Q3;3;HIO_HIO_J3;HIO;HIO;3;78;VBC;99;True;False;False;50,0;3000;0;0;0;0;0;0;0;0;0;0;0;0;0;0;1;1;0;0;0;0;0;0;0;0;0;1;20,0;16;5;14;9;4;9;5;1;5;4;5;8;3;2;4;6;2;6;4;0;0;9;7;0;8
1_HIO_J3_Q4;4;1_HIO_J3;1;HIO;3;78;VBC;99;True;True;False;8,183333333333334;491;10;4;4;0;3;3;0;1;1;0;1;1;0;0;0;0;0;1;0;0;0;1;2;0;1;10;20,0;21;7;14;7;6;10;4;1;4;3;6;7;1;3;5;8;1;7;2;0;0;9;7;0;15
2_HIO_J3_Q4;4;2_HIO_J3;2;HIO;3;78;VBC;99;True;False;False;6,5;390;2;0;2;2;0;0;0;0;2;2;2;2;0;0;0;0;0;1;0;0;0;1;1;0;1;-1;20,0;21;7;14;7;6;10;4;1;4;3;6;7;1;3;5;8;1;7;2;0;0;9;7;0;15
3_HIO_J3_Q4;4;3_HIO_J3;3;HIO;3;78;VBC;99;True;True;False;6,783333333333333;407;4;2;4;2;2;3;1;0;1;1;0;0;0;0;1;1;0;2;0;0;0;1;0;0;-2;0;20,0;21;7;14;7;6;10;4;1;4;3;6;7;1;3;5;8;1;7;2;0;0;9;7;0;15
4_HIO_J3_Q4;4;4_HIO_J3;4;HIO;3;78;VBC;99;True;True;False;3,5;210;0;0;0;0;0;0;0;0;0;0;0;0;0;0;0;0;0;1;0;0;0;0;1;0;-6;0;20,0;21;7;14;7;6;10;4;1;4;3;6;7;1;3;5;8;1;7;2;0;0;9;7;0;15
5_HIO_J3_Q4;4;5_HIO_J3;5;HIO;3;78;VBC;99;True;True;False;6,5;390;3;1;1;0;1;1;0;0;0;0;1;2;1;0;1;1;1;0;0;0;0;0;1;0;1;5;20,0;21;7;14;7;6;10;4;1;4;3;6;7;1;3;5;8;1;7;2;0;0;9;7;0;15
6_HIO_J3_Q4;4;6_HIO_J3;6;HIO;3;78;VBC;99;True;False;False;0,0;0;0;0;0;0;0;0;0;0;0;0;0;0;0;0;0;0;0;0;0;0;0;0;0;0;0;0;20,0;21;7;14;7;6;10;4;1;4;3;6;7;1;3;5;8;1;7;2;0;0;9;7;0;15
7_HIO_J3_Q4;4;7_HIO_J3;7;HIO;3;78;VBC;99;True;False;False;2,216666666666667;133;0;0;1;1;0;1;1;0;0;0;0;0;0;1;0;1;0;0;1;0;0;1;0;0;-5;0;20,0;21;7;14;7;6;10;4;1;4;3;6;7;1;3;5;8;1;7;2;0;0;9;7;0;15
12_HIO_J3_Q4;4;12_HIO_J3;12;HIO;3;78;VBC;99;True;True;False;4,05;243;2;0;0;0;0;0;0;0;0;0;2;2;0;1;0;1;0;0;0;0;0;2;2;0;4;3;20,0;21;7;14;7;6;10;4;1;4;3;6;7;1;3;5;8;1;7;2;0;0;9;7;0;15
14_HIO_J3_Q4;4;14_HIO_J3;14;HIO;3;78;VBC;99;True;False;False;6,716666666666667;403;0;0;2;2;0;2;2;0;0;0;0;0;0;0;2;2;0;1;1;0;0;2;0;0;-9;-2;20,0;21;7;14;7;6;10;4;1;4;3;6;7;1;3;5;8;1;7;2;0;0;9;7;0;15
16_HIO_J3_Q4;4;16_HIO_J3;16;HIO;3;78;VBC;99;True;False;False;1,8166666666666667;109;0;0;0;0;0;0;0;0;0;0;0;0;0;0;0;0;0;0;0;0;0;0;0;0;-6;0;20,0;21;7;14;7;6;10;4;1;4;3;6;7;1;3;5;8;1;7;2;0;0;9;7;0;15
22_HIO_J3_Q4;4;22_HIO_J3;22;HIO;3;78;VBC;99;True;False;False;0,0;0;0;0;0;0;0;0;0;0;0;0;0;0;0;0;0;0;0;0;0;0;0;0;0;0;0;0;20,0;21;7;14;7;6;10;4;1;4;3;6;7;1;3;5;8;1;7;2;0;0;9;7;0;15
25_HIO_J3_Q4;4;25_HIO_J3;25;HIO;3;78;VBC;99;True;False;False;3,7333333333333334;224;0;0;0;0;0;0;0;0;0;0;0;0;0;1;1;2;0;0;0;0;0;0;0;0;-4;2;20,0;21;7;14;7;6;10;4;1;4;3;6;7;1;3;5;8;1;7;2;0;0;9;7;0;15
HIO_HIO_J3_Q4;4;HIO_HIO_J3;HIO;HIO;3;78;VBC;99;True;False;False;50,0;3000;0;0;0;0;0;0;0;0;0;0;0;0;0;0;0;0;0;1;0;0;0;1;0;0;0;-2;20,0;21;7;14;7;6;10;4;1;4;3;6;7;1;3;5;8;1;7;2;0;0;9;7;0;15
0_VBC_J3_Q1;1;0_VBC_J3;0;VBC;3;99;HIO;78;False;True;True;4,533333333333333;272;0;0;2;2;0;1;1;0;1;1;0;0;0;0;1;1;0;0;0;0;0;1;0;0;-2;-2;20,0;24;8;16;8;4;7;3;4;9;5;4;5;1;3;8;11;3;4;0;0;0;3;4;0;26
1_VBC_J3_Q1;1;1_VBC_J3;1;VBC;3;99;HIO;78;False;True;True;6,25;375;6;1;1;0;0;0;0;1;1;0;3;3;0;0;3;3;0;0;0;0;0;1;2;0;6;10;20,0;24;8;16;8;4;7;3;4;9;5;4;5;1;3;8;11;3;4;0;0;0;3;4;0;26
2_VBC_J3_Q1;1;2_VBC_J3;2;VBC;3;99;HIO;78;False;False;True;4,933333333333334;296;0;0;1;1;0;0;0;0;1;1;0;0;0;0;0;0;0;1;0;0;0;0;0;0;-9;-2;20,0;24;8;16;8;4;7;3;4;9;5;4;5;1;3;8;11;3;4;0;0;0;3;4;0;26
3_VBC_J3_Q1;1;3_VBC_J3;3;VBC;3;99;HIO;78;False;True;True;5,833333333333333;350;7;3;3;0;2;2;0;1;1;0;0;0;0;1;0;1;0;0;0;0;0;1;0;0;5;7;20,0;24;8;16;8;4;7;3;4;9;5;4;5;1;3;8;11;3;4;0;0;0;3;4;0;26
4_VBC_J3_Q1;1;4_VBC_J3;4;VBC;3;99;HIO;78;False;True;True;4,5;270;0;0;2;2;0;1;1;0;1;1;0;0;0;1;1;2;1;0;0;0;0;0;1;0;-6;2;20,0;24;8;16;8;4;7;3;4;9;5;4;5;1;3;8;11;3;4;0;0;0;3;4;0;26
5_VBC_J3_Q1;1;5_VBC_J3;5;VBC;3;99;HIO;78;False;True;True;4,533333333333333;272;0;0;1;1;0;0;0;0;1;1;0;0;0;0;0;0;1;3;0;0;0;0;0;0;-3;-3;20,0;24;8;16;8;4;7;3;4;9;5;4;5;1;3;8;11;3;4;0;0;0;3;4;0;26
6_VBC_J3_Q1;1;6_VBC_J3;6;VBC;3;99;HIO;78;False;False;True;0,0;0;0;0;0;0;0;0;0;0;0;0;0;0;0;0;0;0;0;0;0;0;0;0;0;0;0;0;20,0;24;8;16;8;4;7;3;4;9;5;4;5;1;3;8;11;3;4;0;0;0;3;4;0;26
10_VBC_J3_Q1;1;10_VBC_J3;10;VBC;3;99;HIO;78;False;False;True;5,466666666666667;328;0;0;1;1;0;1;1;0;0;0;0;0;0;0;1;1;1;0;0;0;0;0;0;0;1;1;20,0;24;8;16;8;4;7;3;4;9;5;4;5;1;3;8;11;3;4;0;0;0;3;4;0;26
12_VBC_J3_Q1;1;12_VBC_J3;12;VBC;3;99;HIO;78;False;False;True;3,75;225;0;0;0;0;0;0;0;0;0;0;0;0;0;0;1;1;0;0;0;0;0;0;0;0;-7;1;20,0;24;8;16;8;4;7;3;4;9;5;4;5;1;3;8;11;3;4;0;0;0;3;4;0;26
13_VBC_J3_Q1;1;13_VBC_J3;13;VBC;3;99;HIO;78;False;False;True;5,466666666666667;328;4;2;2;0;2;2;0;0;0;0;0;0;0;0;0;0;0;0;0;0;0;0;0;0;2;4;20,0;24;8;16;8;4;7;3;4;9;5;4;5;1;3;8;11;3;4;0;0;0;3;4;0;26
24_VBC_J3_Q1;1;24_VBC_J3;24;VBC;3;99;HIO;78;False;False;True;4,733333333333333;284;7;2;3;1;0;0;0;2;3;1;1;2;1;0;0;0;0;0;0;0;0;0;1;0;8;6;20,0;24;8;16;8;4;7;3;4;9;5;4;5;1;3;8;11;3;4;0;0;0;3;4;0;26
32_VBC_J3_Q1;1;32_VBC_J3;32;VBC;3;99;HIO;78;False;False;True;0,0;0;0;0;0;0;0;0;0;0;0;0;0;0;0;0;0;0;0;0;0;0;0;0;0;0;0;0;20,0;24;8;16;8;4;7;3;4;9;5;4;5;1;3;8;11;3;4;0;0;0;3;4;0;26
VBC_VBC_J3_Q1;1;VBC_VBC_J3;VBC;VBC;3;99;HIO;78;False;False;True;50,0;3000;0;0;0;0;0;0;0;0;0;0;0;0;0;1;1;2;0;0;0;0;0;0;0;0;0;2;20,0;24;8;16;8;4;7;3;4;9;5;4;5;1;3;8;11;3;4;0;0;0;3;4;0;26
0_VBC_J3_Q2;2;0_VBC_J3;0;VBC;3;99;HIO;78;False;True;True;4,966666666666667;298;9;2;2;0;1;1;0;1;1;0;4;4;0;0;0;0;0;0;0;0;0;0;1;0;10;10;20,0;25;8;20;12;5;12;7;3;8;5;6;7;1;7;8;15;6;4;0;0;0;4;7;0;32
1_VBC_J3_Q2;2;1_VBC_J3;1;VBC;3;99;HIO;78;False;True;True;4,7;282;3;1;2;1;0;1;1;1;1;0;0;0;0;0;0;0;0;0;0;0;0;0;0;0;1;2;20,0;25;8;20;12;5;12;7;3;8;5;6;7;1;7;8;15;6;4;0;0;0;4;7;0;32
2_VBC_J3_Q2;2;2_VBC_J3;2;VBC;3;99;HIO;78;False;False;True;2,3666666666666667;142;0;0;0;0;0;0;0;0;0;0;0;0;0;0;0;0;0;0;0;0;0;0;0;0;-1;0;20,0;25;8;20;12;5;12;7;3;8;5;6;7;1;7;8;15;6;4;0;0;0;4;7;0;32
3_VBC_J3_Q2;2;3_VBC_J3;3;VBC;3;99;HIO;78;False;True;True;4,133333333333334;248;2;1;1;0;1;1;0;0;0;0;0;1;1;0;0;0;0;0;0;0;0;0;1;0;1;2;20,0;25;8;20;12;5;12;7;3;8;5;6;7;1;7;8;15;6;4;0;0;0;4;7;0;32
4_VBC_J3_Q2;2;4_VBC_J3;4;VBC;3;99;HIO;78;False;True;True;6,983333333333333;419;2;1;3;2;1;2;1;0;1;1;0;0;0;4;2;6;2;0;0;0;0;0;1;0;6;9;20,0;25;8;20;12;5;12;7;3;8;5;6;7;1;7;8;15;6;4;0;0;0;4;7;0;32
5_VBC_J3_Q2;2;5_VBC_J3;5;VBC;3;99;HIO;78;False;True;True;6,683333333333334;401;0;0;0;0;0;0;0;0;0;0;0;0;0;0;0;0;1;0;0;0;0;0;1;0;11;2;20,0;25;8;20;12;5;12;7;3;8;5;6;7;1;7;8;15;6;4;0;0;0;4;7;0;32
6_VBC_J3_Q2;2;6_VBC_J3;6;VBC;3;99;HIO;78;False;False;True;5,866666666666666;352;0;0;4;4;0;1;1;0;3;3;0;0;0;1;1;2;0;1;0;0;0;0;1;0;8;-2;20,0;25;8;20;12;5;12;7;3;8;5;6;7;1;7;8;15;6;4;0;0;0;4;7;0;32
10_VBC_J3_Q2;2;10_VBC_J3;10;VBC;3;99;HIO;78;False;False;True;4,466666666666667;268;4;2;4;2;2;4;2;0;0;0;0;0;0;0;1;1;1;0;0;0;0;0;0;0;-1;4;20,0;25;8;20;12;5;12;7;3;8;5;6;7;1;7;8;15;6;4;0;0;0;4;7;0;32
12_VBC_J3_Q2;2;12_VBC_J3;12;VBC;3;99;HIO;78;False;False;True;2,6;156;0;0;1;1;0;1;1;0;0;0;0;0;0;1;0;1;0;0;0;0;0;1;0;0;6;-1;20,0;25;8;20;12;5;12;7;3;8;5;6;7;1;7;8;15;6;4;0;0;0;4;7;0;32
13_VBC_J3_Q2;2;13_VBC_J3;13;VBC;3;99;HIO;78;False;False;True;3,316666666666667;199;2;0;1;1;0;0;0;0;1;1;2;2;0;0;1;1;2;0;0;0;0;0;2;0;-2;6;20,0;25;8;20;12;5;12;7;3;8;5;6;7;1;7;8;15;6;4;0;0;0;4;7;0;32
24_VBC_J3_Q2;2;24_VBC_J3;24;VBC;3;99;HIO;78;False;False;True;3,9166666666666665;235;3;1;2;1;0;1;1;1;1;0;0;0;0;1;1;2;0;0;0;0;0;2;0;0;6;2;20,0;25;8;20;12;5;12;7;3;8;5;6;7;1;7;8;15;6;4;0;0;0;4;7;0;32
32_VBC_J3_Q2;2;32_VBC_J3;32;VBC;3;99;HIO;78;False;False;True;0,0;0;0;0;0;0;0;0;0;0;0;0;0;0;0;0;0;0;0;0;0;0;0;0;0;0;0;0;20,0;25;8;20;12;5;12;7;3;8;5;6;7;1;7;8;15;6;4;0;0;0;4;7;0;32
VBC_VBC_J3_Q2;2;VBC_VBC_J3;VBC;VBC;3;99;HIO;78;False;False;True;50,0;3000;0;0;0;0;0;0;0;0;0;0;0;0;0;0;2;2;0;3;0;0;0;1;0;0;0;-2;20,0;25;8;20;12;5;12;7;3;8;5;6;7;1;7;8;15;6;4;0;0;0;4;7;0;32
0_VBC_J3_Q3;3;0_VBC_J3;0;VBC;3;99;HIO;78;False;True;True;5,433333333333334;326;0;0;1;1;0;1;1;0;0;0;0;0;0;0;2;2;0;0;1;0;0;0;1;0;9;3;20,0;24;6;13;7;2;5;3;4;8;4;8;12;4;2;8;10;5;6;5;0;0;7;9;0;29
1_VBC_J3_Q3;3;1_VBC_J3;1;VBC;3;99;HIO;78;False;True;True;4,3;258;3;1;1;0;1;1;0;0;0;0;1;2;1;0;1;1;1;2;1;0;0;3;1;0;8;1;20,0;24;6;13;7;2;5;3;4;8;4;8;12;4;2;8;10;5;6;5;0;0;7;9;0;29
2_VBC_J3_Q3;3;2_VBC_J3;2;VBC;3;99;HIO;78;False;False;True;4,75;285;0;0;0;0;0;0;0;0;0;0;0;0;0;0;1;1;0;0;0;0;0;1;0;0;-1;0;20,0;24;6;13;7;2;5;3;4;8;4;8;12;4;2;8;10;5;6;5;0;0;7;9;0;29
3_VBC_J3_Q3;3;3_VBC_J3;3;VBC;3;99;HIO;78;False;True;True;6,216666666666667;373;3;1;2;1;0;0;0;1;2;1;0;0;0;0;0;0;0;1;1;0;0;0;0;0;10;2;20,0;24;6;13;7;2;5;3;4;8;4;8;12;4;2;8;10;5;6;5;0;0;7;9;0;29
4_VBC_J3_Q3;3;4_VBC_J3;4;VBC;3;99;HIO;78;False;True;True;5,766666666666667;346;12;4;4;0;1;1;0;3;3;0;1;2;1;0;0;0;0;0;0;0;0;1;2;0;7;12;20,0;24;6;13;7;2;5;3;4;8;4;8;12;4;2;8;10;5;6;5;0;0;7;9;0;29
5_VBC_J3_Q3;3;5_VBC_J3;5;VBC;3;99;HIO;78;False;True;True;3,6;216;3;0;3;3;0;1;1;0;2;2;3;4;1;2;0;2;0;0;0;0;0;1;2;0;1;2;20,0;24;6;13;7;2;5;3;4;8;4;8;12;4;2;8;10;5;6;5;0;0;7;9;0;29
6_VBC_J3_Q3;3;6_VBC_J3;6;VBC;3;99;HIO;78;False;False;True;0,95;57;0;0;0;0;0;0;0;0;0;0;0;0;0;0;2;2;0;1;0;0;0;0;0;0;1;1;20,0;24;6;13;7;2;5;3;4;8;4;8;12;4;2;8;10;5;6;5;0;0;7;9;0;29
10_VBC_J3_Q3;3;10_VBC_J3;10;VBC;3;99;HIO;78;False;False;True;4,466666666666667;268;2;0;0;0;0;0;0;0;0;0;2;2;0;0;2;2;1;1;0;0;0;1;1;0;-1;4;20,0;24;6;13;7;2;5;3;4;8;4;8;12;4;2;8;10;5;6;5;0;0;7;9;0;29
12_VBC_J3_Q3;3;12_VBC_J3;12;VBC;3;99;HIO;78;False;False;True;3,783333333333333;227;1;0;0;0;0;0;0;0;0;0;1;2;1;0;0;0;0;0;0;0;0;0;1;0;-2;1;20,0;24;6;13;7;2;5;3;4;8;4;8;12;4;2;8;10;5;6;5;0;0;7;9;0;29
13_VBC_J3_Q3;3;13_VBC_J3;13;VBC;3;99;HIO;78;False;False;True;6,4;384;0;0;1;1;0;0;0;0;1;1;0;0;0;0;0;0;3;1;0;0;0;0;1;0;7;2;20,0;24;6;13;7;2;5;3;4;8;4;8;12;4;2;8;10;5;6;5;0;0;7;9;0;29
24_VBC_J3_Q3;3;24_VBC_J3;24;VBC;3;99;HIO;78;False;False;True;4,233333333333333;254;0;0;1;1;0;1;1;0;0;0;0;0;0;0;0;0;0;0;2;0;0;0;0;0;1;1;20,0;24;6;13;7;2;5;3;4;8;4;8;12;4;2;8;10;5;6;5;0;0;7;9;0;29
32_VBC_J3_Q3;3;32_VBC_J3;32;VBC;3;99;HIO;78;False;False;True;0,1;6;0;0;0;0;0;0;0;0;0;0;0;0;0;0;0;0;0;0;0;0;0;0;0;0;0;0;20,0;24;6;13;7;2;5;3;4;8;4;8;12;4;2;8;10;5;6;5;0;0;7;9;0;29
VBC_VBC_J3_Q3;3;VBC_VBC_J3;VBC;VBC;3;99;HIO;78;False;False;True;50,0;3000;0;0;0;0;0;0;0;0;0;0;0;0;0;0;0;0;0;0;0;0;0;0;0;0;0;0;20,0;24;6;13;7;2;5;3;4;8;4;8;12;4;2;8;10;5;6;5;0;0;7;9;0;29
0_VBC_J3_Q4;4;0_VBC_J3;0;VBC;3;99;HIO;78;False;True;True;3,8;228;4;2;2;0;2;2;0;0;0;0;0;0;0;0;0;0;1;1;0;0;0;0;1;0;-2;5;20,0;26;8;14;6;7;7;0;1;7;6;9;12;3;2;4;6;3;4;3;0;0;7;8;0;26
1_VBC_J3_Q4;4;1_VBC_J3;1;VBC;3;99;HIO;78;False;True;True;3,466666666666667;208;2;1;1;0;1;1;0;0;0;0;0;0;0;0;0;0;0;0;0;0;0;0;0;0;-6;2;20,0;26;8;14;6;7;7;0;1;7;6;9;12;3;2;4;6;3;4;3;0;0;7;8;0;26
2_VBC_J3_Q4;4;2_VBC_J3;2;VBC;3;99;HIO;78;False;False;True;0,0;0;0;0;0;0;0;0;0;0;0;0;0;0;0;0;0;0;0;0;0;0;0;0;0;0;0;0;20,0;26;8;14;6;7;7;0;1;7;6;9;12;3;2;4;6;3;4;3;0;0;7;8;0;26
3_VBC_J3_Q4;4;3_VBC_J3;3;VBC;3;99;HIO;78;False;True;True;4,366666666666666;262;0;0;0;0;0;0;0;0;0;0;0;0;0;0;2;2;0;0;0;0;0;0;0;0;4;2;20,0;26;8;14;6;7;7;0;1;7;6;9;12;3;2;4;6;3;4;3;0;0;7;8;0;26
4_VBC_J3_Q4;4;4_VBC_J3;4;VBC;3;99;HIO;78;False;True;True;10,0;600;2;0;1;1;0;0;0;0;1;1;2;2;0;0;0;0;0;1;0;0;0;0;2;0;5;2;20,0;26;8;14;6;7;7;0;1;7;6;9;12;3;2;4;6;3;4;3;0;0;7;8;0;26
5_VBC_J3_Q4;4;5_VBC_J3;5;VBC;3;99;HIO;78;False;True;True;4,25;255;6;1;1;0;1;1;0;0;0;0;4;4;0;0;0;0;0;1;0;0;0;0;1;0;-1;6;20,0;26;8;14;6;7;7;0;1;7;6;9;12;3;2;4;6;3;4;3;0;0;7;8;0;26
6_VBC_J3_Q4;4;6_VBC_J3;6;VBC;3;99;HIO;78;False;False;True;3,216666666666667;193;2;1;2;1;1;1;0;0;1;1;0;0;0;0;0;0;0;0;0;0;0;1;0;0;3;0;20,0;26;8;14;6;7;7;0;1;7;6;9;12;3;2;4;6;3;4;3;0;0;7;8;0;26
10_VBC_J3_Q4;4;10_VBC_J3;10;VBC;3;99;HIO;78;False;False;True;2,9833333333333334;179;2;1;2;1;1;1;0;0;1;1;0;1;1;1;0;1;0;0;1;0;0;0;1;0;4;3;20,0;26;8;14;6;7;7;0;1;7;6;9;12;3;2;4;6;3;4;3;0;0;7;8;0;26
12_VBC_J3_Q4;4;12_VBC_J3;12;VBC;3;99;HIO;78;False;False;True;5,633333333333334;338;0;0;0;0;0;0;0;0;0;0;0;0;0;0;0;0;0;0;0;0;0;3;0;0;1;-3;20,0;26;8;14;6;7;7;0;1;7;6;9;12;3;2;4;6;3;4;3;0;0;7;8;0;26
13_VBC_J3_Q4;4;13_VBC_J3;13;VBC;3;99;HIO;78;False;False;True;5,75;345;8;2;2;0;1;1;0;1;1;0;3;5;2;0;1;1;1;1;1;0;0;1;3;0;6;10;20,0;26;8;14;6;7;7;0;1;7;6;9;12;3;2;4;6;3;4;3;0;0;7;8;0;26
24_VBC_J3_Q4;4;24_VBC_J3;24;VBC;3;99;HIO;78;False;False;True;0,0;0;0;0;2;2;0;0;0;0;2;2;0;0;0;0;0;0;0;0;0;0;0;0;0;0;0;-2;20,0;26;8;14;6;7;7;0;1;7;6;9;12;3;2;4;6;3;4;3;0;0;7;8;0;26
32_VBC_J3_Q4;4;32_VBC_J3;32;VBC;3;99;HIO;78;False;False;True;6,533333333333333;392;0;0;1;1;0;0;0;0;1;1;0;0;0;1;1;2;1;0;1;0;0;2;0;0;11;1;20,0;26;8;14;6;7;7;0;1;7;6;9;12;3;2;4;6;3;4;3;0;0;7;8;0;26
VBC_VBC_J3_Q4;4;VBC_VBC_J3;VBC;VBC;3;99;HIO;78;False;False;True;50,0;3000;0;0;0;0;0;0;0;0;0;0;0;0;0;0;0;0;0;0;0;0;0;0;0;0;0;0;20,0;26;8;14;6;7;7;0;1;7;6;9;12;3;2;4;6;3;4;3;0;0;7;8;0;26
2_COV_J3_Q1;1;2_COV_J3;2;COV;3;80;BKN;83;True;True;False;6,483333333333333;389;3;1;1;0;0;0;0;1;1;0;0;0;0;0;0;0;1;0;0;0;0;1;1;0;-8;4;20,0;21;8;16;8;7;10;3;1;6;5;4;5;1;1;3;4;6;1;1;1;1;4;4;2;22
3_COV_J3_Q1;1;3_COV_J3;3;COV;3;80;BKN;83;True;False;False;3,5166666666666666;211;0;0;0;0;0;0;0;0;0;0;0;0;0;0;0;0;0;0;1;0;0;0;0;0;-1;1;20,0;21;8;16;8;7;10;3;1;6;5;4;5;1;1;3;4;6;1;1;1;1;4;4;2;22
7_COV_J3_Q1;1;7_COV_J3;7;COV;3;80;BKN;83;True;False;False;3,5166666666666666;211;2;1;1;0;1;1;0;0;0;0;0;0;0;0;0;0;1;0;0;0;0;0;0;0;-1;3;20,0;21;8;16;8;7;10;3;1;6;5;4;5;1;1;3;4;6;1;1;1;1;4;4;2;22
11_COV_J3_Q1;1;11_COV_J3;11;COV;3;80;BKN;83;True;True;False;8,333333333333334;500;2;1;2;1;1;1;0;0;1;1;0;0;0;0;0;0;0;0;0;1;0;1;0;0;-8;1;20,0;21;8;16;8;7;10;3;1;6;5;4;5;1;1;3;4;6;1;1;1;1;4;4;2;22
13_COV_J3_Q1;1;13_COV_J3;13;COV;3;80;BKN;83;True;True;False;6,466666666666667;388;2;1;3;2;1;1;0;0;2;2;0;0;0;0;0;0;1;0;0;0;0;0;0;0;-5;1;20,0;21;8;16;8;7;10;3;1;6;5;4;5;1;1;3;4;6;1;1;1;1;4;4;2;22
15_COV_J3_Q1;1;15_COV_J3;15;COV;3;80;BKN;83;True;False;False;0,0;0;0;0;0;0;0;0;0;0;0;0;0;0;0;0;0;0;0;0;0;0;0;0;0;0;0;0;20,0;21;8;16;8;7;10;3;1;6;5;4;5;1;1;3;4;6;1;1;1;1;4;4;2;22
19_COV_J3_Q1;1;19_COV_J3;19;COV;3;80;BKN;83;True;False;False;0,0;0;0;0;0;0;0;0;0;0;0;0;0;0;0;0;0;0;0;0;0;0;0;0;0;0;0;0;20,0;21;8;16;8;7;10;3;1;6;5;4;5;1;1;3;4;6;1;1;1;1;4;4;2;22
22_COV_J3_Q1;1;22_COV_J3;22;COV;3;80;BKN;83;True;False;False;0,0;0;0;0;0;0;0;0;0;0;0;0;0;0;0;0;0;0;0;0;0;0;0;0;0;0;0;0;20,0;21;8;16;8;7;10;3;1;6;5;4;5;1;1;3;4;6;1;1;1;1;4;4;2;22
23_COV_J3_Q1;1;23_COV_J3;23;COV;3;80;BKN;83;True;False;False;5,2;312;0;0;1;1;0;0;0;0;1;1;0;0;0;0;0;0;2;0;0;0;1;0;0;0;-5;0;20,0;21;8;16;8;7;10;3;1;6;5;4;5;1;1;3;4;6;1;1;1;1;4;4;2;22
29_COV_J3_Q1;1;29_COV_J3;29;COV;3;80;BKN;83;True;True;False;7,15;429;2;0;3;3;0;2;2;0;1;1;2;2;0;1;1;2;1;1;0;0;0;0;1;0;-7;2;20,0;21;8;16;8;7;10;3;1;6;5;4;5;1;1;3;4;6;1;1;1;1;4;4;2;22
35_COV_J3_Q1;1;35_COV_J3;35;COV;3;80;BKN;83;True;True;False;6,483333333333333;389;6;3;3;0;3;3;0;0;0;0;0;0;0;0;0;0;0;0;0;0;0;1;1;2;-8;6;20,0;21;8;16;8;7;10;3;1;6;5;4;5;1;1;3;4;6;1;1;1;1;4;4;2;22
77_COV_J3_Q1;1;77_COV_J3;77;COV;3;80;BKN;83;True;False;False;2,85;171;4;1;2;1;1;2;1;0;0;0;2;3;1;0;2;2;0;0;0;0;0;1;1;0;-2;4;20,0;21;8;16;8;7;10;3;1;6;5;4;5;1;1;3;4;6;1;1;1;1;4;4;2;22
COV_COV_J3_Q1;1;COV_COV_J3;COV;COV;3;80;BKN;83;True;False;False;50,0;3000;0;0;0;0;0;0;0;0;0;0;0;0;0;0;0;0;0;0;0;0;0;0;0;0;0;0;20,0;21;8;16;8;7;10;3;1;6;5;4;5;1;1;3;4;6;1;1;1;1;4;4;2;22
2_COV_J3_Q2;2;2_COV_J3;2;COV;3;80;BKN;83;True;True;False;4,15;249;0;0;1;1;0;1;1;0;0;0;0;0;0;0;0;0;1;0;0;0;0;2;0;0;4;-2;20,0;18;6;15;9;5;9;4;1;6;5;5;6;1;5;7;12;1;5;1;1;0;7;6;0;17
3_COV_J3_Q2;2;3_COV_J3;3;COV;3;80;BKN;83;True;False;False;5,85;351;0;0;0;0;0;0;0;0;0;0;0;0;0;0;1;1;0;0;0;0;0;0;0;0;-1;1;20,0;18;6;15;9;5;9;4;1;6;5;5;6;1;5;7;12;1;5;1;1;0;7;6;0;17
7_COV_J3_Q2;2;7_COV_J3;7;COV;3;80;BKN;83;True;False;False;4,7;282;3;1;1;0;1;1;0;0;0;0;1;2;1;2;0;2;0;0;0;0;0;0;1;0;4;5;20,0;18;6;15;9;5;9;4;1;6;5;5;6;1;5;7;12;1;5;1;1;0;7;6;0;17
11_COV_J3_Q2;2;11_COV_J3;11;COV;3;80;BKN;83;True;True;False;5,9;354;0;0;0;0;0;0;0;0;0;0;0;0;0;1;1;2;0;0;0;0;0;1;1;0;6;2;20,0;18;6;15;9;5;9;4;1;6;5;5;6;1;5;7;12;1;5;1;1;0;7;6;0;17
13_COV_J3_Q2;2;13_COV_J3;13;COV;3;80;BKN;83;True;True;False;4,966666666666667;298;0;0;2;2;0;0;0;0;2;2;0;0;0;0;1;1;0;1;0;0;0;0;0;0;-2;-2;20,0;18;6;15;9;5;9;4;1;6;5;5;6;1;5;7;12;1;5;1;1;0;7;6;0;17
15_COV_J3_Q2;2;15_COV_J3;15;COV;3;80;BKN;83;True;False;False;0,0;0;0;0;0;0;0;0;0;0;0;0;0;0;0;0;0;0;0;0;0;0;0;0;0;0;0;0;20,0;18;6;15;9;5;9;4;1;6;5;5;6;1;5;7;12;1;5;1;1;0;7;6;0;17
19_COV_J3_Q2;2;19_COV_J3;19;COV;3;80;BKN;83;True;False;False;0,35;21;0;0;0;0;0;0;0;0;0;0;0;0;0;0;0;0;0;0;0;0;0;0;0;0;-1;0;20,0;18;6;15;9;5;9;4;1;6;5;5;6;1;5;7;12;1;5;1;1;0;7;6;0;17
22_COV_J3_Q2;2;22_COV_J3;22;COV;3;80;BKN;83;True;False;False;0,0;0;0;0;0;0;0;0;0;0;0;0;0;0;0;0;0;0;0;0;0;0;0;0;0;0;0;0;20,0;18;6;15;9;5;9;4;1;6;5;5;6;1;5;7;12;1;5;1;1;0;7;6;0;17
23_COV_J3_Q2;2;23_COV_J3;23;COV;3;80;BKN;83;True;False;False;5,35;321;9;3;7;4;2;3;1;1;4;3;2;2;0;0;1;1;0;0;0;0;0;0;2;0;6;8;20,0;18;6;15;9;5;9;4;1;6;5;5;6;1;5;7;12;1;5;1;1;0;7;6;0;17
29_COV_J3_Q2;2;29_COV_J3;29;COV;3;80;BKN;83;True;True;False;4,9;294;4;2;3;1;2;3;1;0;0;0;0;0;0;1;2;3;0;1;0;0;0;3;0;0;-3;2;20,0;18;6;15;9;5;9;4;1;6;5;5;6;1;5;7;12;1;5;1;1;0;7;6;0;17
35_COV_J3_Q2;2;35_COV_J3;35;COV;3;80;BKN;83;True;True;False;5,3;318;0;0;1;1;0;1;1;0;0;0;0;0;0;1;0;1;0;1;1;0;0;0;0;0;-1;0;20,0;18;6;15;9;5;9;4;1;6;5;5;6;1;5;7;12;1;5;1;1;0;7;6;0;17
77_COV_J3_Q2;2;77_COV_J3;77;COV;3;80;BKN;83;True;False;False;8,533333333333333;512;2;0;0;0;0;0;0;0;0;0;2;2;0;0;1;1;0;1;0;1;0;0;2;0;3;5;20,0;18;6;15;9;5;9;4;1;6;5;5;6;1;5;7;12;1;5;1;1;0;7;6;0;17
COV_COV_J3_Q2;2;COV_COV_J3;COV;COV;3;80;BKN;83;True;False;False;50,0;3000;0;0;0;0;0;0;0;0;0;0;0;0;0;0;0;0;0;1;0;0;0;1;0;0;0;-2;20,0;18;6;15;9;5;9;4;1;6;5;5;6;1;5;7;12;1;5;1;1;0;7;6;0;17
2_COV_J3_Q3;3;2_COV_J3;2;COV;3;80;BKN;83;True;True;False;5,933333333333334;356;5;1;2;1;0;0;0;1;2;1;2;2;0;0;0;0;2;1;0;0;0;0;1;0;9;6;20,0;21;5;13;8;3;7;4;2;6;4;9;10;1;3;6;9;2;2;3;1;1;3;6;0;27
3_COV_J3_Q3;3;3_COV_J3;3;COV;3;80;BKN;83;True;False;False;4,066666666666666;244;0;0;2;2;0;1;1;0;1;1;0;0;0;0;0;0;0;0;0;0;0;1;0;0;-5;-3;20,0;21;5;13;8;3;7;4;2;6;4;9;10;1;3;6;9;2;2;3;1;1;3;6;0;27
7_COV_J3_Q3;3;7_COV_J3;7;COV;3;80;BKN;83;True;False;False;2,433333333333333;146;0;0;0;0;0;0;0;0;0;0;0;0;0;0;0;0;0;0;0;0;0;0;0;0;-3;0;20,0;21;5;13;8;3;7;4;2;6;4;9;10;1;3;6;9;2;2;3;1;1;3;6;0;27
11_COV_J3_Q3;3;11_COV_J3;11;COV;3;80;BKN;83;True;True;False;9,233333333333333;554;4;0;2;2;0;2;2;0;0;0;4;4;0;1;1;2;0;0;1;0;1;0;2;0;5;6;20,0;21;5;13;8;3;7;4;2;6;4;9;10;1;3;6;9;2;2;3;1;1;3;6;0;27
13_COV_J3_Q3;3;13_COV_J3;13;COV;3;80;BKN;83;True;True;False;8,333333333333334;500;5;1;2;1;0;0;0;1;2;1;2;2;0;0;0;0;0;0;0;0;0;0;1;0;6;5;20,0;21;5;13;8;3;7;4;2;6;4;9;10;1;3;6;9;2;2;3;1;1;3;6;0;27
15_COV_J3_Q3;3;15_COV_J3;15;COV;3;80;BKN;83;True;False;False;0,0;0;0;0;0;0;0;0;0;0;0;0;0;0;0;0;0;0;0;0;0;0;0;0;0;0;0;0;20,0;21;5;13;8;3;7;4;2;6;4;9;10;1;3;6;9;2;2;3;1;1;3;6;0;27
19_COV_J3_Q3;3;19_COV_J3;19;COV;3;80;BKN;83;True;False;False;0,0;0;0;0;0;0;0;0;0;0;0;0;0;0;0;0;0;0;0;0;0;0;0;0;0;0;0;0;20,0;21;5;13;8;3;7;4;2;6;4;9;10;1;3;6;9;2;2;3;1;1;3;6;0;27
22_COV_J3_Q3;3;22_COV_J3;22;COV;3;80;BKN;83;True;False;False;0,0;0;0;0;0;0;0;0;0;0;0;0;0;0;0;0;0;0;0;0;0;0;0;0;0;0;0;0;20,0;21;5;13;8;3;7;4;2;6;4;9;10;1;3;6;9;2;2;3;1;1;3;6;0;27
23_COV_J3_Q3;3;23_COV_J3;23;COV;3;80;BKN;83;True;False;False;2,433333333333333;146;2;1;1;0;1;1;0;0;0;0;0;0;0;0;0;0;0;1;0;1;0;0;0;0;-3;2;20,0;21;5;13;8;3;7;4;2;6;4;9;10;1;3;6;9;2;2;3;1;1;3;6;0;27
29_COV_J3_Q3;3;29_COV_J3;29;COV;3;80;BKN;83;True;True;False;5,733333333333333;344;4;2;3;1;2;3;1;0;0;0;0;0;0;1;0;1;0;0;1;0;0;0;1;0;7;6;20,0;21;5;13;8;3;7;4;2;6;4;9;10;1;3;6;9;2;2;3;1;1;3;6;0;27
35_COV_J3_Q3;3;35_COV_J3;35;COV;3;80;BKN;83;True;True;False;7,566666666666666;454;0;0;0;0;0;0;0;0;0;0;0;0;0;0;2;2;0;0;0;0;0;2;0;0;7;0;20,0;21;5;13;8;3;7;4;2;6;4;9;10;1;3;6;9;2;2;3;1;1;3;6;0;27
77_COV_J3_Q3;3;77_COV_J3;77;COV;3;80;BKN;83;True;False;False;4,266666666666667;256;1;0;1;1;0;0;0;0;1;1;1;2;1;0;1;1;0;0;0;0;0;0;1;0;-3;1;20,0;21;5;13;8;3;7;4;2;6;4;9;10;1;3;6;9;2;2;3;1;1;3;6;0;27
COV_COV_J3_Q3;3;COV_COV_J3;COV;COV;3;80;BKN;83;True;False;False;50,0;3000;0;0;0;0;0;0;0;0;0;0;0;0;0;1;2;3;0;0;1;0;0;0;0;0;0;4;20,0;21;5;13;8;3;7;4;2;6;4;9;10;1;3;6;9;2;2;3;1;1;3;6;0;27
2_COV_J3_Q4;4;2_COV_J3;2;COV;3;80;BKN;83;True;True;False;10,0;600;3;1;3;2;0;1;1;1;2;1;0;0;0;0;1;1;1;1;0;0;1;1;0;0;-1;0;20,0;20;6;13;7;3;8;5;3;5;2;5;6;1;0;4;4;3;1;1;0;2;5;5;0;17
3_COV_J3_Q4;4;3_COV_J3;3;COV;3;80;BKN;83;True;False;False;0,0;0;0;0;0;0;0;0;0;0;0;0;0;0;0;0;0;0;0;0;0;0;0;0;0;0;0;0;20,0;20;6;13;7;3;8;5;3;5;2;5;6;1;0;4;4;3;1;1;0;2;5;5;0;17
7_COV_J3_Q4;4;7_COV_J3;7;COV;3;80;BKN;83;True;False;False;3,033333333333333;182;4;1;1;0;1;1;0;0;0;0;2;2;0;0;0;0;0;0;0;0;0;0;1;0;-1;5;20,0;20;6;13;7;3;8;5;3;5;2;5;6;1;0;4;4;3;1;1;0;2;5;5;0;17
11_COV_J3_Q4;4;11_COV_J3;11;COV;3;80;BKN;83;True;True;False;6,15;369;0;0;1;1;0;1;1;0;0;0;0;0;0;0;0;0;0;0;0;0;0;0;0;0;0;-1;20,0;20;6;13;7;3;8;5;3;5;2;5;6;1;0;4;4;3;1;1;0;2;5;5;0;17
13_COV_J3_Q4;4;13_COV_J3;13;COV;3;80;BKN;83;True;True;False;10,0;600;5;2;3;1;1;1;0;1;2;1;0;0;0;0;0;0;0;0;0;0;0;3;0;0;-1;1;20,0;20;6;13;7;3;8;5;3;5;2;5;6;1;0;4;4;3;1;1;0;2;5;5;0;17
15_COV_J3_Q4;4;15_COV_J3;15;COV;3;80;BKN;83;True;False;False;0,0;0;0;0;0;0;0;0;0;0;0;0;0;0;0;0;0;0;0;0;0;0;0;0;0;0;0;0;20,0;20;6;13;7;3;8;5;3;5;2;5;6;1;0;4;4;3;1;1;0;2;5;5;0;17
19_COV_J3_Q4;4;19_COV_J3;19;COV;3;80;BKN;83;True;False;False;0,0;0;0;0;0;0;0;0;0;0;0;0;0;0;0;0;0;0;0;0;0;0;0;0;0;0;0;0;20,0;20;6;13;7;3;8;5;3;5;2;5;6;1;0;4;4;3;1;1;0;2;5;5;0;17
22_COV_J3_Q4;4;22_COV_J3;22;COV;3;80;BKN;83;True;False;False;0,0;0;0;0;0;0;0;0;0;0;0;0;0;0;0;0;0;0;0;0;0;0;0;0;0;0;0;0;20,0;20;6;13;7;3;8;5;3;5;2;5;6;1;0;4;4;3;1;1;0;2;5;5;0;17
23_COV_J3_Q4;4;23_COV_J3;23;COV;3;80;BKN;83;True;False;False;3,85;231;3;1;2;1;0;1;1;1;1;0;0;0;0;0;0;0;0;0;0;0;0;0;0;0;-1;2;20,0;20;6;13;7;3;8;5;3;5;2;5;6;1;0;4;4;3;1;1;0;2;5;5;0;17
29_COV_J3_Q4;4;29_COV_J3;29;COV;3;80;BKN;83;True;True;False;10,0;600;5;1;2;1;1;2;1;0;0;0;3;4;1;0;1;1;1;0;1;0;1;0;4;0;-1;9;20,0;20;6;13;7;3;8;5;3;5;2;5;6;1;0;4;4;3;1;1;0;2;5;5;0;17
35_COV_J3_Q4;4;35_COV_J3;35;COV;3;80;BKN;83;True;True;False;6,966666666666667;418;0;0;1;1;0;1;1;0;0;0;0;0;0;0;1;1;1;0;0;0;0;1;0;0;0;0;20,0;20;6;13;7;3;8;5;3;5;2;5;6;1;0;4;4;3;1;1;0;2;5;5;0;17
77_COV_J3_Q4;4;77_COV_J3;77;COV;3;80;BKN;83;True;False;False;0,0;0;0;0;0;0;0;0;0;0;0;0;0;0;0;0;0;0;0;0;0;0;0;0;0;0;0;0;20,0;20;6;13;7;3;8;5;3;5;2;5;6;1;0;4;4;3;1;1;0;2;5;5;0;17
COV_COV_J3_Q4;4;COV_COV_J3;COV;COV;3;80;BKN;83;True;False;False;50,0;3000;0;0;0;0;0;0;0;0;0;0;0;0;0;0;1;1;0;0;0;0;0;0;0;0;0;1;20,0;20;6;13;7;3;8;5;3;5;2;5;6;1;0;4;4;3;1;1;0;2;5;5;0;17
1_BKN_J3_Q1;1;1_BKN_J3;1;BKN;3;83;COV;80;False;True;True;5,666666666666667;340;7;3;3;0;2;2;0;1;1;0;0;0;0;0;1;1;0;0;0;0;0;1;0;1;5;7;20,0;30;11;15;4;5;7;2;6;8;2;2;3;1;0;7;7;8;2;1;1;1;4;4;1;39
3_BKN_J3_Q1;1;3_BKN_J3;3;BKN;3;83;COV;80;False;True;True;4,883333333333334;293;3;1;2;1;0;0;0;1;2;1;0;0;0;0;1;1;1;0;0;0;0;1;0;0;4;3;20,0;30;11;15;4;5;7;2;6;8;2;2;3;1;0;7;7;8;2;1;1;1;4;4;1;39
4_BKN_J3_Q1;1;4_BKN_J3;4;BKN;3;83;COV;80;False;True;True;4,8;288;0;0;0;0;0;0;0;0;0;0;0;0;0;0;0;0;1;0;0;0;0;1;0;0;0;0;20,0;30;11;15;4;5;7;2;6;8;2;2;3;1;0;7;7;8;2;1;1;1;4;4;1;39
6_BKN_J3_Q1;1;6_BKN_J3;6;BKN;3;83;COV;80;False;True;True;4,883333333333334;293;4;2;4;2;2;3;1;0;1;1;0;0;0;0;0;0;1;0;0;0;0;0;0;0;4;3;20,0;30;11;15;4;5;7;2;6;8;2;2;3;1;0;7;7;8;2;1;1;1;4;4;1;39
8_BKN_J3_Q1;1;8_BKN_J3;8;BKN;3;83;COV;80;False;False;True;5,2;312;6;2;2;0;1;1;0;1;1;0;1;1;0;0;0;0;0;0;0;0;0;0;1;0;10;7;20,0;30;11;15;4;5;7;2;6;8;2;2;3;1;0;7;7;8;2;1;1;1;4;4;1;39
9_BKN_J3_Q1;1;9_BKN_J3;9;BKN;3;83;COV;80;False;False;True;6,05;363;6;2;2;0;0;0;0;2;2;0;0;0;0;0;1;1;1;1;1;0;0;0;1;0;7;9;20,0;30;11;15;4;5;7;2;6;8;2;2;3;1;0;7;7;8;2;1;1;1;4;4;1;39
10_BKN_J3_Q1;1;10_BKN_J3;10;BKN;3;83;COV;80;False;False;True;5,116666666666666;307;0;0;1;1;0;1;1;0;0;0;0;0;0;0;1;1;1;0;0;0;1;1;1;0;5;0;20,0;30;11;15;4;5;7;2;6;8;2;2;3;1;0;7;7;8;2;1;1;1;4;4;1;39
18_BKN_J3_Q1;1;18_BKN_J3;18;BKN;3;83;COV;80;False;False;True;4,333333333333333;260;0;0;0;0;0;0;0;0;0;0;0;0;0;0;0;0;2;0;0;1;0;0;0;0;4;3;20,0;30;11;15;4;5;7;2;6;8;2;2;3;1;0;7;7;8;2;1;1;1;4;4;1;39
25_BKN_J3_Q1;1;25_BKN_J3;25;BKN;3;83;COV;80;False;True;True;4,8;288;0;0;0;0;0;0;0;0;0;0;0;0;0;0;1;1;0;0;0;0;0;0;0;0;-1;1;20,0;30;11;15;4;5;7;2;6;8;2;2;3;1;0;7;7;8;2;1;1;1;4;4;1;39
77_BKN_J3_Q1;1;77_BKN_J3;77;BKN;3;83;COV;80;False;False;True;4,266666666666667;256;4;1;1;0;0;0;0;1;1;0;1;2;1;0;2;2;1;1;0;0;0;0;1;0;7;6;20,0;30;11;15;4;5;7;2;6;8;2;2;3;1;0;7;7;8;2;1;1;1;4;4;1;39
BKN_BKN_J3_Q1;1;BKN_BKN_J3;BKN;BKN;3;83;COV;80;False;False;True;50,0;3000;0;0;0;0;0;0;0;0;0;0;0;0;0;0;0;0;0;0;0;0;0;0;0;0;0;0;20,0;30;11;15;4;5;7;2;6;8;2;2;3;1;0;7;7;8;2;1;1;1;4;4;1;39
1_BKN_J3_Q2;2;1_BKN_J3;1;BKN;3;83;COV;80;False;True;True;6,433333333333334;386;2;1;1;0;1;1;0;0;0;0;0;0;0;1;0;1;1;0;1;0;0;1;0;0;-2;4;20,0;15;5;16;11;3;8;5;2;8;6;3;7;4;3;5;8;3;3;1;0;1;6;6;0;8
3_BKN_J3_Q2;2;3_BKN_J3;3;BKN;3;83;COV;80;False;True;True;4,883333333333334;293;0;0;1;1;0;0;0;0;1;1;0;0;0;0;1;1;1;1;0;0;0;0;0;0;5;0;20,0;15;5;16;11;3;8;5;2;8;6;3;7;4;3;5;8;3;3;1;0;1;6;6;0;8
4_BKN_J3_Q2;2;4_BKN_J3;4;BKN;3;83;COV;80;False;True;True;6,683333333333334;401;4;2;2;0;2;2;0;0;0;0;0;0;0;0;0;0;0;0;0;0;0;0;1;0;1;5;20,0;15;5;16;11;3;8;5;2;8;6;3;7;4;3;5;8;3;3;1;0;1;6;6;0;8
6_BKN_J3_Q2;2;6_BKN_J3;6;BKN;3;83;COV;80;False;True;True;6,116666666666666;367;0;0;1;1;0;1;1;0;0;0;0;0;0;1;0;1;0;1;0;0;0;1;0;0;0;-2;20,0;15;5;16;11;3;8;5;2;8;6;3;7;4;3;5;8;3;3;1;0;1;6;6;0;8
8_BKN_J3_Q2;2;8_BKN_J3;8;BKN;3;83;COV;80;False;False;True;6,1;366;0;0;0;0;0;0;0;0;0;0;0;0;0;0;1;1;0;0;0;0;0;0;0;0;-9;1;20,0;15;5;16;11;3;8;5;2;8;6;3;7;4;3;5;8;3;3;1;0;1;6;6;0;8
9_BKN_J3_Q2;2;9_BKN_J3;9;BKN;3;83;COV;80;False;False;True;5,2;312;3;1;7;6;0;2;2;1;5;4;0;1;1;0;0;0;0;0;0;0;0;0;0;0;0;-4;20,0;15;5;16;11;3;8;5;2;8;6;3;7;4;3;5;8;3;3;1;0;1;6;6;0;8
10_BKN_J3_Q2;2;10_BKN_J3;10;BKN;3;83;COV;80;False;False;True;5,25;315;2;0;1;1;0;1;1;0;0;0;2;2;0;0;0;0;0;1;0;0;1;0;1;0;-9;0;20,0;15;5;16;11;3;8;5;2;8;6;3;7;4;3;5;8;3;3;1;0;1;6;6;0;8
18_BKN_J3_Q2;2;18_BKN_J3;18;BKN;3;83;COV;80;False;False;True;3,566666666666667;214;1;0;0;0;0;0;0;0;0;0;1;2;1;1;2;3;0;0;0;0;0;1;3;0;-1;5;20,0;15;5;16;11;3;8;5;2;8;6;3;7;4;3;5;8;3;3;1;0;1;6;6;0;8
25_BKN_J3_Q2;2;25_BKN_J3;25;BKN;3;83;COV;80;False;True;True;2,5833333333333335;155;3;1;2;1;0;1;1;1;1;0;0;0;0;0;0;0;1;0;0;0;0;2;0;0;3;1;20,0;15;5;16;11;3;8;5;2;8;6;3;7;4;3;5;8;3;3;1;0;1;6;6;0;8
77_BKN_J3_Q2;2;77_BKN_J3;77;BKN;3;83;COV;80;False;False;True;3,183333333333333;191;0;0;1;1;0;0;0;0;1;1;0;2;2;0;0;0;0;0;0;0;0;1;1;0;-3;-3;20,0;15;5;16;11;3;8;5;2;8;6;3;7;4;3;5;8;3;3;1;0;1;6;6;0;8
BKN_BKN_J3_Q2;2;BKN_BKN_J3;BKN;BKN;3;83;COV;80;False;False;True;50,0;3000;0;0;0;0;0;0;0;0;0;0;0;0;0;0;1;1;0;0;0;0;0;0;0;0;0;1;20,0;15;5;16;11;3;8;5;2;8;6;3;7;4;3;5;8;3;3;1;0;1;6;6;0;8
1_BKN_J3_Q3;3;1_BKN_J3;1;BKN;3;83;COV;80;False;True;True;4,5;270;4;2;2;0;2;2;0;0;0;0;0;0;0;0;1;1;0;0;0;0;0;0;0;0;-6;5;20,0;17;7;16;9;5;9;4;2;7;5;1;2;1;3;5;8;2;3;0;2;1;6;3;0;12
3_BKN_J3_Q3;3;3_BKN_J3;3;BKN;3;83;COV;80;False;True;True;4,5;270;0;0;2;2;0;0;0;0;2;2;0;0;0;0;0;0;1;1;0;0;0;0;0;0;-6;-2;20,0;17;7;16;9;5;9;4;2;7;5;1;2;1;3;5;8;2;3;0;2;1;6;3;0;12
4_BKN_J3_Q3;3;4_BKN_J3;4;BKN;3;83;COV;80;False;True;True;5,933333333333334;356;0;0;0;0;0;0;0;0;0;0;0;0;0;0;0;0;0;0;0;0;0;2;1;0;-9;-1;20,0;17;7;16;9;5;9;4;2;7;5;1;2;1;3;5;8;2;3;0;2;1;6;3;0;12
6_BKN_J3_Q3;3;6_BKN_J3;6;BKN;3;83;COV;80;False;True;True;4,5;270;0;0;2;2;0;2;2;0;0;0;0;0;0;1;0;1;0;0;0;1;0;2;0;0;-6;-2;20,0;17;7;16;9;5;9;4;2;7;5;1;2;1;3;5;8;2;3;0;2;1;6;3;0;12
8_BKN_J3_Q3;3;8_BKN_J3;8;BKN;3;83;COV;80;False;False;True;5,5;330;2;1;2;1;1;1;0;0;1;1;0;0;0;0;1;1;0;0;0;0;0;0;0;0;2;2;20,0;17;7;16;9;5;9;4;2;7;5;1;2;1;3;5;8;2;3;0;2;1;6;3;0;12
9_BKN_J3_Q3;3;9_BKN_J3;9;BKN;3;83;COV;80;False;False;True;5,5;330;4;1;1;0;0;0;0;1;1;0;1;2;1;0;1;1;0;0;0;0;0;1;1;0;2;4;20,0;17;7;16;9;5;9;4;2;7;5;1;2;1;3;5;8;2;3;0;2;1;6;3;0;12
10_BKN_J3_Q3;3;10_BKN_J3;10;BKN;3;83;COV;80;False;False;True;5,5;330;4;2;3;1;2;3;1;0;0;0;0;0;0;0;0;0;1;0;0;0;0;0;1;0;2;5;20,0;17;7;16;9;5;9;4;2;7;5;1;2;1;3;5;8;2;3;0;2;1;6;3;0;12
18_BKN_J3_Q3;3;18_BKN_J3;18;BKN;3;83;COV;80;False;False;True;5,5;330;0;0;1;1;0;1;1;0;0;0;0;0;0;0;1;1;0;0;0;1;1;0;0;0;2;0;20,0;17;7;16;9;5;9;4;2;7;5;1;2;1;3;5;8;2;3;0;2;1;6;3;0;12
25_BKN_J3_Q3;3;25_BKN_J3;25;BKN;3;83;COV;80;False;True;True;4,5;270;3;1;2;1;0;0;0;1;2;1;0;0;0;0;0;0;0;1;0;0;0;1;0;0;-6;0;20,0;17;7;16;9;5;9;4;2;7;5;1;2;1;3;5;8;2;3;0;2;1;6;3;0;12
77_BKN_J3_Q3;3;77_BKN_J3;77;BKN;3;83;COV;80;False;False;True;4,066666666666666;244;0;0;1;1;0;0;0;0;1;1;0;0;0;0;1;1;0;0;0;0;0;0;0;0;5;0;20,0;17;7;16;9;5;9;4;2;7;5;1;2;1;3;5;8;2;3;0;2;1;6;3;0;12
BKN_BKN_J3_Q3;3;BKN_BKN_J3;BKN;BKN;3;83;COV;80;False;False;True;50,0;3000;0;0;0;0;0;0;0;0;0;0;0;0;0;2;0;2;0;1;0;0;0;0;0;0;0;1;20,0;17;7;16;9;5;9;4;2;7;5;1;2;1;3;5;8;2;3;0;2;1;6;3;0;12
1_BKN_J3_Q4;4;1_BKN_J3;1;BKN;3;83;COV;80;False;True;True;6,966666666666667;418;3;1;2;1;1;2;1;0;0;0;1;1;0;1;1;2;0;1;0;2;0;0;1;0;-2;6;20,0;21;9;15;6;9;13;4;0;2;2;3;3;0;2;8;10;3;3;1;2;0;5;5;2;28
3_BKN_J3_Q4;4;3_BKN_J3;3;BKN;3;83;COV;80;False;True;True;2,783333333333333;167;0;0;0;0;0;0;0;0;0;0;0;0;0;0;1;1;2;1;0;0;0;0;0;0;0;2;20,0;21;9;15;6;9;13;4;0;2;2;3;3;0;2;8;10;3;3;1;2;0;5;5;2;28
4_BKN_J3_Q4;4;4_BKN_J3;4;BKN;3;83;COV;80;False;True;True;0,0;0;0;0;0;0;0;0;0;0;0;0;0;0;0;0;0;0;0;0;0;0;0;0;0;0;0;0;20,0;21;9;15;6;9;13;4;0;2;2;3;3;0;2;8;10;3;3;1;2;0;5;5;2;28
6_BKN_J3_Q4;4;6_BKN_J3;6;BKN;3;83;COV;80;False;True;True;7,216666666666667;433;6;3;4;1;3;4;1;0;0;0;0;0;0;0;3;3;0;0;0;0;0;1;0;0;1;7;20,0;21;9;15;6;9;13;4;0;2;2;3;3;0;2;8;10;3;3;1;2;0;5;5;2;28
8_BKN_J3_Q4;4;8_BKN_J3;8;BKN;3;83;COV;80;False;False;True;5,5;330;2;1;2;1;1;1;0;0;1;1;0;0;0;0;2;2;0;0;0;0;0;1;0;1;4;2;20,0;21;9;15;6;9;13;4;0;2;2;3;3;0;2;8;10;3;3;1;2;0;5;5;2;28
9_BKN_J3_Q4;4;9_BKN_J3;9;BKN;3;83;COV;80;False;False;True;6,15;369;2;0;1;1;0;1;1;0;0;0;2;2;0;0;0;0;0;0;0;0;0;1;1;0;0;1;20,0;21;9;15;6;9;13;4;0;2;2;3;3;0;2;8;10;3;3;1;2;0;5;5;2;28
10_BKN_J3_Q4;4;10_BKN_J3;10;BKN;3;83;COV;80;False;False;True;10,0;600;8;4;4;0;4;4;0;0;0;0;0;0;0;0;0;0;0;0;1;0;0;0;3;1;1;12;20,0;21;9;15;6;9;13;4;0;2;2;3;3;0;2;8;10;3;3;1;2;0;5;5;2;28
18_BKN_J3_Q4;4;18_BKN_J3;18;BKN;3;83;COV;80;False;False;True;3,033333333333333;182;0;0;0;0;0;0;0;0;0;0;0;0;0;0;0;0;1;1;0;0;0;1;0;0;3;-1;20,0;21;9;15;6;9;13;4;0;2;2;3;3;0;2;8;10;3;3;1;2;0;5;5;2;28
25_BKN_J3_Q4;4;25_BKN_J3;25;BKN;3;83;COV;80;False;True;True;4,5;270;0;0;2;2;0;1;1;0;1;1;0;0;0;0;0;0;0;0;0;0;0;1;0;0;-3;-3;20,0;21;9;15;6;9;13;4;0;2;2;3;3;0;2;8;10;3;3;1;2;0;5;5;2;28
77_BKN_J3_Q4;4;77_BKN_J3;77;BKN;3;83;COV;80;False;False;True;3,85;231;0;0;0;0;0;0;0;0;0;0;0;0;0;1;0;1;0;0;0;0;0;0;0;0;1;1;20,0;21;9;15;6;9;13;4;0;2;2;3;3;0;2;8;10;3;3;1;2;0;5;5;2;28
BKN_BKN_J3_Q4;4;BKN_BKN_J3;BKN;BKN;3;83;COV;80;False;False;True;50,0;3000;0;0;0;0;0;0;0;0;0;0;0;0;0;0;1;1;0;0;0;0;0;0;0;0;0;1;20,0;21;9;15;6;9;13;4;0;2;2;3;3;0;2;8;10;3;3;1;2;0;5;5;2;28
0_UNI_J3_Q1;1;0_UNI_J3;0;UNI;3;77;BAR;83;True;True;False;4,866666666666666;292;5;1;2;1;1;1;0;0;1;1;3;4;1;1;2;3;0;0;1;0;0;0;2;0;-6;9;20,0;18;5;14;9;4;8;4;1;6;5;7;10;3;4;6;10;2;3;3;0;1;3;5;0;19
2_UNI_J3_Q1;1;2_UNI_J3;2;UNI;3;77;BAR;83;True;True;False;6,166666666666667;370;2;0;0;0;0;0;0;0;0;0;2;2;0;0;0;0;0;0;0;0;0;0;1;0;-8;3;20,0;18;5;14;9;4;8;4;1;6;5;7;10;3;4;6;10;2;3;3;0;1;3;5;0;19
3_UNI_J3_Q1;1;3_UNI_J3;3;UNI;3;77;BAR;83;True;True;False;4,866666666666666;292;2;1;2;1;1;1;0;0;1;1;0;0;0;0;0;0;0;0;0;0;0;0;0;0;-4;1;20,0;18;5;14;9;4;8;4;1;6;5;7;10;3;4;6;10;2;3;3;0;1;3;5;0;19
4_UNI_J3_Q1;1;4_UNI_J3;4;UNI;3;77;BAR;83;True;False;False;6,133333333333334;368;0;0;1;1;0;1;1;0;0;0;0;0;0;0;1;1;1;0;1;0;1;2;0;0;0;-1;20,0;18;5;14;9;4;8;4;1;6;5;7;10;3;4;6;10;2;3;3;0;1;3;5;0;19
7_UNI_J3_Q1;1;7_UNI_J3;7;UNI;3;77;BAR;83;True;False;False;0,0;0;0;0;0;0;0;0;0;0;0;0;0;0;0;0;0;0;0;0;0;0;0;0;0;0;0;0;20,0;18;5;14;9;4;8;4;1;6;5;7;10;3;4;6;10;2;3;3;0;1;3;5;0;19
9_UNI_J3_Q1;1;9_UNI_J3;9;UNI;3;77;BAR;83;True;False;False;6,133333333333334;368;0;0;1;1;0;0;0;0;1;1;0;0;0;0;0;0;1;1;0;0;0;0;0;0;0;-1;20,0;18;5;14;9;4;8;4;1;6;5;7;10;3;4;6;10;2;3;3;0;1;3;5;0;19
14_UNI_J3_Q1;1;14_UNI_J3;14;UNI;3;77;BAR;83;True;False;False;5,133333333333334;308;3;1;2;1;1;2;1;0;0;0;1;2;1;0;1;1;0;1;0;0;0;0;1;0;0;2;20,0;18;5;14;9;4;8;4;1;6;5;7;10;3;4;6;10;2;3;3;0;1;3;5;0;19
19_UNI_J3_Q1;1;19_UNI_J3;19;UNI;3;77;BAR;83;True;False;False;2,6666666666666665;160;0;0;1;1;0;0;0;0;1;1;0;0;0;1;0;1;0;0;1;0;0;0;0;0;-1;1;20,0;18;5;14;9;4;8;4;1;6;5;7;10;3;4;6;10;2;3;3;0;1;3;5;0;19
27_UNI_J3_Q1;1;27_UNI_J3;27;UNI;3;77;BAR;83;True;True;False;3,8666666666666667;232;0;0;1;1;0;1;1;0;0;0;0;0;0;0;1;1;0;1;0;0;0;0;0;0;-4;-1;20,0;18;5;14;9;4;8;4;1;6;5;7;10;3;4;6;10;2;3;3;0;1;3;5;0;19
33_UNI_J3_Q1;1;33_UNI_J3;33;UNI;3;77;BAR;83;True;False;False;2,466666666666667;148;3;1;1;0;0;0;0;1;1;0;0;0;0;0;0;0;0;0;0;0;0;0;0;0;3;3;20,0;18;5;14;9;4;8;4;1;6;5;7;10;3;4;6;10;2;3;3;0;1;3;5;0;19
45_UNI_J3_Q1;1;45_UNI_J3;45;UNI;3;77;BAR;83;True;False;False;3,8333333333333335;230;2;1;2;1;1;2;1;0;0;0;0;0;0;1;1;2;0;0;0;0;0;0;0;0;4;3;20,0;18;5;14;9;4;8;4;1;6;5;7;10;3;4;6;10;2;3;3;0;1;3;5;0;19
55_UNI_J3_Q1;1;55_UNI_J3;55;UNI;3;77;BAR;83;True;True;False;3,8666666666666667;232;1;0;1;1;0;0;0;0;1;1;1;2;1;1;0;1;0;0;0;0;0;1;1;0;-4;0;20,0;18;5;14;9;4;8;4;1;6;5;7;10;3;4;6;10;2;3;3;0;1;3;5;0;19
UNI_UNI_J3_Q1;1;UNI_UNI_J3;UNI;UNI;3;77;BAR;83;True;False;False;50,0;3000;0;0;0;0;0;0;0;0;0;0;0;0;0;0;0;0;0;0;0;0;0;0;0;0;0;0;20,0;18;5;14;9;4;8;4;1;6;5;7;10;3;4;6;10;2;3;3;0;1;3;5;0;19
0_UNI_J3_Q2;2;0_UNI_J3;0;UNI;3;77;BAR;83;True;True;False;4,683333333333334;281;2;1;1;0;1;1;0;0;0;0;0;0;0;1;1;2;0;0;0;0;0;0;0;0;-6;4;20,0;16;6;19;13;4;10;6;2;9;7;2;2;0;4;5;9;2;4;2;0;1;8;4;0;7
2_UNI_J3_Q2;2;2_UNI_J3;2;UNI;3;77;BAR;83;True;True;False;2,3333333333333335;140;0;0;1;1;0;1;1;0;0;0;0;0;0;0;0;0;0;0;0;0;0;1;0;0;-6;-2;20,0;16;6;19;13;4;10;6;2;9;7;2;2;0;4;5;9;2;4;2;0;1;8;4;0;7
3_UNI_J3_Q2;2;3_UNI_J3;3;UNI;3;77;BAR;83;True;True;False;3,6666666666666665;220;2;1;1;0;1;1;0;0;0;0;0;0;0;2;0;2;0;1;0;0;0;0;0;0;0;3;20,0;16;6;19;13;4;10;6;2;9;7;2;2;0;4;5;9;2;4;2;0;1;8;4;0;7
4_UNI_J3_Q2;2;4_UNI_J3;4;UNI;3;77;BAR;83;True;False;False;4,933333333333334;296;3;1;4;3;1;2;1;0;2;2;1;1;0;1;0;1;0;0;1;0;0;0;0;0;-4;2;20,0;16;6;19;13;4;10;6;2;9;7;2;2;0;4;5;9;2;4;2;0;1;8;4;0;7
7_UNI_J3_Q2;2;7_UNI_J3;7;UNI;3;77;BAR;83;True;False;False;5,15;309;3;1;2;1;0;0;0;1;2;1;0;0;0;0;1;1;0;0;0;0;0;1;0;0;-1;2;20,0;16;6;19;13;4;10;6;2;9;7;2;2;0;4;5;9;2;4;2;0;1;8;4;0;7
9_UNI_J3_Q2;2;9_UNI_J3;9;UNI;3;77;BAR;83;True;False;False;4,016666666666667;241;0;0;1;1;0;1;1;0;0;0;0;0;0;0;0;0;0;0;1;0;0;0;0;0;-4;0;20,0;16;6;19;13;4;10;6;2;9;7;2;2;0;4;5;9;2;4;2;0;1;8;4;0;7
14_UNI_J3_Q2;2;14_UNI_J3;14;UNI;3;77;BAR;83;True;False;False;3,4;204;2;1;3;2;1;2;1;0;1;1;0;0;0;0;0;0;0;1;0;0;0;1;0;0;-2;-2;20,0;16;6;19;13;4;10;6;2;9;7;2;2;0;4;5;9;2;4;2;0;1;8;4;0;7
19_UNI_J3_Q2;2;19_UNI_J3;19;UNI;3;77;BAR;83;True;False;False;0,0;0;0;0;0;0;0;0;0;0;0;0;0;0;0;0;0;0;0;0;0;0;0;0;0;0;0;0;20,0;16;6;19;13;4;10;6;2;9;7;2;2;0;4;5;9;2;4;2;0;1;8;4;0;7
27_UNI_J3_Q2;2;27_UNI_J3;27;UNI;3;77;BAR;83;True;True;False;2,85;171;0;0;2;2;0;1;1;0;1;1;0;0;0;0;0;0;0;0;0;0;1;3;1;0;5;-5;20,0;16;6;19;13;4;10;6;2;9;7;2;2;0;4;5;9;2;4;2;0;1;8;4;0;7
33_UNI_J3_Q2;2;33_UNI_J3;33;UNI;3;77;BAR;83;True;False;False;5,316666666666666;319;0;0;2;2;0;1;1;0;1;1;0;0;0;0;0;0;1;0;0;0;0;0;1;0;5;0;20,0;16;6;19;13;4;10;6;2;9;7;2;2;0;4;5;9;2;4;2;0;1;8;4;0;7
45_UNI_J3_Q2;2;45_UNI_J3;45;UNI;3;77;BAR;83;True;False;False;7,666666666666667;460;0;0;0;0;0;0;0;0;0;0;0;0;0;0;1;1;1;1;0;0;0;2;0;0;5;-1;20,0;16;6;19;13;4;10;6;2;9;7;2;2;0;4;5;9;2;4;2;0;1;8;4;0;7
55_UNI_J3_Q2;2;55_UNI_J3;55;UNI;3;77;BAR;83;True;True;False;5,983333333333333;359;4;1;2;1;0;0;0;1;2;1;1;1;0;0;1;1;0;0;0;0;0;0;2;0;3;6;20,0;16;6;19;13;4;10;6;2;9;7;2;2;0;4;5;9;2;4;2;0;1;8;4;0;7
UNI_UNI_J3_Q2;2;UNI_UNI_J3;UNI;UNI;3;77;BAR;83;True;False;False;50,0;3000;0;0;0;0;0;0;0;0;0;0;0;0;0;0;1;1;0;1;0;0;0;0;0;0;0;0;20,0;16;6;19;13;4;10;6;2;9;7;2;2;0;4;5;9;2;4;2;0;1;8;4;0;7
0_UNI_J3_Q3;3;0_UNI_J3;0;UNI;3;77;BAR;83;True;True;False;2,9166666666666665;175;2;1;2;1;1;2;1;0;0;0;0;0;0;0;1;1;0;0;0;0;0;0;0;0;-1;2;20,0;23;7;17;10;5;8;3;2;9;7;7;8;1;1;7;8;4;1;4;1;0;7;7;0;28
2_UNI_J3_Q3;3;2_UNI_J3;2;UNI;3;77;BAR;83;True;True;False;5,183333333333334;311;2;1;2;1;1;2;1;0;0;0;0;0;0;0;0;0;0;0;0;0;0;0;0;0;2;1;20,0;23;7;17;10;5;8;3;2;9;7;7;8;1;1;7;8;4;1;4;1;0;7;7;0;28
3_UNI_J3_Q3;3;3_UNI_J3;3;UNI;3;77;BAR;83;True;True;False;5,35;321;2;1;4;3;1;2;1;0;2;2;0;0;0;0;1;1;0;0;1;0;0;1;0;0;0;0;20,0;23;7;17;10;5;8;3;2;9;7;7;8;1;1;7;8;4;1;4;1;0;7;7;0;28
4_UNI_J3_Q3;3;4_UNI_J3;4;UNI;3;77;BAR;83;True;False;False;3,5;210;0;0;0;0;0;0;0;0;0;0;0;0;0;0;0;0;1;0;0;0;0;1;1;0;-5;1;20,0;23;7;17;10;5;8;3;2;9;7;7;8;1;1;7;8;4;1;4;1;0;7;7;0;28
7_UNI_J3_Q3;3;7_UNI_J3;7;UNI;3;77;BAR;83;True;False;False;4,6;276;1;0;0;0;0;0;0;0;0;0;1;2;1;0;1;1;0;0;0;0;0;1;1;0;0;1;20,0;23;7;17;10;5;8;3;2;9;7;7;8;1;1;7;8;4;1;4;1;0;7;7;0;28
9_UNI_J3_Q3;3;9_UNI_J3;9;UNI;3;77;BAR;83;True;False;False;4,65;279;2;0;0;0;0;0;0;0;0;0;2;2;0;1;0;1;1;0;1;0;0;0;2;0;0;7;20,0;23;7;17;10;5;8;3;2;9;7;7;8;1;1;7;8;4;1;4;1;0;7;7;0;28
14_UNI_J3_Q3;3;14_UNI_J3;14;UNI;3;77;BAR;83;True;False;False;3,3;198;6;2;2;0;2;2;0;0;0;0;2;2;0;0;1;1;0;0;0;0;0;0;1;0;4;8;20,0;23;7;17;10;5;8;3;2;9;7;7;8;1;1;7;8;4;1;4;1;0;7;7;0;28
19_UNI_J3_Q3;3;19_UNI_J3;19;UNI;3;77;BAR;83;True;False;False;3,3;198;0;0;1;1;0;0;0;0;1;1;0;0;0;0;1;1;0;0;0;0;0;2;0;0;4;-2;20,0;23;7;17;10;5;8;3;2;9;7;7;8;1;1;7;8;4;1;4;1;0;7;7;0;28
27_UNI_J3_Q3;3;27_UNI_J3;27;UNI;3;77;BAR;83;True;True;False;3,2;192;0;0;2;2;0;0;0;0;2;2;0;0;0;0;0;0;1;0;0;0;0;0;0;0;1;-1;20,0;23;7;17;10;5;8;3;2;9;7;7;8;1;1;7;8;4;1;4;1;0;7;7;0;28
33_UNI_J3_Q3;3;33_UNI_J3;33;UNI;3;77;BAR;83;True;False;False;3,783333333333333;227;3;1;1;0;0;0;0;1;1;0;0;0;0;0;1;1;0;0;0;1;0;1;0;0;-3;4;20,0;23;7;17;10;5;8;3;2;9;7;7;8;1;1;7;8;4;1;4;1;0;7;7;0;28
45_UNI_J3_Q3;3;45_UNI_J3;45;UNI;3;77;BAR;83;True;False;False;4,816666666666666;289;3;1;1;0;0;0;0;1;1;0;0;0;0;0;0;0;0;0;0;0;0;0;0;0;-2;3;20,0;23;7;17;10;5;8;3;2;9;7;7;8;1;1;7;8;4;1;4;1;0;7;7;0;28
55_UNI_J3_Q3;3;55_UNI_J3;55;UNI;3;77;BAR;83;True;True;False;5,4;324;2;0;2;2;0;0;0;0;2;2;2;2;0;0;1;1;1;1;2;0;0;1;2;0;0;4;20,0;23;7;17;10;5;8;3;2;9;7;7;8;1;1;7;8;4;1;4;1;0;7;7;0;28
UNI_UNI_J3_Q3;3;UNI_UNI_J3;UNI;UNI;3;77;BAR;83;True;False;False;50,0;3000;0;0;0;0;0;0;0;0;0;0;0;0;0;0;0;0;0;0;0;0;0;0;0;0;0;0;20,0;23;7;17;10;5;8;3;2;9;7;7;8;1;1;7;8;4;1;4;1;0;7;7;0;28
0_UNI_J3_Q4;4;0_UNI_J3;0;UNI;3;77;BAR;83;True;True;False;0,1;6;0;0;0;0;0;0;0;0;0;0;0;0;0;0;0;0;0;0;0;0;0;0;0;0;-2;0;20,0;20;10;23;13;10;14;4;0;9;9;0;0;0;7;6;13;3;4;2;0;0;11;4;2;14
2_UNI_J3_Q4;4;2_UNI_J3;2;UNI;3;77;BAR;83;True;True;False;2,55;153;0;0;0;0;0;0;0;0;0;0;0;0;0;0;0;0;0;1;0;0;0;0;1;0;2;0;20,0;20;10;23;13;10;14;4;0;9;9;0;0;0;7;6;13;3;4;2;0;0;11;4;2;14
3_UNI_J3_Q4;4;3_UNI_J3;3;UNI;3;77;BAR;83;True;True;False;6,233333333333333;374;2;1;1;0;1;1;0;0;0;0;0;0;0;0;0;0;0;0;0;0;0;2;0;1;0;0;20,0;20;10;23;13;10;14;4;0;9;9;0;0;0;7;6;13;3;4;2;0;0;11;4;2;14
4_UNI_J3_Q4;4;4_UNI_J3;4;UNI;3;77;BAR;83;True;False;False;5,183333333333334;311;0;0;3;3;0;1;1;0;2;2;0;0;0;1;0;1;0;0;0;0;0;1;0;0;-3;-3;20,0;20;10;23;13;10;14;4;0;9;9;0;0;0;7;6;13;3;4;2;0;0;11;4;2;14
7_UNI_J3_Q4;4;7_UNI_J3;7;UNI;3;77;BAR;83;True;False;False;2,8333333333333335;170;2;1;2;1;1;1;0;0;1;1;0;0;0;1;0;1;0;0;0;0;0;0;0;0;2;2;20,0;20;10;23;13;10;14;4;0;9;9;0;0;0;7;6;13;3;4;2;0;0;11;4;2;14
9_UNI_J3_Q4;4;9_UNI_J3;9;UNI;3;77;BAR;83;True;False;False;3,816666666666667;229;0;0;0;0;0;0;0;0;0;0;0;0;0;1;0;1;0;0;0;0;0;0;0;0;0;1;20,0;20;10;23;13;10;14;4;0;9;9;0;0;0;7;6;13;3;4;2;0;0;11;4;2;14
14_UNI_J3_Q4;4;14_UNI_J3;14;UNI;3;77;BAR;83;True;False;False;2,8333333333333335;170;0;0;3;3;0;1;1;0;2;2;0;0;0;0;0;0;0;0;0;0;0;0;0;0;2;-3;20,0;20;10;23;13;10;14;4;0;9;9;0;0;0;7;6;13;3;4;2;0;0;11;4;2;14
19_UNI_J3_Q4;4;19_UNI_J3;19;UNI;3;77;BAR;83;True;False;False;5,033333333333333;302;4;2;3;1;2;2;0;0;1;1;0;0;0;1;2;3;1;0;0;0;0;2;0;0;4;5;20,0;20;10;23;13;10;14;4;0;9;9;0;0;0;7;6;13;3;4;2;0;0;11;4;2;14
27_UNI_J3_Q4;4;27_UNI_J3;27;UNI;3;77;BAR;83;True;True;False;2,9166666666666665;175;2;1;2;1;1;1;0;0;1;1;0;0;0;0;0;0;0;0;1;0;0;0;1;1;-3;3;20,0;20;10;23;13;10;14;4;0;9;9;0;0;0;7;6;13;3;4;2;0;0;11;4;2;14
33_UNI_J3_Q4;4;33_UNI_J3;33;UNI;3;77;BAR;83;True;False;False;4,966666666666667;298;0;0;0;0;0;0;0;0;0;0;0;0;0;0;1;1;0;0;0;0;0;1;0;0;-5;0;20,0;20;10;23;13;10;14;4;0;9;9;0;0;0;7;6;13;3;4;2;0;0;11;4;2;14
45_UNI_J3_Q4;4;45_UNI_J3;45;UNI;3;77;BAR;83;True;False;False;7,35;441;6;3;4;1;3;3;0;0;1;1;0;0;0;1;2;3;0;1;0;0;0;2;0;0;-1;5;20,0;20;10;23;13;10;14;4;0;9;9;0;0;0;7;6;13;3;4;2;0;0;11;4;2;14
55_UNI_J3_Q4;4;55_UNI_J3;55;UNI;3;77;BAR;83;True;True;False;6,183333333333334;371;4;2;5;3;2;4;2;0;1;1;0;0;0;1;1;2;2;1;1;0;0;2;2;0;-1;5;20,0;20;10;23;13;10;14;4;0;9;9;0;0;0;7;6;13;3;4;2;0;0;11;4;2;14
UNI_UNI_J3_Q4;4;UNI_UNI_J3;UNI;UNI;3;77;BAR;83;True;False;False;50,0;3000;0;0;0;0;0;0;0;0;0;0;0;0;0;1;0;1;0;1;0;0;0;1;0;0;0;-1;20,0;20;10;23;13;10;14;4;0;9;9;0;0;0;7;6;13;3;4;2;0;0;11;4;2;14
0_BAR_J3_Q1;1;0_BAR_J3;0;BAR;3;83;UNI;77;False;True;True;6,583333333333333;395;5;2;3;1;1;1;0;1;2;1;0;0;0;0;1;1;1;1;2;0;0;0;1;0;8;8;20,0;22;9;18;9;5;9;4;4;9;5;0;0;0;3;7;10;5;3;3;1;0;5;3;1;27
2_BAR_J3_Q1;1;2_BAR_J3;2;BAR;3;83;UNI;77;False;True;True;6,166666666666667;370;3;1;2;1;0;0;0;1;2;1;0;0;0;0;0;0;1;0;0;0;0;1;1;0;8;3;20,0;22;9;18;9;5;9;4;4;9;5;0;0;0;3;7;10;5;3;3;1;0;5;3;1;27
3_BAR_J3_Q1;1;3_BAR_J3;3;BAR;3;83;UNI;77;False;False;True;5,133333333333334;308;0;0;0;0;0;0;0;0;0;0;0;0;0;1;0;1;0;0;0;0;0;0;0;0;-2;1;20,0;22;9;18;9;5;9;4;4;9;5;0;0;0;3;7;10;5;3;3;1;0;5;3;1;27
6_BAR_J3_Q1;1;6_BAR_J3;6;BAR;3;83;UNI;77;False;False;True;3,8333333333333335;230;2;1;1;0;1;1;0;0;0;0;0;0;0;0;1;1;1;0;0;0;0;0;0;0;-4;4;20,0;22;9;18;9;5;9;4;4;9;5;0;0;0;3;7;10;5;3;3;1;0;5;3;1;27
8_BAR_J3_Q1;1;8_BAR_J3;8;BAR;3;83;UNI;77;False;False;True;3,4166666666666665;205;0;0;1;1;0;1;1;0;0;0;0;0;0;0;0;0;0;1;0;0;0;0;0;0;-4;-2;20,0;22;9;18;9;5;9;4;4;9;5;0;0;0;3;7;10;5;3;3;1;0;5;3;1;27
13_BAR_J3_Q1;1;13_BAR_J3;13;BAR;3;83;UNI;77;False;False;True;3,8333333333333335;230;0;0;2;2;0;1;1;0;1;1;0;0;0;0;1;1;1;0;0;0;0;0;1;0;-4;1;20,0;22;9;18;9;5;9;4;4;9;5;0;0;0;3;7;10;5;3;3;1;0;5;3;1;27
14_BAR_J3_Q1;1;14_BAR_J3;14;BAR;3;83;UNI;77;False;False;True;0,0;0;0;0;0;0;0;0;0;0;0;0;0;0;0;0;0;0;0;0;0;0;0;0;0;0;0;0;20,0;22;9;18;9;5;9;4;4;9;5;0;0;0;3;7;10;5;3;3;1;0;5;3;1;27
19_BAR_J3_Q1;1;19_BAR_J3;19;BAR;3;83;UNI;77;False;False;True;0,0;0;0;0;0;0;0;0;0;0;0;0;0;0;0;0;0;0;0;0;0;0;0;0;0;0;0;0;20,0;22;9;18;9;5;9;4;4;9;5;0;0;0;3;7;10;5;3;3;1;0;5;3;1;27
21_BAR_J3_Q1;1;21_BAR_J3;21;BAR;3;83;UNI;77;False;True;True;4,866666666666666;292;6;2;3;1;0;0;0;2;3;1;0;0;0;0;1;1;0;1;0;0;0;0;0;0;6;5;20,0;22;9;18;9;5;9;4;4;9;5;0;0;0;3;7;10;5;3;3;1;0;5;3;1;27
23_BAR_J3_Q1;1;23_BAR_J3;23;BAR;3;83;UNI;77;False;True;True;6,583333333333333;395;4;2;3;1;2;3;1;0;0;0;0;0;0;0;0;0;1;0;0;0;0;2;0;0;8;2;20,0;22;9;18;9;5;9;4;4;9;5;0;0;0;3;7;10;5;3;3;1;0;5;3;1;27
41_BAR_J3_Q1;1;41_BAR_J3;41;BAR;3;83;UNI;77;False;True;True;6,166666666666667;370;0;0;1;1;0;1;1;0;0;0;0;0;0;1;2;3;0;0;0;1;0;2;0;0;8;1;20,0;22;9;18;9;5;9;4;4;9;5;0;0;0;3;7;10;5;3;3;1;0;5;3;1;27
44_BAR_J3_Q1;1;44_BAR_J3;44;BAR;3;83;UNI;77;False;False;True;3,4166666666666665;205;2;1;2;1;1;1;0;0;1;1;0;0;0;1;0;1;0;0;1;0;0;0;0;1;-4;3;20,0;22;9;18;9;5;9;4;4;9;5;0;0;0;3;7;10;5;3;3;1;0;5;3;1;27
BAR_BAR_J3_Q1;1;BAR_BAR_J3;BAR;BAR;3;83;UNI;77;False;False;True;50,0;3000;0;0;0;0;0;0;0;0;0;0;0;0;0;0;1;1;0;0;0;0;0;0;0;0;0;1;20,0;22;9;18;9;5;9;4;4;9;5;0;0;0;3;7;10;5;3;3;1;0;5;3;1;27
0_BAR_J3_Q2;2;0_BAR_J3;0;BAR;3;83;UNI;77;False;True;True;6,983333333333333;419;0;0;1;1;0;0;0;0;1;1;0;2;2;0;2;2;1;0;0;0;0;1;3;0;6;2;20,0;17;5;11;6;4;7;3;1;4;3;6;8;2;1;8;9;2;5;2;1;0;5;8;1;21
2_BAR_J3_Q2;2;2_BAR_J3;2;BAR;3;83;UNI;77;False;True;True;6,983333333333333;419;3;1;1;0;0;0;0;1;1;0;0;0;0;0;1;1;0;0;0;0;0;0;0;0;6;4;20,0;17;5;11;6;4;7;3;1;4;3;6;8;2;1;8;9;2;5;2;1;0;5;8;1;21
3_BAR_J3_Q2;2;3_BAR_J3;3;BAR;3;83;UNI;77;False;False;True;3,8;228;2;1;1;0;1;1;0;0;0;0;0;0;0;0;0;0;0;1;1;0;0;1;0;0;-7;1;20,0;17;5;11;6;4;7;3;1;4;3;6;8;2;1;8;9;2;5;2;1;0;5;8;1;21
6_BAR_J3_Q2;2;6_BAR_J3;6;BAR;3;83;UNI;77;False;False;True;4,0;240;0;0;0;0;0;0;0;0;0;0;0;0;0;0;1;1;0;0;0;0;0;0;0;0;-5;1;20,0;17;5;11;6;4;7;3;1;4;3;6;8;2;1;8;9;2;5;2;1;0;5;8;1;21
8_BAR_J3_Q2;2;8_BAR_J3;8;BAR;3;83;UNI;77;False;False;True;3,0166666666666666;181;0;0;1;1;0;0;0;0;1;1;0;0;0;0;0;0;0;0;0;0;0;1;0;0;-5;-2;20,0;17;5;11;6;4;7;3;1;4;3;6;8;2;1;8;9;2;5;2;1;0;5;8;1;21
13_BAR_J3_Q2;2;13_BAR_J3;13;BAR;3;83;UNI;77;False;False;True;3,0166666666666666;181;2;0;0;0;0;0;0;0;0;0;2;2;0;0;1;1;0;2;0;0;0;0;1;0;-5;2;20,0;17;5;11;6;4;7;3;1;4;3;6;8;2;1;8;9;2;5;2;1;0;5;8;1;21
14_BAR_J3_Q2;2;14_BAR_J3;14;BAR;3;83;UNI;77;False;False;True;6,0;360;4;1;2;1;1;2;1;0;0;0;2;2;0;0;1;1;0;0;0;0;0;0;1;1;6;5;20,0;17;5;11;6;4;7;3;1;4;3;6;8;2;1;8;9;2;5;2;1;0;5;8;1;21
19_BAR_J3_Q2;2;19_BAR_J3;19;BAR;3;83;UNI;77;False;False;True;0,0;0;0;0;0;0;0;0;0;0;0;0;0;0;0;0;0;0;0;0;0;0;0;0;0;0;0;0;20,0;17;5;11;6;4;7;3;1;4;3;6;8;2;1;8;9;2;5;2;1;0;5;8;1;21
21_BAR_J3_Q2;2;21_BAR_J3;21;BAR;3;83;UNI;77;False;True;True;6,616666666666666;397;0;0;2;2;0;1;1;0;1;1;0;0;0;0;1;1;1;0;0;0;0;0;1;0;6;1;20,0;17;5;11;6;4;7;3;1;4;3;6;8;2;1;8;9;2;5;2;1;0;5;8;1;21
23_BAR_J3_Q2;2;23_BAR_J3;23;BAR;3;83;UNI;77;False;True;True;2,35;141;4;2;2;0;2;2;0;0;0;0;0;0;0;0;0;0;0;1;0;0;0;0;0;0;0;3;20,0;17;5;11;6;4;7;3;1;4;3;6;8;2;1;8;9;2;5;2;1;0;5;8;1;21
41_BAR_J3_Q2;2;41_BAR_J3;41;BAR;3;83;UNI;77;False;True;True;0,0;0;0;0;0;0;0;0;0;0;0;0;0;0;0;0;0;0;0;0;0;0;0;0;0;0;0;0;20,0;17;5;11;6;4;7;3;1;4;3;6;8;2;1;8;9;2;5;2;1;0;5;8;1;21
44_BAR_J3_Q2;2;44_BAR_J3;44;BAR;3;83;UNI;77;False;False;True;7,233333333333333;434;2;0;1;1;0;1;1;0;0;0;2;2;0;1;1;2;0;0;0;1;0;2;2;0;3;4;20,0;17;5;11;6;4;7;3;1;4;3;6;8;2;1;8;9;2;5;2;1;0;5;8;1;21
BAR_BAR_J3_Q2;2;BAR_BAR_J3;BAR;BAR;3;83;UNI;77;False;False;True;50,0;3000;0;0;0;0;0;0;0;0;0;0;0;0;0;0;0;0;0;1;1;0;0;0;0;0;0;0;20,0;17;5;11;6;4;7;3;1;4;3;6;8;2;1;8;9;2;5;2;1;0;5;8;1;21
0_BAR_J3_Q3;3;0_BAR_J3;0;BAR;3;83;UNI;77;False;True;True;8,233333333333333;494;5;2;5;3;2;4;2;0;1;1;1;1;0;1;0;1;0;1;0;0;1;1;1;0;2;1;20,0;23;7;16;9;6;11;5;1;5;4;8;10;2;3;8;11;4;4;1;0;1;7;7;0;23
2_BAR_J3_Q3;3;2_BAR_J3;2;BAR;3;83;UNI;77;False;True;True;7,5;450;5;2;3;1;1;1;0;1;2;1;0;0;0;0;1;1;2;1;1;0;0;1;0;0;2;6;20,0;23;7;16;9;6;11;5;1;5;4;8;10;2;3;8;11;4;4;1;0;1;7;7;0;23
3_BAR_J3_Q3;3;3_BAR_J3;3;BAR;3;83;UNI;77;False;False;True;4,65;279;2;0;0;0;0;0;0;0;0;0;2;2;0;0;1;1;0;0;0;0;0;1;1;0;0;3;20,0;23;7;16;9;6;11;5;1;5;4;8;10;2;3;8;11;4;4;1;0;1;7;7;0;23
6_BAR_J3_Q3;3;6_BAR_J3;6;BAR;3;83;UNI;77;False;False;True;4,6;276;4;1;4;3;1;4;3;0;0;0;2;2;0;0;0;0;0;0;0;0;0;1;1;0;0;1;20,0;23;7;16;9;6;11;5;1;5;4;8;10;2;3;8;11;4;4;1;0;1;7;7;0;23
8_BAR_J3_Q3;3;8_BAR_J3;8;BAR;3;83;UNI;77;False;False;True;0,0;0;0;0;0;0;0;0;0;0;0;0;0;0;0;0;0;0;0;0;0;0;0;0;0;0;0;0;20,0;23;7;16;9;6;11;5;1;5;4;8;10;2;3;8;11;4;4;1;0;1;7;7;0;23
13_BAR_J3_Q3;3;13_BAR_J3;13;BAR;3;83;UNI;77;False;False;True;1,7666666666666666;106;0;0;0;0;0;0;0;0;0;0;0;0;0;0;0;0;0;0;0;0;0;1;0;0;-2;-1;20,0;23;7;16;9;6;11;5;1;5;4;8;10;2;3;8;11;4;4;1;0;1;7;7;0;23
14_BAR_J3_Q3;3;14_BAR_J3;14;BAR;3;83;UNI;77;False;False;True;0,7333333333333333;44;0;0;0;0;0;0;0;0;0;0;0;0;0;0;0;0;0;0;0;0;0;0;0;0;0;0;20,0;23;7;16;9;6;11;5;1;5;4;8;10;2;3;8;11;4;4;1;0;1;7;7;0;23
19_BAR_J3_Q3;3;19_BAR_J3;19;BAR;3;83;UNI;77;False;False;True;0,0;0;0;0;0;0;0;0;0;0;0;0;0;0;0;0;0;0;0;0;0;0;0;0;0;0;0;0;20,0;23;7;16;9;6;11;5;1;5;4;8;10;2;3;8;11;4;4;1;0;1;7;7;0;23
21_BAR_J3_Q3;3;21_BAR_J3;21;BAR;3;83;UNI;77;False;True;True;7,116666666666666;427;2;1;3;2;1;1;0;0;2;2;0;0;0;1;2;3;2;0;0;0;0;1;0;0;-2;4;20,0;23;7;16;9;6;11;5;1;5;4;8;10;2;3;8;11;4;4;1;0;1;7;7;0;23
23_BAR_J3_Q3;3;23_BAR_J3;23;BAR;3;83;UNI;77;False;True;True;5,4;324;2;0;0;0;0;0;0;0;0;0;2;2;0;0;0;0;0;2;0;0;0;0;2;0;0;2;20,0;23;7;16;9;6;11;5;1;5;4;8;10;2;3;8;11;4;4;1;0;1;7;7;0;23
41_BAR_J3_Q3;3;41_BAR_J3;41;BAR;3;83;UNI;77;False;True;True;5,35;321;0;0;0;0;0;0;0;0;0;0;0;2;2;0;2;2;0;0;0;0;0;1;1;0;0;0;20,0;23;7;16;9;6;11;5;1;5;4;8;10;2;3;8;11;4;4;1;0;1;7;7;0;23
44_BAR_J3_Q3;3;44_BAR_J3;44;BAR;3;83;UNI;77;False;False;True;4,65;279;3;1;1;0;1;1;0;0;0;0;1;1;0;0;2;2;0;0;0;0;0;0;1;0;0;6;20,0;23;7;16;9;6;11;5;1;5;4;8;10;2;3;8;11;4;4;1;0;1;7;7;0;23
BAR_BAR_J3_Q3;3;BAR_BAR_J3;BAR;BAR;3;83;UNI;77;False;False;True;50,0;3000;0;0;0;0;0;0;0;0;0;0;0;0;0;1;0;1;0;0;0;0;0;0;0;0;0;1;20,0;23;7;16;9;6;11;5;1;5;4;8;10;2;3;8;11;4;4;1;0;1;7;7;0;23
0_BAR_J3_Q4;4;0_BAR_J3;0;BAR;3;83;UNI;77;False;True;True;7,166666666666667;430;7;1;1;0;1;1;0;0;0;0;5;5;0;0;1;1;1;0;0;0;0;1;2;0;3;10;20,0;21;4;10;6;3;7;4;1;3;2;12;15;3;1;6;7;1;3;3;0;0;4;10;1;26
2_BAR_J3_Q4;4;2_BAR_J3;2;BAR;3;83;UNI;77;False;True;True;3,3833333333333333;203;0;0;0;0;0;0;0;0;0;0;0;0;0;0;0;0;0;1;0;0;0;1;0;0;2;-2;20,0;21;4;10;6;3;7;4;1;3;2;12;15;3;1;6;7;1;3;3;0;0;4;10;1;26
3_BAR_J3_Q4;4;3_BAR_J3;3;BAR;3;83;UNI;77;False;False;True;2,8333333333333335;170;0;0;0;0;0;0;0;0;0;0;0;0;0;0;1;1;0;1;0;0;0;1;0;0;-2;-1;20,0;21;4;10;6;3;7;4;1;3;2;12;15;3;1;6;7;1;3;3;0;0;4;10;1;26
6_BAR_J3_Q4;4;6_BAR_J3;6;BAR;3;83;UNI;77;False;False;True;4,966666666666667;298;0;0;0;0;0;0;0;0;0;0;0;0;0;0;1;1;0;0;0;0;0;0;0;0;5;1;20,0;21;4;10;6;3;7;4;1;3;2;12;15;3;1;6;7;1;3;3;0;0;4;10;1;26
8_BAR_J3_Q4;4;8_BAR_J3;8;BAR;3;83;UNI;77;False;False;True;0,0;0;0;0;0;0;0;0;0;0;0;0;0;0;0;0;0;0;0;0;0;0;0;0;0;0;0;0;20,0;21;4;10;6;3;7;4;1;3;2;12;15;3;1;6;7;1;3;3;0;0;4;10;1;26
13_BAR_J3_Q4;4;13_BAR_J3;13;BAR;3;83;UNI;77;False;False;True;6,616666666666666;397;3;1;1;0;0;0;0;1;1;0;0;2;2;1;1;2;0;0;0;0;0;0;1;0;-1;4;20,0;21;4;10;6;3;7;4;1;3;2;12;15;3;1;6;7;1;3;3;0;0;4;10;1;26
14_BAR_J3_Q4;4;14_BAR_J3;14;BAR;3;83;UNI;77;False;False;True;5,033333333333333;302;0;0;1;1;0;1;1;0;0;0;0;0;0;0;1;1;0;0;0;0;0;0;1;0;-4;1;20,0;21;4;10;6;3;7;4;1;3;2;12;15;3;1;6;7;1;3;3;0;0;4;10;1;26
19_BAR_J3_Q4;4;19_BAR_J3;19;BAR;3;83;UNI;77;False;False;True;0,0;0;0;0;0;0;0;0;0;0;0;0;0;0;0;0;0;0;0;0;0;0;0;0;0;0;0;0;20,0;21;4;10;6;3;7;4;1;3;2;12;15;3;1;6;7;1;3;3;0;0;4;10;1;26
21_BAR_J3_Q4;4;21_BAR_J3;21;BAR;3;83;UNI;77;False;True;True;10,0;600;3;1;5;4;1;3;2;0;2;2;1;2;1;0;1;1;0;1;3;0;0;0;1;1;1;2;20,0;21;4;10;6;3;7;4;1;3;2;12;15;3;1;6;7;1;3;3;0;0;4;10;1;26
23_BAR_J3_Q4;4;23_BAR_J3;23;BAR;3;83;UNI;77;False;True;True;8,4;504;8;1;1;0;1;1;0;0;0;0;6;6;0;0;0;0;0;0;0;0;0;1;5;0;5;12;20,0;21;4;10;6;3;7;4;1;3;2;12;15;3;1;6;7;1;3;3;0;0;4;10;1;26
41_BAR_J3_Q4;4;41_BAR_J3;41;BAR;3;83;UNI;77;False;True;True;0,0;0;0;0;0;0;0;0;0;0;0;0;0;0;0;0;0;0;0;0;0;0;0;0;0;0;0;0;20,0;21;4;10;6;3;7;4;1;3;2;12;15;3;1;6;7;1;3;3;0;0;4;10;1;26
44_BAR_J3_Q4;4;44_BAR_J3;44;BAR;3;83;UNI;77;False;False;True;1,6;96;0;0;1;1;0;1;1;0;0;0;0;0;0;0;0;0;0;0;0;0;0;0;0;0;-4;-1;20,0;21;4;10;6;3;7;4;1;3;2;12;15;3;1;6;7;1;3;3;0;0;4;10;1;26
BAR_BAR_J3_Q4;4;BAR_BAR_J3;BAR;BAR;3;83;UNI;77;False;False;True;50,0;3000;0;0;0;0;0;0;0;0;0;0;0;0;0;0;0;0;0;0;0;0;0;0;0;0;0;0;20,0;21;4;10;6;3;7;4;1;3;2;12;15;3;1;6;7;1;3;3;0;0;4;10;1;26
1_HIO_J4_Q1;1;1_HIO_J4;1;HIO;4;99;COV;90;True;True;True;5,2;312;5;1;2;1;0;0;0;1;2;1;2;2;0;0;0;0;0;0;0;0;0;0;1;0;1;5;20,0;24;9;14;5;5;7;2;4;7;3;2;2;0;1;9;10;6;5;0;1;1;6;4;1;28
2_HIO_J4_Q1;1;2_HIO_J4;2;HIO;4;99;COV;90;True;False;True;4,8;288;3;1;1;0;0;0;0;1;1;0;0;0;0;0;0;0;1;0;0;0;0;0;1;0;1;5;20,0;24;9;14;5;5;7;2;4;7;3;2;2;0;1;9;10;6;5;0;1;1;6;4;1;28
3_HIO_J4_Q1;1;3_HIO_J4;3;HIO;4;99;COV;90;True;True;True;5,2;312;0;0;0;0;0;0;0;0;0;0;0;0;0;0;3;3;0;1;0;0;0;1;0;0;1;1;20,0;24;9;14;5;5;7;2;4;7;3;2;2;0;1;9;10;6;5;0;1;1;6;4;1;28
4_HIO_J4_Q1;1;4_HIO_J4;4;HIO;4;99;COV;90;True;True;True;5,2;312;3;1;1;0;0;0;0;1;1;0;0;0;0;0;1;1;2;1;0;0;0;1;0;0;1;4;20,0;24;9;14;5;5;7;2;4;7;3;2;2;0;1;9;10;6;5;0;1;1;6;4;1;28
5_HIO_J4_Q1;1;5_HIO_J4;5;HIO;4;99;COV;90;True;False;True;4,8;288;6;3;4;1;3;3;0;0;1;1;0;0;0;0;0;0;0;0;0;0;0;0;1;0;1;6;20,0;24;9;14;5;5;7;2;4;7;3;2;2;0;1;9;10;6;5;0;1;1;6;4;1;28
6_HIO_J4_Q1;1;6_HIO_J4;6;HIO;4;99;COV;90;True;False;True;4,8;288;0;0;1;1;0;1;1;0;0;0;0;0;0;0;1;1;0;1;0;0;1;1;1;0;1;-2;20,0;24;9;14;5;5;7;2;4;7;3;2;2;0;1;9;10;6;5;0;1;1;6;4;1;28
7_HIO_J4_Q1;1;7_HIO_J4;7;HIO;4;99;COV;90;True;False;True;4,083333333333333;245;2;1;2;1;1;1;0;0;1;1;0;0;0;0;0;0;0;0;0;0;0;0;0;1;0;1;20,0;24;9;14;5;5;7;2;4;7;3;2;2;0;1;9;10;6;5;0;1;1;6;4;1;28
12_HIO_J4_Q1;1;12_HIO_J4;12;HIO;4;99;COV;90;True;True;True;2,5833333333333335;155;0;0;0;0;0;0;0;0;0;0;0;0;0;0;0;0;1;1;0;0;0;1;0;0;-2;-1;20,0;24;9;14;5;5;7;2;4;7;3;2;2;0;1;9;10;6;5;0;1;1;6;4;1;28
14_HIO_J4_Q1;1;14_HIO_J4;14;HIO;4;99;COV;90;True;False;True;0,0;0;0;0;0;0;0;0;0;0;0;0;0;0;0;0;0;0;0;0;0;0;0;0;0;0;0;0;20,0;24;9;14;5;5;7;2;4;7;3;2;2;0;1;9;10;6;5;0;1;1;6;4;1;28
16_HIO_J4_Q1;1;16_HIO_J4;16;HIO;4;99;COV;90;True;True;True;5,2;312;3;1;2;1;0;1;1;1;1;0;0;0;0;1;0;1;0;1;0;0;0;0;0;0;1;2;20,0;24;9;14;5;5;7;2;4;7;3;2;2;0;1;9;10;6;5;0;1;1;6;4;1;28
22_HIO_J4_Q1;1;22_HIO_J4;22;HIO;4;99;COV;90;True;False;True;4,8;288;0;0;0;0;0;0;0;0;0;0;0;0;0;0;3;3;1;0;0;1;0;0;0;0;1;5;20,0;24;9;14;5;5;7;2;4;7;3;2;2;0;1;9;10;6;5;0;1;1;6;4;1;28
25_HIO_J4_Q1;1;25_HIO_J4;25;HIO;4;99;COV;90;True;False;True;3,3333333333333335;200;2;1;1;0;1;1;0;0;0;0;0;0;0;0;0;0;1;0;0;0;0;2;0;0;4;1;20,0;24;9;14;5;5;7;2;4;7;3;2;2;0;1;9;10;6;5;0;1;1;6;4;1;28
HIO_HIO_J4_Q1;1;HIO_HIO_J4;HIO;HIO;4;99;COV;90;True;False;True;50,0;3000;0;0;0;0;0;0;0;0;0;0;0;0;0;0;1;1;0;0;0;0;0;0;0;0;0;1;20,0;24;9;14;5;5;7;2;4;7;3;2;2;0;1;9;10;6;5;0;1;1;6;4;1;28
1_HIO_J4_Q2;2;1_HIO_J4;1;HIO;4;99;COV;90;True;True;True;8,033333333333333;482;0;0;5;5;0;3;3;0;2;2;0;0;0;0;0;0;3;0;1;0;1;0;1;0;-1;-1;20,0;22;7;18;11;4;11;7;3;7;4;5;9;4;4;7;11;5;1;3;2;1;6;7;0;27
2_HIO_J4_Q2;2;2_HIO_J4;2;HIO;4;99;COV;90;True;False;True;3,533333333333333;212;0;0;2;2;0;1;1;0;1;1;0;0;0;0;0;0;0;0;0;0;0;1;1;0;4;-2;20,0;22;7;18;11;4;11;7;3;7;4;5;9;4;4;7;11;5;1;3;2;1;6;7;0;27
3_HIO_J4_Q2;2;3_HIO_J4;3;HIO;4;99;COV;90;True;True;True;8,766666666666667;526;3;1;1;0;1;1;0;0;0;0;1;2;1;1;1;2;0;0;2;0;0;0;1;0;1;7;20,0;22;7;18;11;4;11;7;3;7;4;5;9;4;4;7;11;5;1;3;2;1;6;7;0;27
4_HIO_J4_Q2;2;4_HIO_J4;4;HIO;4;99;COV;90;True;True;True;4,05;243;5;2;3;1;2;3;1;0;0;0;1;1;0;0;0;0;0;1;0;0;0;1;1;0;-6;3;20,0;22;7;18;11;4;11;7;3;7;4;5;9;4;4;7;11;5;1;3;2;1;6;7;0;27
5_HIO_J4_Q2;2;5_HIO_J4;5;HIO;4;99;COV;90;True;False;True;7,616666666666666;457;8;3;3;0;1;1;0;2;2;0;0;0;0;1;0;1;1;0;0;0;0;1;0;0;7;9;20,0;22;7;18;11;4;11;7;3;7;4;5;9;4;4;7;11;5;1;3;2;1;6;7;0;27
6_HIO_J4_Q2;2;6_HIO_J4;6;HIO;4;99;COV;90;True;False;True;4,383333333333334;263;0;0;2;2;0;1;1;0;1;1;0;0;0;0;1;1;1;0;0;0;0;1;0;0;7;-1;20,0;22;7;18;11;4;11;7;3;7;4;5;9;4;4;7;11;5;1;3;2;1;6;7;0;27
7_HIO_J4_Q2;2;7_HIO_J4;7;HIO;4;99;COV;90;True;False;True;0,0;0;0;0;0;0;0;0;0;0;0;0;0;0;0;0;0;0;0;0;0;0;0;0;0;0;0;0;20,0;22;7;18;11;4;11;7;3;7;4;5;9;4;4;7;11;5;1;3;2;1;6;7;0;27
12_HIO_J4_Q2;2;12_HIO_J4;12;HIO;4;99;COV;90;True;True;True;1,5833333333333333;95;1;0;1;1;0;1;1;0;0;0;1;2;1;1;1;2;0;0;0;0;0;2;1;0;1;0;20,0;22;7;18;11;4;11;7;3;7;4;5;9;4;4;7;11;5;1;3;2;1;6;7;0;27
14_HIO_J4_Q2;2;14_HIO_J4;14;HIO;4;99;COV;90;True;False;True;2,3833333333333333;143;0;0;0;0;0;0;0;0;0;0;0;0;0;0;0;0;0;0;0;0;0;0;0;0;-5;0;20,0;22;7;18;11;4;11;7;3;7;4;5;9;4;4;7;11;5;1;3;2;1;6;7;0;27
16_HIO_J4_Q2;2;16_HIO_J4;16;HIO;4;99;COV;90;True;True;True;0,0;0;0;0;0;0;0;0;0;0;0;0;0;0;0;0;0;0;0;0;0;0;0;0;0;0;0;0;20,0;22;7;18;11;4;11;7;3;7;4;5;9;4;4;7;11;5;1;3;2;1;6;7;0;27
22_HIO_J4_Q2;2;22_HIO_J4;22;HIO;4;99;COV;90;True;False;True;5,6;336;4;1;1;0;0;0;0;1;1;0;1;2;1;1;1;2;0;0;0;2;0;0;1;0;8;8;20,0;22;7;18;11;4;11;7;3;7;4;5;9;4;4;7;11;5;1;3;2;1;6;7;0;27
25_HIO_J4_Q2;2;25_HIO_J4;25;HIO;4;99;COV;90;True;False;True;4,05;243;1;0;0;0;0;0;0;0;0;0;1;2;1;0;2;2;0;0;0;0;0;0;1;0;-6;3;20,0;22;7;18;11;4;11;7;3;7;4;5;9;4;4;7;11;5;1;3;2;1;6;7;0;27
HIO_HIO_J4_Q2;2;HIO_HIO_J4;HIO;HIO;4;99;COV;90;True;False;True;50,0;3000;0;0;0;0;0;0;0;0;0;0;0;0;0;0;1;1;0;0;0;0;0;0;0;0;0;1;20,0;22;7;18;11;4;11;7;3;7;4;5;9;4;4;7;11;5;1;3;2;1;6;7;0;27
1_HIO_J4_Q3;3;1_HIO_J4;1;HIO;4;99;COV;90;True;True;True;4,783333333333333;287;2;1;3;2;1;2;1;0;1;1;0;0;0;0;0;0;2;0;0;0;0;1;0;0;6;1;20,0;23;7;17;10;4;9;5;3;8;5;6;7;1;2;8;10;4;1;1;1;1;8;8;0;26
2_HIO_J4_Q3;3;2_HIO_J4;2;HIO;4;99;COV;90;True;False;True;4,633333333333334;278;0;0;0;0;0;0;0;0;0;0;0;0;0;0;3;3;0;0;0;0;0;0;0;0;5;3;20,0;23;7;17;10;4;9;5;3;8;5;6;7;1;2;8;10;4;1;1;1;1;8;8;0;26
3_HIO_J4_Q3;3;3_HIO_J4;3;HIO;4;99;COV;90;True;True;True;4,983333333333333;299;3;1;2;1;0;1;1;1;1;0;0;0;0;0;0;0;0;0;0;0;0;1;1;0;1;2;20,0;23;7;17;10;4;9;5;3;8;5;6;7;1;2;8;10;4;1;1;1;1;8;8;0;26
4_HIO_J4_Q3;3;4_HIO_J4;4;HIO;4;99;COV;90;True;True;True;5,366666666666666;322;5;1;3;2;1;2;1;0;1;1;3;3;0;1;1;2;0;0;0;0;0;1;3;0;-3;7;20,0;23;7;17;10;4;9;5;3;8;5;6;7;1;2;8;10;4;1;1;1;1;8;8;0;26
5_HIO_J4_Q3;3;5_HIO_J4;5;HIO;4;99;COV;90;True;False;True;4,583333333333333;275;3;1;3;2;0;1;1;1;2;1;0;0;0;0;1;1;1;0;0;0;0;0;0;0;5;3;20,0;23;7;17;10;4;9;5;3;8;5;6;7;1;2;8;10;4;1;1;1;1;8;8;0;26
6_HIO_J4_Q3;3;6_HIO_J4;6;HIO;4;99;COV;90;True;False;True;5,216666666666667;313;0;0;1;1;0;0;0;0;1;1;0;0;0;0;0;0;0;1;0;0;0;1;0;0;-4;-3;20,0;23;7;17;10;4;9;5;3;8;5;6;7;1;2;8;10;4;1;1;1;1;8;8;0;26
7_HIO_J4_Q3;3;7_HIO_J4;7;HIO;4;99;COV;90;True;False;True;0,0;0;0;0;0;0;0;0;0;0;0;0;0;0;0;0;0;0;0;0;0;0;0;0;0;0;0;0;20,0;23;7;17;10;4;9;5;3;8;5;6;7;1;2;8;10;4;1;1;1;1;8;8;0;26
12_HIO_J4_Q3;3;12_HIO_J4;12;HIO;4;99;COV;90;True;True;True;2,0;120;2;1;2;1;1;2;1;0;0;0;0;0;0;1;0;1;0;0;0;0;1;0;0;0;-4;1;20,0;23;7;17;10;4;9;5;3;8;5;6;7;1;2;8;10;4;1;1;1;1;8;8;0;26
14_HIO_J4_Q3;3;14_HIO_J4;14;HIO;4;99;COV;90;True;False;True;0,05;3;0;0;0;0;0;0;0;0;0;0;0;0;0;0;0;0;0;0;0;0;0;0;0;0;0;0;20,0;23;7;17;10;4;9;5;3;8;5;6;7;1;2;8;10;4;1;1;1;1;8;8;0;26
16_HIO_J4_Q3;3;16_HIO_J4;16;HIO;4;99;COV;90;True;True;True;3,3666666666666667;202;2;0;0;0;0;0;0;0;0;0;2;2;0;0;0;0;0;0;0;0;0;1;1;0;1;2;20,0;23;7;17;10;4;9;5;3;8;5;6;7;1;2;8;10;4;1;1;1;1;8;8;0;26
22_HIO_J4_Q3;3;22_HIO_J4;22;HIO;4;99;COV;90;True;False;True;5,216666666666667;313;3;1;2;1;0;0;0;1;2;1;0;0;0;0;1;1;0;0;0;1;0;2;0;0;2;2;20,0;23;7;17;10;4;9;5;3;8;5;6;7;1;2;8;10;4;1;1;1;1;8;8;0;26
25_HIO_J4_Q3;3;25_HIO_J4;25;HIO;4;99;COV;90;True;False;True;9,8;588;3;1;1;0;1;1;0;0;0;0;1;2;1;0;2;2;1;0;1;0;0;1;3;0;1;8;20,0;23;7;17;10;4;9;5;3;8;5;6;7;1;2;8;10;4;1;1;1;1;8;8;0;26
HIO_HIO_J4_Q3;3;HIO_HIO_J4;HIO;HIO;4;99;COV;90;True;False;True;50,0;3000;0;0;0;0;0;0;0;0;0;0;0;0;0;0;0;0;0;0;0;0;0;0;0;0;0;0;20,0;23;7;17;10;4;9;5;3;8;5;6;7;1;2;8;10;4;1;1;1;1;8;8;0;26
1_HIO_J4_Q4;4;1_HIO_J4;1;HIO;4;99;COV;90;True;True;True;10,0;600;6;0;0;0;0;0;0;0;0;0;6;6;0;0;0;0;2;0;0;0;0;1;3;0;3;10;20,0;30;6;11;5;4;7;3;2;4;2;16;18;2;2;5;7;4;1;1;0;0;8;10;0;36
2_HIO_J4_Q4;4;2_HIO_J4;2;HIO;4;99;COV;90;True;False;True;4,666666666666667;280;4;1;2;1;1;1;0;0;1;1;2;2;0;0;0;0;0;0;1;0;0;1;1;0;-2;4;20,0;30;6;11;5;4;7;3;2;4;2;16;18;2;2;5;7;4;1;1;0;0;8;10;0;36
3_HIO_J4_Q4;4;3_HIO_J4;3;HIO;4;99;COV;90;True;True;True;9,05;543;9;2;2;0;1;1;0;1;1;0;4;4;0;1;2;3;0;1;0;0;0;1;3;0;4;13;20,0;30;6;11;5;4;7;3;2;4;2;16;18;2;2;5;7;4;1;1;0;0;8;10;0;36
4_HIO_J4_Q4;4;4_HIO_J4;4;HIO;4;99;COV;90;True;True;True;5,333333333333333;320;3;1;2;1;1;2;1;0;0;0;1;2;1;0;1;1;1;0;0;0;0;1;1;0;5;3;20,0;30;6;11;5;4;7;3;2;4;2;16;18;2;2;5;7;4;1;1;0;0;8;10;0;36
5_HIO_J4_Q4;4;5_HIO_J4;5;HIO;4;99;COV;90;True;False;True;6,55;393;2;0;0;0;0;0;0;0;0;0;2;2;0;0;1;1;0;0;0;0;0;1;1;0;-2;3;20,0;30;6;11;5;4;7;3;2;4;2;16;18;2;2;5;7;4;1;1;0;0;8;10;0;36
6_HIO_J4_Q4;4;6_HIO_J4;6;HIO;4;99;COV;90;True;False;True;0,0;0;0;0;0;0;0;0;0;0;0;0;0;0;0;0;0;0;0;0;0;0;0;0;0;0;0;0;20,0;30;6;11;5;4;7;3;2;4;2;16;18;2;2;5;7;4;1;1;0;0;8;10;0;36
7_HIO_J4_Q4;4;7_HIO_J4;7;HIO;4;99;COV;90;True;False;True;0,0;0;0;0;0;0;0;0;0;0;0;0;0;0;0;0;0;0;0;0;0;0;0;0;0;0;0;0;20,0;30;6;11;5;4;7;3;2;4;2;16;18;2;2;5;7;4;1;1;0;0;8;10;0;36
12_HIO_J4_Q4;4;12_HIO_J4;12;HIO;4;99;COV;90;True;True;True;4,316666666666666;259;1;0;0;0;0;0;0;0;0;0;1;2;1;0;0;0;0;0;0;0;0;1;1;0;7;0;20,0;30;6;11;5;4;7;3;2;4;2;16;18;2;2;5;7;4;1;1;0;0;8;10;0;36
14_HIO_J4_Q4;4;14_HIO_J4;14;HIO;4;99;COV;90;True;False;True;0,0;0;0;0;0;0;0;0;0;0;0;0;0;0;0;0;0;0;0;0;0;0;0;0;0;0;0;0;20,0;30;6;11;5;4;7;3;2;4;2;16;18;2;2;5;7;4;1;1;0;0;8;10;0;36
16_HIO_J4_Q4;4;16_HIO_J4;16;HIO;4;99;COV;90;True;True;True;0,0;0;0;0;0;0;0;0;0;0;0;0;0;0;0;0;0;0;0;0;0;0;0;0;0;0;0;0;20,0;30;6;11;5;4;7;3;2;4;2;16;18;2;2;5;7;4;1;1;0;0;8;10;0;36
22_HIO_J4_Q4;4;22_HIO_J4;22;HIO;4;99;COV;90;True;False;True;4,4;264;3;1;2;1;0;0;0;1;2;1;0;0;0;0;1;1;0;0;0;0;0;2;0;0;4;1;20,0;30;6;11;5;4;7;3;2;4;2;16;18;2;2;5;7;4;1;1;0;0;8;10;0;36
25_HIO_J4_Q4;4;25_HIO_J4;25;HIO;4;99;COV;90;True;False;True;5,683333333333334;341;2;1;3;2;1;3;2;0;0;0;0;0;0;0;0;0;1;0;0;0;0;0;0;0;-4;1;20,0;30;6;11;5;4;7;3;2;4;2;16;18;2;2;5;7;4;1;1;0;0;8;10;0;36
HIO_HIO_J4_Q4;4;HIO_HIO_J4;HIO;HIO;4;99;COV;90;True;False;True;50,0;3000;0;0;0;0;0;0;0;0;0;0;0;0;0;1;0;1;0;0;0;0;0;0;0;0;0;1;20,0;30;6;11;5;4;7;3;2;4;2;16;18;2;2;5;7;4;1;1;0;0;8;10;0;36
2_COV_J4_Q1;1;2_COV_J4;2;COV;4;90;HIO;99;False;True;False;5,2;312;0;0;1;1;0;0;0;0;1;1;0;0;0;2;0;2;0;0;0;0;0;0;1;0;-1;2;20,0;22;7;20;13;5;12;7;2;8;6;6;9;3;5;4;9;3;1;4;1;1;4;6;0;23
7_COV_J4_Q1;1;7_COV_J4;7;COV;4;90;HIO;99;False;False;False;3,9;234;0;0;0;0;0;0;0;0;0;0;0;0;0;0;1;1;0;0;0;1;0;0;0;0;0;2;20,0;22;7;20;13;5;12;7;2;8;6;6;9;3;5;4;9;3;1;4;1;1;4;6;0;23
10_COV_J4_Q1;1;10_COV_J4;10;COV;4;90;HIO;99;False;False;False;4,233333333333333;254;5;1;3;2;1;2;1;0;1;1;3;4;1;0;0;0;0;0;1;0;1;0;2;0;1;4;20,0;22;7;20;13;5;12;7;2;8;6;6;9;3;5;4;9;3;1;4;1;1;4;6;0;23
11_COV_J4_Q1;1;11_COV_J4;11;COV;4;90;HIO;99;False;True;False;8,516666666666667;511;5;1;4;3;1;3;2;0;1;1;3;3;0;0;0;0;2;0;2;0;0;0;2;0;-4;8;20,0;22;7;20;13;5;12;7;2;8;6;6;9;3;5;4;9;3;1;4;1;1;4;6;0;23
13_COV_J4_Q1;1;13_COV_J4;13;COV;4;90;HIO;99;False;True;False;5,2;312;3;1;2;1;0;1;1;1;1;0;0;0;0;0;0;0;0;1;0;0;0;0;0;0;-1;1;20,0;22;7;20;13;5;12;7;2;8;6;6;9;3;5;4;9;3;1;4;1;1;4;6;0;23
15_COV_J4_Q1;1;15_COV_J4;15;COV;4;90;HIO;99;False;False;False;0,9;54;0;0;0;0;0;0;0;0;0;0;0;0;0;0;0;0;0;0;0;0;0;0;0;0;-1;0;20,0;22;7;20;13;5;12;7;2;8;6;6;9;3;5;4;9;3;1;4;1;1;4;6;0;23
16_COV_J4_Q1;1;16_COV_J4;16;COV;4;90;HIO;99;False;False;False;0,0;0;0;0;0;0;0;0;0;0;0;0;0;0;0;0;0;0;0;0;0;0;0;0;0;0;0;0;20,0;22;7;20;13;5;12;7;2;8;6;6;9;3;5;4;9;3;1;4;1;1;4;6;0;23
22_COV_J4_Q1;1;22_COV_J4;22;COV;4;90;HIO;99;False;False;False;2,05;123;0;0;0;0;0;0;0;0;0;0;0;0;0;0;0;0;1;0;0;0;0;1;0;0;0;0;20,0;22;7;20;13;5;12;7;2;8;6;6;9;3;5;4;9;3;1;4;1;1;4;6;0;23
23_COV_J4_Q1;1;23_COV_J4;23;COV;4;90;HIO;99;False;False;False;4,8;288;0;0;2;2;0;0;0;0;2;2;0;0;0;0;0;0;0;0;0;0;0;1;0;0;-1;-3;20,0;22;7;20;13;5;12;7;2;8;6;6;9;3;5;4;9;3;1;4;1;1;4;6;0;23
29_COV_J4_Q1;1;29_COV_J4;29;COV;4;90;HIO;99;False;True;False;7,95;477;6;3;7;4;3;6;3;0;1;1;0;2;2;2;0;2;0;0;0;0;0;0;1;0;-2;3;20,0;22;7;20;13;5;12;7;2;8;6;6;9;3;5;4;9;3;1;4;1;1;4;6;0;23
35_COV_J4_Q1;1;35_COV_J4;35;COV;4;90;HIO;99;False;True;False;5,2;312;0;0;0;0;0;0;0;0;0;0;0;0;0;0;0;0;0;0;1;0;0;1;0;0;-1;0;20,0;22;7;20;13;5;12;7;2;8;6;6;9;3;5;4;9;3;1;4;1;1;4;6;0;23
77_COV_J4_Q1;1;77_COV_J4;77;COV;4;90;HIO;99;False;False;False;2,05;123;3;1;1;0;0;0;0;1;1;0;0;0;0;0;2;2;0;0;0;0;0;1;0;0;0;4;20,0;22;7;20;13;5;12;7;2;8;6;6;9;3;5;4;9;3;1;4;1;1;4;6;0;23
COV_COV_J4_Q1;1;COV_COV_J4;COV;COV;4;90;HIO;99;False;False;False;50,0;3000;0;0;0;0;0;0;0;0;0;0;0;0;0;1;1;2;0;0;0;0;0;0;0;0;0;2;20,0;22;7;20;13;5;12;7;2;8;6;6;9;3;5;4;9;3;1;4;1;1;4;6;0;23
2_COV_J4_Q2;2;2_COV_J4;2;COV;4;90;HIO;99;False;True;False;4,466666666666667;268;3;1;1;0;0;0;0;1;1;0;0;0;0;0;0;0;0;1;0;0;0;2;0;0;0;0;20,0;20;5;14;9;2;6;4;3;8;5;7;9;2;3;9;12;4;4;1;1;2;7;6;0;20
7_COV_J4_Q2;2;7_COV_J4;7;COV;4;90;HIO;99;False;False;False;3,6333333333333333;218;2;1;1;0;1;1;0;0;0;0;0;0;0;1;0;1;0;0;0;1;0;0;0;0;0;4;20,0;20;5;14;9;2;6;4;3;8;5;7;9;2;3;9;12;4;4;1;1;2;7;6;0;20
10_COV_J4_Q2;2;10_COV_J4;10;COV;4;90;HIO;99;False;False;False;5,533333333333333;332;5;0;0;0;0;0;0;0;0;0;5;5;0;0;0;0;0;1;0;0;0;0;2;0;-2;6;20,0;20;5;14;9;2;6;4;3;8;5;7;9;2;3;9;12;4;4;1;1;2;7;6;0;20
11_COV_J4_Q2;2;11_COV_J4;11;COV;4;90;HIO;99;False;True;False;5,933333333333334;356;2;1;1;0;1;1;0;0;0;0;0;0;0;1;2;3;1;0;0;0;0;0;0;0;-3;6;20,0;20;5;14;9;2;6;4;3;8;5;7;9;2;3;9;12;4;4;1;1;2;7;6;0;20
13_COV_J4_Q2;2;13_COV_J4;13;COV;4;90;HIO;99;False;True;False;6,183333333333334;371;6;2;5;3;0;0;0;2;5;3;0;0;0;0;1;1;2;0;0;0;0;2;0;0;5;4;20,0;20;5;14;9;2;6;4;3;8;5;7;9;2;3;9;12;4;4;1;1;2;7;6;0;20
15_COV_J4_Q2;2;15_COV_J4;15;COV;4;90;HIO;99;False;False;False;0,0;0;0;0;0;0;0;0;0;0;0;0;0;0;0;0;0;0;0;0;0;0;0;0;0;0;0;0;20,0;20;5;14;9;2;6;4;3;8;5;7;9;2;3;9;12;4;4;1;1;2;7;6;0;20
16_COV_J4_Q2;2;16_COV_J4;16;COV;4;90;HIO;99;False;False;False;0,0;0;0;0;0;0;0;0;0;0;0;0;0;0;0;0;0;0;0;0;0;0;0;0;0;0;0;0;20,0;20;5;14;9;2;6;4;3;8;5;7;9;2;3;9;12;4;4;1;1;2;7;6;0;20
22_COV_J4_Q2;2;22_COV_J4;22;COV;4;90;HIO;99;False;False;False;4,066666666666666;244;0;0;1;1;0;0;0;0;1;1;0;0;0;0;0;0;0;0;0;0;0;1;0;0;1;-2;20,0;20;5;14;9;2;6;4;3;8;5;7;9;2;3;9;12;4;4;1;1;2;7;6;0;20
23_COV_J4_Q2;2;23_COV_J4;23;COV;4;90;HIO;99;False;False;False;3,816666666666667;229;0;0;1;1;0;0;0;0;1;1;0;0;0;0;0;0;0;0;0;0;0;0;0;0;-7;-1;20,0;20;5;14;9;2;6;4;3;8;5;7;9;2;3;9;12;4;4;1;1;2;7;6;0;20
29_COV_J4_Q2;2;29_COV_J4;29;COV;4;90;HIO;99;False;True;False;7,1;426;0;0;3;3;0;3;3;0;0;0;0;0;0;1;2;3;1;1;0;0;2;0;1;0;-2;-1;20,0;20;5;14;9;2;6;4;3;8;5;7;9;2;3;9;12;4;4;1;1;2;7;6;0;20
35_COV_J4_Q2;2;35_COV_J4;35;COV;4;90;HIO;99;False;True;False;4,066666666666666;244;1;0;1;1;0;1;1;0;0;0;1;2;1;0;1;1;0;0;1;0;0;1;1;0;1;1;20,0;20;5;14;9;2;6;4;3;8;5;7;9;2;3;9;12;4;4;1;1;2;7;6;0;20
77_COV_J4_Q2;2;77_COV_J4;77;COV;4;90;HIO;99;False;False;False;5,2;312;1;0;0;0;0;0;0;0;0;0;1;2;1;0;3;3;0;1;0;0;0;1;2;0;-3;3;20,0;20;5;14;9;2;6;4;3;8;5;7;9;2;3;9;12;4;4;1;1;2;7;6;0;20
COV_COV_J4_Q2;2;COV_COV_J4;COV;COV;4;90;HIO;99;False;False;False;50,0;3000;0;0;0;0;0;0;0;0;0;0;0;0;0;0;0;0;0;0;0;0;0;0;0;0;0;0;20,0;20;5;14;9;2;6;4;3;8;5;7;9;2;3;9;12;4;4;1;1;2;7;6;0;20
2_COV_J4_Q3;3;2_COV_J4;2;COV;4;90;HIO;99;False;True;False;3,6666666666666665;220;0;0;1;1;0;0;0;0;1;1;0;0;0;0;1;1;0;0;0;0;0;0;0;0;-9;0;20,0;21;4;17;13;2;8;6;2;9;7;11;14;3;5;8;13;3;1;1;1;1;8;8;0;21
7_COV_J4_Q3;3;7_COV_J4;7;COV;4;90;HIO;99;False;False;False;3,9;234;0;0;0;0;0;0;0;0;0;0;0;0;0;1;1;2;0;0;0;0;0;3;0;0;5;-1;20,0;21;4;17;13;2;8;6;2;9;7;11;14;3;5;8;13;3;1;1;1;1;8;8;0;21
10_COV_J4_Q3;3;10_COV_J4;10;COV;4;90;HIO;99;False;False;False;6,333333333333333;380;2;0;3;3;0;0;0;0;3;3;2;2;0;0;1;1;1;1;1;0;0;1;1;0;7;1;20,0;21;4;17;13;2;8;6;2;9;7;11;14;3;5;8;13;3;1;1;1;1;8;8;0;21
11_COV_J4_Q3;3;11_COV_J4;11;COV;4;90;HIO;99;False;True;False;7,883333333333334;473;5;1;3;2;0;2;2;1;1;0;2;2;0;2;1;3;0;0;0;0;0;1;1;0;3;6;20,0;21;4;17;13;2;8;6;2;9;7;11;14;3;5;8;13;3;1;1;1;1;8;8;0;21
13_COV_J4_Q3;3;13_COV_J4;13;COV;4;90;HIO;99;False;True;False;7,95;477;3;1;3;2;0;1;1;1;2;1;0;0;0;2;0;2;0;0;0;0;0;0;0;0;-6;3;20,0;21;4;17;13;2;8;6;2;9;7;11;14;3;5;8;13;3;1;1;1;1;8;8;0;21
15_COV_J4_Q3;3;15_COV_J4;15;COV;4;90;HIO;99;False;False;False;0,0;0;0;0;0;0;0;0;0;0;0;0;0;0;0;0;0;0;0;0;0;0;0;0;0;0;0;0;20,0;21;4;17;13;2;8;6;2;9;7;11;14;3;5;8;13;3;1;1;1;1;8;8;0;21
16_COV_J4_Q3;3;16_COV_J4;16;COV;4;90;HIO;99;False;False;False;0,0;0;0;0;0;0;0;0;0;0;0;0;0;0;0;0;0;0;0;0;0;0;0;0;0;0;0;0;20,0;21;4;17;13;2;8;6;2;9;7;11;14;3;5;8;13;3;1;1;1;1;8;8;0;21
22_COV_J4_Q3;3;22_COV_J4;22;COV;4;90;HIO;99;False;False;False;0,0;0;0;0;0;0;0;0;0;0;0;0;0;0;0;0;0;0;0;0;0;0;0;0;0;0;0;0;20,0;21;4;17;13;2;8;6;2;9;7;11;14;3;5;8;13;3;1;1;1;1;8;8;0;21
23_COV_J4_Q3;3;23_COV_J4;23;COV;4;90;HIO;99;False;False;False;4,166666666666667;250;0;0;3;3;0;1;1;0;2;2;0;0;0;0;1;1;1;0;0;0;0;1;0;0;-1;-2;20,0;21;4;17;13;2;8;6;2;9;7;11;14;3;5;8;13;3;1;1;1;1;8;8;0;21
29_COV_J4_Q3;3;29_COV_J4;29;COV;4;90;HIO;99;False;True;False;9,65;579;9;2;2;0;2;2;0;0;0;0;5;8;3;0;2;2;1;0;0;0;0;1;5;0;-1;13;20,0;21;4;17;13;2;8;6;2;9;7;11;14;3;5;8;13;3;1;1;1;1;8;8;0;21
35_COV_J4_Q3;3;35_COV_J4;35;COV;4;90;HIO;99;False;True;False;4,966666666666667;298;0;0;2;2;0;2;2;0;0;0;0;0;0;0;1;1;0;0;0;1;1;1;0;0;-7;-2;20,0;21;4;17;13;2;8;6;2;9;7;11;14;3;5;8;13;3;1;1;1;1;8;8;0;21
77_COV_J4_Q3;3;77_COV_J4;77;COV;4;90;HIO;99;False;False;False;1,4833333333333334;89;2;0;0;0;0;0;0;0;0;0;2;2;0;0;0;0;0;0;0;0;0;0;1;0;-1;3;20,0;21;4;17;13;2;8;6;2;9;7;11;14;3;5;8;13;3;1;1;1;1;8;8;0;21
COV_COV_J4_Q3;3;COV_COV_J4;COV;COV;4;90;HIO;99;False;False;False;50,0;3000;0;0;0;0;0;0;0;0;0;0;0;0;0;0;0;0;0;0;0;0;0;0;0;0;0;0;20,0;21;4;17;13;2;8;6;2;9;7;11;14;3;5;8;13;3;1;1;1;1;8;8;0;21
2_COV_J4_Q4;4;2_COV_J4;2;COV;4;90;HIO;99;False;True;False;7,666666666666667;460;5;2;3;1;2;3;1;0;0;0;1;1;0;0;0;0;1;0;0;0;0;1;2;0;0;6;20,0;27;8;14;6;5;10;5;3;4;1;8;9;1;1;3;4;5;2;1;0;0;10;8;0;26
7_COV_J4_Q4;4;7_COV_J4;7;COV;4;90;HIO;99;False;False;False;6,0;360;3;1;1;0;1;1;0;0;0;0;1;2;1;0;0;0;1;0;0;0;0;0;1;0;-2;4;20,0;27;8;14;6;5;10;5;3;4;1;8;9;1;1;3;4;5;2;1;0;0;10;8;0;26
10_COV_J4_Q4;4;10_COV_J4;10;COV;4;90;HIO;99;False;False;False;4,9;294;0;0;3;3;0;2;2;0;1;1;0;0;0;0;0;0;0;1;0;0;0;1;0;0;-6;-5;20,0;27;8;14;6;5;10;5;3;4;1;8;9;1;1;3;4;5;2;1;0;0;10;8;0;26
11_COV_J4_Q4;4;11_COV_J4;11;COV;4;90;HIO;99;False;True;False;10,0;600;5;1;2;1;0;1;1;1;1;0;2;2;0;0;0;0;1;1;0;0;0;3;3;0;-3;4;20,0;27;8;14;6;5;10;5;3;4;1;8;9;1;1;3;4;5;2;1;0;0;10;8;0;26
13_COV_J4_Q4;4;13_COV_J4;13;COV;4;90;HIO;99;False;True;False;7,433333333333334;446;8;3;3;0;1;1;0;2;2;0;0;0;0;0;0;0;0;0;0;0;0;2;0;0;0;6;20,0;27;8;14;6;5;10;5;3;4;1;8;9;1;1;3;4;5;2;1;0;0;10;8;0;26
15_COV_J4_Q4;4;15_COV_J4;15;COV;4;90;HIO;99;False;False;False;0,0;0;0;0;0;0;0;0;0;0;0;0;0;0;0;0;0;0;0;0;0;0;0;0;0;0;0;0;20,0;27;8;14;6;5;10;5;3;4;1;8;9;1;1;3;4;5;2;1;0;0;10;8;0;26
16_COV_J4_Q4;4;16_COV_J4;16;COV;4;90;HIO;99;False;False;False;0,0;0;0;0;0;0;0;0;0;0;0;0;0;0;0;0;0;0;0;0;0;0;0;0;0;0;0;0;20,0;27;8;14;6;5;10;5;3;4;1;8;9;1;1;3;4;5;2;1;0;0;10;8;0;26
22_COV_J4_Q4;4;22_COV_J4;22;COV;4;90;HIO;99;False;False;False;0,0;0;0;0;0;0;0;0;0;0;0;0;0;0;0;0;0;0;0;0;0;0;0;0;0;0;0;0;20,0;27;8;14;6;5;10;5;3;4;1;8;9;1;1;3;4;5;2;1;0;0;10;8;0;26
23_COV_J4_Q4;4;23_COV_J4;23;COV;4;90;HIO;99;False;False;False;0,0;0;0;0;0;0;0;0;0;0;0;0;0;0;0;0;0;0;0;0;0;0;0;0;0;0;0;0;20,0;27;8;14;6;5;10;5;3;4;1;8;9;1;1;3;4;5;2;1;0;0;10;8;0;26
29_COV_J4_Q4;4;29_COV_J4;29;COV;4;90;HIO;99;False;True;False;10,0;600;6;1;2;1;1;2;1;0;0;0;4;4;0;1;3;4;2;0;1;0;0;3;2;0;-3;11;20,0;27;8;14;6;5;10;5;3;4;1;8;9;1;1;3;4;5;2;1;0;0;10;8;0;26
35_COV_J4_Q4;4;35_COV_J4;35;COV;4;90;HIO;99;False;True;False;2,0;120;0;0;0;0;0;0;0;0;0;0;0;0;0;0;0;0;0;0;0;0;0;0;0;0;-3;0;20,0;27;8;14;6;5;10;5;3;4;1;8;9;1;1;3;4;5;2;1;0;0;10;8;0;26
77_COV_J4_Q4;4;77_COV_J4;77;COV;4;90;HIO;99;False;False;False;2,0;120;0;0;0;0;0;0;0;0;0;0;0;0;0;0;0;0;0;0;0;0;0;0;0;0;2;0;20,0;27;8;14;6;5;10;5;3;4;1;8;9;1;1;3;4;5;2;1;0;0;10;8;0;26
COV_COV_J4_Q4;4;COV_COV_J4;COV;COV;4;90;HIO;99;False;False;False;50,0;3000;0;0;0;0;0;0;0;0;0;0;0;0;0;0;0;0;0;0;0;0;0;0;0;0;0;0;20,0;27;8;14;6;5;10;5;3;4;1;8;9;1;1;3;4;5;2;1;0;0;10;8;0;26
0_BAR_J4_Q1;1;0_BAR_J4;0;BAR;4;100;BRE;85;True;True;True;6,2;372;0;0;1;1;0;0;0;0;1;1;0;0;0;0;2;2;1;1;0;0;0;0;0;0;3;1;20,0;28;10;13;3;4;4;0;6;9;3;2;4;2;2;6;8;5;5;1;1;0;2;5;1;36
2_BAR_J4_Q1;1;2_BAR_J4;2;BAR;4;100;BRE;85;True;True;True;3,5833333333333335;215;0;0;0;0;0;0;0;0;0;0;0;0;0;0;0;0;0;0;0;0;0;0;0;0;2;0;20,0;28;10;13;3;4;4;0;6;9;3;2;4;2;2;6;8;5;5;1;1;0;2;5;1;36
3_BAR_J4_Q1;1;3_BAR_J4;3;BAR;4;100;BRE;85;True;True;True;9,116666666666667;547;6;2;3;1;0;0;0;2;3;1;0;0;0;0;1;1;0;0;0;0;0;1;2;0;9;7;20,0;28;10;13;3;4;4;0;6;9;3;2;4;2;2;6;8;5;5;1;1;0;2;5;1;36
6_BAR_J4_Q1;1;6_BAR_J4;6;BAR;4;100;BRE;85;True;True;True;6,2;372;3;1;1;0;1;1;0;0;0;0;1;2;1;1;1;2;1;1;0;0;0;0;1;0;3;5;20,0;28;10;13;3;4;4;0;6;9;3;2;4;2;2;6;8;5;5;1;1;0;2;5;1;36
8_BAR_J4_Q1;1;8_BAR_J4;8;BAR;4;100;BRE;85;True;False;True;0,8833333333333333;53;3;1;1;0;0;0;0;1;1;0;0;0;0;0;0;0;0;0;0;0;0;0;0;0;1;3;20,0;28;10;13;3;4;4;0;6;9;3;2;4;2;2;6;8;5;5;1;1;0;2;5;1;36
13_BAR_J4_Q1;1;13_BAR_J4;13;BAR;4;100;BRE;85;True;False;True;6,416666666666667;385;0;0;0;0;0;0;0;0;0;0;0;0;0;0;1;1;1;0;1;0;0;1;1;0;8;3;20,0;28;10;13;3;4;4;0;6;9;3;2;4;2;2;6;8;5;5;1;1;0;2;5;1;36
14_BAR_J4_Q1;1;14_BAR_J4;14;BAR;4;100;BRE;85;True;False;True;0,0;0;0;0;0;0;0;0;0;0;0;0;0;0;0;0;0;0;0;0;0;0;0;0;0;0;0;0;20,0;28;10;13;3;4;4;0;6;9;3;2;4;2;2;6;8;5;5;1;1;0;2;5;1;36
19_BAR_J4_Q1;1;19_BAR_J4;19;BAR;4;100;BRE;85;True;False;True;3,8;228;0;0;0;0;0;0;0;0;0;0;0;0;0;0;1;1;0;0;0;0;0;0;0;0;7;1;20,0;28;10;13;3;4;4;0;6;9;3;2;4;2;2;6;8;5;5;1;1;0;2;5;1;36
21_BAR_J4_Q1;1;21_BAR_J4;21;BAR;4;100;BRE;85;True;False;True;3,8;228;8;3;3;0;1;1;0;2;2;0;0;0;0;0;0;0;0;0;0;0;0;0;0;0;7;8;20,0;28;10;13;3;4;4;0;6;9;3;2;4;2;2;6;8;5;5;1;1;0;2;5;1;36
23_BAR_J4_Q1;1;23_BAR_J4;23;BAR;4;100;BRE;85;True;True;True;7,433333333333334;446;5;2;3;1;2;2;0;0;1;1;1;2;1;1;0;1;2;3;0;0;0;0;1;1;4;4;20,0;28;10;13;3;4;4;0;6;9;3;2;4;2;2;6;8;5;5;1;1;0;2;5;1;36
41_BAR_J4_Q1;1;41_BAR_J4;41;BAR;4;100;BRE;85;True;False;True;0,0;0;0;0;0;0;0;0;0;0;0;0;0;0;0;0;0;0;0;0;0;0;0;0;0;0;0;0;20,0;28;10;13;3;4;4;0;6;9;3;2;4;2;2;6;8;5;5;1;1;0;2;5;1;36
44_BAR_J4_Q1;1;44_BAR_J4;44;BAR;4;100;BRE;85;True;False;True;2,566666666666667;154;3;1;1;0;0;0;0;1;1;0;0;0;0;0;0;0;0;0;0;1;0;0;0;0;6;4;20,0;28;10;13;3;4;4;0;6;9;3;2;4;2;2;6;8;5;5;1;1;0;2;5;1;36
BAR_BAR_J4_Q1;1;BAR_BAR_J4;BAR;BAR;4;100;BRE;85;True;False;True;50,0;3000;0;0;0;0;0;0;0;0;0;0;0;0;0;0;0;0;0;0;0;0;0;0;0;0;0;0;20,0;28;10;13;3;4;4;0;6;9;3;2;4;2;2;6;8;5;5;1;1;0;2;5;1;36
0_BAR_J4_Q2;2;0_BAR_J4;0;BAR;4;100;BRE;85;True;True;True;6,45;387;6;2;4;2;2;2;0;0;2;2;2;2;0;0;0;0;0;0;0;0;0;1;2;0;0;5;20,0;16;6;16;10;5;9;4;1;7;6;3;4;1;3;5;8;3;3;1;2;0;5;5;0;16
2_BAR_J4_Q2;2;2_BAR_J4;2;BAR;4;100;BRE;85;True;True;True;3,033333333333333;182;0;0;0;0;0;0;0;0;0;0;0;0;0;0;0;0;0;1;0;1;0;0;0;0;-6;0;20,0;16;6;16;10;5;9;4;1;7;6;3;4;1;3;5;8;3;3;1;2;0;5;5;0;16
3_BAR_J4_Q2;2;3_BAR_J4;3;BAR;4;100;BRE;85;True;True;True;2,3333333333333335;140;0;0;0;0;0;0;0;0;0;0;0;0;0;0;0;0;0;0;0;0;0;1;0;0;2;-1;20,0;16;6;16;10;5;9;4;1;7;6;3;4;1;3;5;8;3;3;1;2;0;5;5;0;16
6_BAR_J4_Q2;2;6_BAR_J4;6;BAR;4;100;BRE;85;True;True;True;6,4;384;0;0;1;1;0;1;1;0;0;0;0;0;0;0;2;2;1;0;0;1;0;1;0;0;0;2;20,0;16;6;16;10;5;9;4;1;7;6;3;4;1;3;5;8;3;3;1;2;0;5;5;0;16
8_BAR_J4_Q2;2;8_BAR_J4;8;BAR;4;100;BRE;85;True;False;True;3,6;216;0;0;3;3;0;0;0;0;3;3;0;0;0;0;0;0;1;0;0;0;0;1;0;0;-7;-3;20,0;16;6;16;10;5;9;4;1;7;6;3;4;1;3;5;8;3;3;1;2;0;5;5;0;16
13_BAR_J4_Q2;2;13_BAR_J4;13;BAR;4;100;BRE;85;True;False;True;6,966666666666667;418;2;1;1;0;1;1;0;0;0;0;0;0;0;0;0;0;0;0;0;0;0;0;1;0;-1;3;20,0;16;6;16;10;5;9;4;1;7;6;3;4;1;3;5;8;3;3;1;2;0;5;5;0;16
14_BAR_J4_Q2;2;14_BAR_J4;14;BAR;4;100;BRE;85;True;False;True;0,0;0;0;0;0;0;0;0;0;0;0;0;0;0;0;0;0;0;0;0;0;0;0;0;0;0;0;0;20,0;16;6;16;10;5;9;4;1;7;6;3;4;1;3;5;8;3;3;1;2;0;5;5;0;16
19_BAR_J4_Q2;2;19_BAR_J4;19;BAR;4;100;BRE;85;True;False;True;3,55;213;2;1;1;0;1;1;0;0;0;0;0;0;0;1;0;1;0;0;0;0;0;0;0;0;-7;3;20,0;16;6;16;10;5;9;4;1;7;6;3;4;1;3;5;8;3;3;1;2;0;5;5;0;16
21_BAR_J4_Q2;2;21_BAR_J4;21;BAR;4;100;BRE;85;True;False;True;6,3;378;3;1;4;3;0;2;2;1;2;1;0;0;0;0;0;0;0;1;0;0;0;0;1;0;-11;0;20,0;16;6;16;10;5;9;4;1;7;6;3;4;1;3;5;8;3;3;1;2;0;5;5;0;16
23_BAR_J4_Q2;2;23_BAR_J4;23;BAR;4;100;BRE;85;True;True;True;5,033333333333333;302;0;0;1;1;0;1;1;0;0;0;0;0;0;0;0;0;1;0;0;0;0;1;0;0;6;-1;20,0;16;6;16;10;5;9;4;1;7;6;3;4;1;3;5;8;3;3;1;2;0;5;5;0;16
41_BAR_J4_Q2;2;41_BAR_J4;41;BAR;4;100;BRE;85;True;False;True;0,0;0;0;0;0;0;0;0;0;0;0;0;0;0;0;0;0;0;0;0;0;0;0;0;0;0;0;0;20,0;16;6;16;10;5;9;4;1;7;6;3;4;1;3;5;8;3;3;1;2;0;5;5;0;16
44_BAR_J4_Q2;2;44_BAR_J4;44;BAR;4;100;BRE;85;True;False;True;6,333333333333333;380;3;1;1;0;1;1;0;0;0;0;1;2;1;2;2;4;0;1;0;0;0;0;1;0;-11;6;20,0;16;6;16;10;5;9;4;1;7;6;3;4;1;3;5;8;3;3;1;2;0;5;5;0;16
BAR_BAR_J4_Q2;2;BAR_BAR_J4;BAR;BAR;4;100;BRE;85;True;False;True;50,0;3000;0;0;0;0;0;0;0;0;0;0;0;0;0;0;1;1;0;0;1;0;0;0;0;0;0;2;20,0;16;6;16;10;5;9;4;1;7;6;3;4;1;3;5;8;3;3;1;2;0;5;5;0;16
0_BAR_J4_Q3;3;0_BAR_J4;0;BAR;4;100;BRE;85;True;True;True;5,0;300;0;0;0;0;0;0;0;0;0;0;0;0;0;0;0;0;1;1;1;0;0;0;0;0;7;1;20,0;28;11;16;5;7;9;2;4;7;3;2;2;0;1;7;8;3;5;1;0;0;10;4;0;24
2_BAR_J4_Q3;3;2_BAR_J4;2;BAR;4;100;BRE;85;True;True;True;5,866666666666666;352;0;0;0;0;0;0;0;0;0;0;0;0;0;0;1;1;0;1;0;0;0;0;0;0;-5;0;20,0;28;11;16;5;7;9;2;4;7;3;2;2;0;1;7;8;3;5;1;0;0;10;4;0;24
3_BAR_J4_Q3;3;3_BAR_J4;3;BAR;4;100;BRE;85;True;True;True;5,0;300;0;0;0;0;0;0;0;0;0;0;0;0;0;0;0;0;0;0;0;0;0;0;0;0;-5;0;20,0;28;11;16;5;7;9;2;4;7;3;2;2;0;1;7;8;3;5;1;0;0;10;4;0;24
6_BAR_J4_Q3;3;6_BAR_J4;6;BAR;4;100;BRE;85;True;True;True;1,1;66;0;0;1;1;0;1;1;0;0;0;0;0;0;0;0;0;0;0;0;0;0;3;0;0;-1;-4;20,0;28;11;16;5;7;9;2;4;7;3;2;2;0;1;7;8;3;5;1;0;0;10;4;0;24
8_BAR_J4_Q3;3;8_BAR_J4;8;BAR;4;100;BRE;85;True;False;True;2,716666666666667;163;3;1;1;0;0;0;0;1;1;0;0;0;0;0;0;0;0;1;0;0;0;1;0;0;-2;1;20,0;28;11;16;5;7;9;2;4;7;3;2;2;0;1;7;8;3;5;1;0;0;10;4;0;24
13_BAR_J4_Q3;3;13_BAR_J4;13;BAR;4;100;BRE;85;True;False;True;4,133333333333334;248;3;1;1;0;0;0;0;1;1;0;0;0;0;0;2;2;0;0;0;0;0;1;1;0;7;5;20,0;28;11;16;5;7;9;2;4;7;3;2;2;0;1;7;8;3;5;1;0;0;10;4;0;24
14_BAR_J4_Q3;3;14_BAR_J4;14;BAR;4;100;BRE;85;True;False;True;1,6166666666666667;97;0;0;0;0;0;0;0;0;0;0;0;0;0;0;1;1;0;0;0;0;0;0;0;0;-1;1;20,0;28;11;16;5;7;9;2;4;7;3;2;2;0;1;7;8;3;5;1;0;0;10;4;0;24
19_BAR_J4_Q3;3;19_BAR_J4;19;BAR;4;100;BRE;85;True;False;True;7,283333333333333;437;7;3;3;0;3;3;0;0;0;0;1;1;0;0;1;1;1;0;0;0;0;2;1;0;4;8;20,0;28;11;16;5;7;9;2;4;7;3;2;2;0;1;7;8;3;5;1;0;0;10;4;0;24
21_BAR_J4_Q3;3;21_BAR_J4;21;BAR;4;100;BRE;85;True;False;True;7,283333333333333;437;10;4;6;2;2;3;1;2;3;1;0;0;0;1;1;2;0;1;0;0;0;1;0;0;4;8;20,0;28;11;16;5;7;9;2;4;7;3;2;2;0;1;7;8;3;5;1;0;0;10;4;0;24
23_BAR_J4_Q3;3;23_BAR_J4;23;BAR;4;100;BRE;85;True;True;True;5,0;300;0;0;1;1;0;0;0;0;1;1;0;0;0;0;0;0;0;0;0;0;0;2;1;0;7;-2;20,0;28;11;16;5;7;9;2;4;7;3;2;2;0;1;7;8;3;5;1;0;0;10;4;0;24
41_BAR_J4_Q3;3;41_BAR_J4;41;BAR;4;100;BRE;85;True;False;True;0,0;0;0;0;0;0;0;0;0;0;0;0;0;0;0;0;0;0;0;0;0;0;0;0;0;0;0;0;20,0;28;11;16;5;7;9;2;4;7;3;2;2;0;1;7;8;3;5;1;0;0;10;4;0;24
44_BAR_J4_Q3;3;44_BAR_J4;44;BAR;4;100;BRE;85;True;False;True;5,0;300;5;2;3;1;2;2;0;0;1;1;1;1;0;0;0;0;1;0;0;0;0;0;1;0;-5;6;20,0;28;11;16;5;7;9;2;4;7;3;2;2;0;1;7;8;3;5;1;0;0;10;4;0;24
BAR_BAR_J4_Q3;3;BAR_BAR_J4;BAR;BAR;4;100;BRE;85;True;False;True;50,0;3000;0;0;0;0;0;0;0;0;0;0;0;0;0;0;1;1;0;1;0;0;0;0;0;0;0;0;20,0;28;11;16;5;7;9;2;4;7;3;2;2;0;1;7;8;3;5;1;0;0;10;4;0;24
0_BAR_J4_Q4;4;0_BAR_J4;0;BAR;4;100;BRE;85;True;True;True;5,283333333333333;317;4;2;3;1;2;2;0;0;1;1;0;0;0;0;0;0;0;0;0;0;0;1;0;0;4;2;20,0;28;10;18;8;8;10;2;2;8;6;6;9;3;5;6;11;6;2;2;2;0;5;6;1;37
2_BAR_J4_Q4;4;2_BAR_J4;2;BAR;4;100;BRE;85;True;True;True;2,0;120;0;0;0;0;0;0;0;0;0;0;0;2;2;0;0;0;0;0;0;0;0;1;1;0;1;-2;20,0;28;10;18;8;8;10;2;2;8;6;6;9;3;5;6;11;6;2;2;2;0;5;6;1;37
3_BAR_J4_Q4;4;3_BAR_J4;3;BAR;4;100;BRE;85;True;True;True;10,0;600;7;2;4;2;1;1;0;1;3;2;2;2;0;1;1;2;1;0;0;1;0;1;1;1;10;9;20,0;28;10;18;8;8;10;2;2;8;6;6;9;3;5;6;11;6;2;2;2;0;5;6;1;37
6_BAR_J4_Q4;4;6_BAR_J4;6;BAR;4;100;BRE;85;True;True;True;0,0;0;0;0;0;0;0;0;0;0;0;0;0;0;0;0;0;0;0;0;0;0;0;0;0;0;0;0;20,0;28;10;18;8;8;10;2;2;8;6;6;9;3;5;6;11;6;2;2;2;0;5;6;1;37
8_BAR_J4_Q4;4;8_BAR_J4;8;BAR;4;100;BRE;85;True;False;True;8,0;480;2;1;3;2;1;2;1;0;1;1;0;0;0;1;1;2;1;1;1;0;0;0;1;0;9;4;20,0;28;10;18;8;8;10;2;2;8;6;6;9;3;5;6;11;6;2;2;2;0;5;6;1;37
13_BAR_J4_Q4;4;13_BAR_J4;13;BAR;4;100;BRE;85;True;False;True;4,716666666666667;283;0;0;0;0;0;0;0;0;0;0;0;0;0;0;0;0;0;0;0;0;0;1;0;0;6;-1;20,0;28;10;18;8;8;10;2;2;8;6;6;9;3;5;6;11;6;2;2;2;0;5;6;1;37
14_BAR_J4_Q4;4;14_BAR_J4;14;BAR;4;100;BRE;85;True;False;True;6,716666666666667;403;8;2;2;0;2;2;0;0;0;0;4;5;1;1;1;2;0;1;0;0;0;0;3;0;7;11;20,0;28;10;18;8;8;10;2;2;8;6;6;9;3;5;6;11;6;2;2;2;0;5;6;1;37
19_BAR_J4_Q4;4;19_BAR_J4;19;BAR;4;100;BRE;85;True;False;True;3,283333333333333;197;2;1;1;0;1;1;0;0;0;0;0;0;0;0;1;1;0;0;0;0;0;1;0;0;3;2;20,0;28;10;18;8;8;10;2;2;8;6;6;9;3;5;6;11;6;2;2;2;0;5;6;1;37
21_BAR_J4_Q4;4;21_BAR_J4;21;BAR;4;100;BRE;85;True;False;True;0,0;0;0;0;0;0;0;0;0;0;0;0;0;0;0;0;0;0;0;0;0;0;0;0;0;0;0;0;20,0;28;10;18;8;8;10;2;2;8;6;6;9;3;5;6;11;6;2;2;2;0;5;6;1;37
23_BAR_J4_Q4;4;23_BAR_J4;23;BAR;4;100;BRE;85;True;True;True;3,5;210;2;1;1;0;1;1;0;0;0;0;0;0;0;1;0;1;1;0;0;0;0;0;0;0;6;4;20,0;28;10;18;8;8;10;2;2;8;6;6;9;3;5;6;11;6;2;2;2;0;5;6;1;37
41_BAR_J4_Q4;4;41_BAR_J4;41;BAR;4;100;BRE;85;True;False;True;0,0;0;0;0;0;0;0;0;0;0;0;0;0;0;0;0;0;0;0;0;0;0;0;0;0;0;0;0;20,0;28;10;18;8;8;10;2;2;8;6;6;9;3;5;6;11;6;2;2;2;0;5;6;1;37
44_BAR_J4_Q4;4;44_BAR_J4;44;BAR;4;100;BRE;85;True;False;True;6,5;390;3;1;4;3;0;1;1;1;3;2;0;0;0;1;0;1;3;0;1;1;0;0;0;0;4;6;20,0;28;10;18;8;8;10;2;2;8;6;6;9;3;5;6;11;6;2;2;2;0;5;6;1;37
BAR_BAR_J4_Q4;4;BAR_BAR_J4;BAR;BAR;4;100;BRE;85;True;False;True;50,0;3000;0;0;0;0;0;0;0;0;0;0;0;0;0;0;2;2;0;0;0;0;0;0;0;0;0;2;20,0;28;10;18;8;8;10;2;2;8;6;6;9;3;5;6;11;6;2;2;2;0;5;6;1;37
0_BRE_J4_Q1;1;0_BRE_J4;0;BRE;4;85;BAR;100;False;True;False;6,2;372;4;2;2;0;2;2;0;0;0;0;0;0;0;1;0;1;0;0;0;0;0;0;0;1;-3;5;20,0;18;8;20;12;6;11;5;2;9;7;0;0;0;6;2;8;5;3;3;0;1;5;2;1;15
1_BRE_J4_Q1;1;1_BRE_J4;1;BRE;4;85;BAR;100;False;True;False;5,183333333333334;311;0;0;1;1;0;0;0;0;1;1;0;0;0;0;0;0;0;1;0;0;0;2;0;0;-3;-4;20,0;18;8;20;12;6;11;5;2;9;7;0;0;0;6;2;8;5;3;3;0;1;5;2;1;15
4_BRE_J4_Q1;1;4_BRE_J4;4;BRE;4;85;BAR;100;False;True;False;4,716666666666667;283;0;0;4;4;0;3;3;0;1;1;0;0;0;0;0;0;1;0;0;0;0;1;1;0;-2;-3;20,0;18;8;20;12;6;11;5;2;9;7;0;0;0;6;2;8;5;3;3;0;1;5;2;1;15
8_BRE_J4_Q1;1;8_BRE_J4;8;BRE;4;85;BAR;100;False;False;False;0,0;0;0;0;0;0;0;0;0;0;0;0;0;0;0;0;0;0;0;0;0;0;0;0;0;0;0;0;20,0;18;8;20;12;6;11;5;2;9;7;0;0;0;6;2;8;5;3;3;0;1;5;2;1;15
10_BRE_J4_Q1;1;10_BRE_J4;10;BRE;4;85;BAR;100;False;False;False;2,566666666666667;154;0;0;1;1;0;1;1;0;0;0;0;0;0;0;0;0;1;0;0;0;0;0;0;0;-6;0;20,0;18;8;20;12;6;11;5;2;9;7;0;0;0;6;2;8;5;3;3;0;1;5;2;1;15
17_BRE_J4_Q1;1;17_BRE_J4;17;BRE;4;85;BAR;100;False;False;False;4,816666666666666;289;3;1;2;1;0;0;0;1;2;1;0;0;0;0;0;0;0;0;0;0;0;0;0;0;-7;2;20,0;18;8;20;12;6;11;5;2;9;7;0;0;0;6;2;8;5;3;3;0;1;5;2;1;15
18_BRE_J4_Q1;1;18_BRE_J4;18;BRE;4;85;BAR;100;False;True;False;4,316666666666666;259;2;1;1;0;1;1;0;0;0;0;0;0;0;0;1;1;1;0;1;0;0;1;0;0;-4;4;20,0;18;8;20;12;6;11;5;2;9;7;0;0;0;6;2;8;5;3;3;0;1;5;2;1;15
19_BRE_J4_Q1;1;19_BRE_J4;19;BRE;4;85;BAR;100;False;False;False;5,283333333333333;317;0;0;1;1;0;0;0;0;1;1;0;0;0;1;0;1;1;1;1;0;0;0;1;0;-8;2;20,0;18;8;20;12;6;11;5;2;9;7;0;0;0;6;2;8;5;3;3;0;1;5;2;1;15
22_BRE_J4_Q1;1;22_BRE_J4;22;BRE;4;85;BAR;100;False;False;False;5,683333333333334;341;9;4;5;1;3;3;0;1;2;1;0;0;0;2;0;2;0;0;0;0;0;1;0;0;-6;9;20,0;18;8;20;12;6;11;5;2;9;7;0;0;0;6;2;8;5;3;3;0;1;5;2;1;15
23_BRE_J4_Q1;1;23_BRE_J4;23;BRE;4;85;BAR;100;False;False;False;0,0;0;0;0;0;0;0;0;0;0;0;0;0;0;0;0;0;0;0;0;0;0;0;0;0;0;0;0;20,0;18;8;20;12;6;11;5;2;9;7;0;0;0;6;2;8;5;3;3;0;1;5;2;1;15
37_BRE_J4_Q1;1;37_BRE_J4;37;BRE;4;85;BAR;100;False;False;False;3,8;228;0;0;1;1;0;1;1;0;0;0;0;0;0;2;0;2;1;0;0;0;1;0;0;0;-7;1;20,0;18;8;20;12;6;11;5;2;9;7;0;0;0;6;2;8;5;3;3;0;1;5;2;1;15
47_BRE_J4_Q1;1;47_BRE_J4;47;BRE;4;85;BAR;100;False;True;False;7,433333333333334;446;0;0;2;2;0;0;0;0;2;2;0;0;0;0;0;0;0;1;1;0;0;0;0;0;-4;-2;20,0;18;8;20;12;6;11;5;2;9;7;0;0;0;6;2;8;5;3;3;0;1;5;2;1;15
BRE_BRE_J4_Q1;1;BRE_BRE_J4;BRE;BRE;4;85;BAR;100;False;False;False;50,0;3000;0;0;0;0;0;0;0;0;0;0;0;0;0;0;1;1;0;0;0;0;0;0;0;0;0;1;20,0;18;8;20;12;6;11;5;2;9;7;0;0;0;6;2;8;5;3;3;0;1;5;2;1;15
0_BRE_J4_Q2;2;0_BRE_J4;0;BRE;4;85;BAR;100;False;True;False;5,616666666666666;337;0;0;1;1;0;0;0;0;1;1;0;0;0;0;1;1;1;0;0;0;0;1;0;0;0;0;20,0;23;10;15;5;7;10;3;3;5;2;0;2;2;1;6;7;4;2;3;0;2;5;5;0;26
1_BRE_J4_Q2;2;1_BRE_J4;1;BRE;4;85;BAR;100;False;True;False;3,7;222;2;1;1;0;1;1;0;0;0;0;0;0;0;0;1;1;0;0;0;0;0;0;1;0;-4;4;20,0;23;10;15;5;7;10;3;3;5;2;0;2;2;1;6;7;4;2;3;0;2;5;5;0;26
4_BRE_J4_Q2;2;4_BRE_J4;4;BRE;4;85;BAR;100;False;True;False;5,1;306;3;1;2;1;0;1;1;1;1;0;0;0;0;0;1;1;1;0;0;0;1;0;1;0;5;4;20,0;23;10;15;5;7;10;3;3;5;2;0;2;2;1;6;7;4;2;3;0;2;5;5;0;26
8_BRE_J4_Q2;2;8_BRE_J4;8;BRE;4;85;BAR;100;False;False;False;3,933333333333333;236;0;0;0;0;0;0;0;0;0;0;0;0;0;0;0;0;0;0;0;0;0;1;0;0;7;-1;20,0;23;10;15;5;7;10;3;3;5;2;0;2;2;1;6;7;4;2;3;0;2;5;5;0;26
10_BRE_J4_Q2;2;10_BRE_J4;10;BRE;4;85;BAR;100;False;False;False;6,683333333333334;401;6;2;2;0;0;0;0;2;2;0;0;0;0;0;1;1;0;1;1;0;0;0;2;0;11;9;20,0;23;10;15;5;7;10;3;3;5;2;0;2;2;1;6;7;4;2;3;0;2;5;5;0;26
17_BRE_J4_Q2;2;17_BRE_J4;17;BRE;4;85;BAR;100;False;False;False;6,3;378;2;1;2;1;1;2;1;0;0;0;0;0;0;0;1;1;0;0;0;0;1;1;0;0;11;0;20,0;23;10;15;5;7;10;3;3;5;2;0;2;2;1;6;7;4;2;3;0;2;5;5;0;26
18_BRE_J4_Q2;2;18_BRE_J4;18;BRE;4;85;BAR;100;False;True;False;2,816666666666667;169;2;1;2;1;1;2;1;0;0;0;0;2;2;1;0;1;0;0;0;0;0;1;1;0;0;0;20,0;23;10;15;5;7;10;3;3;5;2;0;2;2;1;6;7;4;2;3;0;2;5;5;0;26
19_BRE_J4_Q2;2;19_BRE_J4;19;BRE;4;85;BAR;100;False;False;False;4,9;294;4;2;3;1;2;2;0;0;1;1;0;0;0;0;0;0;2;0;1;0;0;0;0;0;2;6;20,0;23;10;15;5;7;10;3;3;5;2;0;2;2;1;6;7;4;2;3;0;2;5;5;0;26
22_BRE_J4_Q2;2;22_BRE_J4;22;BRE;4;85;BAR;100;False;False;False;3,25;195;2;1;1;0;1;1;0;0;0;0;0;0;0;0;0;0;0;0;1;0;0;0;0;0;0;3;20,0;23;10;15;5;7;10;3;3;5;2;0;2;2;1;6;7;4;2;3;0;2;5;5;0;26
23_BRE_J4_Q2;2;23_BRE_J4;23;BRE;4;85;BAR;100;False;False;False;0,0;0;0;0;0;0;0;0;0;0;0;0;0;0;0;0;0;0;0;0;0;0;0;0;0;0;0;0;20,0;23;10;15;5;7;10;3;3;5;2;0;2;2;1;6;7;4;2;3;0;2;5;5;0;26
37_BRE_J4_Q2;2;37_BRE_J4;37;BRE;4;85;BAR;100;False;False;False;4,383333333333334;263;2;1;1;0;1;1;0;0;0;0;0;0;0;0;0;0;0;0;0;0;0;1;0;0;7;1;20,0;23;10;15;5;7;10;3;3;5;2;0;2;2;1;6;7;4;2;3;0;2;5;5;0;26
47_BRE_J4_Q2;2;47_BRE_J4;47;BRE;4;85;BAR;100;False;True;False;3,316666666666667;199;0;0;0;0;0;0;0;0;0;0;0;0;0;0;0;0;0;0;0;0;0;0;0;0;-4;0;20,0;23;10;15;5;7;10;3;3;5;2;0;2;2;1;6;7;4;2;3;0;2;5;5;0;26
BRE_BRE_J4_Q2;2;BRE_BRE_J4;BRE;BRE;4;85;BAR;100;False;False;False;50,0;3000;0;0;0;0;0;0;0;0;0;0;0;0;0;0;1;1;0;1;0;0;0;0;0;0;0;0;20,0;23;10;15;5;7;10;3;3;5;2;0;2;2;1;6;7;4;2;3;0;2;5;5;0;26
0_BRE_J4_Q3;3;0_BRE_J4;0;BRE;4;85;BAR;100;False;True;False;4,283333333333333;257;0;0;0;0;0;0;0;0;0;0;0;0;0;0;1;1;0;0;0;0;0;1;0;0;4;0;20,0;26;6;14;8;3;6;3;3;8;5;11;12;1;2;4;6;2;2;2;0;0;4;9;0;30
1_BRE_J4_Q3;3;1_BRE_J4;1;BRE;4;85;BAR;100;False;True;False;8,383333333333333;503;10;2;2;0;1;1;0;1;1;0;5;5;0;1;1;2;0;0;0;0;0;0;3;0;-3;15;20,0;26;6;14;8;3;6;3;3;8;5;11;12;1;2;4;6;2;2;2;0;0;4;9;0;30
4_BRE_J4_Q3;3;4_BRE_J4;4;BRE;4;85;BAR;100;False;True;False;7,283333333333333;437;3;1;4;3;0;3;3;1;1;0;0;0;0;1;0;1;0;0;0;0;0;0;1;0;-4;2;20,0;26;6;14;8;3;6;3;3;8;5;11;12;1;2;4;6;2;2;2;0;0;4;9;0;30
8_BRE_J4_Q3;3;8_BRE_J4;8;BRE;4;85;BAR;100;False;False;False;0,0;0;0;0;0;0;0;0;0;0;0;0;0;0;0;0;0;0;0;0;0;0;0;0;0;0;0;0;20,0;26;6;14;8;3;6;3;3;8;5;11;12;1;2;4;6;2;2;2;0;0;4;9;0;30
10_BRE_J4_Q3;3;10_BRE_J4;10;BRE;4;85;BAR;100;False;False;False;5,866666666666666;352;9;2;3;1;1;1;0;1;2;1;4;5;1;0;1;1;1;0;1;0;0;1;2;0;5;11;20,0;26;6;14;8;3;6;3;3;8;5;11;12;1;2;4;6;2;2;2;0;0;4;9;0;30
17_BRE_J4_Q3;3;17_BRE_J4;17;BRE;4;85;BAR;100;False;False;False;1,6166666666666667;97;0;0;0;0;0;0;0;0;0;0;0;0;0;0;1;1;0;0;0;0;0;0;0;0;1;1;20,0;26;6;14;8;3;6;3;3;8;5;11;12;1;2;4;6;2;2;2;0;0;4;9;0;30
18_BRE_J4_Q3;3;18_BRE_J4;18;BRE;4;85;BAR;100;False;True;False;5,0;300;0;0;0;0;0;0;0;0;0;0;0;0;0;0;0;0;1;0;0;0;0;0;1;0;-7;2;20,0;26;6;14;8;3;6;3;3;8;5;11;12;1;2;4;6;2;2;2;0;0;4;9;0;30
19_BRE_J4_Q3;3;19_BRE_J4;19;BRE;4;85;BAR;100;False;False;False;2,716666666666667;163;0;0;0;0;0;0;0;0;0;0;0;0;0;0;0;0;0;1;0;0;0;0;0;0;2;-1;20,0;26;6;14;8;3;6;3;3;8;5;11;12;1;2;4;6;2;2;2;0;0;4;9;0;30
22_BRE_J4_Q3;3;22_BRE_J4;22;BRE;4;85;BAR;100;False;False;False;5,0;300;2;0;1;1;0;0;0;0;1;1;2;2;0;0;0;0;0;0;1;0;0;0;1;0;5;3;20,0;26;6;14;8;3;6;3;3;8;5;11;12;1;2;4;6;2;2;2;0;0;4;9;0;30
23_BRE_J4_Q3;3;23_BRE_J4;23;BRE;4;85;BAR;100;False;False;False;0,0;0;0;0;0;0;0;0;0;0;0;0;0;0;0;0;0;0;0;0;0;0;0;0;0;0;0;0;20,0;26;6;14;8;3;6;3;3;8;5;11;12;1;2;4;6;2;2;2;0;0;4;9;0;30
37_BRE_J4_Q3;3;37_BRE_J4;37;BRE;4;85;BAR;100;False;False;False;5,716666666666667;343;2;1;2;1;1;1;0;0;1;1;0;0;0;0;0;0;0;0;0;0;0;1;1;0;-6;1;20,0;26;6;14;8;3;6;3;3;8;5;11;12;1;2;4;6;2;2;2;0;0;4;9;0;30
47_BRE_J4_Q3;3;47_BRE_J4;47;BRE;4;85;BAR;100;False;True;False;4,133333333333334;248;0;0;2;2;0;0;0;0;2;2;0;0;0;0;0;0;0;1;0;0;0;1;0;0;-7;-4;20,0;26;6;14;8;3;6;3;3;8;5;11;12;1;2;4;6;2;2;2;0;0;4;9;0;30
BRE_BRE_J4_Q3;3;BRE_BRE_J4;BRE;BRE;4;85;BAR;100;False;False;False;50,0;3000;0;0;0;0;0;0;0;0;0;0;0;0;0;0;0;0;0;0;0;0;0;0;0;0;0;0;20,0;26;6;14;8;3;6;3;3;8;5;11;12;1;2;4;6;2;2;2;0;0;4;9;0;30
0_BRE_J4_Q4;4;0_BRE_J4;0;BRE;4;85;BAR;100;False;True;False;5,55;333;6;2;3;1;0;1;1;2;2;0;0;0;0;0;1;1;0;1;0;0;1;1;0;0;-7;3;20,0;18;6;16;10;4;6;2;2;10;8;4;5;1;3;4;7;3;4;0;0;1;6;5;0;11
1_BRE_J4_Q4;4;1_BRE_J4;1;BRE;4;85;BAR;100;False;True;False;1,7833333333333334;107;0;0;1;1;0;0;0;0;1;1;0;0;0;0;0;0;0;0;0;0;0;0;0;0;2;-1;20,0;18;6;16;10;4;6;2;2;10;8;4;5;1;3;4;7;3;4;0;0;1;6;5;0;11
4_BRE_J4_Q4;4;4_BRE_J4;4;BRE;4;85;BAR;100;False;True;False;5,283333333333333;317;5;2;4;2;2;3;1;0;1;1;1;1;0;0;0;0;0;1;0;0;0;0;2;0;-4;4;20,0;18;6;16;10;4;6;2;2;10;8;4;5;1;3;4;7;3;4;0;0;1;6;5;0;11
8_BRE_J4_Q4;4;8_BRE_J4;8;BRE;4;85;BAR;100;False;False;False;4,433333333333334;266;0;0;0;0;0;0;0;0;0;0;0;0;0;0;0;0;0;0;0;0;0;2;0;0;-2;-2;20,0;18;6;16;10;4;6;2;2;10;8;4;5;1;3;4;7;3;4;0;0;1;6;5;0;11
10_BRE_J4_Q4;4;10_BRE_J4;10;BRE;4;85;BAR;100;False;False;False;6,283333333333333;377;2;1;3;2;1;1;0;0;2;2;0;0;0;0;0;0;0;0;0;0;0;0;0;0;-4;0;20,0;18;6;16;10;4;6;2;2;10;8;4;5;1;3;4;7;3;4;0;0;1;6;5;0;11
17_BRE_J4_Q4;4;17_BRE_J4;17;BRE;4;85;BAR;100;False;False;False;8,216666666666667;493;2;1;2;1;1;1;0;0;1;1;0;0;0;0;1;1;0;1;0;0;0;1;0;0;-12;0;20,0;18;6;16;10;4;6;2;2;10;8;4;5;1;3;4;7;3;4;0;0;1;6;5;0;11
18_BRE_J4_Q4;4;18_BRE_J4;18;BRE;4;85;BAR;100;False;True;False;3,283333333333333;197;0;0;0;0;0;0;0;0;0;0;0;0;0;0;0;0;0;0;0;0;0;0;0;0;-3;0;20,0;18;6;16;10;4;6;2;2;10;8;4;5;1;3;4;7;3;4;0;0;1;6;5;0;11
19_BRE_J4_Q4;4;19_BRE_J4;19;BRE;4;85;BAR;100;False;False;False;4,716666666666667;283;0;0;1;1;0;0;0;0;1;1;0;0;0;0;1;1;3;1;0;0;0;1;0;0;-6;1;20,0;18;6;16;10;4;6;2;2;10;8;4;5;1;3;4;7;3;4;0;0;1;6;5;0;11
22_BRE_J4_Q4;4;22_BRE_J4;22;BRE;4;85;BAR;100;False;False;False;2,283333333333333;137;2;0;0;0;0;0;0;0;0;0;2;2;0;0;0;0;0;0;0;0;0;1;1;0;-5;2;20,0;18;6;16;10;4;6;2;2;10;8;4;5;1;3;4;7;3;4;0;0;1;6;5;0;11
23_BRE_J4_Q4;4;23_BRE_J4;23;BRE;4;85;BAR;100;False;False;False;0,0;0;0;0;0;0;0;0;0;0;0;0;0;0;0;0;0;0;0;0;0;0;0;0;0;0;0;0;20,0;18;6;16;10;4;6;2;2;10;8;4;5;1;3;4;7;3;4;0;0;1;6;5;0;11
37_BRE_J4_Q4;4;37_BRE_J4;37;BRE;4;85;BAR;100;False;False;False;4,45;267;1;0;0;0;0;0;0;0;0;0;1;2;1;0;1;1;0;0;0;0;0;0;1;0;-3;2;20,0;18;6;16;10;4;6;2;2;10;8;4;5;1;3;4;7;3;4;0;0;1;6;5;0;11
47_BRE_J4_Q4;4;47_BRE_J4;47;BRE;4;85;BAR;100;False;True;False;3,716666666666667;223;0;0;2;2;0;0;0;0;2;2;0;0;0;0;0;0;0;0;0;0;0;0;1;0;-6;-1;20,0;18;6;16;10;4;6;2;2;10;8;4;5;1;3;4;7;3;4;0;0;1;6;5;0;11
BRE_BRE_J4_Q4;4;BRE_BRE_J4;BRE;BRE;4;85;BAR;100;False;False;False;50,0;3000;0;0;0;0;0;0;0;0;0;0;0;0;0;3;0;3;0;0;0;0;0;0;0;0;0;3;20,0;18;6;16;10;4;6;2;2;10;8;4;5;1;3;4;7;3;4;0;0;1;6;5;0;11
2_LLT_J4_Q1;1;2_LLT_J4;2;LLT;4;95;UNI;79;True;False;True;0,0;0;0;0;0;0;0;0;0;0;0;0;0;0;0;0;0;0;0;0;0;0;0;0;0;0;0;0;20,0;24;9;16;7;5;7;2;4;9;5;2;4;2;3;5;8;7;0;1;0;0;3;4;0;32
3_LLT_J4_Q1;1;3_LLT_J4;3;LLT;4;95;UNI;79;True;False;True;3,5833333333333335;215;2;1;2;1;1;1;0;0;1;1;0;0;0;0;0;0;2;0;0;0;0;0;0;0;-1;3;20,0;24;9;16;7;5;7;2;4;9;5;2;4;2;3;5;8;7;0;1;0;0;3;4;0;32
6_LLT_J4_Q1;1;6_LLT_J4;6;LLT;4;95;UNI;79;True;False;True;5,433333333333334;326;0;0;0;0;0;0;0;0;0;0;0;0;0;0;0;0;1;0;0;0;0;0;1;0;2;2;20,0;24;9;16;7;5;7;2;4;9;5;2;4;2;3;5;8;7;0;1;0;0;3;4;0;32
9_LLT_J4_Q1;1;9_LLT_J4;9;LLT;4;95;UNI;79;True;True;True;4,566666666666666;274;0;0;2;2;0;2;2;0;0;0;0;0;0;1;0;1;0;0;0;0;0;1;0;0;2;-2;20,0;24;9;16;7;5;7;2;4;9;5;2;4;2;3;5;8;7;0;1;0;0;3;4;0;32
11_LLT_J4_Q1;1;11_LLT_J4;11;LLT;4;95;UNI;79;True;False;True;5,433333333333334;326;8;3;3;0;2;2;0;1;1;0;1;2;1;1;0;1;0;0;0;0;0;0;2;0;2;10;20,0;24;9;16;7;5;7;2;4;9;5;2;4;2;3;5;8;7;0;1;0;0;3;4;0;32
15_LLT_J4_Q1;1;15_LLT_J4;15;LLT;4;95;UNI;79;True;True;True;6,416666666666667;385;3;1;2;1;0;0;0;1;2;1;0;0;0;0;0;0;1;0;0;0;0;0;0;0;5;3;20,0;24;9;16;7;5;7;2;4;9;5;2;4;2;3;5;8;7;0;1;0;0;3;4;0;32
19_LLT_J4_Q1;1;19_LLT_J4;19;LLT;4;95;UNI;79;True;True;True;6,783333333333333;407;4;2;2;0;2;2;0;0;0;0;0;0;0;1;1;2;1;0;0;0;0;0;0;0;-1;7;20,0;24;9;16;7;5;7;2;4;9;5;2;4;2;3;5;8;7;0;1;0;0;3;4;0;32
21_LLT_J4_Q1;1;21_LLT_J4;21;LLT;4;95;UNI;79;True;False;True;4,7;282;1;0;1;1;0;0;0;0;1;1;1;2;1;0;1;1;0;0;0;0;0;0;1;0;-1;1;20,0;24;9;16;7;5;7;2;4;9;5;2;4;2;3;5;8;7;0;1;0;0;3;4;0;32
31_LLT_J4_Q1;1;31_LLT_J4;31;LLT;4;95;UNI;79;True;True;True;4,566666666666666;274;3;1;2;1;0;0;0;1;2;1;0;0;0;0;2;2;1;0;0;0;0;1;0;0;2;4;20,0;24;9;16;7;5;7;2;4;9;5;2;4;2;3;5;8;7;0;1;0;0;3;4;0;32
33_LLT_J4_Q1;1;33_LLT_J4;33;LLT;4;95;UNI;79;True;False;True;0,0;0;0;0;0;0;0;0;0;0;0;0;0;0;0;0;0;0;0;0;0;0;0;0;0;0;0;0;20,0;24;9;16;7;5;7;2;4;9;5;2;4;2;3;5;8;7;0;1;0;0;3;4;0;32
35_LLT_J4_Q1;1;35_LLT_J4;35;LLT;4;95;UNI;79;True;False;True;3,216666666666667;193;0;0;1;1;0;0;0;0;1;1;0;0;0;0;0;0;0;0;0;0;0;0;0;0;5;-1;20,0;24;9;16;7;5;7;2;4;9;5;2;4;2;3;5;8;7;0;1;0;0;3;4;0;32
42_LLT_J4_Q1;1;42_LLT_J4;42;LLT;4;95;UNI;79;True;True;True;5,3;318;3;1;1;0;0;0;0;1;1;0;0;0;0;0;0;0;1;0;0;0;0;1;0;0;5;3;20,0;24;9;16;7;5;7;2;4;9;5;2;4;2;3;5;8;7;0;1;0;0;3;4;0;32
LLT_LLT_J4_Q1;1;LLT_LLT_J4;LLT;LLT;4;95;UNI;79;True;False;True;50,0;3000;0;0;0;0;0;0;0;0;0;0;0;0;0;0;1;1;0;0;1;0;0;0;0;0;0;2;20,0;24;9;16;7;5;7;2;4;9;5;2;4;2;3;5;8;7;0;1;0;0;3;4;0;32
2_LLT_J4_Q2;2;2_LLT_J4;2;LLT;4;95;UNI;79;True;False;True;0,0;0;0;0;0;0;0;0;0;0;0;0;0;0;0;0;0;0;0;0;0;0;0;0;0;0;0;0;20,0;23;8;18;10;3;8;5;5;10;5;2;3;1;1;7;8;7;1;1;0;1;8;5;0;23
3_LLT_J4_Q2;2;3_LLT_J4;3;LLT;4;95;UNI;79;True;False;True;2,066666666666667;124;0;0;0;0;0;0;0;0;0;0;0;0;0;0;1;1;0;0;0;0;0;0;1;0;-1;2;20,0;23;8;18;10;3;8;5;5;10;5;2;3;1;1;7;8;7;1;1;0;1;8;5;0;23
6_LLT_J4_Q2;2;6_LLT_J4;6;LLT;4;95;UNI;79;True;False;True;4,933333333333334;296;3;1;4;3;0;0;0;1;4;3;0;0;0;0;0;0;1;0;1;0;0;1;0;0;-3;1;20,0;23;8;18;10;3;8;5;5;10;5;2;3;1;1;7;8;7;1;1;0;1;8;5;0;23
9_LLT_J4_Q2;2;9_LLT_J4;9;LLT;4;95;UNI;79;True;True;True;7,766666666666667;466;4;1;4;3;0;2;2;1;2;1;1;2;1;0;0;0;2;0;0;0;0;0;1;0;12;3;20,0;23;8;18;10;3;8;5;5;10;5;2;3;1;1;7;8;7;1;1;0;1;8;5;0;23
11_LLT_J4_Q2;2;11_LLT_J4;11;LLT;4;95;UNI;79;True;False;True;5,25;315;0;0;0;0;0;0;0;0;0;0;0;0;0;0;0;0;0;0;0;0;0;1;1;0;2;0;20,0;23;8;18;10;3;8;5;5;10;5;2;3;1;1;7;8;7;1;1;0;1;8;5;0;23
15_LLT_J4_Q2;2;15_LLT_J4;15;LLT;4;95;UNI;79;True;True;True;5,483333333333333;329;3;1;1;0;0;0;0;1;1;0;0;0;0;0;2;2;0;0;0;0;0;1;0;0;7;4;20,0;23;8;18;10;3;8;5;5;10;5;2;3;1;1;7;8;7;1;1;0;1;8;5;0;23
19_LLT_J4_Q2;2;19_LLT_J4;19;LLT;4;95;UNI;79;True;True;True;4,3;258;0;0;0;0;0;0;0;0;0;0;0;0;0;1;1;2;0;0;0;0;0;0;0;0;0;2;20,0;23;8;18;10;3;8;5;5;10;5;2;3;1;1;7;8;7;1;1;0;1;8;5;0;23
21_LLT_J4_Q2;2;21_LLT_J4;21;LLT;4;95;UNI;79;True;False;True;0,7166666666666667;43;0;0;0;0;0;0;0;0;0;0;0;0;0;0;0;0;0;0;0;0;0;2;0;0;0;-2;20,0;23;8;18;10;3;8;5;5;10;5;2;3;1;1;7;8;7;1;1;0;1;8;5;0;23
31_LLT_J4_Q2;2;31_LLT_J4;31;LLT;4;95;UNI;79;True;True;True;6,916666666666667;415;3;1;4;3;0;2;2;1;2;1;0;0;0;0;2;2;0;0;0;0;1;0;0;0;1;1;20,0;23;8;18;10;3;8;5;5;10;5;2;3;1;1;7;8;7;1;1;0;1;8;5;0;23
33_LLT_J4_Q2;2;33_LLT_J4;33;LLT;4;95;UNI;79;True;False;True;2,5166666666666666;151;0;0;0;0;0;0;0;0;0;0;0;0;0;0;0;0;0;0;0;0;0;0;0;0;0;0;20,0;23;8;18;10;3;8;5;5;10;5;2;3;1;1;7;8;7;1;1;0;1;8;5;0;23
35_LLT_J4_Q2;2;35_LLT_J4;35;LLT;4;95;UNI;79;True;False;True;5,7;342;7;3;3;0;3;3;0;0;0;0;1;1;0;0;0;0;2;0;0;0;0;1;2;0;7;10;20,0;23;8;18;10;3;8;5;5;10;5;2;3;1;1;7;8;7;1;1;0;1;8;5;0;23
42_LLT_J4_Q2;2;42_LLT_J4;42;LLT;4;95;UNI;79;True;True;True;4,35;261;3;1;2;1;0;1;1;1;1;0;0;0;0;0;1;1;2;0;0;0;0;1;0;0;10;4;20,0;23;8;18;10;3;8;5;5;10;5;2;3;1;1;7;8;7;1;1;0;1;8;5;0;23
LLT_LLT_J4_Q2;2;LLT_LLT_J4;LLT;LLT;4;95;UNI;79;True;False;True;50,0;3000;0;0;0;0;0;0;0;0;0;0;0;0;0;0;0;0;0;1;0;0;0;1;0;0;0;-2;20,0;23;8;18;10;3;8;5;5;10;5;2;3;1;1;7;8;7;1;1;0;1;8;5;0;23
2_LLT_J4_Q3;3;2_LLT_J4;2;LLT;4;95;UNI;79;True;False;True;0,0;0;0;0;0;0;0;0;0;0;0;0;0;0;0;0;0;0;0;0;0;0;0;0;0;0;0;0;20,0;28;8;14;6;4;9;5;4;5;1;8;9;1;1;7;8;6;1;1;0;1;4;8;0;38
3_LLT_J4_Q3;3;3_LLT_J4;3;LLT;4;95;UNI;79;True;False;True;2,6166666666666667;157;3;1;1;0;0;0;0;1;1;0;0;0;0;0;0;0;1;0;0;0;0;1;0;0;0;3;20,0;28;8;14;6;4;9;5;4;5;1;8;9;1;1;7;8;6;1;1;0;1;4;8;0;38
6_LLT_J4_Q3;3;6_LLT_J4;6;LLT;4;95;UNI;79;True;False;True;4,95;297;0;0;0;0;0;0;0;0;0;0;0;0;0;0;0;0;0;0;0;0;0;2;1;0;8;-1;20,0;28;8;14;6;4;9;5;4;5;1;8;9;1;1;7;8;6;1;1;0;1;4;8;0;38
9_LLT_J4_Q3;3;9_LLT_J4;9;LLT;4;95;UNI;79;True;True;True;7,383333333333334;443;8;3;4;1;2;3;1;1;1;0;1;1;0;0;0;0;2;1;1;0;0;0;1;0;9;10;20,0;28;8;14;6;4;9;5;4;5;1;8;9;1;1;7;8;6;1;1;0;1;4;8;0;38
11_LLT_J4_Q3;3;11_LLT_J4;11;LLT;4;95;UNI;79;True;False;True;7,466666666666667;448;2;0;2;2;0;2;2;0;0;0;2;3;1;0;0;0;0;0;0;0;0;0;1;0;4;0;20,0;28;8;14;6;4;9;5;4;5;1;8;9;1;1;7;8;6;1;1;0;1;4;8;0;38
15_LLT_J4_Q3;3;15_LLT_J4;15;LLT;4;95;UNI;79;True;True;True;5,05;303;3;1;1;0;0;0;0;1;1;0;0;0;0;0;1;1;0;0;0;0;0;0;0;0;1;4;20,0;28;8;14;6;4;9;5;4;5;1;8;9;1;1;7;8;6;1;1;0;1;4;8;0;38
19_LLT_J4_Q3;3;19_LLT_J4;19;LLT;4;95;UNI;79;True;True;True;5,15;309;7;2;3;1;2;3;1;0;0;0;3;3;0;1;3;4;1;0;0;0;1;0;3;0;5;13;20,0;28;8;14;6;4;9;5;4;5;1;8;9;1;1;7;8;6;1;1;0;1;4;8;0;38
21_LLT_J4_Q3;3;21_LLT_J4;21;LLT;4;95;UNI;79;True;False;True;3,283333333333333;197;2;0;0;0;0;0;0;0;0;0;2;2;0;0;0;0;0;0;0;0;0;0;1;0;4;3;20,0;28;8;14;6;4;9;5;4;5;1;8;9;1;1;7;8;6;1;1;0;1;4;8;0;38
31_LLT_J4_Q3;3;31_LLT_J4;31;LLT;4;95;UNI;79;True;True;True;2,533333333333333;152;0;0;0;0;0;0;0;0;0;0;0;0;0;0;0;0;1;0;0;0;0;0;0;0;5;1;20,0;28;8;14;6;4;9;5;4;5;1;8;9;1;1;7;8;6;1;1;0;1;4;8;0;38
33_LLT_J4_Q3;3;33_LLT_J4;33;LLT;4;95;UNI;79;True;False;True;0,0;0;0;0;0;0;0;0;0;0;0;0;0;0;0;0;0;0;0;0;0;0;0;0;0;0;0;0;20,0;28;8;14;6;4;9;5;4;5;1;8;9;1;1;7;8;6;1;1;0;1;4;8;0;38
35_LLT_J4_Q3;3;35_LLT_J4;35;LLT;4;95;UNI;79;True;False;True;4,85;291;0;0;1;1;0;1;1;0;0;0;0;0;0;0;0;0;0;0;0;0;0;0;0;0;4;-1;20,0;28;8;14;6;4;9;5;4;5;1;8;9;1;1;7;8;6;1;1;0;1;4;8;0;38
42_LLT_J4_Q3;3;42_LLT_J4;42;LLT;4;95;UNI;79;True;True;True;6,716666666666667;403;3;1;2;1;0;0;0;1;2;1;0;0;0;0;2;2;1;0;0;0;0;1;1;0;5;5;20,0;28;8;14;6;4;9;5;4;5;1;8;9;1;1;7;8;6;1;1;0;1;4;8;0;38
LLT_LLT_J4_Q3;3;LLT_LLT_J4;LLT;LLT;4;95;UNI;79;True;False;True;50,0;3000;0;0;0;0;0;0;0;0;0;0;0;0;0;0;1;1;0;0;0;0;0;0;0;0;0;1;20,0;28;8;14;6;4;9;5;4;5;1;8;9;1;1;7;8;6;1;1;0;1;4;8;0;38
2_LLT_J4_Q4;4;2_LLT_J4;2;LLT;4;95;UNI;79;True;False;True;0,0;0;0;0;0;0;0;0;0;0;0;0;0;0;0;0;0;0;0;0;0;0;0;0;0;0;0;0;20,0;20;5;10;5;4;6;2;1;4;3;9;9;0;0;3;3;4;4;2;0;0;8;7;1;19
3_LLT_J4_Q4;4;3_LLT_J4;3;LLT;4;95;UNI;79;True;False;True;6,3;378;3;1;1;0;0;0;0;1;1;0;0;0;0;0;0;0;0;1;0;0;0;1;1;0;-8;2;20,0;20;5;10;5;4;6;2;1;4;3;9;9;0;0;3;3;4;4;2;0;0;8;7;1;19
6_LLT_J4_Q4;4;6_LLT_J4;6;LLT;4;95;UNI;79;True;False;True;4,216666666666667;253;2;0;0;0;0;0;0;0;0;0;2;2;0;0;0;0;0;0;0;0;0;2;1;0;2;1;20,0;20;5;10;5;4;6;2;1;4;3;9;9;0;0;3;3;4;4;2;0;0;8;7;1;19
9_LLT_J4_Q4;4;9_LLT_J4;9;LLT;4;95;UNI;79;True;True;True;8,233333333333333;494;7;3;4;1;3;4;1;0;0;0;1;1;0;0;1;1;2;1;1;0;0;1;1;0;-4;9;20,0;20;5;10;5;4;6;2;1;4;3;9;9;0;0;3;3;4;4;2;0;0;8;7;1;19
11_LLT_J4_Q4;4;11_LLT_J4;11;LLT;4;95;UNI;79;True;False;True;4,283333333333333;257;0;0;0;0;0;0;0;0;0;0;0;0;0;0;1;1;1;0;0;0;0;0;0;0;-1;2;20,0;20;5;10;5;4;6;2;1;4;3;9;9;0;0;3;3;4;4;2;0;0;8;7;1;19
15_LLT_J4_Q4;4;15_LLT_J4;15;LLT;4;95;UNI;79;True;True;True;6,966666666666667;418;0;0;1;1;0;0;0;0;1;1;0;0;0;0;1;1;0;0;1;0;0;0;0;0;-1;1;20,0;20;5;10;5;4;6;2;1;4;3;9;9;0;0;3;3;4;4;2;0;0;8;7;1;19
19_LLT_J4_Q4;4;19_LLT_J4;19;LLT;4;95;UNI;79;True;True;True;6,816666666666666;409;4;1;1;0;1;1;0;0;0;0;2;2;0;0;0;0;0;2;0;0;0;3;1;1;-3;0;20,0;20;5;10;5;4;6;2;1;4;3;9;9;0;0;3;3;4;4;2;0;0;8;7;1;19
21_LLT_J4_Q4;4;21_LLT_J4;21;LLT;4;95;UNI;79;True;False;True;2,8833333333333333;173;2;0;1;1;0;1;1;0;0;0;2;2;0;0;0;0;0;0;0;0;0;0;1;0;-1;2;20,0;20;5;10;5;4;6;2;1;4;3;9;9;0;0;3;3;4;4;2;0;0;8;7;1;19
31_LLT_J4_Q4;4;31_LLT_J4;31;LLT;4;95;UNI;79;True;True;True;0,0;0;0;0;0;0;0;0;0;0;0;0;0;0;0;0;0;0;0;0;0;0;0;0;0;0;0;0;20,0;20;5;10;5;4;6;2;1;4;3;9;9;0;0;3;3;4;4;2;0;0;8;7;1;19
33_LLT_J4_Q4;4;33_LLT_J4;33;LLT;4;95;UNI;79;True;False;True;0,0;0;0;0;0;0;0;0;0;0;0;0;0;0;0;0;0;0;0;0;0;0;0;0;0;0;0;0;20,0;20;5;10;5;4;6;2;1;4;3;9;9;0;0;3;3;4;4;2;0;0;8;7;1;19
35_LLT_J4_Q4;4;35_LLT_J4;35;LLT;4;95;UNI;79;True;False;True;3,183333333333333;191;2;0;0;0;0;0;0;0;0;0;2;2;0;0;0;0;0;0;0;0;0;0;1;0;-1;3;20,0;20;5;10;5;4;6;2;1;4;3;9;9;0;0;3;3;4;4;2;0;0;8;7;1;19
42_LLT_J4_Q4;4;42_LLT_J4;42;LLT;4;95;UNI;79;True;True;True;7,116666666666666;427;0;0;2;2;0;0;0;0;2;2;0;0;0;0;0;0;1;0;0;0;0;1;1;0;-3;-1;20,0;20;5;10;5;4;6;2;1;4;3;9;9;0;0;3;3;4;4;2;0;0;8;7;1;19
LLT_LLT_J4_Q4;4;LLT_LLT_J4;LLT;LLT;4;95;UNI;79;True;False;True;50,0;3000;0;0;0;0;0;0;0;0;0;0;0;0;0;0;0;0;0;0;0;0;0;0;0;0;0;0;20,0;20;5;10;5;4;6;2;1;4;3;9;9;0;0;3;3;4;4;2;0;0;8;7;1;19
0_UNI_J4_Q1;1;0_UNI_J4;0;UNI;4;79;LLT;95;False;True;False;6,416666666666667;385;2;1;2;1;1;2;1;0;0;0;0;0;0;2;2;4;0;0;0;0;0;0;0;0;-5;5;20,0;20;7;16;9;4;12;8;3;4;1;3;3;0;4;5;9;3;2;0;0;0;4;3;1;20
2_UNI_J4_Q1;1;2_UNI_J4;2;UNI;4;79;LLT;95;False;False;False;5,433333333333334;326;4;2;3;1;2;3;1;0;0;0;0;0;0;1;1;2;0;0;0;0;0;0;1;1;-2;6;20,0;20;7;16;9;4;12;8;3;4;1;3;3;0;4;5;9;3;2;0;0;0;4;3;1;20
3_UNI_J4_Q1;1;3_UNI_J4;3;UNI;4;79;LLT;95;False;False;False;3,5833333333333335;215;8;3;3;0;1;1;0;2;2;0;0;0;0;1;0;1;0;0;0;0;0;1;0;0;1;8;20,0;20;7;16;9;4;12;8;3;4;1;3;3;0;4;5;9;3;2;0;0;0;4;3;1;20
4_UNI_J4_Q1;1;4_UNI_J4;4;UNI;4;79;LLT;95;False;True;False;4,566666666666666;274;3;1;3;2;0;2;2;1;1;0;0;0;0;0;0;0;0;0;0;0;0;0;0;0;-2;1;20,0;20;7;16;9;4;12;8;3;4;1;3;3;0;4;5;9;3;2;0;0;0;4;3;1;20
7_UNI_J4_Q1;1;7_UNI_J4;7;UNI;4;79;LLT;95;False;False;False;5,433333333333334;326;0;0;0;0;0;0;0;0;0;0;0;0;0;0;1;1;0;0;0;0;0;1;0;0;-2;0;20,0;20;7;16;9;4;12;8;3;4;1;3;3;0;4;5;9;3;2;0;0;0;4;3;1;20
9_UNI_J4_Q1;1;9_UNI_J4;9;UNI;4;79;LLT;95;False;True;False;5,3;318;3;0;1;1;0;1;1;0;0;0;3;3;0;0;0;0;1;0;0;0;0;0;1;0;-5;4;20,0;20;7;16;9;4;12;8;3;4;1;3;3;0;4;5;9;3;2;0;0;0;4;3;1;20
13_UNI_J4_Q1;1;13_UNI_J4;13;UNI;4;79;LLT;95;False;False;False;4,7;282;0;0;2;2;0;2;2;0;0;0;0;0;0;0;0;0;1;0;0;0;0;1;0;0;1;-2;20,0;20;7;16;9;4;12;8;3;4;1;3;3;0;4;5;9;3;2;0;0;0;4;3;1;20
27_UNI_J4_Q1;1;27_UNI_J4;27;UNI;4;79;LLT;95;False;True;False;5,3;318;0;0;1;1;0;0;0;0;1;1;0;0;0;0;0;0;0;0;0;0;0;0;1;0;-5;0;20,0;20;7;16;9;4;12;8;3;4;1;3;3;0;4;5;9;3;2;0;0;0;4;3;1;20
33_UNI_J4_Q1;1;33_UNI_J4;33;UNI;4;79;LLT;95;False;False;False;0,0;0;0;0;0;0;0;0;0;0;0;0;0;0;0;0;0;0;0;0;0;0;0;0;0;0;0;0;20,0;20;7;16;9;4;12;8;3;4;1;3;3;0;4;5;9;3;2;0;0;0;4;3;1;20
45_UNI_J4_Q1;1;45_UNI_J4;45;UNI;4;79;LLT;95;False;True;False;4,566666666666666;274;0;0;1;1;0;1;1;0;0;0;0;0;0;0;0;0;0;0;0;0;0;0;0;0;-2;-1;20,0;20;7;16;9;4;12;8;3;4;1;3;3;0;4;5;9;3;2;0;0;0;4;3;1;20
55_UNI_J4_Q1;1;55_UNI_J4;55;UNI;4;79;LLT;95;False;False;False;4,7;282;0;0;0;0;0;0;0;0;0;0;0;0;0;0;0;0;1;1;0;0;0;1;0;0;1;-1;20,0;20;7;16;9;4;12;8;3;4;1;3;3;0;4;5;9;3;2;0;0;0;4;3;1;20
UNI_UNI_J4_Q1;1;UNI_UNI_J4;UNI;UNI;4;79;LLT;95;False;False;False;50,0;3000;0;0;0;0;0;0;0;0;0;0;0;0;0;0;1;1;0;1;0;0;0;0;0;0;0;0;20,0;20;7;16;9;4;12;8;3;4;1;3;3;0;4;5;9;3;2;0;0;0;4;3;1;20
0_UNI_J4_Q2;2;0_UNI_J4;0;UNI;4;79;LLT;95;False;True;False;7,166666666666667;430;4;2;3;1;2;3;1;0;0;0;0;0;0;3;4;7;0;1;0;1;0;0;0;1;-2;10;20,0;16;4;17;13;4;10;6;0;7;7;8;12;4;7;8;15;3;2;0;1;0;5;7;2;18
2_UNI_J4_Q2;2;2_UNI_J4;2;UNI;4;79;LLT;95;False;False;False;3,3666666666666667;202;6;1;2;1;1;2;1;0;0;0;4;7;3;1;0;1;0;0;0;0;0;0;4;1;-3;7;20,0;16;4;17;13;4;10;6;0;7;7;8;12;4;7;8;15;3;2;0;1;0;5;7;2;18
3_UNI_J4_Q2;2;3_UNI_J4;3;UNI;4;79;LLT;95;False;False;False;3,1166666666666667;187;0;0;0;0;0;0;0;0;0;0;0;0;0;0;1;1;0;0;0;0;0;0;0;0;-3;1;20,0;16;4;17;13;4;10;6;0;7;7;8;12;4;7;8;15;3;2;0;1;0;5;7;2;18
4_UNI_J4_Q2;2;4_UNI_J4;4;UNI;4;79;LLT;95;False;True;False;7,05;423;0;0;1;1;0;1;1;0;0;0;0;0;0;2;1;3;0;0;0;0;0;1;0;0;-2;1;20,0;16;4;17;13;4;10;6;0;7;7;8;12;4;7;8;15;3;2;0;1;0;5;7;2;18
7_UNI_J4_Q2;2;7_UNI_J4;7;UNI;4;79;LLT;95;False;False;False;2,8333333333333335;170;0;0;1;1;0;0;0;0;1;1;0;0;0;0;0;0;0;0;0;0;0;1;0;0;-5;-2;20,0;16;4;17;13;4;10;6;0;7;7;8;12;4;7;8;15;3;2;0;1;0;5;7;2;18
9_UNI_J4_Q2;2;9_UNI_J4;9;UNI;4;79;LLT;95;False;True;False;5,85;351;0;0;3;3;0;1;1;0;2;2;0;0;0;1;0;1;0;0;0;0;0;0;0;0;-5;-2;20,0;16;4;17;13;4;10;6;0;7;7;8;12;4;7;8;15;3;2;0;1;0;5;7;2;18
13_UNI_J4_Q2;2;13_UNI_J4;13;UNI;4;79;LLT;95;False;False;False;2,6166666666666667;157;0;0;0;0;0;0;0;0;0;0;0;0;0;0;0;0;0;0;0;0;0;1;0;0;-1;-1;20,0;16;4;17;13;4;10;6;0;7;7;8;12;4;7;8;15;3;2;0;1;0;5;7;2;18
27_UNI_J4_Q2;2;27_UNI_J4;27;UNI;4;79;LLT;95;False;True;False;7,216666666666667;433;4;0;4;4;0;2;2;0;2;2;4;4;0;0;2;2;2;0;0;0;0;1;2;0;-8;5;20,0;16;4;17;13;4;10;6;0;7;7;8;12;4;7;8;15;3;2;0;1;0;5;7;2;18
33_UNI_J4_Q2;2;33_UNI_J4;33;UNI;4;79;LLT;95;False;False;False;0,0;0;0;0;0;0;0;0;0;0;0;0;0;0;0;0;0;0;0;0;0;0;0;0;0;0;0;0;20,0;16;4;17;13;4;10;6;0;7;7;8;12;4;7;8;15;3;2;0;1;0;5;7;2;18
45_UNI_J4_Q2;2;45_UNI_J4;45;UNI;4;79;LLT;95;False;True;False;6,633333333333334;398;2;1;3;2;1;1;0;0;2;2;0;0;0;0;0;0;0;0;0;0;0;0;0;0;-4;0;20,0;16;4;17;13;4;10;6;0;7;7;8;12;4;7;8;15;3;2;0;1;0;5;7;2;18
55_UNI_J4_Q2;2;55_UNI_J4;55;UNI;4;79;LLT;95;False;False;False;4,15;249;0;0;0;0;0;0;0;0;0;0;0;1;1;0;0;0;1;1;0;0;0;1;1;0;-2;-1;20,0;16;4;17;13;4;10;6;0;7;7;8;12;4;7;8;15;3;2;0;1;0;5;7;2;18
UNI_UNI_J4_Q2;2;UNI_UNI_J4;UNI;UNI;4;79;LLT;95;False;False;False;50,0;3000;0;0;0;0;0;0;0;0;0;0;0;0;0;0;0;0;0;0;0;0;0;0;0;0;0;0;20,0;16;4;17;13;4;10;6;0;7;7;8;12;4;7;8;15;3;2;0;1;0;5;7;2;18
0_UNI_J4_Q3;3;0_UNI_J4;0;UNI;4;79;LLT;95;False;True;False;4,833333333333333;290;0;0;1;1;0;1;1;0;0;0;0;0;0;0;0;0;0;0;0;0;0;0;0;0;-5;-1;20,0;19;8;16;8;5;10;5;3;6;3;0;1;1;1;5;6;4;3;1;1;0;8;4;0;15
2_UNI_J4_Q3;3;2_UNI_J4;2;UNI;4;79;LLT;95;False;False;False;8,066666666666666;484;4;2;2;0;2;2;0;0;0;0;0;1;1;0;0;0;0;1;0;1;0;3;1;0;-9;1;20,0;19;8;16;8;5;10;5;3;6;3;0;1;1;1;5;6;4;3;1;1;0;8;4;0;15
3_UNI_J4_Q3;3;3_UNI_J4;3;UNI;4;79;LLT;95;False;False;False;6,116666666666666;367;2;1;3;2;1;2;1;0;1;1;0;0;0;0;1;1;0;0;1;0;0;2;0;0;-2;0;20,0;19;8;16;8;5;10;5;3;6;3;0;1;1;1;5;6;4;3;1;1;0;8;4;0;15
4_UNI_J4_Q3;3;4_UNI_J4;4;UNI;4;79;LLT;95;False;True;False;8,35;501;5;2;2;0;1;1;0;1;1;0;0;0;0;0;0;0;0;1;0;0;0;1;1;0;-7;4;20,0;19;8;16;8;5;10;5;3;6;3;0;1;1;1;5;6;4;3;1;1;0;8;4;0;15
7_UNI_J4_Q3;3;7_UNI_J4;7;UNI;4;79;LLT;95;False;False;False;5,833333333333333;350;5;2;4;2;1;2;1;1;2;1;0;0;0;1;0;1;0;0;0;0;0;0;1;0;-4;5;20,0;19;8;16;8;5;10;5;3;6;3;0;1;1;1;5;6;4;3;1;1;0;8;4;0;15
9_UNI_J4_Q3;3;9_UNI_J4;9;UNI;4;79;LLT;95;False;True;False;6,8;408;3;1;1;0;0;0;0;1;1;0;0;0;0;0;0;0;2;0;0;0;0;1;0;0;-7;4;20,0;19;8;16;8;5;10;5;3;6;3;0;1;1;1;5;6;4;3;1;1;0;8;4;0;15
13_UNI_J4_Q3;3;13_UNI_J4;13;UNI;4;79;LLT;95;False;False;False;1,65;99;0;0;0;0;0;0;0;0;0;0;0;0;0;0;0;0;1;0;0;0;0;0;0;0;-2;1;20,0;19;8;16;8;5;10;5;3;6;3;0;1;1;1;5;6;4;3;1;1;0;8;4;0;15
27_UNI_J4_Q3;3;27_UNI_J4;27;UNI;4;79;LLT;95;False;True;False;5,15;309;0;0;2;2;0;1;1;0;1;1;0;0;0;0;1;1;0;1;0;0;0;1;1;0;-7;-2;20,0;19;8;16;8;5;10;5;3;6;3;0;1;1;1;5;6;4;3;1;1;0;8;4;0;15
33_UNI_J4_Q3;3;33_UNI_J4;33;UNI;4;79;LLT;95;False;False;False;0,0;0;0;0;0;0;0;0;0;0;0;0;0;0;0;0;0;0;0;0;0;0;0;0;0;0;0;0;20,0;19;8;16;8;5;10;5;3;6;3;0;1;1;1;5;6;4;3;1;1;0;8;4;0;15
45_UNI_J4_Q3;3;45_UNI_J4;45;UNI;4;79;LLT;95;False;True;False;0,0;0;0;0;0;0;0;0;0;0;0;0;0;0;0;0;0;0;0;0;0;0;0;0;0;0;0;0;20,0;19;8;16;8;5;10;5;3;6;3;0;1;1;1;5;6;4;3;1;1;0;8;4;0;15
55_UNI_J4_Q3;3;55_UNI_J4;55;UNI;4;79;LLT;95;False;False;False;3,2;192;0;0;1;1;0;1;1;0;0;0;0;0;0;0;2;2;1;0;0;0;0;0;0;0;-2;2;20,0;19;8;16;8;5;10;5;3;6;3;0;1;1;1;5;6;4;3;1;1;0;8;4;0;15
UNI_UNI_J4_Q3;3;UNI_UNI_J4;UNI;UNI;4;79;LLT;95;False;False;False;50,0;3000;0;0;0;0;0;0;0;0;0;0;0;0;0;0;1;1;0;0;0;0;0;0;0;0;0;1;20,0;19;8;16;8;5;10;5;3;6;3;0;1;1;1;5;6;4;3;1;1;0;8;4;0;15
0_UNI_J4_Q4;4;0_UNI_J4;0;UNI;4;79;LLT;95;False;True;False;6,816666666666666;409;5;2;3;1;2;2;0;0;1;1;1;2;1;1;0;1;1;0;1;0;0;1;2;1;3;7;20,0;24;8;12;4;6;8;2;2;4;2;6;8;2;3;4;7;8;4;3;0;0;7;8;2;33
2_UNI_J4_Q4;4;2_UNI_J4;2;UNI;4;79;LLT;95;False;False;False;4,433333333333334;266;4;2;2;0;2;2;0;0;0;0;0;0;0;1;0;1;0;3;0;0;0;2;0;1;0;0;20,0;24;8;12;4;6;8;2;2;4;2;6;8;2;3;4;7;8;4;3;0;0;7;8;2;33
3_UNI_J4_Q4;4;3_UNI_J4;3;UNI;4;79;LLT;95;False;False;False;4,283333333333333;257;0;0;0;0;0;0;0;0;0;0;0;0;0;0;0;0;0;1;0;0;0;1;1;0;2;-1;20,0;24;8;12;4;6;8;2;2;4;2;6;8;2;3;4;7;8;4;3;0;0;7;8;2;33
4_UNI_J4_Q4;4;4_UNI_J4;4;UNI;4;79;LLT;95;False;True;False;5,716666666666667;343;0;0;0;0;0;0;0;0;0;0;0;0;0;0;0;0;2;0;1;0;0;1;0;0;2;2;20,0;24;8;12;4;6;8;2;2;4;2;6;8;2;3;4;7;8;4;3;0;0;7;8;2;33
7_UNI_J4_Q4;4;7_UNI_J4;7;UNI;4;79;LLT;95;False;False;False;4,816666666666666;289;4;2;2;0;2;2;0;0;0;0;0;0;0;1;0;1;1;0;0;0;0;0;0;0;2;6;20,0;24;8;12;4;6;8;2;2;4;2;6;8;2;3;4;7;8;4;3;0;0;7;8;2;33
9_UNI_J4_Q4;4;9_UNI_J4;9;UNI;4;79;LLT;95;False;True;False;2,8833333333333333;173;3;1;1;0;0;0;0;1;1;0;0;0;0;0;1;1;1;0;0;0;0;0;0;0;1;5;20,0;24;8;12;4;6;8;2;2;4;2;6;8;2;3;4;7;8;4;3;0;0;7;8;2;33
13_UNI_J4_Q4;4;13_UNI_J4;13;UNI;4;79;LLT;95;False;False;False;10,0;600;3;0;0;0;0;0;0;0;0;0;3;4;1;0;0;0;2;0;1;0;0;1;4;0;4;8;20,0;24;8;12;4;6;8;2;2;4;2;6;8;2;3;4;7;8;4;3;0;0;7;8;2;33
27_UNI_J4_Q4;4;27_UNI_J4;27;UNI;4;79;LLT;95;False;True;False;3,933333333333333;236;3;1;2;1;0;0;0;1;2;1;0;0;0;0;0;0;0;0;0;0;0;0;0;0;3;2;20,0;24;8;12;4;6;8;2;2;4;2;6;8;2;3;4;7;8;4;3;0;0;7;8;2;33
33_UNI_J4_Q4;4;33_UNI_J4;33;UNI;4;79;LLT;95;False;False;False;0,0;0;0;0;0;0;0;0;0;0;0;0;0;0;0;0;0;0;0;0;0;0;0;0;0;0;0;0;20,0;24;8;12;4;6;8;2;2;4;2;6;8;2;3;4;7;8;4;3;0;0;7;8;2;33
45_UNI_J4_Q4;4;45_UNI_J4;45;UNI;4;79;LLT;95;False;True;False;0,0;0;0;0;0;0;0;0;0;0;0;0;0;0;0;0;0;0;0;0;0;0;0;0;0;0;0;0;20,0;24;8;12;4;6;8;2;2;4;2;6;8;2;3;4;7;8;4;3;0;0;7;8;2;33
55_UNI_J4_Q4;4;55_UNI_J4;55;UNI;4;79;LLT;95;False;False;False;7,116666666666666;427;2;0;2;2;0;2;2;0;0;0;2;2;0;0;2;2;1;0;0;0;0;1;1;0;3;3;20,0;24;8;12;4;6;8;2;2;4;2;6;8;2;3;4;7;8;4;3;0;0;7;8;2;33
UNI_UNI_J4_Q4;4;UNI_UNI_J4;UNI;UNI;4;79;LLT;95;False;False;False;50,0;3000;0;0;0;0;0;0;0;0;0;0;0;0;0;0;1;1;0;0;0;0;0;0;0;0;0;1;20,0;24;8;12;4;6;8;2;2;4;2;6;8;2;3;4;7;8;4;3;0;0;7;8;2;33
00_BUR_J4_Q1;1;00_BUR_J4;00;BUR;4;89;CAZ;102;True;True;False;5,716666666666667;343;2;0;1;1;0;0;0;0;1;1;2;2;0;0;0;0;0;1;0;0;0;1;1;0;-5;0;20,0;23;8;18;10;6;9;3;2;9;7;5;7;2;5;5;10;4;6;2;0;0;6;7;0;22
3_BUR_J4_Q1;1;3_BUR_J4;3;BUR;4;89;CAZ;102;True;False;False;1,1333333333333333;68;2;1;1;0;1;1;0;0;0;0;0;0;0;1;0;1;0;0;0;0;0;0;0;0;3;3;20,0;23;8;18;10;6;9;3;2;9;7;5;7;2;5;5;10;4;6;2;0;0;6;7;0;22
6_BUR_J4_Q1;1;6_BUR_J4;6;BUR;4;89;CAZ;102;True;True;False;5,8;348;0;0;2;2;0;1;1;0;1;1;0;0;0;1;0;1;0;1;0;0;0;2;0;0;-4;-4;20,0;23;8;18;10;6;9;3;2;9;7;5;7;2;5;5;10;4;6;2;0;0;6;7;0;22
7_BUR_J4_Q1;1;7_BUR_J4;7;BUR;4;89;CAZ;102;True;False;False;2,2666666666666666;136;0;0;0;0;0;0;0;0;0;0;0;0;0;0;0;0;0;0;1;0;0;0;0;0;2;1;20,0;23;8;18;10;6;9;3;2;9;7;5;7;2;5;5;10;4;6;2;0;0;6;7;0;22
8_BUR_J4_Q1;1;8_BUR_J4;8;BUR;4;89;CAZ;102;True;False;False;0,0;0;0;0;0;0;0;0;0;0;0;0;0;0;0;0;0;0;0;0;0;0;0;0;0;0;0;0;20,0;23;8;18;10;6;9;3;2;9;7;5;7;2;5;5;10;4;6;2;0;0;6;7;0;22
10_BUR_J4_Q1;1;10_BUR_J4;10;BUR;4;89;CAZ;102;True;False;False;3,783333333333333;227;5;1;2;1;0;0;0;1;2;1;2;2;0;0;0;0;0;1;0;0;0;0;1;0;1;4;20,0;23;8;18;10;6;9;3;2;9;7;5;7;2;5;5;10;4;6;2;0;0;6;7;0;22
11_BUR_J4_Q1;1;11_BUR_J4;11;BUR;4;89;CAZ;102;True;False;False;4,283333333333333;257;0;0;2;2;0;1;1;0;1;1;0;0;0;2;2;4;0;0;0;0;0;0;0;0;3;2;20,0;23;8;18;10;6;9;3;2;9;7;5;7;2;5;5;10;4;6;2;0;0;6;7;0;22
19_BUR_J4_Q1;1;19_BUR_J4;19;BUR;4;89;CAZ;102;True;False;False;4,2;252;5;2;3;1;1;1;0;1;2;1;0;0;0;0;0;0;1;0;0;0;0;0;0;0;2;5;20,0;23;8;18;10;6;9;3;2;9;7;5;7;2;5;5;10;4;6;2;0;0;6;7;0;22
22_BUR_J4_Q1;1;22_BUR_J4;22;BUR;4;89;CAZ;102;True;True;False;4,583333333333333;275;0;0;0;0;0;0;0;0;0;0;0;0;0;0;1;1;0;0;0;0;0;0;1;0;-7;2;20,0;23;8;18;10;6;9;3;2;9;7;5;7;2;5;5;10;4;6;2;0;0;6;7;0;22
23_BUR_J4_Q1;1;23_BUR_J4;23;BUR;4;89;CAZ;102;True;True;False;6,216666666666667;373;2;1;2;1;1;1;0;0;1;1;0;0;0;1;1;2;0;0;0;0;0;1;1;0;-3;3;20,0;23;8;18;10;6;9;3;2;9;7;5;7;2;5;5;10;4;6;2;0;0;6;7;0;22
40_BUR_J4_Q1;1;40_BUR_J4;40;BUR;4;89;CAZ;102;True;False;False;4,283333333333333;257;4;2;2;0;2;2;0;0;0;0;0;1;1;0;0;0;1;0;0;0;0;1;1;0;2;4;20,0;23;8;18;10;6;9;3;2;9;7;5;7;2;5;5;10;4;6;2;0;0;6;7;0;22
56_BUR_J4_Q1;1;56_BUR_J4;56;BUR;4;89;CAZ;102;True;True;False;7,733333333333333;464;3;1;3;2;1;2;1;0;1;1;1;2;1;0;0;0;2;3;1;0;0;1;2;0;-4;1;20,0;23;8;18;10;6;9;3;2;9;7;5;7;2;5;5;10;4;6;2;0;0;6;7;0;22
BUR_BUR_J4_Q1;1;BUR_BUR_J4;BUR;BUR;4;89;CAZ;102;True;False;False;50,0;3000;0;0;0;0;0;0;0;0;0;0;0;0;0;0;1;1;0;0;0;0;0;0;0;0;0;1;20,0;23;8;18;10;6;9;3;2;9;7;5;7;2;5;5;10;4;6;2;0;0;6;7;0;22
00_BUR_J4_Q2;2;00_BUR_J4;00;BUR;4;89;CAZ;102;True;True;False;3,433333333333333;206;4;2;3;1;2;3;1;0;0;0;0;2;2;1;0;1;0;0;0;0;0;2;1;0;-2;1;20,0;21;8;18;10;6;9;3;2;9;7;3;6;3;2;5;7;2;3;3;1;0;8;4;2;14
3_BUR_J4_Q2;2;3_BUR_J4;3;BUR;4;89;CAZ;102;True;False;False;4,483333333333333;269;0;0;0;0;0;0;0;0;0;0;0;0;0;0;1;1;1;2;1;0;0;2;0;0;-4;-1;20,0;21;8;18;10;6;9;3;2;9;7;3;6;3;2;5;7;2;3;3;1;0;8;4;2;14
6_BUR_J4_Q2;2;6_BUR_J4;6;BUR;4;89;CAZ;102;True;True;False;3,933333333333333;236;2;1;1;0;1;1;0;0;0;0;0;0;0;0;1;1;0;0;0;0;0;1;1;0;0;3;20,0;21;8;18;10;6;9;3;2;9;7;3;6;3;2;5;7;2;3;3;1;0;8;4;2;14
7_BUR_J4_Q2;2;7_BUR_J4;7;BUR;4;89;CAZ;102;True;False;False;3,783333333333333;227;4;2;5;3;2;2;0;0;3;3;0;0;0;0;1;1;0;0;1;0;0;0;0;2;2;3;20,0;21;8;18;10;6;9;3;2;9;7;3;6;3;2;5;7;2;3;3;1;0;8;4;2;14
8_BUR_J4_Q2;2;8_BUR_J4;8;BUR;4;89;CAZ;102;True;False;False;2,0833333333333335;125;0;0;0;0;0;0;0;0;0;0;0;0;0;0;0;0;0;0;1;0;0;0;0;0;2;1;20,0;21;8;18;10;6;9;3;2;9;7;3;6;3;2;5;7;2;3;3;1;0;8;4;2;14
10_BUR_J4_Q2;2;10_BUR_J4;10;BUR;4;89;CAZ;102;True;False;False;7,583333333333333;455;0;0;1;1;0;0;0;0;1;1;0;0;0;0;0;0;0;0;0;0;0;0;0;0;-6;-1;20,0;21;8;18;10;6;9;3;2;9;7;3;6;3;2;5;7;2;3;3;1;0;8;4;2;14
11_BUR_J4_Q2;2;11_BUR_J4;11;BUR;4;89;CAZ;102;True;False;False;4,483333333333333;269;3;1;1;0;0;0;0;1;1;0;0;0;0;0;0;0;0;0;0;0;0;0;0;0;-4;3;20,0;21;8;18;10;6;9;3;2;9;7;3;6;3;2;5;7;2;3;3;1;0;8;4;2;14
19_BUR_J4_Q2;2;19_BUR_J4;19;BUR;4;89;CAZ;102;True;False;False;5,516666666666667;331;3;1;4;3;0;1;1;1;3;2;0;0;0;0;0;0;1;0;0;0;0;2;0;0;0;-1;20,0;21;8;18;10;6;9;3;2;9;7;3;6;3;2;5;7;2;3;3;1;0;8;4;2;14
22_BUR_J4_Q2;2;22_BUR_J4;22;BUR;4;89;CAZ;102;True;True;False;3,433333333333333;206;0;0;0;0;0;0;0;0;0;0;0;0;0;1;0;1;0;0;0;0;0;0;0;0;-2;1;20,0;21;8;18;10;6;9;3;2;9;7;3;6;3;2;5;7;2;3;3;1;0;8;4;2;14
23_BUR_J4_Q2;2;23_BUR_J4;23;BUR;4;89;CAZ;102;True;True;False;6,216666666666667;373;4;1;2;1;1;1;0;0;1;1;2;2;0;0;1;1;0;1;0;0;0;0;1;0;-6;4;20,0;21;8;18;10;6;9;3;2;9;7;3;6;3;2;5;7;2;3;3;1;0;8;4;2;14
40_BUR_J4_Q2;2;40_BUR_J4;40;BUR;4;89;CAZ;102;True;False;False;2,0833333333333335;125;0;0;0;0;0;0;0;0;0;0;0;0;0;0;0;0;0;0;0;1;0;0;0;0;2;1;20,0;21;8;18;10;6;9;3;2;9;7;3;6;3;2;5;7;2;3;3;1;0;8;4;2;14
56_BUR_J4_Q2;2;56_BUR_J4;56;BUR;4;89;CAZ;102;True;True;False;2,966666666666667;178;1;0;1;1;0;1;1;0;0;0;1;2;1;0;0;0;0;0;0;0;0;1;1;0;-2;-1;20,0;21;8;18;10;6;9;3;2;9;7;3;6;3;2;5;7;2;3;3;1;0;8;4;2;14
BUR_BUR_J4_Q2;2;BUR_BUR_J4;BUR;BUR;4;89;CAZ;102;True;False;False;50,0;3000;0;0;0;0;0;0;0;0;0;0;0;0;0;0;1;1;0;0;0;0;0;0;0;0;0;1;20,0;21;8;18;10;6;9;3;2;9;7;3;6;3;2;5;7;2;3;3;1;0;8;4;2;14
00_BUR_J4_Q3;3;00_BUR_J4;00;BUR;4;89;CAZ;102;True;True;False;2,0166666666666666;121;0;0;2;2;0;2;2;0;0;0;0;0;0;0;1;1;0;0;0;0;0;0;0;0;-3;-1;20,0;26;7;18;11;5;15;10;2;3;1;10;13;3;3;3;6;5;2;2;2;2;6;9;1;26
3_BUR_J4_Q3;3;3_BUR_J4;3;BUR;4;89;CAZ;102;True;False;False;0,0;0;0;0;0;0;0;0;0;0;0;0;0;0;0;0;0;0;0;0;0;0;0;0;0;0;0;0;20,0;26;7;18;11;5;15;10;2;3;1;10;13;3;3;3;6;5;2;2;2;2;6;9;1;26
6_BUR_J4_Q3;3;6_BUR_J4;6;BUR;4;89;CAZ;102;True;True;False;5,8;348;0;0;1;1;0;1;1;0;0;0;0;0;0;0;0;0;0;0;0;0;0;0;2;0;1;1;20,0;26;7;18;11;5;15;10;2;3;1;10;13;3;3;3;6;5;2;2;2;2;6;9;1;26
7_BUR_J4_Q3;3;7_BUR_J4;7;BUR;4;89;CAZ;102;True;False;False;4,133333333333334;248;0;0;0;0;0;0;0;0;0;0;0;0;0;1;0;1;0;0;0;0;0;0;0;0;-2;1;20,0;26;7;18;11;5;15;10;2;3;1;10;13;3;3;3;6;5;2;2;2;2;6;9;1;26
8_BUR_J4_Q3;3;8_BUR_J4;8;BUR;4;89;CAZ;102;True;False;False;0,0;0;0;0;0;0;0;0;0;0;0;0;0;0;0;0;0;0;0;0;0;0;0;0;0;0;0;0;20,0;26;7;18;11;5;15;10;2;3;1;10;13;3;3;3;6;5;2;2;2;2;6;9;1;26
10_BUR_J4_Q3;3;10_BUR_J4;10;BUR;4;89;CAZ;102;True;False;False;4,2;252;6;1;2;1;0;1;1;1;1;0;3;4;1;1;0;1;0;0;0;1;0;0;2;0;-2;8;20,0;26;7;18;11;5;15;10;2;3;1;10;13;3;3;3;6;5;2;2;2;2;6;9;1;26
11_BUR_J4_Q3;3;11_BUR_J4;11;BUR;4;89;CAZ;102;True;False;False;7,983333333333333;479;5;1;1;0;1;1;0;0;0;0;3;3;0;0;0;0;1;0;0;0;0;0;1;0;2;7;20,0;26;7;18;11;5;15;10;2;3;1;10;13;3;3;3;6;5;2;2;2;2;6;9;1;26
19_BUR_J4_Q3;3;19_BUR_J4;19;BUR;4;89;CAZ;102;True;False;False;4,2;252;3;1;3;2;1;3;2;0;0;0;1;1;0;0;0;0;2;0;0;0;0;1;2;0;-2;4;20,0;26;7;18;11;5;15;10;2;3;1;10;13;3;3;3;6;5;2;2;2;2;6;9;1;26
22_BUR_J4_Q3;3;22_BUR_J4;22;BUR;4;89;CAZ;102;True;True;False;5,35;321;3;1;2;1;1;2;1;0;0;0;1;2;1;0;0;0;0;1;0;0;1;0;1;0;-5;0;20,0;26;7;18;11;5;15;10;2;3;1;10;13;3;3;3;6;5;2;2;2;2;6;9;1;26
23_BUR_J4_Q3;3;23_BUR_J4;23;BUR;4;89;CAZ;102;True;True;False;5,8;348;7;2;4;2;1;3;2;1;1;0;2;2;0;0;1;1;2;0;1;0;1;1;1;1;1;8;20,0;26;7;18;11;5;15;10;2;3;1;10;13;3;3;3;6;5;2;2;2;2;6;9;1;26
40_BUR_J4_Q3;3;40_BUR_J4;40;BUR;4;89;CAZ;102;True;False;False;4,65;279;0;0;1;1;0;1;1;0;0;0;0;0;0;1;1;2;0;1;0;1;0;2;0;0;4;-1;20,0;26;7;18;11;5;15;10;2;3;1;10;13;3;3;3;6;5;2;2;2;2;6;9;1;26
56_BUR_J4_Q3;3;56_BUR_J4;56;BUR;4;89;CAZ;102;True;True;False;5,866666666666666;352;2;1;2;1;1;1;0;0;1;1;0;1;1;0;0;0;0;0;1;0;0;2;0;0;1;-1;20,0;26;7;18;11;5;15;10;2;3;1;10;13;3;3;3;6;5;2;2;2;2;6;9;1;26
BUR_BUR_J4_Q3;3;BUR_BUR_J4;BUR;BUR;4;89;CAZ;102;True;False;False;50,0;3000;0;0;0;0;0;0;0;0;0;0;0;0;0;0;0;0;0;0;0;0;0;0;0;0;0;0;20,0;26;7;18;11;5;15;10;2;3;1;10;13;3;3;3;6;5;2;2;2;2;6;9;1;26
00_BUR_J4_Q4;4;00_BUR_J4;00;BUR;4;89;CAZ;102;True;True;False;3,5166666666666666;211;1;0;0;0;0;0;0;0;0;0;1;3;2;0;0;0;0;0;0;0;0;0;1;0;-2;0;20,0;19;7;17;10;5;8;3;2;9;7;3;8;5;1;6;7;4;3;3;1;0;6;5;2;15
3_BUR_J4_Q4;4;3_BUR_J4;3;BUR;4;89;CAZ;102;True;False;False;1,5;90;0;0;1;1;0;0;0;0;1;1;0;0;0;0;0;0;0;0;2;0;0;1;0;0;-3;0;20,0;19;7;17;10;5;8;3;2;9;7;3;8;5;1;6;7;4;3;3;1;0;6;5;2;15
6_BUR_J4_Q4;4;6_BUR_J4;6;BUR;4;89;CAZ;102;True;True;False;4,283333333333333;257;0;0;1;1;0;1;1;0;0;0;0;0;0;0;0;0;1;0;0;0;0;2;0;0;-1;-2;20,0;19;7;17;10;5;8;3;2;9;7;3;8;5;1;6;7;4;3;3;1;0;6;5;2;15
7_BUR_J4_Q4;4;7_BUR_J4;7;BUR;4;89;CAZ;102;True;False;False;0,36666666666666664;22;2;1;1;0;1;1;0;0;0;0;0;0;0;0;0;0;0;0;0;0;0;0;0;1;-5;2;20,0;19;7;17;10;5;8;3;2;9;7;3;8;5;1;6;7;4;3;3;1;0;6;5;2;15
8_BUR_J4_Q4;4;8_BUR_J4;8;BUR;4;89;CAZ;102;True;False;False;0,0;0;0;0;0;0;0;0;0;0;0;0;0;0;0;0;0;0;0;0;0;0;0;0;0;0;0;0;20,0;19;7;17;10;5;8;3;2;9;7;3;8;5;1;6;7;4;3;3;1;0;6;5;2;15
10_BUR_J4_Q4;4;10_BUR_J4;10;BUR;4;89;CAZ;102;True;False;False;10,0;600;6;2;3;1;1;2;1;1;1;0;1;1;0;0;1;1;0;0;0;0;0;0;1;0;-6;7;20,0;19;7;17;10;5;8;3;2;9;7;3;8;5;1;6;7;4;3;3;1;0;6;5;2;15
11_BUR_J4_Q4;4;11_BUR_J4;11;BUR;4;89;CAZ;102;True;False;False;3,5833333333333335;215;0;0;2;2;0;0;0;0;2;2;0;0;0;0;1;1;1;0;0;0;0;0;0;0;-4;0;20,0;19;7;17;10;5;8;3;2;9;7;3;8;5;1;6;7;4;3;3;1;0;6;5;2;15
19_BUR_J4_Q4;4;19_BUR_J4;19;BUR;4;89;CAZ;102;True;False;False;5,35;321;2;1;2;1;1;1;0;0;1;1;0;0;0;0;0;0;2;1;1;0;0;0;0;0;0;3;20,0;19;7;17;10;5;8;3;2;9;7;3;8;5;1;6;7;4;3;3;1;0;6;5;2;15
22_BUR_J4_Q4;4;22_BUR_J4;22;BUR;4;89;CAZ;102;True;True;False;2,6;156;0;0;0;0;0;0;0;0;0;0;0;2;2;0;2;2;0;0;0;0;0;0;1;0;-3;1;20,0;19;7;17;10;5;8;3;2;9;7;3;8;5;1;6;7;4;3;3;1;0;6;5;2;15
23_BUR_J4_Q4;4;23_BUR_J4;23;BUR;4;89;CAZ;102;True;True;False;10,0;600;4;2;4;2;2;3;1;0;1;1;0;0;0;0;2;2;0;1;0;0;0;1;1;1;-6;3;20,0;19;7;17;10;5;8;3;2;9;7;3;8;5;1;6;7;4;3;3;1;0;6;5;2;15
40_BUR_J4_Q4;4;40_BUR_J4;40;BUR;4;89;CAZ;102;True;False;False;5,9;354;1;0;0;0;0;0;0;0;0;0;1;2;1;0;0;0;0;0;0;1;0;1;1;0;0;1;20,0;19;7;17;10;5;8;3;2;9;7;3;8;5;1;6;7;4;3;3;1;0;6;5;2;15
56_BUR_J4_Q4;4;56_BUR_J4;56;BUR;4;89;CAZ;102;True;True;False;2,9;174;3;1;3;2;0;0;0;1;3;2;0;0;0;0;0;0;0;0;0;0;0;1;0;0;0;0;20,0;19;7;17;10;5;8;3;2;9;7;3;8;5;1;6;7;4;3;3;1;0;6;5;2;15
BUR_BUR_J4_Q4;4;BUR_BUR_J4;BUR;BUR;4;89;CAZ;102;True;False;False;50,0;3000;0;0;0;0;0;0;0;0;0;0;0;0;0;1;0;1;0;1;0;0;0;0;0;0;0;0;20,0;19;7;17;10;5;8;3;2;9;7;3;8;5;1;6;7;4;3;3;1;0;6;5;2;15
00_CAZ_J4_Q1;1;00_CAZ_J4;00;CAZ;4;102;BUR;89;False;True;True;7,0;420;10;4;5;1;4;4;0;0;1;1;2;2;0;2;0;2;0;0;0;0;0;1;1;2;5;11;20,0;25;8;17;9;6;10;4;2;7;5;7;8;1;4;6;10;5;4;3;0;0;7;6;2;28
0_CAZ_J4_Q1;1;0_CAZ_J4;0;CAZ;4;102;BUR;89;False;False;True;4,2;252;2;0;1;1;0;0;0;0;1;1;2;2;0;0;0;0;2;0;0;0;0;1;1;0;0;3;20,0;25;8;17;9;6;10;4;2;7;5;7;8;1;4;6;10;5;4;3;0;0;7;6;2;28
2_CAZ_J4_Q1;1;2_CAZ_J4;2;CAZ;4;102;BUR;89;False;True;True;5,716666666666667;343;2;1;3;2;1;3;2;0;0;0;0;0;0;1;0;1;3;2;0;0;0;1;0;0;5;1;20,0;25;8;17;9;6;10;4;2;7;5;7;8;1;4;6;10;5;4;3;0;0;7;6;2;28
3_CAZ_J4_Q1;1;3_CAZ_J4;3;CAZ;4;102;BUR;89;False;False;True;3,0;180;0;0;0;0;0;0;0;0;0;0;0;0;0;0;0;0;0;0;0;0;0;1;0;0;-3;-1;20,0;25;8;17;9;6;10;4;2;7;5;7;8;1;4;6;10;5;4;3;0;0;7;6;2;28
4_CAZ_J4_Q1;1;4_CAZ_J4;4;CAZ;4;102;BUR;89;False;True;True;5,0;300;1;0;0;0;0;0;0;0;0;0;1;2;1;0;0;0;0;1;2;0;0;1;3;0;6;3;20,0;25;8;17;9;6;10;4;2;7;5;7;8;1;4;6;10;5;4;3;0;0;7;6;2;28
7_CAZ_J4_Q1;1;7_CAZ_J4;7;CAZ;4;102;BUR;89;False;False;True;4,283333333333333;257;0;0;1;1;0;0;0;0;1;1;0;0;0;0;0;0;0;0;1;0;0;0;0;0;-3;0;20,0;25;8;17;9;6;10;4;2;7;5;7;8;1;4;6;10;5;4;3;0;0;7;6;2;28
10_CAZ_J4_Q1;1;10_CAZ_J4;10;CAZ;4;102;BUR;89;False;False;True;0,0;0;0;0;0;0;0;0;0;0;0;0;0;0;0;0;0;0;0;0;0;0;0;0;0;0;0;0;20,0;25;8;17;9;6;10;4;2;7;5;7;8;1;4;6;10;5;4;3;0;0;7;6;2;28
12_CAZ_J4_Q1;1;12_CAZ_J4;12;CAZ;4;102;BUR;89;False;False;True;5,0;300;0;0;1;1;0;1;1;0;0;0;0;0;0;1;2;3;0;1;0;0;0;0;0;0;-4;1;20,0;25;8;17;9;6;10;4;2;7;5;7;8;1;4;6;10;5;4;3;0;0;7;6;2;28
14_CAZ_J4_Q1;1;14_CAZ_J4;14;CAZ;4;102;BUR;89;False;True;True;5,0;300;0;0;2;2;0;0;0;0;2;2;0;0;0;0;1;1;0;0;0;0;0;1;0;0;6;-2;20,0;25;8;17;9;6;10;4;2;7;5;7;8;1;4;6;10;5;4;3;0;0;7;6;2;28
15_CAZ_J4_Q1;1;15_CAZ_J4;15;CAZ;4;102;BUR;89;False;False;True;5,0;300;7;2;3;1;1;2;1;1;1;0;2;2;0;0;1;1;0;0;0;0;0;1;1;0;-4;7;20,0;25;8;17;9;6;10;4;2;7;5;7;8;1;4;6;10;5;4;3;0;0;7;6;2;28
20_CAZ_J4_Q1;1;20_CAZ_J4;20;CAZ;4;102;BUR;89;False;True;True;5,8;348;3;1;1;0;0;0;0;1;1;0;0;0;0;0;1;1;0;0;0;0;0;0;0;0;2;4;20,0;25;8;17;9;6;10;4;2;7;5;7;8;1;4;6;10;5;4;3;0;0;7;6;2;28
23_CAZ_J4_Q1;1;23_CAZ_J4;23;CAZ;4;102;BUR;89;False;False;True;0,0;0;0;0;0;0;0;0;0;0;0;0;0;0;0;0;0;0;0;0;0;0;0;0;0;0;0;0;20,0;25;8;17;9;6;10;4;2;7;5;7;8;1;4;6;10;5;4;3;0;0;7;6;2;28
CAZ_CAZ_J4_Q1;1;CAZ_CAZ_J4;CAZ;CAZ;4;102;BUR;89;False;False;True;50,0;3000;0;0;0;0;0;0;0;0;0;0;0;0;0;0;1;1;0;0;0;0;0;0;0;0;0;1;20,0;25;8;17;9;6;10;4;2;7;5;7;8;1;4;6;10;5;4;3;0;0;7;6;2;28
0_CAZ_J4_Q2;2;0_CAZ_J4;0;CAZ;4;102;BUR;89;False;False;True;3,433333333333333;206;0;0;3;3;0;0;0;0;3;3;0;0;0;0;0;0;0;2;0;0;0;0;0;0;-1;-5;20,0;25;7;16;9;6;8;2;1;8;7;10;13;3;4;9;13;4;6;2;0;1;4;8;0;29
00_CAZ_J4_Q2;2;00_CAZ_J4;00;CAZ;4;102;BUR;89;False;True;True;8,233333333333333;494;8;1;1;0;1;1;0;0;0;0;6;7;1;0;2;2;0;0;0;0;0;0;4;0;4;13;20,0;25;7;16;9;6;8;2;1;8;7;10;13;3;4;9;13;4;6;2;0;1;4;8;0;29
2_CAZ_J4_Q2;2;2_CAZ_J4;2;CAZ;4;102;BUR;89;False;True;True;6,566666666666666;394;3;0;2;2;0;1;1;0;1;1;3;4;1;1;0;1;3;1;1;0;1;1;2;0;5;4;20,0;25;7;16;9;6;8;2;1;8;7;10;13;3;4;9;13;4;6;2;0;1;4;8;0;29
3_CAZ_J4_Q2;2;3_CAZ_J4;3;CAZ;4;102;BUR;89;False;False;True;3,933333333333333;236;2;1;2;1;1;1;0;0;1;1;0;0;0;1;0;1;0;0;0;0;0;0;0;0;1;2;20,0;25;7;16;9;6;8;2;1;8;7;10;13;3;4;9;13;4;6;2;0;1;4;8;0;29
4_CAZ_J4_Q2;2;4_CAZ_J4;4;CAZ;4;102;BUR;89;False;True;True;3,1166666666666667;187;2;1;2;1;1;1;0;0;1;1;0;0;0;0;1;1;0;0;0;0;0;1;0;0;1;1;20,0;25;7;16;9;6;8;2;1;8;7;10;13;3;4;9;13;4;6;2;0;1;4;8;0;29
7_CAZ_J4_Q2;2;7_CAZ_J4;7;CAZ;4;102;BUR;89;False;False;True;6,316666666666666;379;0;0;0;0;0;0;0;0;0;0;0;0;0;0;1;1;0;0;1;0;0;0;0;0;-2;2;20,0;25;7;16;9;6;8;2;1;8;7;10;13;3;4;9;13;4;6;2;0;1;4;8;0;29
10_CAZ_J4_Q2;2;10_CAZ_J4;10;CAZ;4;102;BUR;89;False;False;True;0,0;0;0;0;0;0;0;0;0;0;0;0;0;0;0;0;0;0;0;0;0;0;0;0;0;0;0;0;20,0;25;7;16;9;6;8;2;1;8;7;10;13;3;4;9;13;4;6;2;0;1;4;8;0;29
12_CAZ_J4_Q2;2;12_CAZ_J4;12;CAZ;4;102;BUR;89;False;False;True;5,45;327;1;0;0;0;0;0;0;0;0;0;1;2;1;1;1;2;0;0;0;0;0;0;1;0;1;3;20,0;25;7;16;9;6;8;2;1;8;7;10;13;3;4;9;13;4;6;2;0;1;4;8;0;29
14_CAZ_J4_Q2;2;14_CAZ_J4;14;CAZ;4;102;BUR;89;False;True;True;4,55;273;0;0;2;2;0;1;1;0;1;1;0;0;0;0;1;1;1;0;0;0;0;0;0;0;3;0;20,0;25;7;16;9;6;8;2;1;8;7;10;13;3;4;9;13;4;6;2;0;1;4;8;0;29
15_CAZ_J4_Q2;2;15_CAZ_J4;15;CAZ;4;102;BUR;89;False;False;True;4,716666666666667;283;4;2;2;0;2;2;0;0;0;0;0;0;0;0;1;1;0;1;0;0;0;0;0;0;2;4;20,0;25;7;16;9;6;8;2;1;8;7;10;13;3;4;9;13;4;6;2;0;1;4;8;0;29
20_CAZ_J4_Q2;2;20_CAZ_J4;20;CAZ;4;102;BUR;89;False;True;True;3,683333333333333;221;5;2;2;0;1;1;0;1;1;0;0;0;0;0;1;1;0;2;0;0;0;2;1;0;6;3;20,0;25;7;16;9;6;8;2;1;8;7;10;13;3;4;9;13;4;6;2;0;1;4;8;0;29
23_CAZ_J4_Q2;2;23_CAZ_J4;23;CAZ;4;102;BUR;89;False;False;True;0,0;0;0;0;0;0;0;0;0;0;0;0;0;0;0;0;0;0;0;0;0;0;0;0;0;0;0;0;20,0;25;7;16;9;6;8;2;1;8;7;10;13;3;4;9;13;4;6;2;0;1;4;8;0;29
CAZ_CAZ_J4_Q2;2;CAZ_CAZ_J4;CAZ;CAZ;4;102;BUR;89;False;False;True;50,0;3000;0;0;0;0;0;0;0;0;0;0;0;0;0;1;1;2;0;0;0;0;0;0;0;0;0;2;20,0;25;7;16;9;6;8;2;1;8;7;10;13;3;4;9;13;4;6;2;0;1;4;8;0;29
00_CAZ_J4_Q3;3;00_CAZ_J4;00;CAZ;4;102;BUR;89;False;True;True;7,4;444;4;2;2;0;2;2;0;0;0;0;0;0;0;0;2;2;0;0;0;0;0;1;1;0;-3;6;20,0;27;8;14;6;5;9;4;3;5;2;8;8;0;3;8;11;5;8;0;2;2;11;6;0;24
0_CAZ_J4_Q3;3;0_CAZ_J4;0;CAZ;4;102;BUR;89;False;False;True;8,8;528;2;0;0;0;0;0;0;0;0;0;2;2;0;0;0;0;3;1;0;0;0;0;1;0;6;5;20,0;27;8;14;6;5;9;4;3;5;2;8;8;0;3;8;11;5;8;0;2;2;11;6;0;24
2_CAZ_J4_Q3;3;2_CAZ_J4;2;CAZ;4;102;BUR;89;False;True;True;0,9333333333333333;56;0;0;0;0;0;0;0;0;0;0;0;0;0;0;0;0;0;0;0;0;0;1;0;0;-5;-1;20,0;27;8;14;6;5;9;4;3;5;2;8;8;0;3;8;11;5;8;0;2;2;11;6;0;24
3_CAZ_J4_Q3;3;3_CAZ_J4;3;CAZ;4;102;BUR;89;False;False;True;0,26666666666666666;16;0;0;0;0;0;0;0;0;0;0;0;0;0;0;0;0;0;0;0;0;0;0;0;0;2;0;20,0;27;8;14;6;5;9;4;3;5;2;8;8;0;3;8;11;5;8;0;2;2;11;6;0;24
4_CAZ_J4_Q3;3;4_CAZ_J4;4;CAZ;4;102;BUR;89;False;True;True;10,0;600;6;1;3;2;1;2;1;0;1;1;4;4;0;1;3;4;2;1;0;0;0;0;2;0;1;11;20,0;27;8;14;6;5;9;4;3;5;2;8;8;0;3;8;11;5;8;0;2;2;11;6;0;24
7_CAZ_J4_Q3;3;7_CAZ_J4;7;CAZ;4;102;BUR;89;False;False;True;5,916666666666667;355;3;1;2;1;0;1;1;1;1;0;0;0;0;0;0;0;0;0;0;1;1;3;0;0;3;-1;20,0;27;8;14;6;5;9;4;3;5;2;8;8;0;3;8;11;5;8;0;2;2;11;6;0;24
10_CAZ_J4_Q3;3;10_CAZ_J4;10;CAZ;4;102;BUR;89;False;False;True;0,0;0;0;0;0;0;0;0;0;0;0;0;0;0;0;0;0;0;0;0;0;0;0;0;0;0;0;0;20,0;27;8;14;6;5;9;4;3;5;2;8;8;0;3;8;11;5;8;0;2;2;11;6;0;24
12_CAZ_J4_Q3;3;12_CAZ_J4;12;CAZ;4;102;BUR;89;False;False;True;8,933333333333334;536;6;2;3;1;2;3;1;0;0;0;2;2;0;1;3;4;0;2;0;0;0;1;2;0;1;8;20,0;27;8;14;6;5;9;4;3;5;2;8;8;0;3;8;11;5;8;0;2;2;11;6;0;24
14_CAZ_J4_Q3;3;14_CAZ_J4;14;CAZ;4;102;BUR;89;False;True;True;1,0666666666666667;64;0;0;2;2;0;1;1;0;1;1;0;0;0;1;0;1;0;0;0;1;1;1;0;0;0;-2;20,0;27;8;14;6;5;9;4;3;5;2;8;8;0;3;8;11;5;8;0;2;2;11;6;0;24
15_CAZ_J4_Q3;3;15_CAZ_J4;15;CAZ;4;102;BUR;89;False;False;True;3,65;219;3;1;1;0;0;0;0;1;1;0;0;0;0;0;0;0;0;1;0;0;0;1;0;0;-4;1;20,0;27;8;14;6;5;9;4;3;5;2;8;8;0;3;8;11;5;8;0;2;2;11;6;0;24
20_CAZ_J4_Q3;3;20_CAZ_J4;20;CAZ;4;102;BUR;89;False;True;True;3,033333333333333;182;3;1;1;0;0;0;0;1;1;0;0;0;0;0;0;0;0;1;0;0;0;2;0;0;4;0;20,0;27;8;14;6;5;9;4;3;5;2;8;8;0;3;8;11;5;8;0;2;2;11;6;0;24
23_CAZ_J4_Q3;3;23_CAZ_J4;23;CAZ;4;102;BUR;89;False;False;True;0,0;0;0;0;0;0;0;0;0;0;0;0;0;0;0;0;0;0;0;0;0;0;0;0;0;0;0;0;20,0;27;8;14;6;5;9;4;3;5;2;8;8;0;3;8;11;5;8;0;2;2;11;6;0;24
CAZ_CAZ_J4_Q3;3;CAZ_CAZ_J4;CAZ;CAZ;4;102;BUR;89;False;False;True;50,0;3000;0;0;0;0;0;0;0;0;0;0;0;0;0;0;0;0;0;2;0;0;0;1;0;0;0;-3;20,0;27;8;14;6;5;9;4;3;5;2;8;8;0;3;8;11;5;8;0;2;2;11;6;0;24
00_CAZ_J4_Q4;4;00_CAZ_J4;00;CAZ;4;102;BUR;89;False;True;True;9,766666666666667;586;2;1;1;0;1;1;0;0;0;0;0;0;0;1;2;3;1;0;0;0;0;1;1;0;3;6;20,0;25;9;18;9;5;12;7;4;6;2;3;4;1;4;9;13;6;6;3;0;1;6;6;0;30
0_CAZ_J4_Q4;4;0_CAZ_J4;0;CAZ;4;102;BUR;89;False;False;True;6,133333333333334;368;1;0;1;1;0;1;1;0;0;0;1;2;1;0;1;1;2;0;1;0;0;0;2;0;1;5;20,0;25;9;18;9;5;12;7;4;6;2;3;4;1;4;9;13;6;6;3;0;1;6;6;0;30
2_CAZ_J4_Q4;4;2_CAZ_J4;2;CAZ;4;102;BUR;89;False;True;True;9,983333333333333;599;4;1;5;4;1;5;4;0;0;0;2;2;0;0;1;1;0;3;0;0;1;0;3;0;3;0;20,0;25;9;18;9;5;12;7;4;6;2;3;4;1;4;9;13;6;6;3;0;1;6;6;0;30
3_CAZ_J4_Q4;4;3_CAZ_J4;3;CAZ;4;102;BUR;89;False;False;True;0,0;0;0;0;0;0;0;0;0;0;0;0;0;0;0;0;0;0;0;0;0;0;0;0;0;0;0;0;20,0;25;9;18;9;5;12;7;4;6;2;3;4;1;4;9;13;6;6;3;0;1;6;6;0;30
4_CAZ_J4_Q4;4;4_CAZ_J4;4;CAZ;4;102;BUR;89;False;True;True;10,0;600;7;3;5;2;2;3;1;1;2;1;0;0;0;0;2;2;0;1;1;0;0;2;0;0;6;5;20,0;25;9;18;9;5;12;7;4;6;2;3;4;1;4;9;13;6;6;3;0;1;6;6;0;30
7_CAZ_J4_Q4;4;7_CAZ_J4;7;CAZ;4;102;BUR;89;False;False;True;0,0;0;0;0;0;0;0;0;0;0;0;0;0;0;0;0;0;0;0;0;0;0;0;0;0;0;0;0;20,0;25;9;18;9;5;12;7;4;6;2;3;4;1;4;9;13;6;6;3;0;1;6;6;0;30
10_CAZ_J4_Q4;4;10_CAZ_J4;10;CAZ;4;102;BUR;89;False;False;True;0,0;0;0;0;0;0;0;0;0;0;0;0;0;0;0;0;0;0;0;0;0;0;0;0;0;0;0;0;20,0;25;9;18;9;5;12;7;4;6;2;3;4;1;4;9;13;6;6;3;0;1;6;6;0;30
12_CAZ_J4_Q4;4;12_CAZ_J4;12;CAZ;4;102;BUR;89;False;False;True;1,2833333333333334;77;0;0;0;0;0;0;0;0;0;0;0;0;0;0;0;0;0;0;0;0;0;0;0;0;-3;0;20,0;25;9;18;9;5;12;7;4;6;2;3;4;1;4;9;13;6;6;3;0;1;6;6;0;30
14_CAZ_J4_Q4;4;14_CAZ_J4;14;CAZ;4;102;BUR;89;False;True;True;8,616666666666667;517;5;2;3;1;1;2;1;1;1;0;0;0;0;2;2;4;3;0;0;0;0;1;0;0;9;10;20,0;25;9;18;9;5;12;7;4;6;2;3;4;1;4;9;13;6;6;3;0;1;6;6;0;30
15_CAZ_J4_Q4;4;15_CAZ_J4;15;CAZ;4;102;BUR;89;False;False;True;3,8833333333333333;233;6;2;3;1;0;0;0;2;3;1;0;0;0;0;1;1;0;1;0;0;0;2;0;0;8;3;20,0;25;9;18;9;5;12;7;4;6;2;3;4;1;4;9;13;6;6;3;0;1;6;6;0;30
20_CAZ_J4_Q4;4;20_CAZ_J4;20;CAZ;4;102;BUR;89;False;True;True;0,3333333333333333;20;0;0;0;0;0;0;0;0;0;0;0;0;0;0;0;0;0;0;0;0;0;0;0;0;3;0;20,0;25;9;18;9;5;12;7;4;6;2;3;4;1;4;9;13;6;6;3;0;1;6;6;0;30
23_CAZ_J4_Q4;4;23_CAZ_J4;23;CAZ;4;102;BUR;89;False;False;True;0,0;0;0;0;0;0;0;0;0;0;0;0;0;0;0;0;0;0;0;0;0;0;0;0;0;0;0;0;20,0;25;9;18;9;5;12;7;4;6;2;3;4;1;4;9;13;6;6;3;0;1;6;6;0;30
CAZ_CAZ_J4_Q4;4;CAZ_CAZ_J4;CAZ;CAZ;4;102;BUR;89;False;False;True;50,0;3000;0;0;0;0;0;0;0;0;0;0;0;0;0;1;0;1;0;1;1;0;0;0;0;0;0;1;20,0;25;9;18;9;5;12;7;4;6;2;3;4;1;4;9;13;6;6;3;0;1;6;6;0;30
2_GIR_J4_Q1;1;2_GIR_J4;2;GIR;4;85;DGC;81;True;False;True;2,6166666666666667;157;0;0;1;1;0;1;1;0;0;0;0;0;0;0;1;1;0;1;0;0;0;2;0;0;3;-3;20,0;23;8;15;7;4;7;3;4;8;4;3;4;1;2;6;8;4;6;3;0;0;7;6;2;23
4_GIR_J4_Q1;1;4_GIR_J4;4;GIR;4;85;DGC;81;True;True;True;8,1;486;4;2;4;2;2;2;0;0;2;2;0;0;0;0;0;0;0;0;1;0;0;1;0;1;3;2;20,0;23;8;15;7;4;7;3;4;8;4;3;4;1;2;6;8;4;6;3;0;0;7;6;2;23
5_GIR_J4_Q1;1;5_GIR_J4;5;GIR;4;85;DGC;81;True;True;True;6,2;372;0;0;0;0;0;0;0;0;0;0;0;0;0;0;0;0;0;1;0;0;0;1;1;0;3;-1;20,0;23;8;15;7;4;7;3;4;8;4;3;4;1;2;6;8;4;6;3;0;0;7;6;2;23
7_GIR_J4_Q1;1;7_GIR_J4;7;GIR;4;85;DGC;81;True;False;True;0,0;0;0;0;0;0;0;0;0;0;0;0;0;0;0;0;0;0;0;0;0;0;0;0;0;0;0;0;20,0;23;8;15;7;4;7;3;4;8;4;3;4;1;2;6;8;4;6;3;0;0;7;6;2;23
8_GIR_J4_Q1;1;8_GIR_J4;8;GIR;4;85;DGC;81;True;False;True;3,8;228;6;2;3;1;0;0;0;2;3;1;0;0;0;0;1;1;0;0;0;0;0;0;1;0;-3;7;20,0;23;8;15;7;4;7;3;4;8;4;3;4;1;2;6;8;4;6;3;0;0;7;6;2;23
9_GIR_J4_Q1;1;9_GIR_J4;9;GIR;4;85;DGC;81;True;False;True;0,0;0;0;0;0;0;0;0;0;0;0;0;0;0;0;0;0;0;0;0;0;0;0;0;0;0;0;0;20,0;23;8;15;7;4;7;3;4;8;4;3;4;1;2;6;8;4;6;3;0;0;7;6;2;23
10_GIR_J4_Q1;1;10_GIR_J4;10;GIR;4;85;DGC;81;True;False;True;3,2;192;0;0;0;0;0;0;0;0;0;0;0;0;0;0;0;0;1;1;1;0;0;0;0;0;-2;1;20,0;23;8;15;7;4;7;3;4;8;4;3;4;1;2;6;8;4;6;3;0;0;7;6;2;23
11_GIR_J4_Q1;1;11_GIR_J4;11;GIR;4;85;DGC;81;True;True;True;6,8;408;6;2;2;0;0;0;0;2;2;0;0;0;0;1;1;2;1;0;1;0;0;0;1;0;2;11;20,0;23;8;15;7;4;7;3;4;8;4;3;4;1;2;6;8;4;6;3;0;0;7;6;2;23
12_GIR_J4_Q1;1;12_GIR_J4;12;GIR;4;85;DGC;81;True;False;True;4,75;285;3;0;0;0;0;0;0;0;0;0;3;4;1;1;0;1;0;0;0;0;0;0;3;0;-2;6;20,0;23;8;15;7;4;7;3;4;8;4;3;4;1;2;6;8;4;6;3;0;0;7;6;2;23
21_GIR_J4_Q1;1;21_GIR_J4;21;GIR;4;85;DGC;81;True;False;True;5,383333333333334;323;0;0;1;1;0;1;1;0;0;0;0;0;0;0;1;1;1;2;0;0;0;2;0;0;1;-3;20,0;23;8;15;7;4;7;3;4;8;4;3;4;1;2;6;8;4;6;3;0;0;7;6;2;23
23_GIR_J4_Q1;1;23_GIR_J4;23;GIR;4;85;DGC;81;True;True;True;7,383333333333334;443;4;2;3;1;2;2;0;0;1;1;0;0;0;0;2;2;1;0;0;0;0;1;0;1;0;5;20,0;23;8;15;7;4;7;3;4;8;4;3;4;1;2;6;8;4;6;3;0;0;7;6;2;23
25_GIR_J4_Q1;1;25_GIR_J4;25;GIR;4;85;DGC;81;True;True;True;1,7666666666666666;106;0;0;1;1;0;1;1;0;0;0;0;0;0;0;0;0;0;1;0;0;0;0;0;0;-5;-2;20,0;23;8;15;7;4;7;3;4;8;4;3;4;1;2;6;8;4;6;3;0;0;7;6;2;23
GIR_GIR_J4_Q1;1;GIR_GIR_J4;GIR;GIR;4;85;DGC;81;True;False;True;50,0;3000;0;0;0;0;0;0;0;0;0;0;0;0;0;0;0;0;0;0;0;0;0;0;0;0;0;0;20,0;23;8;15;7;4;7;3;4;8;4;3;4;1;2;6;8;4;6;3;0;0;7;6;2;23
2_GIR_J4_Q2;2;2_GIR_J4;2;GIR;4;85;DGC;81;True;False;True;1,85;111;0;0;1;1;0;1;1;0;0;0;0;0;0;0;1;1;0;0;0;0;0;1;0;0;-1;-1;20,0;24;8;13;5;4;7;3;4;6;2;4;8;4;2;10;12;5;4;0;0;1;5;6;1;28
4_GIR_J4_Q2;2;4_GIR_J4;4;GIR;4;85;DGC;81;True;True;True;4,716666666666667;283;2;1;2;1;1;2;1;0;0;0;0;2;2;0;1;1;0;1;0;0;1;0;1;0;-3;-1;20,0;24;8;13;5;4;7;3;4;6;2;4;8;4;2;10;12;5;4;0;0;1;5;6;1;28
5_GIR_J4_Q2;2;5_GIR_J4;5;GIR;4;85;DGC;81;True;True;True;5,8;348;6;2;2;0;0;0;0;2;2;0;0;0;0;0;0;0;1;0;0;0;0;1;2;0;11;8;20,0;24;8;13;5;4;7;3;4;6;2;4;8;4;2;10;12;5;4;0;0;1;5;6;1;28
7_GIR_J4_Q2;2;7_GIR_J4;7;GIR;4;85;DGC;81;True;False;True;3,65;219;0;0;0;0;0;0;0;0;0;0;0;0;0;0;1;1;0;0;0;0;0;1;0;0;-9;0;20,0;24;8;13;5;4;7;3;4;6;2;4;8;4;2;10;12;5;4;0;0;1;5;6;1;28
8_GIR_J4_Q2;2;8_GIR_J4;8;GIR;4;85;DGC;81;True;False;True;7,366666666666666;442;5;2;2;0;1;1;0;1;1;0;0;0;0;0;2;2;1;0;0;0;0;0;0;1;3;8;20,0;24;8;13;5;4;7;3;4;6;2;4;8;4;2;10;12;5;4;0;0;1;5;6;1;28
9_GIR_J4_Q2;2;9_GIR_J4;9;GIR;4;85;DGC;81;True;False;True;0,0;0;0;0;0;0;0;0;0;0;0;0;0;0;0;0;0;0;0;0;0;0;0;0;0;0;0;0;20,0;24;8;13;5;4;7;3;4;6;2;4;8;4;2;10;12;5;4;0;0;1;5;6;1;28
10_GIR_J4_Q2;2;10_GIR_J4;10;GIR;4;85;DGC;81;True;False;True;3,8666666666666667;232;0;0;1;1;0;0;0;0;1;1;0;0;0;0;0;0;1;1;0;0;0;0;0;0;1;-1;20,0;24;8;13;5;4;7;3;4;6;2;4;8;4;2;10;12;5;4;0;0;1;5;6;1;28
11_GIR_J4_Q2;2;11_GIR_J4;11;GIR;4;85;DGC;81;True;True;True;6,133333333333334;368;5;1;2;1;0;1;1;1;1;0;2;2;0;0;0;0;1;1;0;0;0;0;1;0;3;5;20,0;24;8;13;5;4;7;3;4;6;2;4;8;4;2;10;12;5;4;0;0;1;5;6;1;28
12_GIR_J4_Q2;2;12_GIR_J4;12;GIR;4;85;DGC;81;True;False;True;5,016666666666667;301;0;0;1;1;0;0;0;0;1;1;0;0;0;0;2;2;1;0;0;0;0;0;0;0;7;2;20,0;24;8;13;5;4;7;3;4;6;2;4;8;4;2;10;12;5;4;0;0;1;5;6;1;28
21_GIR_J4_Q2;2;21_GIR_J4;21;GIR;4;85;DGC;81;True;False;True;0,0;0;0;0;0;0;0;0;0;0;0;0;0;0;0;0;0;0;0;0;0;0;0;0;0;0;0;0;20,0;24;8;13;5;4;7;3;4;6;2;4;8;4;2;10;12;5;4;0;0;1;5;6;1;28
23_GIR_J4_Q2;2;23_GIR_J4;23;GIR;4;85;DGC;81;True;True;True;6,616666666666666;397;2;1;1;0;1;1;0;0;0;0;0;0;0;2;3;5;0;0;0;0;0;1;0;0;11;6;20,0;24;8;13;5;4;7;3;4;6;2;4;8;4;2;10;12;5;4;0;0;1;5;6;1;28
25_GIR_J4_Q2;2;25_GIR_J4;25;GIR;4;85;DGC;81;True;True;True;4,983333333333333;299;4;1;1;0;1;1;0;0;0;0;2;4;2;0;0;0;0;0;0;0;0;0;2;0;-3;4;20,0;24;8;13;5;4;7;3;4;6;2;4;8;4;2;10;12;5;4;0;0;1;5;6;1;28
GIR_GIR_J4_Q2;2;GIR_GIR_J4;GIR;GIR;4;85;DGC;81;True;False;True;50,0;3000;0;0;0;0;0;0;0;0;0;0;0;0;0;0;0;0;0;1;0;0;0;1;0;0;0;-2;20,0;24;8;13;5;4;7;3;4;6;2;4;8;4;2;10;12;5;4;0;0;1;5;6;1;28
2_GIR_J4_Q3;3;2_GIR_J4;2;GIR;4;85;DGC;81;True;False;True;3,3666666666666667;202;2;0;1;1;0;1;1;0;0;0;2;4;2;0;0;0;0;0;0;0;0;0;2;0;0;1;20,0;17;6;18;12;5;10;5;1;8;7;4;6;2;3;10;13;0;0;0;2;1;5;5;0;17
4_GIR_J4_Q3;3;4_GIR_J4;4;GIR;4;85;DGC;81;True;True;True;6,633333333333334;398;0;0;2;2;0;1;1;0;1;1;0;0;0;1;0;1;0;0;0;0;1;0;0;0;1;-2;20,0;17;6;18;12;5;10;5;1;8;7;4;6;2;3;10;13;0;0;0;2;1;5;5;0;17
5_GIR_J4_Q3;3;5_GIR_J4;5;GIR;4;85;DGC;81;True;True;True;5,35;321;3;1;3;2;0;0;0;1;3;2;0;0;0;0;1;1;0;0;0;0;0;0;0;0;1;2;20,0;17;6;18;12;5;10;5;1;8;7;4;6;2;3;10;13;0;0;0;2;1;5;5;0;17
7_GIR_J4_Q3;3;7_GIR_J4;7;GIR;4;85;DGC;81;True;False;True;0,0;0;0;0;0;0;0;0;0;0;0;0;0;0;0;0;0;0;0;0;0;0;0;0;0;0;0;0;20,0;17;6;18;12;5;10;5;1;8;7;4;6;2;3;10;13;0;0;0;2;1;5;5;0;17
8_GIR_J4_Q3;3;8_GIR_J4;8;GIR;4;85;DGC;81;True;False;True;4,65;279;2;1;1;0;1;1;0;0;0;0;0;0;0;0;0;0;0;0;0;0;0;2;0;0;0;0;20,0;17;6;18;12;5;10;5;1;8;7;4;6;2;3;10;13;0;0;0;2;1;5;5;0;17
9_GIR_J4_Q3;3;9_GIR_J4;9;GIR;4;85;DGC;81;True;False;True;0,0;0;0;0;0;0;0;0;0;0;0;0;0;0;0;0;0;0;0;0;0;0;0;0;0;0;0;0;20,0;17;6;18;12;5;10;5;1;8;7;4;6;2;3;10;13;0;0;0;2;1;5;5;0;17
10_GIR_J4_Q3;3;10_GIR_J4;10;GIR;4;85;DGC;81;True;False;True;4,65;279;2;1;2;1;1;1;0;0;1;1;0;0;0;0;0;0;0;0;0;0;0;0;0;0;0;1;20,0;17;6;18;12;5;10;5;1;8;7;4;6;2;3;10;13;0;0;0;2;1;5;5;0;17
11_GIR_J4_Q3;3;11_GIR_J4;11;GIR;4;85;DGC;81;True;True;True;5,35;321;0;0;2;2;0;1;1;0;1;1;0;0;0;0;1;1;0;0;0;0;0;0;1;0;1;0;20,0;17;6;18;12;5;10;5;1;8;7;4;6;2;3;10;13;0;0;0;2;1;5;5;0;17
12_GIR_J4_Q3;3;12_GIR_J4;12;GIR;4;85;DGC;81;True;False;True;5,883333333333334;353;0;0;2;2;0;1;1;0;1;1;0;0;0;0;1;1;0;0;0;0;0;2;0;0;-1;-3;20,0;17;6;18;12;5;10;5;1;8;7;4;6;2;3;10;13;0;0;0;2;1;5;5;0;17
21_GIR_J4_Q3;3;21_GIR_J4;21;GIR;4;85;DGC;81;True;False;True;8,583333333333334;515;6;3;5;2;3;4;1;0;1;1;0;0;0;1;5;6;0;0;0;1;0;0;1;0;1;12;20,0;17;6;18;12;5;10;5;1;8;7;4;6;2;3;10;13;0;0;0;2;1;5;5;0;17
23_GIR_J4_Q3;3;23_GIR_J4;23;GIR;4;85;DGC;81;True;True;True;3,3666666666666667;202;2;0;0;0;0;0;0;0;0;0;2;2;0;0;1;1;0;0;0;0;0;1;1;0;0;3;20,0;17;6;18;12;5;10;5;1;8;7;4;6;2;3;10;13;0;0;0;2;1;5;5;0;17
25_GIR_J4_Q3;3;25_GIR_J4;25;GIR;4;85;DGC;81;True;True;True;2,1666666666666665;130;0;0;0;0;0;0;0;0;0;0;0;0;0;1;0;1;0;0;0;1;0;0;0;0;2;2;20,0;17;6;18;12;5;10;5;1;8;7;4;6;2;3;10;13;0;0;0;2;1;5;5;0;17
GIR_GIR_J4_Q3;3;GIR_GIR_J4;GIR;GIR;4;85;DGC;81;True;False;True;50,0;3000;0;0;0;0;0;0;0;0;0;0;0;0;0;0;1;1;0;0;0;0;0;0;0;0;0;1;20,0;17;6;18;12;5;10;5;1;8;7;4;6;2;3;10;13;0;0;0;2;1;5;5;0;17
2_GIR_J4_Q4;4;2_GIR_J4;2;GIR;4;85;DGC;81;True;False;True;3,4833333333333334;209;2;0;1;1;0;1;1;0;0;0;2;2;0;0;0;0;0;0;0;0;1;0;1;0;-4;1;20,0;21;6;16;10;3;8;5;3;8;5;6;9;3;3;6;9;5;4;3;2;2;7;6;0;20
4_GIR_J4_Q4;4;4_GIR_J4;4;GIR;4;85;DGC;81;True;True;True;6,516666666666667;391;7;1;2;1;0;0;0;1;2;1;4;5;1;0;1;1;0;0;0;0;0;0;2;0;3;8;20,0;21;6;16;10;3;8;5;3;8;5;6;9;3;3;6;9;5;4;3;2;2;7;6;0;20
5_GIR_J4_Q4;4;5_GIR_J4;5;GIR;4;85;DGC;81;True;True;True;3,75;225;0;0;2;2;0;1;1;0;1;1;0;0;0;0;0;0;0;1;1;0;0;3;0;0;0;-5;20,0;21;6;16;10;3;8;5;3;8;5;6;9;3;3;6;9;5;4;3;2;2;7;6;0;20
7_GIR_J4_Q4;4;7_GIR_J4;7;GIR;4;85;DGC;81;True;False;True;0,0;0;0;0;0;0;0;0;0;0;0;0;0;0;0;0;0;0;0;0;0;0;0;0;0;0;0;0;20,0;21;6;16;10;3;8;5;3;8;5;6;9;3;3;6;9;5;4;3;2;2;7;6;0;20
8_GIR_J4_Q4;4;8_GIR_J4;8;GIR;4;85;DGC;81;True;False;True;3,2;192;0;0;1;1;0;1;1;0;0;0;0;0;0;0;0;0;0;0;1;0;0;0;1;0;-2;1;20,0;21;6;16;10;3;8;5;3;8;5;6;9;3;3;6;9;5;4;3;2;2;7;6;0;20
9_GIR_J4_Q4;4;9_GIR_J4;9;GIR;4;85;DGC;81;True;False;True;0,0;0;0;0;0;0;0;0;0;0;0;0;0;0;0;0;0;0;0;0;0;0;0;0;0;0;0;0;20,0;21;6;16;10;3;8;5;3;8;5;6;9;3;3;6;9;5;4;3;2;2;7;6;0;20
10_GIR_J4_Q4;4;10_GIR_J4;10;GIR;4;85;DGC;81;True;False;True;5,916666666666667;355;5;2;3;1;1;1;0;1;2;1;0;0;0;1;2;3;2;0;0;0;0;0;0;0;3;9;20,0;21;6;16;10;3;8;5;3;8;5;6;9;3;3;6;9;5;4;3;2;2;7;6;0;20
11_GIR_J4_Q4;4;11_GIR_J4;11;GIR;4;85;DGC;81;True;True;True;7,283333333333333;437;3;1;3;2;0;0;0;1;3;2;0;2;2;0;0;0;1;1;0;0;0;1;1;0;-1;-1;20,0;21;6;16;10;3;8;5;3;8;5;6;9;3;3;6;9;5;4;3;2;2;7;6;0;20
12_GIR_J4_Q4;4;12_GIR_J4;12;GIR;4;85;DGC;81;True;False;True;2,9;174;0;0;0;0;0;0;0;0;0;0;0;0;0;0;0;0;0;1;0;0;0;0;0;0;-3;-1;20,0;21;6;16;10;3;8;5;3;8;5;6;9;3;3;6;9;5;4;3;2;2;7;6;0;20
21_GIR_J4_Q4;4;21_GIR_J4;21;GIR;4;85;DGC;81;True;False;True;5,883333333333334;353;0;0;0;0;0;0;0;0;0;0;0;0;0;1;1;2;0;0;0;1;0;1;1;0;-2;3;20,0;21;6;16;10;3;8;5;3;8;5;6;9;3;3;6;9;5;4;3;2;2;7;6;0;20
23_GIR_J4_Q4;4;23_GIR_J4;23;GIR;4;85;DGC;81;True;True;True;7,1;426;2;1;3;2;1;3;2;0;0;0;0;0;0;1;0;1;2;0;1;1;1;0;0;0;2;4;20,0;21;6;16;10;3;8;5;3;8;5;6;9;3;3;6;9;5;4;3;2;2;7;6;0;20
25_GIR_J4_Q4;4;25_GIR_J4;25;GIR;4;85;DGC;81;True;True;True;3,966666666666667;238;2;1;1;0;1;1;0;0;0;0;0;0;0;0;1;1;0;0;0;0;0;1;0;0;-1;2;20,0;21;6;16;10;3;8;5;3;8;5;6;9;3;3;6;9;5;4;3;2;2;7;6;0;20
GIR_GIR_J4_Q4;4;GIR_GIR_J4;GIR;GIR;4;85;DGC;81;True;False;True;50,0;3000;0;0;0;0;0;0;0;0;0;0;0;0;0;0;1;1;0;1;0;0;0;1;0;0;0;-1;20,0;21;6;16;10;3;8;5;3;8;5;6;9;3;3;6;9;5;4;3;2;2;7;6;0;20
1_DGC_J4_Q1;1;1_DGC_J4;1;DGC;4;81;GIR;85;False;False;False;0,0;0;0;0;0;0;0;0;0;0;0;0;0;0;0;0;0;0;0;0;0;0;0;0;0;0;0;0;20,0;23;7;15;8;4;8;4;3;7;4;6;8;2;4;5;9;4;4;3;0;0;6;7;0;26
2_DGC_J4_Q1;1;2_DGC_J4;2;DGC;4;81;GIR;85;False;True;False;6,8;408;6;2;5;3;2;3;1;0;2;2;2;2;0;0;0;0;2;0;0;0;0;0;1;0;-2;6;20,0;23;7;15;8;4;8;4;3;7;4;6;8;2;4;5;9;4;4;3;0;0;6;7;0;26
4_DGC_J4_Q1;1;4_DGC_J4;4;DGC;4;81;GIR;85;False;False;False;0,5;30;0;0;1;1;0;1;1;0;0;0;0;0;0;0;0;0;0;0;0;0;0;0;0;0;1;-1;20,0;23;7;15;8;4;8;4;3;7;4;6;8;2;4;5;9;4;4;3;0;0;6;7;0;26
5_DGC_J4_Q1;1;5_DGC_J4;5;DGC;4;81;GIR;85;False;False;False;4,15;249;6;2;3;1;0;0;0;2;3;1;0;0;0;0;1;1;0;1;1;0;0;0;1;0;7;7;20,0;23;7;15;8;4;8;4;3;7;4;6;8;2;4;5;9;4;4;3;0;0;6;7;0;26
6_DGC_J4_Q1;1;6_DGC_J4;6;DGC;4;81;GIR;85;False;True;False;5,85;351;1;0;0;0;0;0;0;0;0;0;1;2;1;0;0;0;1;2;0;0;0;0;1;0;-7;0;20,0;23;7;15;8;4;8;4;3;7;4;6;8;2;4;5;9;4;4;3;0;0;6;7;0;26
9_DGC_J4_Q1;1;9_DGC_J4;9;DGC;4;81;GIR;85;False;True;False;8,583333333333334;515;6;2;3;1;1;1;0;1;2;1;1;2;1;0;2;2;0;0;0;0;0;1;2;0;-2;7;20,0;23;7;15;8;4;8;4;3;7;4;6;8;2;4;5;9;4;4;3;0;0;6;7;0;26
10_DGC_J4_Q1;1;10_DGC_J4;10;DGC;4;81;GIR;85;False;False;False;1,4166666666666667;85;2;1;1;0;1;1;0;0;0;0;0;0;0;1;1;2;0;0;0;0;0;0;0;0;2;4;20,0;23;7;15;8;4;8;4;3;7;4;6;8;2;4;5;9;4;4;3;0;0;6;7;0;26
13_DGC_J4_Q1;1;13_DGC_J4;13;DGC;4;81;GIR;85;False;False;False;4,116666666666666;247;0;0;0;0;0;0;0;0;0;0;0;0;0;1;0;1;1;0;0;0;0;2;0;0;3;0;20,0;23;7;15;8;4;8;4;3;7;4;6;8;2;4;5;9;4;4;3;0;0;6;7;0;26
18_DGC_J4_Q1;1;18_DGC_J4;18;DGC;4;81;GIR;85;False;True;False;7,6;456;0;0;0;0;0;0;0;0;0;0;0;0;0;0;1;1;0;0;1;0;0;1;0;0;-4;1;20,0;23;7;15;8;4;8;4;3;7;4;6;8;2;4;5;9;4;4;3;0;0;6;7;0;26
21_DGC_J4_Q1;1;21_DGC_J4;21;DGC;4;81;GIR;85;False;True;False;5,383333333333334;323;0;0;0;0;0;0;0;0;0;0;0;0;0;2;0;2;0;0;0;0;0;0;1;0;-4;3;20,0;23;7;15;8;4;8;4;3;7;4;6;8;2;4;5;9;4;4;3;0;0;6;7;0;26
23_DGC_J4_Q1;1;23_DGC_J4;23;DGC;4;81;GIR;85;False;False;False;2,4;144;0;0;1;1;0;1;1;0;0;0;0;0;0;0;0;0;0;0;0;0;0;0;0;0;4;-1;20,0;23;7;15;8;4;8;4;3;7;4;6;8;2;4;5;9;4;4;3;0;0;6;7;0;26
24_DGC_J4_Q1;1;24_DGC_J4;24;DGC;4;81;GIR;85;False;False;False;3,2;192;2;0;1;1;0;1;1;0;0;0;2;2;0;0;0;0;0;1;1;0;0;2;1;0;2;0;20,0;23;7;15;8;4;8;4;3;7;4;6;8;2;4;5;9;4;4;3;0;0;6;7;0;26
DGC_DGC_J4_Q1;1;DGC_DGC_J4;DGC;DGC;4;81;GIR;85;False;False;False;50,0;3000;0;0;0;0;0;0;0;0;0;0;0;0;0;0;0;0;0;0;0;0;0;0;0;0;0;0;20,0;23;7;15;8;4;8;4;3;7;4;6;8;2;4;5;9;4;4;3;0;0;6;7;0;26
1_DGC_J4_Q2;2;1_DGC_J4;1;DGC;4;81;GIR;85;False;False;False;0,0;0;0;0;0;0;0;0;0;0;0;0;0;0;0;0;0;0;0;0;0;0;0;0;0;0;0;0;20,0;20;8;20;12;6;11;5;2;9;7;2;2;0;1;5;6;2;0;2;1;0;6;4;0;17
2_DGC_J4_Q2;2;2_DGC_J4;2;DGC;4;81;GIR;85;False;True;False;8,383333333333333;503;5;2;5;3;2;2;0;0;3;3;1;1;0;0;1;1;1;0;1;0;0;0;0;0;-2;5;20,0;20;8;20;12;6;11;5;2;9;7;2;2;0;1;5;6;2;0;2;1;0;6;4;0;17
4_DGC_J4_Q2;2;4_DGC_J4;4;DGC;4;81;GIR;85;False;False;False;6,683333333333334;401;0;0;0;0;0;0;0;0;0;0;0;0;0;0;0;0;0;0;1;0;0;2;0;0;6;-1;20,0;20;8;20;12;6;11;5;2;9;7;2;2;0;1;5;6;2;0;2;1;0;6;4;0;17
5_DGC_J4_Q2;2;5_DGC_J4;5;DGC;4;81;GIR;85;False;False;False;3,183333333333333;191;0;0;1;1;0;1;1;0;0;0;0;0;0;0;0;0;0;0;0;0;0;2;0;0;-1;-3;20,0;20;8;20;12;6;11;5;2;9;7;2;2;0;1;5;6;2;0;2;1;0;6;4;0;17
6_DGC_J4_Q2;2;6_DGC_J4;6;DGC;4;81;GIR;85;False;True;False;6,816666666666666;409;2;1;3;2;1;1;0;0;2;2;0;0;0;0;0;0;1;0;0;0;0;0;0;0;-3;1;20,0;20;8;20;12;6;11;5;2;9;7;2;2;0;1;5;6;2;0;2;1;0;6;4;0;17
9_DGC_J4_Q2;2;9_DGC_J4;9;DGC;4;81;GIR;85;False;True;False;6,383333333333334;383;6;2;4;2;1;2;1;1;2;1;1;1;0;1;1;2;0;0;0;0;0;0;1;0;-1;7;20,0;20;8;20;12;6;11;5;2;9;7;2;2;0;1;5;6;2;0;2;1;0;6;4;0;17
10_DGC_J4_Q2;2;10_DGC_J4;10;DGC;4;81;GIR;85;False;False;False;5,233333333333333;314;7;3;5;2;2;3;1;1;2;1;0;0;0;0;1;1;0;0;0;0;0;1;2;0;-5;7;20,0;20;8;20;12;6;11;5;2;9;7;2;2;0;1;5;6;2;0;2;1;0;6;4;0;17
13_DGC_J4_Q2;2;13_DGC_J4;13;DGC;4;81;GIR;85;False;False;False;0,0;0;0;0;0;0;0;0;0;0;0;0;0;0;0;0;0;0;0;0;0;0;0;0;0;0;0;0;20,0;20;8;20;12;6;11;5;2;9;7;2;2;0;1;5;6;2;0;2;1;0;6;4;0;17
18_DGC_J4_Q2;2;18_DGC_J4;18;DGC;4;81;GIR;85;False;True;False;3,8666666666666667;232;0;0;1;1;0;1;1;0;0;0;0;0;0;0;0;0;0;0;0;0;0;0;0;0;-9;-1;20,0;20;8;20;12;6;11;5;2;9;7;2;2;0;1;5;6;2;0;2;1;0;6;4;0;17
21_DGC_J4_Q2;2;21_DGC_J4;21;DGC;4;81;GIR;85;False;True;False;3,316666666666667;199;0;0;0;0;0;0;0;0;0;0;0;0;0;0;0;0;0;0;0;0;0;1;0;0;-10;-1;20,0;20;8;20;12;6;11;5;2;9;7;2;2;0;1;5;6;2;0;2;1;0;6;4;0;17
23_DGC_J4_Q2;2;23_DGC_J4;23;DGC;4;81;GIR;85;False;False;False;6,133333333333334;368;0;0;1;1;0;1;1;0;0;0;0;0;0;0;2;2;0;0;0;1;0;0;1;0;5;3;20,0;20;8;20;12;6;11;5;2;9;7;2;2;0;1;5;6;2;0;2;1;0;6;4;0;17
24_DGC_J4_Q2;2;24_DGC_J4;24;DGC;4;81;GIR;85;False;False;False;0,0;0;0;0;0;0;0;0;0;0;0;0;0;0;0;0;0;0;0;0;0;0;0;0;0;0;0;0;20,0;20;8;20;12;6;11;5;2;9;7;2;2;0;1;5;6;2;0;2;1;0;6;4;0;17
DGC_DGC_J4_Q2;2;DGC_DGC_J4;DGC;DGC;4;81;GIR;85;False;False;False;50,0;3000;0;0;0;0;0;0;0;0;0;0;0;0;0;0;0;0;0;0;0;0;0;0;0;0;0;0;20,0;20;8;20;12;6;11;5;2;9;7;2;2;0;1;5;6;2;0;2;1;0;6;4;0;17
1_DGC_J4_Q3;3;1_DGC_J4;1;DGC;4;81;GIR;85;False;False;False;0,0;0;0;0;0;0;0;0;0;0;0;0;0;0;0;0;0;0;0;0;0;0;0;0;0;0;0;0;20,0;16;7;19;12;6;12;6;1;7;6;1;3;2;3;9;12;5;2;0;1;2;5;5;0;16
2_DGC_J4_Q3;3;2_DGC_J4;2;DGC;4;81;GIR;85;False;True;False;5,366666666666666;322;0;0;1;1;0;1;1;0;0;0;0;0;0;0;1;1;0;0;0;0;0;1;0;0;-1;-1;20,0;16;7;19;12;6;12;6;1;7;6;1;3;2;3;9;12;5;2;0;1;2;5;5;0;16
4_DGC_J4_Q3;3;4_DGC_J4;4;DGC;4;81;GIR;85;False;False;False;3,35;201;0;0;3;3;0;1;1;0;2;2;0;0;0;0;0;0;0;0;0;0;1;1;0;0;0;-5;20,0;16;7;19;12;6;12;6;1;7;6;1;3;2;3;9;12;5;2;0;1;2;5;5;0;16
5_DGC_J4_Q3;3;5_DGC_J4;5;DGC;4;81;GIR;85;False;False;False;4,633333333333334;278;0;0;1;1;0;0;0;0;1;1;0;0;0;1;0;1;0;0;0;0;0;1;0;0;0;-1;20,0;16;7;19;12;6;12;6;1;7;6;1;3;2;3;9;12;5;2;0;1;2;5;5;0;16
6_DGC_J4_Q3;3;6_DGC_J4;6;DGC;4;81;GIR;85;False;True;False;5,366666666666666;322;0;0;0;0;0;0;0;0;0;0;0;0;0;0;0;0;2;0;0;0;0;0;0;0;-1;2;20,0;16;7;19;12;6;12;6;1;7;6;1;3;2;3;9;12;5;2;0;1;2;5;5;0;16
9_DGC_J4_Q3;3;9_DGC_J4;9;DGC;4;81;GIR;85;False;True;False;6,9;414;0;0;1;1;0;0;0;0;1;1;0;0;0;0;0;0;2;0;0;0;0;0;0;0;-2;1;20,0;16;7;19;12;6;12;6;1;7;6;1;3;2;3;9;12;5;2;0;1;2;5;5;0;16
10_DGC_J4_Q3;3;10_DGC_J4;10;DGC;4;81;GIR;85;False;False;False;3,1;186;2;1;2;1;1;2;1;0;0;0;0;0;0;1;2;3;0;0;0;0;0;0;0;0;1;4;20,0;16;7;19;12;6;12;6;1;7;6;1;3;2;3;9;12;5;2;0;1;2;5;5;0;16
13_DGC_J4_Q3;3;13_DGC_J4;13;DGC;4;81;GIR;85;False;False;False;5,35;321;6;3;5;2;3;5;2;0;0;0;0;0;0;0;1;1;0;0;0;0;1;1;1;0;-1;4;20,0;16;7;19;12;6;12;6;1;7;6;1;3;2;3;9;12;5;2;0;1;2;5;5;0;16
18_DGC_J4_Q3;3;18_DGC_J4;18;DGC;4;81;GIR;85;False;True;False;5,366666666666666;322;2;1;3;2;1;2;1;0;1;1;0;0;0;0;2;2;0;0;0;0;0;0;0;0;-1;2;20,0;16;7;19;12;6;12;6;1;7;6;1;3;2;3;9;12;5;2;0;1;2;5;5;0;16
21_DGC_J4_Q3;3;21_DGC_J4;21;DGC;4;81;GIR;85;False;True;False;1,2833333333333334;77;0;0;0;0;0;0;0;0;0;0;0;0;0;0;0;0;0;0;0;0;0;0;0;0;0;0;20,0;16;7;19;12;6;12;6;1;7;6;1;3;2;3;9;12;5;2;0;1;2;5;5;0;16
23_DGC_J4_Q3;3;23_DGC_J4;23;DGC;4;81;GIR;85;False;False;False;4,65;279;1;0;0;0;0;0;0;0;0;0;1;2;1;0;1;1;1;2;0;1;0;1;2;0;0;2;20,0;16;7;19;12;6;12;6;1;7;6;1;3;2;3;9;12;5;2;0;1;2;5;5;0;16
24_DGC_J4_Q3;3;24_DGC_J4;24;DGC;4;81;GIR;85;False;False;False;4,633333333333334;278;5;2;3;1;1;1;0;1;2;1;0;1;1;0;1;1;0;0;0;0;0;0;2;0;0;6;20,0;16;7;19;12;6;12;6;1;7;6;1;3;2;3;9;12;5;2;0;1;2;5;5;0;16
DGC_DGC_J4_Q3;3;DGC_DGC_J4;DGC;DGC;4;81;GIR;85;False;False;False;50,0;3000;0;0;0;0;0;0;0;0;0;0;0;0;0;1;1;2;0;0;0;0;0;0;0;0;0;2;20,0;16;7;19;12;6;12;6;1;7;6;1;3;2;3;9;12;5;2;0;1;2;5;5;0;16
1_DGC_J4_Q4;4;1_DGC_J4;1;DGC;4;81;GIR;85;False;False;False;0,0;0;0;0;0;0;0;0;0;0;0;0;0;0;0;0;0;0;0;0;0;0;0;0;0;0;0;0;20,0;22;5;13;8;2;7;5;3;6;3;9;9;0;1;8;9;5;5;1;3;2;6;6;1;25
2_DGC_J4_Q4;4;2_DGC_J4;2;DGC;4;81;GIR;85;False;True;False;7,333333333333333;440;5;0;3;3;0;2;2;0;1;1;5;5;0;0;0;0;2;0;0;0;0;1;2;0;3;5;20,0;22;5;13;8;2;7;5;3;6;3;9;9;0;1;8;9;5;5;1;3;2;6;6;1;25
4_DGC_J4_Q4;4;4_DGC_J4;4;DGC;4;81;GIR;85;False;False;False;0,0;0;0;0;0;0;0;0;0;0;0;0;0;0;0;0;0;0;0;0;0;0;0;0;0;0;0;0;20,0;22;5;13;8;2;7;5;3;6;3;9;9;0;1;8;9;5;5;1;3;2;6;6;1;25
5_DGC_J4_Q4;4;5_DGC_J4;5;DGC;4;81;GIR;85;False;False;False;2,066666666666667;124;0;0;1;1;0;0;0;0;1;1;0;0;0;0;1;1;0;1;1;0;0;0;1;0;-2;1;20,0;22;5;13;8;2;7;5;3;6;3;9;9;0;1;8;9;5;5;1;3;2;6;6;1;25
6_DGC_J4_Q4;4;6_DGC_J4;6;DGC;4;81;GIR;85;False;True;False;7,933333333333334;476;3;1;1;0;0;0;0;1;1;0;0;0;0;0;0;0;2;0;0;0;0;0;0;0;3;5;20,0;22;5;13;8;2;7;5;3;6;3;9;9;0;1;8;9;5;5;1;3;2;6;6;1;25
9_DGC_J4_Q4;4;9_DGC_J4;9;DGC;4;81;GIR;85;False;True;False;7,933333333333334;476;7;2;3;1;1;2;1;1;1;0;2;2;0;0;3;3;0;2;0;1;1;1;1;0;3;7;20,0;22;5;13;8;2;7;5;3;6;3;9;9;0;1;8;9;5;5;1;3;2;6;6;1;25
10_DGC_J4_Q4;4;10_DGC_J4;10;DGC;4;81;GIR;85;False;False;False;2,216666666666667;133;0;0;0;0;0;0;0;0;0;0;0;0;0;0;0;0;1;0;0;0;0;1;1;0;-4;1;20,0;22;5;13;8;2;7;5;3;6;3;9;9;0;1;8;9;5;5;1;3;2;6;6;1;25
13_DGC_J4_Q4;4;13_DGC_J4;13;DGC;4;81;GIR;85;False;False;False;7,783333333333333;467;5;1;2;1;0;0;0;1;2;1;2;2;0;0;2;2;0;0;0;0;0;0;1;0;5;7;20,0;22;5;13;8;2;7;5;3;6;3;9;9;0;1;8;9;5;5;1;3;2;6;6;1;25
18_DGC_J4_Q4;4;18_DGC_J4;18;DGC;4;81;GIR;85;False;True;False;7,866666666666666;472;0;0;1;1;0;1;1;0;0;0;0;0;0;0;0;0;0;0;0;0;1;2;0;0;5;-4;20,0;22;5;13;8;2;7;5;3;6;3;9;9;0;1;8;9;5;5;1;3;2;6;6;1;25
21_DGC_J4_Q4;4;21_DGC_J4;21;DGC;4;81;GIR;85;False;True;False;2,066666666666667;124;0;0;0;0;0;0;0;0;0;0;0;0;0;0;0;0;0;0;0;0;0;1;0;0;-2;-1;20,0;22;5;13;8;2;7;5;3;6;3;9;9;0;1;8;9;5;5;1;3;2;6;6;1;25
23_DGC_J4_Q4;4;23_DGC_J4;23;DGC;4;81;GIR;85;False;False;False;2,1333333333333333;128;2;1;1;0;1;1;0;0;0;0;0;0;0;0;0;0;0;1;0;2;0;0;0;1;-4;3;20,0;22;5;13;8;2;7;5;3;6;3;9;9;0;1;8;9;5;5;1;3;2;6;6;1;25
24_DGC_J4_Q4;4;24_DGC_J4;24;DGC;4;81;GIR;85;False;False;False;2,6666666666666665;160;0;0;1;1;0;1;1;0;0;0;0;0;0;0;2;2;0;1;0;0;0;0;0;0;-2;0;20,0;22;5;13;8;2;7;5;3;6;3;9;9;0;1;8;9;5;5;1;3;2;6;6;1;25
DGC_DGC_J4_Q4;4;DGC_DGC_J4;DGC;DGC;4;81;GIR;85;False;False;False;50,0;3000;0;0;0;0;0;0;0;0;0;0;0;0;0;1;0;1;0;0;0;0;0;0;0;0;0;1;20,0;22;5;13;8;2;7;5;3;6;3;9;9;0;1;8;9;5;5;1;3;2;6;6;1;25
0_UCM_J4_Q1;1;0_UCM_J4;0;UCM;4;89;BKN;84;True;True;True;5,866666666666666;352;2;1;1;0;1;1;0;0;0;0;0;0;0;0;0;0;1;1;0;0;0;2;1;0;4;1;20,0;26;8;16;8;3;5;2;5;11;6;5;7;2;3;7;10;5;3;1;2;0;5;6;0;32
1_UCM_J4_Q1;1;1_UCM_J4;1;UCM;4;89;BKN;84;True;False;True;4,133333333333334;248;6;1;2;1;0;0;0;1;2;1;3;4;1;0;1;1;0;0;0;0;0;0;2;0;1;7;20,0;26;8;16;8;3;5;2;5;11;6;5;7;2;3;7;10;5;3;1;2;0;5;6;0;32
2_UCM_J4_Q1;1;2_UCM_J4;2;UCM;4;89;BKN;84;True;True;True;6,333333333333333;380;3;1;1;0;0;0;0;1;1;0;0;0;0;0;2;2;1;0;0;2;0;1;0;0;2;7;20,0;26;8;16;8;3;5;2;5;11;6;5;7;2;3;7;10;5;3;1;2;0;5;6;0;32
5_UCM_J4_Q1;1;5_UCM_J4;5;UCM;4;89;BKN;84;True;True;True;5,866666666666666;352;7;3;5;2;2;2;0;1;3;2;0;0;0;0;0;0;1;0;0;0;0;0;0;0;4;6;20,0;26;8;16;8;3;5;2;5;11;6;5;7;2;3;7;10;5;3;1;2;0;5;6;0;32
8_UCM_J4_Q1;1;8_UCM_J4;8;UCM;4;89;BKN;84;True;False;True;3,6666666666666665;220;3;1;2;1;0;1;1;1;1;0;0;0;0;1;1;2;0;0;0;0;0;0;0;0;3;4;20,0;26;8;16;8;3;5;2;5;11;6;5;7;2;3;7;10;5;3;1;2;0;5;6;0;32
12_UCM_J4_Q1;1;12_UCM_J4;12;UCM;4;89;BKN;84;True;False;True;4,133333333333334;248;0;0;1;1;0;0;0;0;1;1;0;0;0;0;0;0;1;0;0;0;0;0;0;0;1;0;20,0;26;8;16;8;3;5;2;5;11;6;5;7;2;3;7;10;5;3;1;2;0;5;6;0;32
13_UCM_J4_Q1;1;13_UCM_J4;13;UCM;4;89;BKN;84;True;False;True;3,6666666666666665;220;0;0;2;2;0;1;1;0;1;1;0;0;0;0;1;1;0;0;0;0;0;1;0;0;3;-2;20,0;26;8;16;8;3;5;2;5;11;6;5;7;2;3;7;10;5;3;1;2;0;5;6;0;32
15_UCM_J4_Q1;1;15_UCM_J4;15;UCM;4;89;BKN;84;True;False;True;4,133333333333334;248;0;0;0;0;0;0;0;0;0;0;0;0;0;1;0;1;0;0;1;0;0;0;0;0;1;2;20,0;26;8;16;8;3;5;2;5;11;6;5;7;2;3;7;10;5;3;1;2;0;5;6;0;32
21_UCM_J4_Q1;1;21_UCM_J4;21;UCM;4;89;BKN;84;True;False;True;0,0;0;0;0;0;0;0;0;0;0;0;0;0;0;0;0;0;0;0;0;0;0;0;0;0;0;0;0;20,0;26;8;16;8;3;5;2;5;11;6;5;7;2;3;7;10;5;3;1;2;0;5;6;0;32
24_UCM_J4_Q1;1;24_UCM_J4;24;UCM;4;89;BKN;84;True;False;True;0,0;0;0;0;0;0;0;0;0;0;0;0;0;0;0;0;0;0;0;0;0;0;0;0;0;0;0;0;20,0;26;8;16;8;3;5;2;5;11;6;5;7;2;3;7;10;5;3;1;2;0;5;6;0;32
31_UCM_J4_Q1;1;31_UCM_J4;31;UCM;4;89;BKN;84;True;True;True;5,866666666666666;352;0;0;0;0;0;0;0;0;0;0;0;0;0;1;1;2;0;2;0;0;0;0;2;0;4;2;20,0;26;8;16;8;3;5;2;5;11;6;5;7;2;3;7;10;5;3;1;2;0;5;6;0;32
99_UCM_J4_Q1;1;99_UCM_J4;99;UCM;4;89;BKN;84;True;True;True;6,333333333333333;380;5;1;2;1;0;0;0;1;2;1;2;3;1;0;0;0;1;0;0;0;0;1;1;0;2;4;20,0;26;8;16;8;3;5;2;5;11;6;5;7;2;3;7;10;5;3;1;2;0;5;6;0;32
UCM_UCM_J4_Q1;1;UCM_UCM_J4;UCM;UCM;4;89;BKN;84;True;False;True;50,0;3000;0;0;0;0;0;0;0;0;0;0;0;0;0;0;1;1;0;0;0;0;0;0;0;0;0;1;20,0;26;8;16;8;3;5;2;5;11;6;5;7;2;3;7;10;5;3;1;2;0;5;6;0;32
0_UCM_J4_Q2;2;0_UCM_J4;0;UCM;4;89;BKN;84;True;True;True;0,5833333333333334;35;0;0;0;0;0;0;0;0;0;0;0;0;0;0;0;0;0;0;0;0;0;1;0;0;0;-1;20,0;23;11;19;8;11;15;4;0;4;4;1;1;0;2;9;11;3;3;1;0;1;6;3;0;23
1_UCM_J4_Q2;2;1_UCM_J4;1;UCM;4;89;BKN;84;True;False;True;5,9;354;2;1;3;2;1;3;2;0;0;0;0;0;0;0;0;0;0;0;0;0;0;0;1;0;1;1;20,0;23;11;19;8;11;15;4;0;4;4;1;1;0;2;9;11;3;3;1;0;1;6;3;0;23
2_UCM_J4_Q2;2;2_UCM_J4;2;UCM;4;89;BKN;84;True;True;True;4,366666666666666;262;0;0;1;1;0;1;1;0;0;0;0;0;0;0;1;1;1;0;0;0;1;1;0;0;5;-1;20,0;23;11;19;8;11;15;4;0;4;4;1;1;0;2;9;11;3;3;1;0;1;6;3;0;23
5_UCM_J4_Q2;2;5_UCM_J4;5;UCM;4;89;BKN;84;True;True;True;4,1;246;6;3;5;2;3;4;1;0;1;1;0;0;0;0;2;2;0;0;0;0;0;0;0;0;5;6;20,0;23;11;19;8;11;15;4;0;4;4;1;1;0;2;9;11;3;3;1;0;1;6;3;0;23
8_UCM_J4_Q2;2;8_UCM_J4;8;UCM;4;89;BKN;84;True;False;True;5,633333333333334;338;4;2;3;1;2;2;0;0;1;1;0;0;0;0;1;1;1;0;0;0;0;0;0;0;1;5;20,0;23;11;19;8;11;15;4;0;4;4;1;1;0;2;9;11;3;3;1;0;1;6;3;0;23
12_UCM_J4_Q2;2;12_UCM_J4;12;UCM;4;89;BKN;84;True;False;True;5,283333333333333;317;0;0;0;0;0;0;0;0;0;0;0;0;0;0;0;0;0;0;0;0;0;0;1;0;1;1;20,0;23;11;19;8;11;15;4;0;4;4;1;1;0;2;9;11;3;3;1;0;1;6;3;0;23
13_UCM_J4_Q2;2;13_UCM_J4;13;UCM;4;89;BKN;84;True;False;True;6,15;369;0;0;1;1;0;0;0;0;1;1;0;0;0;1;2;3;0;1;0;0;0;0;0;0;-1;1;20,0;23;11;19;8;11;15;4;0;4;4;1;1;0;2;9;11;3;3;1;0;1;6;3;0;23
15_UCM_J4_Q2;2;15_UCM_J4;15;UCM;4;89;BKN;84;True;False;True;9,416666666666666;565;6;3;3;0;3;3;0;0;0;0;0;0;0;0;1;1;0;1;0;0;0;1;0;0;6;5;20,0;23;11;19;8;11;15;4;0;4;4;1;1;0;2;9;11;3;3;1;0;1;6;3;0;23
21_UCM_J4_Q2;2;21_UCM_J4;21;UCM;4;89;BKN;84;True;False;True;0,0;0;0;0;0;0;0;0;0;0;0;0;0;0;0;0;0;0;0;0;0;0;0;0;0;0;0;0;20,0;23;11;19;8;11;15;4;0;4;4;1;1;0;2;9;11;3;3;1;0;1;6;3;0;23
24_UCM_J4_Q2;2;24_UCM_J4;24;UCM;4;89;BKN;84;True;False;True;0,0;0;0;0;0;0;0;0;0;0;0;0;0;0;0;0;0;0;0;0;0;0;0;0;0;0;0;0;20,0;23;11;19;8;11;15;4;0;4;4;1;1;0;2;9;11;3;3;1;0;1;6;3;0;23
31_UCM_J4_Q2;2;31_UCM_J4;31;UCM;4;89;BKN;84;True;True;True;4,716666666666667;283;3;1;1;0;1;1;0;0;0;0;1;1;0;0;1;1;1;0;0;0;0;1;1;0;5;5;20,0;23;11;19;8;11;15;4;0;4;4;1;1;0;2;9;11;3;3;1;0;1;6;3;0;23
99_UCM_J4_Q2;2;99_UCM_J4;99;UCM;4;89;BKN;84;True;True;True;3,85;231;2;1;2;1;1;1;0;0;1;1;0;0;0;1;0;1;0;0;1;0;0;1;0;0;7;2;20,0;23;11;19;8;11;15;4;0;4;4;1;1;0;2;9;11;3;3;1;0;1;6;3;0;23
UCM_UCM_J4_Q2;2;UCM_UCM_J4;UCM;UCM;4;89;BKN;84;True;False;True;50,0;3000;0;0;0;0;0;0;0;0;0;0;0;0;0;0;1;1;0;1;0;0;0;1;0;0;0;-1;20,0;23;11;19;8;11;15;4;0;4;4;1;1;0;2;9;11;3;3;1;0;1;6;3;0;23
0_UCM_J4_Q3;3;0_UCM_J4;0;UCM;4;89;BKN;84;True;True;True;2,933333333333333;176;0;0;0;0;0;0;0;0;0;0;0;0;0;0;0;0;0;1;0;0;0;1;0;0;-12;-2;20,0;19;7;17;10;5;11;6;2;6;4;3;6;3;3;7;10;2;4;2;1;0;5;6;1;18
1_UCM_J4_Q3;3;1_UCM_J4;1;UCM;4;89;BKN;84;True;False;True;5,7;342;3;1;5;4;0;3;3;1;2;1;0;0;0;0;1;1;2;1;1;0;0;1;0;0;-5;1;20,0;19;7;17;10;5;11;6;2;6;4;3;6;3;3;7;10;2;4;2;1;0;5;6;1;18
2_UCM_J4_Q3;3;2_UCM_J4;2;UCM;4;89;BKN;84;True;True;True;6,4;384;2;1;1;0;1;1;0;0;0;0;0;0;0;1;1;2;0;1;1;1;0;0;0;1;7;5;20,0;19;7;17;10;5;11;6;2;6;4;3;6;3;3;7;10;2;4;2;1;0;5;6;1;18
5_UCM_J4_Q3;3;5_UCM_J4;5;UCM;4;89;BKN;84;True;True;True;4,3;258;7;3;4;1;2;2;0;1;2;1;0;0;0;1;0;1;0;1;0;0;0;1;2;0;0;7;20,0;19;7;17;10;5;11;6;2;6;4;3;6;3;3;7;10;2;4;2;1;0;5;6;1;18
8_UCM_J4_Q3;3;8_UCM_J4;8;UCM;4;89;BKN;84;True;False;True;3,6;216;0;0;1;1;0;1;1;0;0;0;0;0;0;0;0;0;0;0;0;0;0;0;0;0;-12;-1;20,0;19;7;17;10;5;11;6;2;6;4;3;6;3;3;7;10;2;4;2;1;0;5;6;1;18
12_UCM_J4_Q3;3;12_UCM_J4;12;UCM;4;89;BKN;84;True;False;True;3,05;183;2;1;2;1;1;2;1;0;0;0;0;0;0;1;0;1;0;0;0;0;0;2;0;0;-12;0;20,0;19;7;17;10;5;11;6;2;6;4;3;6;3;3;7;10;2;4;2;1;0;5;6;1;18
13_UCM_J4_Q3;3;13_UCM_J4;13;UCM;4;89;BKN;84;True;False;True;0,0;0;0;0;0;0;0;0;0;0;0;0;0;0;0;0;0;0;0;0;0;0;0;0;0;0;0;0;20,0;19;7;17;10;5;11;6;2;6;4;3;6;3;3;7;10;2;4;2;1;0;5;6;1;18
15_UCM_J4_Q3;3;15_UCM_J4;15;UCM;4;89;BKN;84;True;False;True;7,066666666666666;424;0;0;0;0;0;0;0;0;0;0;0;2;2;0;2;2;0;0;0;0;0;0;2;0;7;2;20,0;19;7;17;10;5;11;6;2;6;4;3;6;3;3;7;10;2;4;2;1;0;5;6;1;18
21_UCM_J4_Q3;3;21_UCM_J4;21;UCM;4;89;BKN;84;True;False;True;0,0;0;0;0;0;0;0;0;0;0;0;0;0;0;0;0;0;0;0;0;0;0;0;0;0;0;0;0;20,0;19;7;17;10;5;11;6;2;6;4;3;6;3;3;7;10;2;4;2;1;0;5;6;1;18
24_UCM_J4_Q3;3;24_UCM_J4;24;UCM;4;89;BKN;84;True;False;True;0,0;0;0;0;0;0;0;0;0;0;0;0;0;0;0;0;0;0;0;0;0;0;0;0;0;0;0;0;20,0;19;7;17;10;5;11;6;2;6;4;3;6;3;3;7;10;2;4;2;1;0;5;6;1;18
31_UCM_J4_Q3;3;31_UCM_J4;31;UCM;4;89;BKN;84;True;True;True;6,95;417;2;1;3;2;1;2;1;0;1;1;0;1;1;0;1;1;0;0;0;0;0;0;1;0;7;1;20,0;19;7;17;10;5;11;6;2;6;4;3;6;3;3;7;10;2;4;2;1;0;5;6;1;18
99_UCM_J4_Q3;3;99_UCM_J4;99;UCM;4;89;BKN;84;True;True;True;10,0;600;3;0;1;1;0;0;0;0;1;1;3;3;0;0;2;2;0;0;0;0;0;0;1;0;-5;5;20,0;19;7;17;10;5;11;6;2;6;4;3;6;3;3;7;10;2;4;2;1;0;5;6;1;18
UCM_UCM_J4_Q3;3;UCM_UCM_J4;UCM;UCM;4;89;BKN;84;True;False;True;50,0;3000;0;0;0;0;0;0;0;0;0;0;0;0;0;0;0;0;0;0;0;0;0;0;0;0;0;0;20,0;19;7;17;10;5;11;6;2;6;4;3;6;3;3;7;10;2;4;2;1;0;5;6;1;18
0_UCM_J4_Q4;4;0_UCM_J4;0;UCM;4;89;BKN;84;True;True;True;4,2;252;2;1;1;0;1;1;0;0;0;0;0;0;0;0;0;0;0;0;0;0;0;0;0;1;-1;2;20,0;21;8;16;8;7;13;6;1;3;2;4;6;2;1;8;9;4;4;1;1;1;4;6;1;23
1_UCM_J4_Q4;4;1_UCM_J4;1;UCM;4;89;BKN;84;True;False;True;0,0;0;0;0;0;0;0;0;0;0;0;0;0;0;0;0;0;0;0;0;0;0;0;0;0;0;0;0;20,0;21;8;16;8;7;13;6;1;3;2;4;6;2;1;8;9;4;4;1;1;1;4;6;1;23
2_UCM_J4_Q4;4;2_UCM_J4;2;UCM;4;89;BKN;84;True;True;True;6,983333333333333;419;0;0;1;1;0;0;0;0;1;1;0;0;0;0;2;2;1;2;1;1;0;1;0;0;-4;1;20,0;21;8;16;8;7;13;6;1;3;2;4;6;2;1;8;9;4;4;1;1;1;4;6;1;23
5_UCM_J4_Q4;4;5_UCM_J4;5;UCM;4;89;BKN;84;True;True;True;9,3;558;5;1;2;1;1;2;1;0;0;0;3;4;1;0;1;1;3;0;0;0;0;0;4;0;2;11;20,0;21;8;16;8;7;13;6;1;3;2;4;6;2;1;8;9;4;4;1;1;1;4;6;1;23
8_UCM_J4_Q4;4;8_UCM_J4;8;UCM;4;89;BKN;84;True;False;True;4,733333333333333;284;3;1;1;0;1;1;0;0;0;0;1;2;1;0;1;1;0;0;0;0;0;0;2;0;-1;5;20,0;21;8;16;8;7;13;6;1;3;2;4;6;2;1;8;9;4;4;1;1;1;4;6;1;23
12_UCM_J4_Q4;4;12_UCM_J4;12;UCM;4;89;BKN;84;True;False;True;0,0;0;0;0;0;0;0;0;0;0;0;0;0;0;0;0;0;0;0;0;0;0;0;0;0;0;0;0;20,0;21;8;16;8;7;13;6;1;3;2;4;6;2;1;8;9;4;4;1;1;1;4;6;1;23
13_UCM_J4_Q4;4;13_UCM_J4;13;UCM;4;89;BKN;84;True;False;True;5,583333333333333;335;0;0;0;0;0;0;0;0;0;0;0;0;0;0;0;0;0;0;0;0;0;0;0;0;1;0;20,0;21;8;16;8;7;13;6;1;3;2;4;6;2;1;8;9;4;4;1;1;1;4;6;1;23
15_UCM_J4_Q4;4;15_UCM_J4;15;UCM;4;89;BKN;84;True;False;True;5,583333333333333;335;6;3;6;3;3;6;3;0;0;0;0;0;0;1;1;2;0;1;0;0;1;2;0;0;1;1;20,0;21;8;16;8;7;13;6;1;3;2;4;6;2;1;8;9;4;4;1;1;1;4;6;1;23
21_UCM_J4_Q4;4;21_UCM_J4;21;UCM;4;89;BKN;84;True;False;True;0,0;0;0;0;0;0;0;0;0;0;0;0;0;0;0;0;0;0;0;0;0;0;0;0;0;0;0;0;20,0;21;8;16;8;7;13;6;1;3;2;4;6;2;1;8;9;4;4;1;1;1;4;6;1;23
24_UCM_J4_Q4;4;24_UCM_J4;24;UCM;4;89;BKN;84;True;False;True;0,0;0;0;0;0;0;0;0;0;0;0;0;0;0;0;0;0;0;0;0;0;0;0;0;0;0;0;0;20,0;21;8;16;8;7;13;6;1;3;2;4;6;2;1;8;9;4;4;1;1;1;4;6;1;23
31_UCM_J4_Q4;4;31_UCM_J4;31;UCM;4;89;BKN;84;True;True;True;10,0;600;2;1;4;3;1;3;2;0;1;1;0;0;0;0;2;2;0;1;0;0;0;0;0;0;-1;0;20,0;21;8;16;8;7;13;6;1;3;2;4;6;2;1;8;9;4;4;1;1;1;4;6;1;23
99_UCM_J4_Q4;4;99_UCM_J4;99;UCM;4;89;BKN;84;True;True;True;3,6166666666666667;217;3;1;1;0;0;0;0;1;1;0;0;0;0;0;1;1;0;0;0;0;0;1;0;0;-2;3;20,0;21;8;16;8;7;13;6;1;3;2;4;6;2;1;8;9;4;4;1;1;1;4;6;1;23
UCM_UCM_J4_Q4;4;UCM_UCM_J4;UCM;UCM;4;89;BKN;84;True;False;True;50,0;3000;0;0;0;0;0;0;0;0;0;0;0;0;0;0;0;0;0;0;0;0;0;0;0;0;0;0;20,0;21;8;16;8;7;13;6;1;3;2;4;6;2;1;8;9;4;4;1;1;1;4;6;1;23
1_BKN_J4_Q1;1;1_BKN_J4;1;BKN;4;84;UCM;89;False;True;False;5,8;348;0;0;0;0;0;0;0;0;0;0;0;0;0;1;0;1;1;0;0;1;0;1;0;0;3;2;20,0;22;8;21;13;7;13;6;1;8;7;5;5;0;5;8;13;1;4;2;1;0;6;4;0;20
2_BKN_J4_Q1;1;2_BKN_J4;2;BKN;4;84;UCM;89;False;True;False;10,0;600;9;4;7;3;3;3;0;1;4;3;0;0;0;1;1;2;0;1;0;0;0;2;0;0;1;5;20,0;22;8;21;13;7;13;6;1;8;7;5;5;0;5;8;13;1;4;2;1;0;6;4;0;20
3_BKN_J4_Q1;1;3_BKN_J4;3;BKN;4;84;UCM;89;False;False;False;0,0;0;0;0;0;0;0;0;0;0;0;0;0;0;0;0;0;0;0;0;0;0;0;0;0;0;0;0;20,0;22;8;21;13;7;13;6;1;8;7;5;5;0;5;8;13;1;4;2;1;0;6;4;0;20
4_BKN_J4_Q1;1;4_BKN_J4;4;BKN;4;84;UCM;89;False;True;False;0,0;0;0;0;0;0;0;0;0;0;0;0;0;0;0;0;0;0;0;0;0;0;0;0;0;0;0;0;20,0;22;8;21;13;7;13;6;1;8;7;5;5;0;5;8;13;1;4;2;1;0;6;4;0;20
6_BKN_J4_Q1;1;6_BKN_J4;6;BKN;4;84;UCM;89;False;True;False;6,033333333333333;362;5;2;3;1;2;2;0;0;1;1;1;1;0;0;3;3;0;2;0;0;0;1;1;0;1;5;20,0;22;8;21;13;7;13;6;1;8;7;5;5;0;5;8;13;1;4;2;1;0;6;4;0;20
7_BKN_J4_Q1;1;7_BKN_J4;7;BKN;4;84;UCM;89;False;True;False;5,883333333333334;353;2;0;1;1;0;1;1;0;0;0;2;2;0;0;0;0;0;0;1;0;0;0;1;0;1;3;20,0;22;8;21;13;7;13;6;1;8;7;5;5;0;5;8;13;1;4;2;1;0;6;4;0;20
8_BKN_J4_Q1;1;8_BKN_J4;8;BKN;4;84;UCM;89;False;False;False;3,0166666666666666;181;0;0;0;0;0;0;0;0;0;0;0;0;0;0;0;0;0;0;0;0;0;1;0;0;-2;-1;20,0;22;8;21;13;7;13;6;1;8;7;5;5;0;5;8;13;1;4;2;1;0;6;4;0;20
9_BKN_J4_Q1;1;9_BKN_J4;9;BKN;4;84;UCM;89;False;False;False;8,083333333333334;485;0;0;5;5;0;2;2;0;3;3;0;0;0;3;2;5;0;1;1;0;0;1;1;0;5;0;20,0;22;8;21;13;7;13;6;1;8;7;5;5;0;5;8;13;1;4;2;1;0;6;4;0;20
10_BKN_J4_Q1;1;10_BKN_J4;10;BKN;4;84;UCM;89;False;False;False;8,316666666666666;499;6;2;5;3;2;5;3;0;0;0;2;2;0;0;1;1;0;0;0;0;0;0;1;0;-2;5;20,0;22;8;21;13;7;13;6;1;8;7;5;5;0;5;8;13;1;4;2;1;0;6;4;0;20
18_BKN_J4_Q1;1;18_BKN_J4;18;BKN;4;84;UCM;89;False;False;False;0,0;0;0;0;0;0;0;0;0;0;0;0;0;0;0;0;0;0;0;0;0;0;0;0;0;0;0;0;20,0;22;8;21;13;7;13;6;1;8;7;5;5;0;5;8;13;1;4;2;1;0;6;4;0;20
25_BKN_J4_Q1;1;25_BKN_J4;25;BKN;4;84;UCM;89;False;False;False;2,8666666666666667;172;0;0;0;0;0;0;0;0;0;0;0;0;0;0;0;0;0;0;0;0;0;0;0;0;-2;0;20,0;22;8;21;13;7;13;6;1;8;7;5;5;0;5;8;13;1;4;2;1;0;6;4;0;20
77_BKN_J4_Q1;1;77_BKN_J4;77;BKN;4;84;UCM;89;False;False;False;0,0;0;0;0;0;0;0;0;0;0;0;0;0;0;0;0;0;0;0;0;0;0;0;0;0;0;0;0;20,0;22;8;21;13;7;13;6;1;8;7;5;5;0;5;8;13;1;4;2;1;0;6;4;0;20
BKN_BKN_J4_Q1;1;BKN_BKN_J4;BKN;BKN;4;84;UCM;89;False;False;False;50,0;3000;0;0;0;0;0;0;0;0;0;0;0;0;0;0;1;1;0;0;0;0;0;0;0;0;0;1;20,0;22;8;21;13;7;13;6;1;8;7;5;5;0;5;8;13;1;4;2;1;0;6;4;0;20
1_BKN_J4_Q2;2;1_BKN_J4;1;BKN;4;84;UCM;89;False;True;False;2,9;174;0;0;0;0;0;0;0;0;0;0;0;0;0;0;1;1;0;0;0;0;0;0;0;0;-2;1;20,0;17;7;17;10;6;15;9;1;2;1;2;4;2;2;6;8;1;3;2;1;0;3;5;1;16
2_BKN_J4_Q2;2;2_BKN_J4;2;BKN;4;84;UCM;89;False;True;False;3,8833333333333333;233;2;1;2;1;1;2;1;0;0;0;0;0;0;0;0;0;0;1;1;0;0;0;0;0;-1;1;20,0;17;7;17;10;6;15;9;1;2;1;2;4;2;2;6;8;1;3;2;1;0;3;5;1;16
3_BKN_J4_Q2;2;3_BKN_J4;3;BKN;4;84;UCM;89;False;False;False;3,1333333333333333;188;0;0;1;1;0;1;1;0;0;0;0;0;0;0;0;0;0;0;0;0;0;0;0;0;-2;-1;20,0;17;7;17;10;6;15;9;1;2;1;2;4;2;2;6;8;1;3;2;1;0;3;5;1;16
4_BKN_J4_Q2;2;4_BKN_J4;4;BKN;4;84;UCM;89;False;True;False;3,966666666666667;238;0;0;0;0;0;0;0;0;0;0;0;0;0;0;0;0;0;0;0;0;0;0;1;0;-2;1;20,0;17;7;17;10;6;15;9;1;2;1;2;4;2;2;6;8;1;3;2;1;0;3;5;1;16
6_BKN_J4_Q2;2;6_BKN_J4;6;BKN;4;84;UCM;89;False;True;False;6,266666666666667;376;2;1;3;2;1;3;2;0;0;0;0;2;2;1;1;2;0;1;0;1;0;0;1;1;-5;1;20,0;17;7;17;10;6;15;9;1;2;1;2;4;2;2;6;8;1;3;2;1;0;3;5;1;16
7_BKN_J4_Q2;2;7_BKN_J4;7;BKN;4;84;UCM;89;False;True;False;6,033333333333333;362;3;1;1;0;1;1;0;0;0;0;1;1;0;0;0;0;0;0;0;0;0;0;2;0;-4;5;20,0;17;7;17;10;6;15;9;1;2;1;2;4;2;2;6;8;1;3;2;1;0;3;5;1;16
8_BKN_J4_Q2;2;8_BKN_J4;8;BKN;4;84;UCM;89;False;False;False;4,95;297;0;0;0;0;0;0;0;0;0;0;0;0;0;0;1;1;0;0;0;0;0;0;0;0;-1;1;20,0;17;7;17;10;6;15;9;1;2;1;2;4;2;2;6;8;1;3;2;1;0;3;5;1;16
9_BKN_J4_Q2;2;9_BKN_J4;9;BKN;4;84;UCM;89;False;False;False;7,1;426;6;2;5;3;1;4;3;1;1;0;1;1;0;0;1;1;0;0;0;0;0;0;1;0;-4;5;20,0;17;7;17;10;6;15;9;1;2;1;2;4;2;2;6;8;1;3;2;1;0;3;5;1;16
10_BKN_J4_Q2;2;10_BKN_J4;10;BKN;4;84;UCM;89;False;False;False;2,75;165;0;0;1;1;0;0;0;0;1;1;0;0;0;0;0;0;0;0;0;0;0;1;0;0;-2;-2;20,0;17;7;17;10;6;15;9;1;2;1;2;4;2;2;6;8;1;3;2;1;0;3;5;1;16
18_BKN_J4_Q2;2;18_BKN_J4;18;BKN;4;84;UCM;89;False;False;False;6,116666666666666;367;4;2;3;1;2;3;1;0;0;0;0;0;0;1;2;3;1;0;1;0;0;1;0;0;-5;7;20,0;17;7;17;10;6;15;9;1;2;1;2;4;2;2;6;8;1;3;2;1;0;3;5;1;16
25_BKN_J4_Q2;2;25_BKN_J4;25;BKN;4;84;UCM;89;False;False;False;0,0;0;0;0;0;0;0;0;0;0;0;0;0;0;0;0;0;0;0;0;0;0;0;0;0;0;0;0;20,0;17;7;17;10;6;15;9;1;2;1;2;4;2;2;6;8;1;3;2;1;0;3;5;1;16
77_BKN_J4_Q2;2;77_BKN_J4;77;BKN;4;84;UCM;89;False;False;False;2,9;174;0;0;1;1;0;1;1;0;0;0;0;0;0;0;0;0;0;1;0;0;0;1;0;0;-2;-3;20,0;17;7;17;10;6;15;9;1;2;1;2;4;2;2;6;8;1;3;2;1;0;3;5;1;16
BKN_BKN_J4_Q2;2;BKN_BKN_J4;BKN;BKN;4;84;UCM;89;False;False;False;50,0;3000;0;0;0;0;0;0;0;0;0;0;0;0;0;0;0;0;0;0;0;0;0;0;0;0;0;0;20,0;17;7;17;10;6;15;9;1;2;1;2;4;2;2;6;8;1;3;2;1;0;3;5;1;16
1_BKN_J4_Q3;3;1_BKN_J4;1;BKN;4;84;UCM;89;False;True;False;3,4166666666666665;205;0;0;0;0;0;0;0;0;0;0;0;0;0;0;1;1;1;0;0;0;0;1;0;0;3;1;20,0;24;10;17;7;7;10;3;3;7;4;1;4;3;1;8;9;6;2;3;0;1;6;5;0;28
2_BKN_J4_Q3;3;2_BKN_J4;2;BKN;4;84;UCM;89;False;True;False;7,233333333333333;434;3;1;3;2;0;2;2;1;1;0;0;0;0;0;0;0;2;0;0;0;0;0;0;0;12;3;20,0;24;10;17;7;7;10;3;3;7;4;1;4;3;1;8;9;6;2;3;0;1;6;5;0;28
3_BKN_J4_Q3;3;3_BKN_J4;3;BKN;4;84;UCM;89;False;False;False;1,65;99;0;0;1;1;0;0;0;0;1;1;0;0;0;0;0;0;0;1;0;0;0;0;1;0;-5;-1;20,0;24;10;17;7;7;10;3;3;7;4;1;4;3;1;8;9;6;2;3;0;1;6;5;0;28
4_BKN_J4_Q3;3;4_BKN_J4;4;BKN;4;84;UCM;89;False;True;False;5,416666666666667;325;2;1;1;0;1;1;0;0;0;0;0;0;0;0;0;0;0;0;1;0;0;2;1;0;-2;2;20,0;24;10;17;7;7;10;3;3;7;4;1;4;3;1;8;9;6;2;3;0;1;6;5;0;28
6_BKN_J4_Q3;3;6_BKN_J4;6;BKN;4;84;UCM;89;False;True;False;5,7;342;4;2;2;0;2;2;0;0;0;0;0;3;3;0;5;5;2;1;0;0;0;1;2;0;5;8;20,0;24;10;17;7;7;10;3;3;7;4;1;4;3;1;8;9;6;2;3;0;1;6;5;0;28
7_BKN_J4_Q3;3;7_BKN_J4;7;BKN;4;84;UCM;89;False;True;False;6,616666666666666;397;8;3;4;1;1;1;0;2;3;1;0;0;0;0;0;0;1;0;1;0;0;2;0;0;13;7;20,0;24;10;17;7;7;10;3;3;7;4;1;4;3;1;8;9;6;2;3;0;1;6;5;0;28
8_BKN_J4_Q3;3;8_BKN_J4;8;BKN;4;84;UCM;89;False;False;False;6,783333333333333;407;0;0;0;0;0;0;0;0;0;0;0;0;0;1;1;2;0;0;0;0;0;0;0;0;3;2;20,0;24;10;17;7;7;10;3;3;7;4;1;4;3;1;8;9;6;2;3;0;1;6;5;0;28
9_BKN_J4_Q3;3;9_BKN_J4;9;BKN;4;84;UCM;89;False;False;False;6,4;384;2;1;4;3;1;2;1;0;2;2;0;0;0;0;1;1;0;0;0;0;1;0;0;0;-7;-1;20,0;24;10;17;7;7;10;3;3;7;4;1;4;3;1;8;9;6;2;3;0;1;6;5;0;28
10_BKN_J4_Q3;3;10_BKN_J4;10;BKN;4;84;UCM;89;False;False;False;3,6;216;5;2;2;0;2;2;0;0;0;0;1;1;0;0;0;0;0;0;1;0;0;0;1;0;12;7;20,0;24;10;17;7;7;10;3;3;7;4;1;4;3;1;8;9;6;2;3;0;1;6;5;0;28
18_BKN_J4_Q3;3;18_BKN_J4;18;BKN;4;84;UCM;89;False;False;False;3,183333333333333;191;0;0;0;0;0;0;0;0;0;0;0;0;0;0;0;0;0;0;0;0;0;0;0;0;-9;0;20,0;24;10;17;7;7;10;3;3;7;4;1;4;3;1;8;9;6;2;3;0;1;6;5;0;28
25_BKN_J4_Q3;3;25_BKN_J4;25;BKN;4;84;UCM;89;False;False;False;0,0;0;0;0;0;0;0;0;0;0;0;0;0;0;0;0;0;0;0;0;0;0;0;0;0;0;0;0;20,0;24;10;17;7;7;10;3;3;7;4;1;4;3;1;8;9;6;2;3;0;1;6;5;0;28
77_BKN_J4_Q3;3;77_BKN_J4;77;BKN;4;84;UCM;89;False;False;False;0,0;0;0;0;0;0;0;0;0;0;0;0;0;0;0;0;0;0;0;0;0;0;0;0;0;0;0;0;20,0;24;10;17;7;7;10;3;3;7;4;1;4;3;1;8;9;6;2;3;0;1;6;5;0;28
BKN_BKN_J4_Q3;3;BKN_BKN_J4;BKN;BKN;4;84;UCM;89;False;False;False;50,0;3000;0;0;0;0;0;0;0;0;0;0;0;0;0;0;0;0;0;0;0;0;0;0;0;0;0;0;20,0;24;10;17;7;7;10;3;3;7;4;1;4;3;1;8;9;6;2;3;0;1;6;5;0;28
1_BKN_J4_Q4;4;1_BKN_J4;1;BKN;4;84;UCM;89;False;True;False;5,8;348;0;0;0;0;0;0;0;0;0;0;0;0;0;1;0;1;1;0;0;1;0;1;0;0;3;2;20,0;22;8;21;13;7;13;6;1;8;7;5;5;0;5;8;13;1;4;2;1;0;6;4;0;20
2_BKN_J4_Q4;4;2_BKN_J4;2;BKN;4;84;UCM;89;False;True;False;10,0;600;9;4;7;3;3;3;0;1;4;3;0;0;0;1;1;2;0;1;0;0;0;2;0;0;1;5;20,0;22;8;21;13;7;13;6;1;8;7;5;5;0;5;8;13;1;4;2;1;0;6;4;0;20
3_BKN_J4_Q4;4;3_BKN_J4;3;BKN;4;84;UCM;89;False;False;False;0,0;0;0;0;0;0;0;0;0;0;0;0;0;0;0;0;0;0;0;0;0;0;0;0;0;0;0;0;20,0;22;8;21;13;7;13;6;1;8;7;5;5;0;5;8;13;1;4;2;1;0;6;4;0;20
4_BKN_J4_Q4;4;4_BKN_J4;4;BKN;4;84;UCM;89;False;True;False;0,0;0;0;0;0;0;0;0;0;0;0;0;0;0;0;0;0;0;0;0;0;0;0;0;0;0;0;0;20,0;22;8;21;13;7;13;6;1;8;7;5;5;0;5;8;13;1;4;2;1;0;6;4;0;20
6_BKN_J4_Q4;4;6_BKN_J4;6;BKN;4;84;UCM;89;False;True;False;6,033333333333333;362;5;2;3;1;2;2;0;0;1;1;1;1;0;0;3;3;0;2;0;0;0;1;1;0;1;5;20,0;22;8;21;13;7;13;6;1;8;7;5;5;0;5;8;13;1;4;2;1;0;6;4;0;20
7_BKN_J4_Q4;4;7_BKN_J4;7;BKN;4;84;UCM;89;False;True;False;5,883333333333334;353;2;0;1;1;0;1;1;0;0;0;2;2;0;0;0;0;0;0;1;0;0;0;1;0;1;3;20,0;22;8;21;13;7;13;6;1;8;7;5;5;0;5;8;13;1;4;2;1;0;6;4;0;20
8_BKN_J4_Q4;4;8_BKN_J4;8;BKN;4;84;UCM;89;False;False;False;3,0166666666666666;181;0;0;0;0;0;0;0;0;0;0;0;0;0;0;0;0;0;0;0;0;0;1;0;0;-2;-1;20,0;22;8;21;13;7;13;6;1;8;7;5;5;0;5;8;13;1;4;2;1;0;6;4;0;20
9_BKN_J4_Q4;4;9_BKN_J4;9;BKN;4;84;UCM;89;False;False;False;8,083333333333334;485;0;0;5;5;0;2;2;0;3;3;0;0;0;3;2;5;0;1;1;0;0;1;1;0;5;0;20,0;22;8;21;13;7;13;6;1;8;7;5;5;0;5;8;13;1;4;2;1;0;6;4;0;20
10_BKN_J4_Q4;4;10_BKN_J4;10;BKN;4;84;UCM;89;False;False;False;8,316666666666666;499;6;2;5;3;2;5;3;0;0;0;2;2;0;0;1;1;0;0;0;0;0;0;1;0;-2;5;20,0;22;8;21;13;7;13;6;1;8;7;5;5;0;5;8;13;1;4;2;1;0;6;4;0;20
18_BKN_J4_Q4;4;18_BKN_J4;18;BKN;4;84;UCM;89;False;False;False;0,0;0;0;0;0;0;0;0;0;0;0;0;0;0;0;0;0;0;0;0;0;0;0;0;0;0;0;0;20,0;22;8;21;13;7;13;6;1;8;7;5;5;0;5;8;13;1;4;2;1;0;6;4;0;20
25_BKN_J4_Q4;4;25_BKN_J4;25;BKN;4;84;UCM;89;False;False;False;2,8666666666666667;172;0;0;0;0;0;0;0;0;0;0;0;0;0;0;0;0;0;0;0;0;0;0;0;0;-2;0;20,0;22;8;21;13;7;13;6;1;8;7;5;5;0;5;8;13;1;4;2;1;0;6;4;0;20
77_BKN_J4_Q4;4;77_BKN_J4;77;BKN;4;84;UCM;89;False;False;False;0,0;0;0;0;0;0;0;0;0;0;0;0;0;0;0;0;0;0;0;0;0;0;0;0;0;0;0;0;20,0;22;8;21;13;7;13;6;1;8;7;5;5;0;5;8;13;1;4;2;1;0;6;4;0;20
BKN_BKN_J4_Q4;4;BKN_BKN_J4;BKN;BKN;4;84;UCM;89;False;False;False;50,0;3000;0;0;0;0;0;0;0;0;0;0;0;0;0;0;1;1;0;0;0;0;0;0;0;0;0;1;20,0;22;8;21;13;7;13;6;1;8;7;5;5;0;5;8;13;1;4;2;1;0;6;4;0;20
2_SBB_J4_Q1;1;2_SBB_J4;2;SBB;4;81;MBA;71;True;False;True;2,783333333333333;167;0;0;1;1;0;0;0;0;1;1;0;0;0;0;0;0;0;0;0;0;0;2;0;0;1;-3;20,0;22;7;16;9;5;5;0;2;11;9;6;6;0;4;10;14;4;3;0;0;0;5;5;0;28
3_SBB_J4_Q1;1;3_SBB_J4;3;SBB;4;81;MBA;71;True;False;True;4,9;294;3;1;2;1;0;0;0;1;2;1;0;0;0;0;1;1;0;2;0;0;0;0;0;0;-5;1;20,0;22;7;16;9;5;5;0;2;11;9;6;6;0;4;10;14;4;3;0;0;0;5;5;0;28
5_SBB_J4_Q1;1;5_SBB_J4;5;SBB;4;81;MBA;71;True;False;True;0,0;0;0;0;0;0;0;0;0;0;0;0;0;0;0;0;0;0;0;0;0;0;0;0;0;0;0;0;20,0;22;7;16;9;5;5;0;2;11;9;6;6;0;4;10;14;4;3;0;0;0;5;5;0;28
7_SBB_J4_Q1;1;7_SBB_J4;7;SBB;4;81;MBA;71;True;True;True;6,966666666666667;418;2;1;3;2;1;1;0;0;2;2;0;0;0;0;0;0;0;0;0;0;0;0;0;0;10;0;20,0;22;7;16;9;5;5;0;2;11;9;6;6;0;4;10;14;4;3;0;0;0;5;5;0;28
10_SBB_J4_Q1;1;10_SBB_J4;10;SBB;4;81;MBA;71;True;True;True;3,9166666666666665;235;5;1;2;1;0;0;0;1;2;1;2;2;0;0;3;3;1;0;0;0;0;0;1;0;8;9;20,0;22;7;16;9;5;5;0;2;11;9;6;6;0;4;10;14;4;3;0;0;0;5;5;0;28
11_SBB_J4_Q1;1;11_SBB_J4;11;SBB;4;81;MBA;71;True;True;True;3,6666666666666665;220;2;1;1;0;1;1;0;0;0;0;0;0;0;0;0;0;0;0;0;0;0;1;0;0;8;1;20,0;22;7;16;9;5;5;0;2;11;9;6;6;0;4;10;14;4;3;0;0;0;5;5;0;28
13_SBB_J4_Q1;1;13_SBB_J4;13;SBB;4;81;MBA;71;True;False;True;2,783333333333333;167;2;1;1;0;1;1;0;0;0;0;0;0;0;0;1;1;1;0;0;0;0;0;0;0;1;4;20,0;22;7;16;9;5;5;0;2;11;9;6;6;0;4;10;14;4;3;0;0;0;5;5;0;28
18_SBB_J4_Q1;1;18_SBB_J4;18;SBB;4;81;MBA;71;True;False;True;6,333333333333333;380;2;1;4;3;1;1;0;0;3;3;0;0;0;1;0;1;0;0;0;0;0;1;0;0;3;-1;20,0;22;7;16;9;5;5;0;2;11;9;6;6;0;4;10;14;4;3;0;0;0;5;5;0;28
19_SBB_J4_Q1;1;19_SBB_J4;19;SBB;4;81;MBA;71;True;True;True;5,1;306;2;0;0;0;0;0;0;0;0;0;2;2;0;0;1;1;2;0;0;0;0;1;1;0;16;5;20,0;22;7;16;9;5;5;0;2;11;9;6;6;0;4;10;14;4;3;0;0;0;5;5;0;28
22_SBB_J4_Q1;1;22_SBB_J4;22;SBB;4;81;MBA;71;True;False;True;0,25;15;0;0;0;0;0;0;0;0;0;0;0;0;0;0;0;0;0;0;0;0;0;0;0;0;0;0;20,0;22;7;16;9;5;5;0;2;11;9;6;6;0;4;10;14;4;3;0;0;0;5;5;0;28
32_SBB_J4_Q1;1;32_SBB_J4;32;SBB;4;81;MBA;71;True;True;True;6,966666666666667;418;4;1;1;0;1;1;0;0;0;0;2;2;0;2;2;4;0;1;0;0;0;0;2;0;10;9;20,0;22;7;16;9;5;5;0;2;11;9;6;6;0;4;10;14;4;3;0;0;0;5;5;0;28
73_SBB_J4_Q1;1;73_SBB_J4;73;SBB;4;81;MBA;71;True;False;True;6,333333333333333;380;0;0;1;1;0;0;0;0;1;1;0;0;0;1;2;3;0;0;0;0;0;0;1;0;3;3;20,0;22;7;16;9;5;5;0;2;11;9;6;6;0;4;10;14;4;3;0;0;0;5;5;0;28
SBB_SBB_J4_Q1;1;SBB_SBB_J4;SBB;SBB;4;81;MBA;71;True;False;True;50,0;3000;0;0;0;0;0;0;0;0;0;0;0;0;0;0;0;0;0;0;0;0;0;0;0;0;0;0;20,0;22;7;16;9;5;5;0;2;11;9;6;6;0;4;10;14;4;3;0;0;0;5;5;0;28
2_SBB_J4_Q2;2;2_SBB_J4;2;SBB;4;81;MBA;71;True;False;True;3,8833333333333333;233;3;1;2;1;0;0;0;1;2;1;0;0;0;1;0;1;1;0;0;0;0;0;1;0;-1;5;20,0;24;10;16;6;7;10;3;3;6;3;1;2;1;2;5;7;7;2;2;1;1;3;4;3;32
3_SBB_J4_Q2;2;3_SBB_J4;3;SBB;4;81;MBA;71;True;False;True;7,85;471;5;2;3;1;1;1;0;1;2;1;0;0;0;0;0;0;2;0;0;0;0;0;0;0;4;6;20,0;24;10;16;6;7;10;3;3;6;3;1;2;1;2;5;7;7;2;2;1;1;3;4;3;32
5_SBB_J4_Q2;2;5_SBB_J4;5;SBB;4;81;MBA;71;True;False;True;0,0;0;0;0;0;0;0;0;0;0;0;0;0;0;0;0;0;0;0;0;0;0;0;0;0;0;0;0;20,0;24;10;16;6;7;10;3;3;6;3;1;2;1;2;5;7;7;2;2;1;1;3;4;3;32
7_SBB_J4_Q2;2;7_SBB_J4;7;SBB;4;81;MBA;71;True;True;True;3,75;225;3;1;1;0;0;0;0;1;1;0;0;0;0;0;0;0;0;0;1;0;0;0;1;0;4;5;20,0;24;10;16;6;7;10;3;3;6;3;1;2;1;2;5;7;7;2;2;1;1;3;4;3;32
10_SBB_J4_Q2;2;10_SBB_J4;10;SBB;4;81;MBA;71;True;True;True;6,033333333333333;362;4;2;3;1;2;3;1;0;0;0;0;0;0;0;1;1;1;0;0;0;0;1;0;2;1;4;20,0;24;10;16;6;7;10;3;3;6;3;1;2;1;2;5;7;7;2;2;1;1;3;4;3;32
11_SBB_J4_Q2;2;11_SBB_J4;11;SBB;4;81;MBA;71;True;True;True;8,25;495;3;1;2;1;1;1;0;0;1;1;1;2;1;0;1;1;0;1;1;0;0;0;1;0;3;3;20,0;24;10;16;6;7;10;3;3;6;3;1;2;1;2;5;7;7;2;2;1;1;3;4;3;32
13_SBB_J4_Q2;2;13_SBB_J4;13;SBB;4;81;MBA;71;True;False;True;1,75;105;0;0;0;0;0;0;0;0;0;0;0;0;0;0;0;0;0;0;0;0;0;1;1;0;3;0;20,0;24;10;16;6;7;10;3;3;6;3;1;2;1;2;5;7;7;2;2;1;1;3;4;3;32
18_SBB_J4_Q2;2;18_SBB_J4;18;SBB;4;81;MBA;71;True;False;True;3,966666666666667;238;0;0;0;0;0;0;0;0;0;0;0;0;0;0;0;0;1;0;0;0;0;0;0;0;2;1;20,0;24;10;16;6;7;10;3;3;6;3;1;2;1;2;5;7;7;2;2;1;1;3;4;3;32
19_SBB_J4_Q2;2;19_SBB_J4;19;SBB;4;81;MBA;71;True;True;True;2,15;129;2;1;1;0;1;1;0;0;0;0;0;0;0;1;0;1;2;0;0;0;0;1;0;0;-1;4;20,0;24;10;16;6;7;10;3;3;6;3;1;2;1;2;5;7;7;2;2;1;1;3;4;3;32
22_SBB_J4_Q2;2;22_SBB_J4;22;SBB;4;81;MBA;71;True;False;True;1,75;105;0;0;0;0;0;0;0;0;0;0;0;0;0;0;0;0;0;0;0;0;0;0;0;0;0;0;20,0;24;10;16;6;7;10;3;3;6;3;1;2;1;2;5;7;7;2;2;1;1;3;4;3;32
32_SBB_J4_Q2;2;32_SBB_J4;32;SBB;4;81;MBA;71;True;True;True;8,25;495;4;2;4;2;2;4;2;0;0;0;0;0;0;0;2;2;0;1;0;1;1;0;0;1;0;3;20,0;24;10;16;6;7;10;3;3;6;3;1;2;1;2;5;7;7;2;2;1;1;3;4;3;32
73_SBB_J4_Q2;2;73_SBB_J4;73;SBB;4;81;MBA;71;True;False;True;2,3666666666666667;142;0;0;0;0;0;0;0;0;0;0;0;0;0;0;0;0;0;0;0;0;0;0;0;0;0;0;20,0;24;10;16;6;7;10;3;3;6;3;1;2;1;2;5;7;7;2;2;1;1;3;4;3;32
SBB_SBB_J4_Q2;2;SBB_SBB_J4;SBB;SBB;4;81;MBA;71;True;False;True;50,0;3000;0;0;0;0;0;0;0;0;0;0;0;0;0;0;1;1;0;0;0;0;0;0;0;0;0;1;20,0;24;10;16;6;7;10;3;3;6;3;1;2;1;2;5;7;7;2;2;1;1;3;4;3;32
2_SBB_J4_Q3;3;2_SBB_J4;2;SBB;4;81;MBA;71;True;False;True;4,933333333333334;296;2;0;1;1;0;0;0;0;1;1;2;2;0;0;0;0;0;0;0;0;0;0;0;0;-3;1;20,0;20;6;15;9;4;10;6;2;5;3;6;7;1;3;4;7;2;3;3;0;1;4;6;0;20
3_SBB_J4_Q3;3;3_SBB_J4;3;SBB;4;81;MBA;71;True;False;True;5,066666666666666;304;3;1;1;0;1;1;0;0;0;0;1;2;1;0;0;0;1;1;0;0;0;0;1;0;2;3;20,0;20;6;15;9;4;10;6;2;5;3;6;7;1;3;4;7;2;3;3;0;1;4;6;0;20
5_SBB_J4_Q3;3;5_SBB_J4;5;SBB;4;81;MBA;71;True;False;True;0,0;0;0;0;0;0;0;0;0;0;0;0;0;0;0;0;0;0;0;0;0;0;0;0;0;0;0;0;20,0;20;6;15;9;4;10;6;2;5;3;6;7;1;3;4;7;2;3;3;0;1;4;6;0;20
7_SBB_J4_Q3;3;7_SBB_J4;7;SBB;4;81;MBA;71;True;True;True;5,066666666666666;304;9;3;6;3;1;3;2;2;3;1;1;1;0;0;0;0;0;0;1;0;1;1;2;0;2;7;20,0;20;6;15;9;4;10;6;2;5;3;6;7;1;3;4;7;2;3;3;0;1;4;6;0;20
10_SBB_J4_Q3;3;10_SBB_J4;10;SBB;4;81;MBA;71;True;True;True;3,8666666666666667;232;0;0;0;0;0;0;0;0;0;0;0;0;0;0;0;0;0;0;0;0;0;0;0;0;-2;0;20,0;20;6;15;9;4;10;6;2;5;3;6;7;1;3;4;7;2;3;3;0;1;4;6;0;20
11_SBB_J4_Q3;3;11_SBB_J4;11;SBB;4;81;MBA;71;True;True;True;3,683333333333333;221;2;1;1;0;1;1;0;0;0;0;0;0;0;0;0;0;0;2;1;0;0;0;0;0;-2;1;20,0;20;6;15;9;4;10;6;2;5;3;6;7;1;3;4;7;2;3;3;0;1;4;6;0;20
13_SBB_J4_Q3;3;13_SBB_J4;13;SBB;4;81;MBA;71;True;False;True;4,233333333333333;254;0;0;0;0;0;0;0;0;0;0;0;0;0;0;0;0;0;0;1;0;0;0;1;0;1;2;20,0;20;6;15;9;4;10;6;2;5;3;6;7;1;3;4;7;2;3;3;0;1;4;6;0;20
18_SBB_J4_Q3;3;18_SBB_J4;18;SBB;4;81;MBA;71;True;False;True;6,133333333333334;368;0;0;2;2;0;1;1;0;1;1;0;0;0;0;1;1;0;0;0;0;0;0;0;0;1;-1;20,0;20;6;15;9;4;10;6;2;5;3;6;7;1;3;4;7;2;3;3;0;1;4;6;0;20
19_SBB_J4_Q3;3;19_SBB_J4;19;SBB;4;81;MBA;71;True;True;True;4,933333333333334;296;2;0;3;3;0;3;3;0;0;0;2;2;0;0;0;0;0;0;0;0;0;0;1;0;-3;0;20,0;20;6;15;9;4;10;6;2;5;3;6;7;1;3;4;7;2;3;3;0;1;4;6;0;20
22_SBB_J4_Q3;3;22_SBB_J4;22;SBB;4;81;MBA;71;True;False;True;0,0;0;0;0;0;0;0;0;0;0;0;0;0;0;0;0;0;0;0;0;0;0;0;0;0;0;0;0;20,0;20;6;15;9;4;10;6;2;5;3;6;7;1;3;4;7;2;3;3;0;1;4;6;0;20
32_SBB_J4_Q3;3;32_SBB_J4;32;SBB;4;81;MBA;71;True;True;True;5,766666666666667;346;0;0;0;0;0;0;0;0;0;0;0;0;0;2;2;4;0;0;0;0;0;1;1;0;-2;4;20,0;20;6;15;9;4;10;6;2;5;3;6;7;1;3;4;7;2;3;3;0;1;4;6;0;20
73_SBB_J4_Q3;3;73_SBB_J4;73;SBB;4;81;MBA;71;True;False;True;6,316666666666666;379;2;1;1;0;1;1;0;0;0;0;0;0;0;0;0;0;1;0;0;0;0;2;0;0;1;1;20,0;20;6;15;9;4;10;6;2;5;3;6;7;1;3;4;7;2;3;3;0;1;4;6;0;20
SBB_SBB_J4_Q3;3;SBB_SBB_J4;SBB;SBB;4;81;MBA;71;True;False;True;50,0;3000;0;0;0;0;0;0;0;0;0;0;0;0;0;1;1;2;0;0;0;0;0;0;0;0;0;2;20,0;20;6;15;9;4;10;6;2;5;3;6;7;1;3;4;7;2;3;3;0;1;4;6;0;20
2_SBB_J4_Q4;4;2_SBB_J4;2;SBB;4;81;MBA;71;True;False;True;2,3;138;0;0;0;0;0;0;0;0;0;0;0;0;0;0;0;0;0;0;0;0;0;0;0;0;-3;0;20,0;15;4;15;11;1;6;5;3;9;6;4;7;3;6;3;9;1;4;2;0;1;7;6;0;7
3_SBB_J4_Q4;4;3_SBB_J4;3;SBB;4;81;MBA;71;True;False;True;3,4166666666666665;205;2;0;1;1;0;0;0;0;1;1;2;2;0;0;0;0;0;1;0;0;0;1;1;0;-6;0;20,0;15;4;15;11;1;6;5;3;9;6;4;7;3;6;3;9;1;4;2;0;1;7;6;0;7
5_SBB_J4_Q4;4;5_SBB_J4;5;SBB;4;81;MBA;71;True;False;True;0,0;0;0;0;0;0;0;0;0;0;0;0;0;0;0;0;0;0;0;0;0;0;0;0;0;0;0;0;20,0;15;4;15;11;1;6;5;3;9;6;4;7;3;6;3;9;1;4;2;0;1;7;6;0;7
7_SBB_J4_Q4;4;7_SBB_J4;7;SBB;4;81;MBA;71;True;True;True;7,7;462;6;2;5;3;0;1;1;2;4;2;0;0;0;0;0;0;0;0;0;0;0;1;0;0;0;2;20,0;15;4;15;11;1;6;5;3;9;6;4;7;3;6;3;9;1;4;2;0;1;7;6;0;7
10_SBB_J4_Q4;4;10_SBB_J4;10;SBB;4;81;MBA;71;True;True;True;7,716666666666667;463;1;0;1;1;0;1;1;0;0;0;1;2;1;1;1;2;0;0;0;0;0;2;3;0;1;2;20,0;15;4;15;11;1;6;5;3;9;6;4;7;3;6;3;9;1;4;2;0;1;7;6;0;7
11_SBB_J4_Q4;4;11_SBB_J4;11;SBB;4;81;MBA;71;True;True;True;5,366666666666666;322;5;2;5;3;1;1;0;1;4;3;0;1;1;0;1;1;1;0;0;0;0;0;1;0;4;4;20,0;15;4;15;11;1;6;5;3;9;6;4;7;3;6;3;9;1;4;2;0;1;7;6;0;7
13_SBB_J4_Q4;4;13_SBB_J4;13;SBB;4;81;MBA;71;True;False;True;4,283333333333333;257;0;0;0;0;0;0;0;0;0;0;0;0;0;1;0;1;0;0;0;0;0;0;0;0;6;1;20,0;15;4;15;11;1;6;5;3;9;6;4;7;3;6;3;9;1;4;2;0;1;7;6;0;7
18_SBB_J4_Q4;4;18_SBB_J4;18;SBB;4;81;MBA;71;True;False;True;5,7;342;0;0;0;0;0;0;0;0;0;0;0;0;0;0;0;0;0;1;1;0;0;2;0;0;-9;-2;20,0;15;4;15;11;1;6;5;3;9;6;4;7;3;6;3;9;1;4;2;0;1;7;6;0;7
19_SBB_J4_Q4;4;19_SBB_J4;19;SBB;4;81;MBA;71;True;True;True;6,583333333333333;395;0;0;2;2;0;2;2;0;0;0;0;0;0;1;1;2;0;2;1;0;0;1;0;0;3;-2;20,0;15;4;15;11;1;6;5;3;9;6;4;7;3;6;3;9;1;4;2;0;1;7;6;0;7
22_SBB_J4_Q4;4;22_SBB_J4;22;SBB;4;81;MBA;71;True;False;True;0,0;0;0;0;0;0;0;0;0;0;0;0;0;0;0;0;0;0;0;0;0;0;0;0;0;0;0;0;20,0;15;4;15;11;1;6;5;3;9;6;4;7;3;6;3;9;1;4;2;0;1;7;6;0;7
32_SBB_J4_Q4;4;32_SBB_J4;32;SBB;4;81;MBA;71;True;True;True;2,3;138;1;0;1;1;0;1;1;0;0;0;1;2;1;0;0;0;0;0;0;0;1;0;1;0;-4;-1;20,0;15;4;15;11;1;6;5;3;9;6;4;7;3;6;3;9;1;4;2;0;1;7;6;0;7
73_SBB_J4_Q4;4;73_SBB_J4;73;SBB;4;81;MBA;71;True;False;True;4,633333333333334;278;0;0;0;0;0;0;0;0;0;0;0;0;0;2;0;2;0;0;0;0;0;0;0;0;-7;2;20,0;15;4;15;11;1;6;5;3;9;6;4;7;3;6;3;9;1;4;2;0;1;7;6;0;7
SBB_SBB_J4_Q4;4;SBB_SBB_J4;SBB;SBB;4;81;MBA;71;True;False;True;50,0;3000;0;0;0;0;0;0;0;0;0;0;0;0;0;1;0;1;0;0;0;0;0;0;0;0;0;1;20,0;15;4;15;11;1;6;5;3;9;6;4;7;3;6;3;9;1;4;2;0;1;7;6;0;7
0_MBA_J4_Q1;1;0_MBA_J4;0;MBA;4;71;SBB;81;False;True;False;4,066666666666666;244;1;0;1;1;0;0;0;0;1;1;1;2;1;0;0;0;0;1;0;0;0;1;1;0;-13;-2;20,0;11;3;13;10;2;7;5;1;6;5;4;6;2;2;4;6;3;2;3;0;0;5;5;0;9
00_MBA_J4_Q1;1;00_MBA_J4;00;MBA;4;71;SBB;81;False;False;False;3,55;213;2;1;2;1;1;2;1;0;0;0;0;0;0;0;0;0;0;0;0;0;0;0;0;0;-2;1;20,0;11;3;13;10;2;7;5;1;6;5;4;6;2;2;4;6;3;2;3;0;0;5;5;0;9
3_MBA_J4_Q1;1;3_MBA_J4;3;MBA;4;71;SBB;81;False;True;False;4,066666666666666;244;0;0;2;2;0;2;2;0;0;0;0;0;0;0;0;0;0;0;0;0;0;0;0;0;-13;-2;20,0;11;3;13;10;2;7;5;1;6;5;4;6;2;2;4;6;3;2;3;0;0;5;5;0;9
5_MBA_J4_Q1;1;5_MBA_J4;5;MBA;4;71;SBB;81;False;False;False;5,933333333333334;356;2;0;0;0;0;0;0;0;0;0;2;2;0;0;1;1;2;0;0;0;0;1;1;0;2;5;20,0;11;3;13;10;2;7;5;1;6;5;4;6;2;2;4;6;3;2;3;0;0;5;5;0;9
11_MBA_J4_Q1;1;11_MBA_J4;11;MBA;4;71;SBB;81;False;True;False;6,45;387;3;1;2;1;0;1;1;1;1;0;0;0;0;0;0;0;0;0;2;0;0;1;1;0;-9;4;20,0;11;3;13;10;2;7;5;1;6;5;4;6;2;2;4;6;3;2;3;0;0;5;5;0;9
13_MBA_J4_Q1;1;13_MBA_J4;13;MBA;4;71;SBB;81;False;False;False;3,55;213;0;0;1;1;0;0;0;0;1;1;0;0;0;0;0;0;0;0;1;0;0;0;0;0;-2;0;20,0;11;3;13;10;2;7;5;1;6;5;4;6;2;2;4;6;3;2;3;0;0;5;5;0;9
20_MBA_J4_Q1;1;20_MBA_J4;20;MBA;4;71;SBB;81;False;False;False;0,0;0;0;0;0;0;0;0;0;0;0;0;0;0;0;0;0;0;0;0;0;0;0;0;0;0;0;0;20,0;11;3;13;10;2;7;5;1;6;5;4;6;2;2;4;6;3;2;3;0;0;5;5;0;9
22_MBA_J4_Q1;1;22_MBA_J4;22;MBA;4;71;SBB;81;False;True;False;6,45;387;0;0;3;3;0;0;0;0;3;3;0;0;0;0;1;1;0;0;0;0;0;0;0;0;-9;-2;20,0;11;3;13;10;2;7;5;1;6;5;4;6;2;2;4;6;3;2;3;0;0;5;5;0;9
24_MBA_J4_Q1;1;24_MBA_J4;24;MBA;4;71;SBB;81;False;False;False;5,933333333333334;356;0;0;1;1;0;1;1;0;0;0;0;0;0;0;0;0;1;0;0;0;0;0;1;0;2;1;20,0;11;3;13;10;2;7;5;1;6;5;4;6;2;2;4;6;3;2;3;0;0;5;5;0;9
32_MBA_J4_Q1;1;32_MBA_J4;32;MBA;4;71;SBB;81;False;False;False;0,0;0;0;0;0;0;0;0;0;0;0;0;0;0;0;0;0;0;0;0;0;0;0;0;0;0;0;0;20,0;11;3;13;10;2;7;5;1;6;5;4;6;2;2;4;6;3;2;3;0;0;5;5;0;9
35_MBA_J4_Q1;1;35_MBA_J4;35;MBA;4;71;SBB;81;False;False;False;3,55;213;0;0;0;0;0;0;0;0;0;0;0;0;0;0;1;1;0;0;0;0;0;1;0;0;-2;0;20,0;11;3;13;10;2;7;5;1;6;5;4;6;2;2;4;6;3;2;3;0;0;5;5;0;9
99_MBA_J4_Q1;1;99_MBA_J4;99;MBA;4;71;SBB;81;False;True;False;6,45;387;3;1;1;0;1;1;0;0;0;0;1;2;1;1;1;2;0;1;0;0;0;1;1;0;-9;3;20,0;11;3;13;10;2;7;5;1;6;5;4;6;2;2;4;6;3;2;3;0;0;5;5;0;9
MBA_MBA_J4_Q1;1;MBA_MBA_J4;MBA;MBA;4;71;SBB;81;False;False;False;50,0;3000;0;0;0;0;0;0;0;0;0;0;0;0;0;1;0;1;0;0;0;0;0;0;0;0;0;1;20,0;11;3;13;10;2;7;5;1;6;5;4;6;2;2;4;6;3;2;3;0;0;5;5;0;9
0_MBA_J4_Q2;2;0_MBA_J4;0;MBA;4;71;SBB;81;False;True;False;8,966666666666667;538;5;2;4;2;1;1;0;1;3;2;0;0;0;0;0;0;4;0;1;0;0;0;0;0;0;8;20,0;21;8;17;9;6;9;3;2;8;6;3;3;0;3;5;8;5;3;1;1;1;4;3;0;22
00_MBA_J4_Q2;2;00_MBA_J4;00;MBA;4;71;SBB;81;False;False;False;5,316666666666666;319;4;2;4;2;2;4;2;0;0;0;0;0;0;1;1;2;1;0;0;0;1;0;1;0;-1;5;20,0;21;8;17;9;6;9;3;2;8;6;3;3;0;3;5;8;5;3;1;1;1;4;3;0;22
3_MBA_J4_Q2;2;3_MBA_J4;3;MBA;4;71;SBB;81;False;True;False;5,716666666666667;343;3;0;1;1;0;0;0;0;1;1;3;3;0;0;1;1;0;1;0;0;0;1;1;0;-5;2;20,0;21;8;17;9;6;9;3;2;8;6;3;3;0;3;5;8;5;3;1;1;1;4;3;0;22
5_MBA_J4_Q2;2;5_MBA_J4;5;MBA;4;71;SBB;81;False;False;False;1,0333333333333334;62;0;0;0;0;0;0;0;0;0;0;0;0;0;0;0;0;0;1;0;0;0;0;0;0;-3;-1;20,0;21;8;17;9;6;9;3;2;8;6;3;3;0;3;5;8;5;3;1;1;1;4;3;0;22
11_MBA_J4_Q2;2;11_MBA_J4;11;MBA;4;71;SBB;81;False;True;False;7,85;471;0;0;2;2;0;1;1;0;1;1;0;0;0;1;1;2;0;0;0;0;0;0;0;0;-4;0;20,0;21;8;17;9;6;9;3;2;8;6;3;3;0;3;5;8;5;3;1;1;1;4;3;0;22
13_MBA_J4_Q2;2;13_MBA_J4;13;MBA;4;71;SBB;81;False;False;False;2,15;129;3;1;1;0;0;0;0;1;1;0;0;0;0;0;0;0;0;0;0;0;0;0;0;0;1;3;20,0;21;8;17;9;6;9;3;2;8;6;3;3;0;3;5;8;5;3;1;1;1;4;3;0;22
20_MBA_J4_Q2;2;20_MBA_J4;20;MBA;4;71;SBB;81;False;False;False;0,0;0;0;0;0;0;0;0;0;0;0;0;0;0;0;0;0;0;0;0;0;0;0;0;0;0;0;0;20,0;21;8;17;9;6;9;3;2;8;6;3;3;0;3;5;8;5;3;1;1;1;4;3;0;22
22_MBA_J4_Q2;2;22_MBA_J4;22;MBA;4;71;SBB;81;False;True;False;4,683333333333334;281;0;0;0;0;0;0;0;0;0;0;0;0;0;1;2;3;0;0;0;0;0;0;0;0;-2;3;20,0;21;8;17;9;6;9;3;2;8;6;3;3;0;3;5;8;5;3;1;1;1;4;3;0;22
24_MBA_J4_Q2;2;24_MBA_J4;24;MBA;4;71;SBB;81;False;False;False;5,316666666666666;319;2;1;2;1;1;1;0;0;1;1;0;0;0;0;0;0;0;0;0;0;0;1;0;0;-1;0;20,0;21;8;17;9;6;9;3;2;8;6;3;3;0;3;5;8;5;3;1;1;1;4;3;0;22
32_MBA_J4_Q2;2;32_MBA_J4;32;MBA;4;71;SBB;81;False;False;False;0,0;0;0;0;0;0;0;0;0;0;0;0;0;0;0;0;0;0;0;0;0;0;0;0;0;0;0;0;20,0;21;8;17;9;6;9;3;2;8;6;3;3;0;3;5;8;5;3;1;1;1;4;3;0;22
35_MBA_J4_Q2;2;35_MBA_J4;35;MBA;4;71;SBB;81;False;False;False;4,283333333333333;257;0;0;1;1;0;0;0;0;1;1;0;0;0;0;0;0;0;0;0;0;0;0;0;0;2;-1;20,0;21;8;17;9;6;9;3;2;8;6;3;3;0;3;5;8;5;3;1;1;1;4;3;0;22
99_MBA_J4_Q2;2;99_MBA_J4;99;MBA;4;71;SBB;81;False;True;False;4,683333333333334;281;4;2;2;0;2;2;0;0;0;0;0;0;0;0;0;0;0;1;0;1;0;2;1;0;-2;3;20,0;21;8;17;9;6;9;3;2;8;6;3;3;0;3;5;8;5;3;1;1;1;4;3;0;22
MBA_MBA_J4_Q2;2;MBA_MBA_J4;MBA;MBA;4;71;SBB;81;False;False;False;50,0;3000;0;0;0;0;0;0;0;0;0;0;0;0;0;0;0;0;0;0;0;0;0;0;0;0;0;0;20,0;21;8;17;9;6;9;3;2;8;6;3;3;0;3;5;8;5;3;1;1;1;4;3;0;22
00_MBA_J4_Q3;3;00_MBA_J4;00;MBA;4;71;SBB;81;False;False;False;7,85;471;4;2;3;1;2;3;1;0;0;0;0;1;1;0;1;1;0;1;0;0;0;3;1;1;7;0;20,0;21;8;14;6;5;9;4;3;5;2;2;3;1;3;6;9;6;7;1;1;0;7;4;1;21
0_MBA_J4_Q3;3;0_MBA_J4;0;MBA;4;71;SBB;81;False;True;False;4,366666666666666;262;0;0;2;2;0;1;1;0;1;1;0;0;0;0;1;1;1;2;1;0;0;0;0;0;-9;-1;20,0;21;8;14;6;5;9;4;3;5;2;2;3;1;3;6;9;6;7;1;1;0;7;4;1;21
3_MBA_J4_Q3;3;3_MBA_J4;3;MBA;4;71;SBB;81;False;True;False;6,716666666666667;403;0;0;0;0;0;0;0;0;0;0;0;0;0;0;0;0;1;0;0;0;0;0;0;0;3;1;20,0;21;8;14;6;5;9;4;3;5;2;2;3;1;3;6;9;6;7;1;1;0;7;4;1;21
5_MBA_J4_Q3;3;5_MBA_J4;5;MBA;4;71;SBB;81;False;False;False;5,633333333333334;338;2;0;0;0;0;0;0;0;0;0;2;2;0;0;0;0;4;1;0;0;0;2;1;0;10;4;20,0;21;8;14;6;5;9;4;3;5;2;2;3;1;3;6;9;6;7;1;1;0;7;4;1;21
11_MBA_J4_Q3;3;11_MBA_J4;11;MBA;4;71;SBB;81;False;True;False;6,833333333333333;410;5;2;4;2;1;3;2;1;1;0;0;0;0;2;1;3;0;0;0;0;0;0;0;0;10;6;20,0;21;8;14;6;5;9;4;3;5;2;2;3;1;3;6;9;6;7;1;1;0;7;4;1;21
13_MBA_J4_Q3;3;13_MBA_J4;13;MBA;4;71;SBB;81;False;False;False;3,1666666666666665;190;0;0;0;0;0;0;0;0;0;0;0;0;0;0;0;0;0;0;0;0;0;0;0;0;-9;0;20,0;21;8;14;6;5;9;4;3;5;2;2;3;1;3;6;9;6;7;1;1;0;7;4;1;21
20_MBA_J4_Q3;3;20_MBA_J4;20;MBA;4;71;SBB;81;False;False;False;0,0;0;0;0;0;0;0;0;0;0;0;0;0;0;0;0;0;0;0;0;0;0;0;0;0;0;0;0;20,0;21;8;14;6;5;9;4;3;5;2;2;3;1;3;6;9;6;7;1;1;0;7;4;1;21
22_MBA_J4_Q3;3;22_MBA_J4;22;MBA;4;71;SBB;81;False;True;False;0,0;0;0;0;0;0;0;0;0;0;0;0;0;0;0;0;0;0;0;0;0;0;0;0;0;0;0;0;20,0;21;8;14;6;5;9;4;3;5;2;2;3;1;3;6;9;6;7;1;1;0;7;4;1;21
24_MBA_J4_Q3;3;24_MBA_J4;24;MBA;4;71;SBB;81;False;False;False;8,916666666666666;535;8;3;4;1;1;1;0;2;3;1;0;0;0;0;0;0;0;2;0;1;0;0;2;0;8;8;20,0;21;8;14;6;5;9;4;3;5;2;2;3;1;3;6;9;6;7;1;1;0;7;4;1;21
32_MBA_J4_Q3;3;32_MBA_J4;32;MBA;4;71;SBB;81;False;False;False;0,9;54;0;0;0;0;0;0;0;0;0;0;0;0;0;0;0;0;0;0;0;0;0;0;0;0;-5;0;20,0;21;8;14;6;5;9;4;3;5;2;2;3;1;3;6;9;6;7;1;1;0;7;4;1;21
35_MBA_J4_Q3;3;35_MBA_J4;35;MBA;4;71;SBB;81;False;False;False;4,333333333333333;260;0;0;0;0;0;0;0;0;0;0;0;0;0;1;0;1;0;0;0;0;0;0;0;0;-6;1;20,0;21;8;14;6;5;9;4;3;5;2;2;3;1;3;6;9;6;7;1;1;0;7;4;1;21
99_MBA_J4_Q3;3;99_MBA_J4;99;MBA;4;71;SBB;81;False;True;False;1,2833333333333334;77;2;1;1;0;1;1;0;0;0;0;0;0;0;0;0;0;0;0;0;0;0;1;0;0;-4;1;20,0;21;8;14;6;5;9;4;3;5;2;2;3;1;3;6;9;6;7;1;1;0;7;4;1;21
MBA_MBA_J4_Q3;3;MBA_MBA_J4;MBA;MBA;4;71;SBB;81;False;False;False;50,0;3000;0;0;0;0;0;0;0;0;0;0;0;0;0;0;3;3;0;1;0;0;0;1;0;0;0;1;20,0;21;8;14;6;5;9;4;3;5;2;2;3;1;3;6;9;6;7;1;1;0;7;4;1;21
0_MBA_J4_Q4;4;0_MBA_J4;0;MBA;4;71;SBB;81;False;True;False;5,416666666666667;325;3;1;3;2;1;3;2;0;0;0;1;2;1;0;0;0;2;0;0;0;0;0;1;0;-1;3;20,0;18;5;13;8;4;8;4;1;5;4;7;8;1;1;6;7;3;2;4;1;0;6;7;0;23
00_MBA_J4_Q4;4;00_MBA_J4;00;MBA;4;71;SBB;81;False;False;False;3,35;201;4;1;1;0;1;1;0;0;0;0;2;2;0;0;1;1;0;0;0;0;0;0;2;0;0;7;20,0;18;5;13;8;4;8;4;1;5;4;7;8;1;1;6;7;3;2;4;1;0;6;7;0;23
3_MBA_J4_Q4;4;3_MBA_J4;3;MBA;4;71;SBB;81;False;True;False;10,0;600;0;0;2;2;0;1;1;0;1;1;0;0;0;1;1;2;0;2;2;0;0;2;0;0;3;-2;20,0;18;5;13;8;4;8;4;1;5;4;7;8;1;1;6;7;3;2;4;1;0;6;7;0;23
5_MBA_J4_Q4;4;5_MBA_J4;5;MBA;4;71;SBB;81;False;False;False;4,583333333333333;275;2;0;0;0;0;0;0;0;0;0;2;2;0;0;1;1;0;0;0;0;0;2;3;0;4;4;20,0;18;5;13;8;4;8;4;1;5;4;7;8;1;1;6;7;3;2;4;1;0;6;7;0;23
11_MBA_J4_Q4;4;11_MBA_J4;11;MBA;4;71;SBB;81;False;True;False;9,283333333333333;557;0;0;3;3;0;1;1;0;2;2;0;0;0;0;0;0;1;0;2;1;0;0;0;0;5;1;20,0;18;5;13;8;4;8;4;1;5;4;7;8;1;1;6;7;3;2;4;1;0;6;7;0;23
13_MBA_J4_Q4;4;13_MBA_J4;13;MBA;4;71;SBB;81;False;False;False;0,7166666666666667;43;0;0;0;0;0;0;0;0;0;0;0;0;0;0;0;0;0;0;0;0;0;0;0;0;-2;0;20,0;18;5;13;8;4;8;4;1;5;4;7;8;1;1;6;7;3;2;4;1;0;6;7;0;23
20_MBA_J4_Q4;4;20_MBA_J4;20;MBA;4;71;SBB;81;False;False;False;0,0;0;0;0;0;0;0;0;0;0;0;0;0;0;0;0;0;0;0;0;0;0;0;0;0;0;0;0;20,0;18;5;13;8;4;8;4;1;5;4;7;8;1;1;6;7;3;2;4;1;0;6;7;0;23
22_MBA_J4_Q4;4;22_MBA_J4;22;MBA;4;71;SBB;81;False;True;False;0,0;0;0;0;0;0;0;0;0;0;0;0;0;0;0;0;0;0;0;0;0;0;0;0;0;0;0;0;20,0;18;5;13;8;4;8;4;1;5;4;7;8;1;1;6;7;3;2;4;1;0;6;7;0;23
24_MBA_J4_Q4;4;24_MBA_J4;24;MBA;4;71;SBB;81;False;False;False;4,633333333333334;278;0;0;0;0;0;0;0;0;0;0;0;0;0;0;0;0;0;0;0;0;0;0;0;0;8;0;20,0;18;5;13;8;4;8;4;1;5;4;7;8;1;1;6;7;3;2;4;1;0;6;7;0;23
32_MBA_J4_Q4;4;32_MBA_J4;32;MBA;4;71;SBB;81;False;False;False;2,0166666666666666;121;0;0;0;0;0;0;0;0;0;0;0;0;0;0;0;0;0;0;0;0;0;0;0;0;-5;0;20,0;18;5;13;8;4;8;4;1;5;4;7;8;1;1;6;7;3;2;4;1;0;6;7;0;23
35_MBA_J4_Q4;4;35_MBA_J4;35;MBA;4;71;SBB;81;False;False;False;10,0;600;9;3;4;1;2;2;0;1;2;1;2;2;0;0;2;2;0;0;0;0;0;2;1;0;3;9;20,0;18;5;13;8;4;8;4;1;5;4;7;8;1;1;6;7;3;2;4;1;0;6;7;0;23
99_MBA_J4_Q4;4;99_MBA_J4;99;MBA;4;71;SBB;81;False;True;False;0,0;0;0;0;0;0;0;0;0;0;0;0;0;0;0;0;0;0;0;0;0;0;0;0;0;0;0;0;20,0;18;5;13;8;4;8;4;1;5;4;7;8;1;1;6;7;3;2;4;1;0;6;7;0;23
MBA_MBA_J4_Q4;4;MBA_MBA_J4;MBA;MBA;4;71;SBB;81;False;False;False;50,0;3000;0;0;0;0;0;0;0;0;0;0;0;0;0;0;1;1;0;0;0;0;0;0;0;0;0;1;20,0;18;5;13;8;4;8;4;1;5;4;7;8;1;1;6;7;3;2;4;1;0;6;7;0;23
0_VBC_J4_Q1;1;0_VBC_J4;0;VBC;4;102;JOV;90;True;False;True;4,066666666666666;244;0;0;1;1;0;1;1;0;0;0;0;0;0;0;0;0;0;2;0;0;0;0;0;0;-1;-3;20,0;27;10;16;6;5;6;1;5;10;5;2;2;0;2;6;8;7;3;0;1;0;6;3;0;31
1_VBC_J4_Q1;1;1_VBC_J4;1;VBC;4;102;JOV;90;True;True;True;6,2;372;6;2;2;0;0;0;0;2;2;0;0;0;0;0;1;1;0;0;0;0;0;0;0;0;5;7;20,0;27;10;16;6;5;6;1;5;10;5;2;2;0;2;6;8;7;3;0;1;0;6;3;0;31
3_VBC_J4_Q1;1;3_VBC_J4;3;VBC;4;102;JOV;90;True;False;True;2,433333333333333;146;0;0;0;0;0;0;0;0;0;0;0;0;0;0;0;0;0;0;0;0;0;1;0;0;-1;-1;20,0;27;10;16;6;5;6;1;5;10;5;2;2;0;2;6;8;7;3;0;1;0;6;3;0;31
4_VBC_J4_Q1;1;4_VBC_J4;4;VBC;4;102;JOV;90;True;True;True;5,883333333333334;353;6;3;4;1;3;3;0;0;1;1;0;0;0;0;1;1;2;1;0;0;0;0;1;0;3;8;20,0;27;10;16;6;5;6;1;5;10;5;2;2;0;2;6;8;7;3;0;1;0;6;3;0;31
5_VBC_J4_Q1;1;5_VBC_J4;5;VBC;4;102;JOV;90;True;True;True;3,8;228;3;1;1;0;0;0;0;1;1;0;0;0;0;0;0;0;2;0;0;0;0;1;0;0;6;4;20,0;27;10;16;6;5;6;1;5;10;5;2;2;0;2;6;8;7;3;0;1;0;6;3;0;31
6_VBC_J4_Q1;1;6_VBC_J4;6;VBC;4;102;JOV;90;True;False;True;3,8;228;2;0;1;1;0;0;0;0;1;1;2;2;0;1;0;1;0;0;0;0;0;1;1;0;-2;2;20,0;27;10;16;6;5;6;1;5;10;5;2;2;0;2;6;8;7;3;0;1;0;6;3;0;31
8_VBC_J4_Q1;1;8_VBC_J4;8;VBC;4;102;JOV;90;True;False;True;2,1333333333333333;128;3;1;1;0;0;0;0;1;1;0;0;0;0;0;0;0;0;0;0;0;0;0;0;0;-2;3;20,0;27;10;16;6;5;6;1;5;10;5;2;2;0;2;6;8;7;3;0;1;0;6;3;0;31
10_VBC_J4_Q1;1;10_VBC_J4;10;VBC;4;102;JOV;90;True;True;True;5,933333333333334;356;0;0;0;0;0;0;0;0;0;0;0;0;0;0;0;0;3;0;0;0;0;1;0;0;4;2;20,0;27;10;16;6;5;6;1;5;10;5;2;2;0;2;6;8;7;3;0;1;0;6;3;0;31
12_VBC_J4_Q1;1;12_VBC_J4;12;VBC;4;102;JOV;90;True;False;True;3,7666666666666666;226;2;1;1;0;1;1;0;0;0;0;0;0;0;0;1;1;0;0;0;1;0;1;0;0;-2;3;20,0;27;10;16;6;5;6;1;5;10;5;2;2;0;2;6;8;7;3;0;1;0;6;3;0;31
13_VBC_J4_Q1;1;13_VBC_J4;13;VBC;4;102;JOV;90;True;False;True;4,066666666666666;244;0;0;1;1;0;0;0;0;1;1;0;0;0;1;0;1;0;0;0;0;0;1;0;0;-1;-1;20,0;27;10;16;6;5;6;1;5;10;5;2;2;0;2;6;8;7;3;0;1;0;6;3;0;31
24_VBC_J4_Q1;1;24_VBC_J4;24;VBC;4;102;JOV;90;True;True;True;7,916666666666667;475;5;2;4;2;1;1;0;1;3;2;0;0;0;0;2;2;0;0;0;0;0;0;1;0;6;6;20,0;27;10;16;6;5;6;1;5;10;5;2;2;0;2;6;8;7;3;0;1;0;6;3;0;31
32_VBC_J4_Q1;1;32_VBC_J4;32;VBC;4;102;JOV;90;True;False;True;0,0;0;0;0;0;0;0;0;0;0;0;0;0;0;0;0;0;0;0;0;0;0;0;0;0;0;0;0;20,0;27;10;16;6;5;6;1;5;10;5;2;2;0;2;6;8;7;3;0;1;0;6;3;0;31
VBC_VBC_J4_Q1;1;VBC_VBC_J4;VBC;VBC;4;102;JOV;90;True;False;True;50,0;3000;0;0;0;0;0;0;0;0;0;0;0;0;0;0;1;1;0;0;0;0;0;0;0;0;0;1;20,0;27;10;16;6;5;6;1;5;10;5;2;2;0;2;6;8;7;3;0;1;0;6;3;0;31
0_VBC_J4_Q2;2;0_VBC_J4;0;VBC;4;102;JOV;90;True;False;True;3,8;228;0;0;1;1;0;0;0;0;1;1;0;0;0;0;0;0;0;0;0;0;0;0;0;0;-2;-1;20,0;17;5;15;10;3;5;2;2;10;8;5;6;1;4;7;11;2;4;2;2;0;5;5;0;19
1_VBC_J4_Q2;2;1_VBC_J4;1;VBC;4;102;JOV;90;True;True;True;3,183333333333333;191;3;1;2;1;0;1;1;1;1;0;0;0;0;0;0;0;0;0;1;0;0;0;0;0;2;3;20,0;17;5;15;10;3;5;2;2;10;8;5;6;1;4;7;11;2;4;2;2;0;5;5;0;19
3_VBC_J4_Q2;2;3_VBC_J4;3;VBC;4;102;JOV;90;True;False;True;6,866666666666666;412;3;1;4;3;0;0;0;1;4;3;0;0;0;0;2;2;0;0;0;0;0;0;0;0;-4;2;20,0;17;5;15;10;3;5;2;2;10;8;5;6;1;4;7;11;2;4;2;2;0;5;5;0;19
4_VBC_J4_Q2;2;4_VBC_J4;4;VBC;4;102;JOV;90;True;True;True;5,216666666666667;313;2;0;0;0;0;0;0;0;0;0;2;2;0;1;0;1;0;0;1;0;0;0;1;0;-3;5;20,0;17;5;15;10;3;5;2;2;10;8;5;6;1;4;7;11;2;4;2;2;0;5;5;0;19
5_VBC_J4_Q2;2;5_VBC_J4;5;VBC;4;102;JOV;90;True;True;True;3,8;228;0;0;1;1;0;0;0;0;1;1;0;0;0;0;1;1;0;1;0;0;0;0;0;0;-2;-1;20,0;17;5;15;10;3;5;2;2;10;8;5;6;1;4;7;11;2;4;2;2;0;5;5;0;19
6_VBC_J4_Q2;2;6_VBC_J4;6;VBC;4;102;JOV;90;True;False;True;0,0;0;0;0;0;0;0;0;0;0;0;0;0;0;0;0;0;0;0;0;0;0;0;0;0;0;0;0;20,0;17;5;15;10;3;5;2;2;10;8;5;6;1;4;7;11;2;4;2;2;0;5;5;0;19
8_VBC_J4_Q2;2;8_VBC_J4;8;VBC;4;102;JOV;90;True;False;True;6,2;372;3;1;2;1;1;1;0;0;1;1;1;2;1;1;0;1;0;2;0;0;0;0;2;0;-1;2;20,0;17;5;15;10;3;5;2;2;10;8;5;6;1;4;7;11;2;4;2;2;0;5;5;0;19
10_VBC_J4_Q2;2;10_VBC_J4;10;VBC;4;102;JOV;90;True;True;True;4,266666666666667;256;2;0;2;2;0;1;1;0;1;1;2;2;0;0;0;0;1;0;0;1;0;0;1;0;0;3;20,0;17;5;15;10;3;5;2;2;10;8;5;6;1;4;7;11;2;4;2;2;0;5;5;0;19
12_VBC_J4_Q2;2;12_VBC_J4;12;VBC;4;102;JOV;90;True;False;True;3,1333333333333333;188;0;0;0;0;0;0;0;0;0;0;0;0;0;0;2;2;0;0;0;0;0;1;0;0;1;1;20,0;17;5;15;10;3;5;2;2;10;8;5;6;1;4;7;11;2;4;2;2;0;5;5;0;19
13_VBC_J4_Q2;2;13_VBC_J4;13;VBC;4;102;JOV;90;True;False;True;3,9;234;2;1;1;0;1;1;0;0;0;0;0;0;0;1;0;1;0;0;0;0;0;0;0;0;-4;3;20,0;17;5;15;10;3;5;2;2;10;8;5;6;1;4;7;11;2;4;2;2;0;5;5;0;19
24_VBC_J4_Q2;2;24_VBC_J4;24;VBC;4;102;JOV;90;True;True;True;4,783333333333333;287;0;0;0;0;0;0;0;0;0;0;0;0;0;0;1;1;1;1;0;1;0;2;1;0;0;1;20,0;17;5;15;10;3;5;2;2;10;8;5;6;1;4;7;11;2;4;2;2;0;5;5;0;19
32_VBC_J4_Q2;2;32_VBC_J4;32;VBC;4;102;JOV;90;True;False;True;4,85;291;2;1;2;1;1;1;0;0;1;1;0;0;0;0;1;1;0;0;0;0;0;2;0;0;-2;0;20,0;17;5;15;10;3;5;2;2;10;8;5;6;1;4;7;11;2;4;2;2;0;5;5;0;19
VBC_VBC_J4_Q2;2;VBC_VBC_J4;VBC;VBC;4;102;JOV;90;True;False;True;50,0;3000;0;0;0;0;0;0;0;0;0;0;0;0;0;1;0;1;0;0;0;0;0;0;0;0;0;1;20,0;17;5;15;10;3;5;2;2;10;8;5;6;1;4;7;11;2;4;2;2;0;5;5;0;19
0_VBC_J4_Q3;3;0_VBC_J4;0;VBC;4;102;JOV;90;True;False;True;4,333333333333333;260;0;0;0;0;0;0;0;0;0;0;0;0;0;0;1;1;1;1;0;0;0;1;0;0;2;0;20,0;28;9;11;2;7;7;0;2;4;2;8;8;0;1;9;10;6;5;2;3;0;6;7;2;43
1_VBC_J4_Q3;3;1_VBC_J4;1;VBC;4;102;JOV;90;True;True;True;5,55;333;6;3;3;0;3;3;0;0;0;0;0;0;0;0;1;1;1;0;0;1;0;0;1;0;2;10;20,0;28;9;11;2;7;7;0;2;4;2;8;8;0;1;9;10;6;5;2;3;0;6;7;2;43
3_VBC_J4_Q3;3;3_VBC_J4;3;VBC;4;102;JOV;90;True;False;True;4,85;291;4;1;2;1;1;1;0;0;1;1;2;2;0;0;0;0;1;0;1;1;0;2;2;1;9;6;20,0;28;9;11;2;7;7;0;2;4;2;8;8;0;1;9;10;6;5;2;3;0;6;7;2;43
4_VBC_J4_Q3;3;4_VBC_J4;4;VBC;4;102;JOV;90;True;True;True;7,833333333333333;470;0;0;0;0;0;0;0;0;0;0;0;0;0;0;1;1;0;0;0;0;0;1;1;0;4;1;20,0;28;9;11;2;7;7;0;2;4;2;8;8;0;1;9;10;6;5;2;3;0;6;7;2;43
5_VBC_J4_Q3;3;5_VBC_J4;5;VBC;4;102;JOV;90;True;True;True;4,133333333333334;248;7;2;2;0;1;1;0;1;1;0;2;2;0;0;0;0;1;2;0;0;0;0;1;0;8;7;20,0;28;9;11;2;7;7;0;2;4;2;8;8;0;1;9;10;6;5;2;3;0;6;7;2;43
6_VBC_J4_Q3;3;6_VBC_J4;6;VBC;4;102;JOV;90;True;False;True;4,45;267;4;0;1;1;0;0;0;0;1;1;4;4;0;0;1;1;1;0;1;0;0;0;2;0;10;8;20,0;28;9;11;2;7;7;0;2;4;2;8;8;0;1;9;10;6;5;2;3;0;6;7;2;43
8_VBC_J4_Q3;3;8_VBC_J4;8;VBC;4;102;JOV;90;True;False;True;2,283333333333333;137;0;0;0;0;0;0;0;0;0;0;0;0;0;0;0;0;0;2;0;0;0;0;0;0;1;-2;20,0;28;9;11;2;7;7;0;2;4;2;8;8;0;1;9;10;6;5;2;3;0;6;7;2;43
10_VBC_J4_Q3;3;10_VBC_J4;10;VBC;4;102;JOV;90;True;True;True;3,3833333333333333;203;0;0;0;0;0;0;0;0;0;0;0;0;0;0;1;1;0;0;0;0;0;0;0;0;9;1;20,0;28;9;11;2;7;7;0;2;4;2;8;8;0;1;9;10;6;5;2;3;0;6;7;2;43
12_VBC_J4_Q3;3;12_VBC_J4;12;VBC;4;102;JOV;90;True;False;True;2,8666666666666667;172;4;2;2;0;2;2;0;0;0;0;0;0;0;0;1;1;0;0;0;1;0;1;0;1;1;5;20,0;28;9;11;2;7;7;0;2;4;2;8;8;0;1;9;10;6;5;2;3;0;6;7;2;43
13_VBC_J4_Q3;3;13_VBC_J4;13;VBC;4;102;JOV;90;True;False;True;5,866666666666666;352;3;1;1;0;0;0;0;1;1;0;0;0;0;0;0;0;1;0;0;0;0;1;0;0;4;3;20,0;28;9;11;2;7;7;0;2;4;2;8;8;0;1;9;10;6;5;2;3;0;6;7;2;43
24_VBC_J4_Q3;3;24_VBC_J4;24;VBC;4;102;JOV;90;True;True;True;4,45;267;0;0;0;0;0;0;0;0;0;0;0;0;0;1;2;3;0;0;0;0;0;0;0;0;10;3;20,0;28;9;11;2;7;7;0;2;4;2;8;8;0;1;9;10;6;5;2;3;0;6;7;2;43
32_VBC_J4_Q3;3;32_VBC_J4;32;VBC;4;102;JOV;90;True;False;True;0,0;0;0;0;0;0;0;0;0;0;0;0;0;0;0;0;0;0;0;0;0;0;0;0;0;0;0;0;20,0;28;9;11;2;7;7;0;2;4;2;8;8;0;1;9;10;6;5;2;3;0;6;7;2;43
VBC_VBC_J4_Q3;3;VBC_VBC_J4;VBC;VBC;4;102;JOV;90;True;False;True;50,0;3000;0;0;0;0;0;0;0;0;0;0;0;0;0;0;1;1;0;0;0;0;0;0;0;0;0;1;20,0;28;9;11;2;7;7;0;2;4;2;8;8;0;1;9;10;6;5;2;3;0;6;7;2;43
0_VBC_J4_Q4;4;0_VBC_J4;0;VBC;4;102;JOV;90;True;False;True;2,9;174;2;0;1;1;0;0;0;0;1;1;2;2;0;0;0;0;0;0;1;0;0;0;1;0;1;3;20,0;30;9;16;7;6;8;2;3;8;5;9;11;2;1;6;7;7;1;3;0;0;4;8;2;41
1_VBC_J4_Q4;4;1_VBC_J4;1;VBC;4;102;JOV;90;True;True;True;4,35;261;2;0;1;1;0;1;1;0;0;0;2;2;0;0;0;0;0;0;0;0;0;0;1;0;7;2;20,0;30;9;16;7;6;8;2;3;8;5;9;11;2;1;6;7;7;1;3;0;0;4;8;2;41
3_VBC_J4_Q4;4;3_VBC_J4;3;VBC;4;102;JOV;90;True;False;True;4,5;270;6;1;2;1;0;0;0;1;2;1;3;4;1;0;0;0;0;0;0;0;0;0;2;0;2;6;20,0;30;9;16;7;6;8;2;3;8;5;9;11;2;1;6;7;7;1;3;0;0;4;8;2;41
4_VBC_J4_Q4;4;4_VBC_J4;4;VBC;4;102;JOV;90;True;True;True;6,1;366;4;1;1;0;0;0;0;1;1;0;1;2;1;0;0;0;1;0;0;0;0;0;1;0;-4;5;20,0;30;9;16;7;6;8;2;3;8;5;9;11;2;1;6;7;7;1;3;0;0;4;8;2;41
5_VBC_J4_Q4;4;5_VBC_J4;5;VBC;4;102;JOV;90;True;True;True;3,3833333333333333;203;0;0;0;0;0;0;0;0;0;0;0;0;0;0;0;0;0;0;0;0;0;1;0;0;-1;-1;20,0;30;9;16;7;6;8;2;3;8;5;9;11;2;1;6;7;7;1;3;0;0;4;8;2;41
6_VBC_J4_Q4;4;6_VBC_J4;6;VBC;4;102;JOV;90;True;False;True;1,7166666666666666;103;0;0;0;0;0;0;0;0;0;0;0;0;0;0;0;0;0;0;0;0;0;0;0;0;-2;0;20,0;30;9;16;7;6;8;2;3;8;5;9;11;2;1;6;7;7;1;3;0;0;4;8;2;41
8_VBC_J4_Q4;4;8_VBC_J4;8;VBC;4;102;JOV;90;True;False;True;7,1;426;10;4;6;2;3;4;1;1;2;1;1;1;0;0;1;1;2;0;0;0;0;0;2;0;-1;13;20,0;30;9;16;7;6;8;2;3;8;5;9;11;2;1;6;7;7;1;3;0;0;4;8;2;41
10_VBC_J4_Q4;4;10_VBC_J4;10;VBC;4;102;JOV;90;True;True;True;0,0;0;0;0;0;0;0;0;0;0;0;0;0;0;0;0;0;0;0;0;0;0;0;0;0;0;0;0;20,0;30;9;16;7;6;8;2;3;8;5;9;11;2;1;6;7;7;1;3;0;0;4;8;2;41
12_VBC_J4_Q4;4;12_VBC_J4;12;VBC;4;102;JOV;90;True;False;True;5,5;330;4;2;2;0;2;2;0;0;0;0;0;0;0;0;1;1;1;0;1;0;0;1;0;2;-2;6;20,0;30;9;16;7;6;8;2;3;8;5;9;11;2;1;6;7;7;1;3;0;0;4;8;2;41
13_VBC_J4_Q4;4;13_VBC_J4;13;VBC;4;102;JOV;90;True;False;True;6,616666666666666;397;2;1;2;1;1;1;0;0;1;1;0;0;0;0;1;1;2;0;1;0;0;0;1;0;1;6;20,0;30;9;16;7;6;8;2;3;8;5;9;11;2;1;6;7;7;1;3;0;0;4;8;2;41
24_VBC_J4_Q4;4;24_VBC_J4;24;VBC;4;102;JOV;90;True;True;True;3,9;234;0;0;0;0;0;0;0;0;0;0;0;0;0;0;2;2;0;0;0;0;0;0;0;0;4;2;20,0;30;9;16;7;6;8;2;3;8;5;9;11;2;1;6;7;7;1;3;0;0;4;8;2;41
32_VBC_J4_Q4;4;32_VBC_J4;32;VBC;4;102;JOV;90;True;False;True;3,933333333333333;236;0;0;1;1;0;0;0;0;1;1;0;0;0;1;0;1;1;0;0;0;0;1;0;0;-5;0;20,0;30;9;16;7;6;8;2;3;8;5;9;11;2;1;6;7;7;1;3;0;0;4;8;2;41
VBC_VBC_J4_Q4;4;VBC_VBC_J4;VBC;VBC;4;102;JOV;90;True;False;True;50,0;3000;0;0;0;0;0;0;0;0;0;0;0;0;0;0;1;1;0;1;0;0;0;1;0;0;0;-1;20,0;30;9;16;7;6;8;2;3;8;5;9;11;2;1;6;7;7;1;3;0;0;4;8;2;41
0_JOV_J4_Q1;1;0_JOV_J4;0;JOV;4;90;VBC;102;False;False;False;3,7666666666666666;226;0;0;1;1;0;0;0;0;1;1;0;0;0;0;0;0;0;0;0;0;0;0;0;0;2;-1;20,0;24;7;16;9;4;9;5;3;7;4;7;7;0;3;4;7;5;2;3;0;1;3;6;0;30
1_JOV_J4_Q1;1;1_JOV_J4;1;JOV;4;90;VBC;102;False;False;False;4,8;288;0;0;2;2;0;1;1;0;1;1;0;0;0;2;1;3;0;0;0;0;1;1;0;0;4;-1;20,0;24;7;16;9;4;9;5;3;7;4;7;7;0;3;4;7;5;2;3;0;1;3;6;0;30
9_JOV_J4_Q1;1;9_JOV_J4;9;JOV;4;90;VBC;102;False;False;False;5,05;303;4;0;1;1;0;1;1;0;0;0;4;4;0;0;1;1;1;1;0;0;0;0;3;0;7;7;20,0;24;7;16;9;4;9;5;3;7;4;7;7;0;3;4;7;5;2;3;0;1;3;6;0;30
12_JOV_J4_Q1;1;12_JOV_J4;12;JOV;4;90;VBC;102;False;False;False;4,066666666666666;244;2;0;1;1;0;0;0;0;1;1;2;2;0;0;0;0;0;0;0;0;0;0;1;0;3;2;20,0;24;7;16;9;4;9;5;3;7;4;7;7;0;3;4;7;5;2;3;0;1;3;6;0;30
16_JOV_J4_Q1;1;16_JOV_J4;16;JOV;4;90;VBC;102;False;True;False;4,95;297;3;1;1;0;0;0;0;1;1;0;0;0;0;0;0;0;1;0;0;0;0;0;0;0;-10;4;20,0;24;7;16;9;4;9;5;3;7;4;7;7;0;3;4;7;5;2;3;0;1;3;6;0;30
17_JOV_J4_Q1;1;17_JOV_J4;17;JOV;4;90;VBC;102;False;True;False;2,6333333333333333;158;0;0;2;2;0;1;1;0;1;1;0;0;0;0;0;0;0;0;0;0;0;0;0;0;-4;-2;20,0;24;7;16;9;4;9;5;3;7;4;7;7;0;3;4;7;5;2;3;0;1;3;6;0;30
21_JOV_J4_Q1;1;21_JOV_J4;21;JOV;4;90;VBC;102;False;False;False;3,6;216;5;2;2;0;2;2;0;0;0;0;1;1;0;0;0;0;0;0;2;0;0;2;1;0;-1;6;20,0;24;7;16;9;4;9;5;3;7;4;7;7;0;3;4;7;5;2;3;0;1;3;6;0;30
24_JOV_J4_Q1;1;24_JOV_J4;24;JOV;4;90;VBC;102;False;True;False;5,933333333333334;356;6;2;2;0;0;0;0;2;2;0;0;0;0;0;0;0;1;0;0;0;0;0;0;0;-6;7;20,0;24;7;16;9;4;9;5;3;7;4;7;7;0;3;4;7;5;2;3;0;1;3;6;0;30
35_JOV_J4_Q1;1;35_JOV_J4;35;JOV;4;90;VBC;102;False;True;False;5,933333333333334;356;2;1;2;1;1;2;1;0;0;0;0;0;0;0;0;0;2;0;0;0;0;0;0;0;-6;3;20,0;24;7;16;9;4;9;5;3;7;4;7;7;0;3;4;7;5;2;3;0;1;3;6;0;30
44_JOV_J4_Q1;1;44_JOV_J4;44;JOV;4;90;VBC;102;False;False;False;4,066666666666666;244;0;0;1;1;0;1;1;0;0;0;0;0;0;1;1;2;0;1;0;0;0;0;0;0;3;0;20,0;24;7;16;9;4;9;5;3;7;4;7;7;0;3;4;7;5;2;3;0;1;3;6;0;30
88_JOV_J4_Q1;1;88_JOV_J4;88;JOV;4;90;VBC;102;False;True;False;5,2;312;2;1;1;0;1;1;0;0;0;0;0;0;0;0;1;1;0;0;1;0;0;0;1;0;-7;5;20,0;24;7;16;9;4;9;5;3;7;4;7;7;0;3;4;7;5;2;3;0;1;3;6;0;30
JOV_JOV_J4_Q1;1;JOV_JOV_J4;JOV;JOV;4;90;VBC;102;False;False;False;50,0;3000;0;0;0;0;0;0;0;0;0;0;0;0;0;0;0;0;0;0;0;0;0;0;0;0;0;0;20,0;24;7;16;9;4;9;5;3;7;4;7;7;0;3;4;7;5;2;3;0;1;3;6;0;30
0_JOV_J4_Q2;2;0_JOV_J4;0;JOV;4;90;VBC;102;False;False;False;2,6166666666666667;157;0;0;0;0;0;0;0;0;0;0;0;0;0;0;0;0;0;0;0;0;0;1;0;0;1;-1;20,0;20;7;15;8;5;9;4;2;6;4;4;4;0;1;6;7;1;3;1;0;2;5;5;0;16
1_JOV_J4_Q2;2;1_JOV_J4;1;JOV;4;90;VBC;102;False;False;False;3,9;234;0;0;0;0;0;0;0;0;0;0;0;0;0;0;2;2;1;0;0;0;0;0;0;0;4;3;20,0;20;7;15;8;5;9;4;2;6;4;4;4;0;1;6;7;1;3;1;0;2;5;5;0;16
9_JOV_J4_Q2;2;9_JOV_J4;9;JOV;4;90;VBC;102;False;False;False;5,15;309;4;1;2;1;1;2;1;0;0;0;2;2;0;0;0;0;0;1;0;0;0;0;1;0;1;3;20,0;20;7;15;8;5;9;4;2;6;4;4;4;0;1;6;7;1;3;1;0;2;5;5;0;16
12_JOV_J4_Q2;2;12_JOV_J4;12;JOV;4;90;VBC;102;False;False;False;4,133333333333334;248;0;0;0;0;0;0;0;0;0;0;0;0;0;0;0;0;0;0;0;0;0;0;0;0;0;0;20,0;20;7;15;8;5;9;4;2;6;4;4;4;0;1;6;7;1;3;1;0;2;5;5;0;16
16_JOV_J4_Q2;2;16_JOV_J4;16;JOV;4;90;VBC;102;False;True;False;3,25;195;0;0;1;1;0;1;1;0;0;0;0;0;0;0;0;0;0;1;0;0;0;0;1;0;0;-1;20,0;20;7;15;8;5;9;4;2;6;4;4;4;0;1;6;7;1;3;1;0;2;5;5;0;16
17_JOV_J4_Q2;2;17_JOV_J4;17;JOV;4;90;VBC;102;False;True;False;6,1;366;0;0;1;1;0;1;1;0;0;0;0;0;0;0;0;0;0;0;1;0;0;1;0;0;-1;-1;20,0;20;7;15;8;5;9;4;2;6;4;4;4;0;1;6;7;1;3;1;0;2;5;5;0;16
21_JOV_J4_Q2;2;21_JOV_J4;21;JOV;4;90;VBC;102;False;False;False;1,2833333333333334;77;0;0;1;1;0;0;0;0;1;1;0;0;0;0;0;0;0;0;0;0;0;1;0;0;3;-2;20,0;20;7;15;8;5;9;4;2;6;4;4;4;0;1;6;7;1;3;1;0;2;5;5;0;16
24_JOV_J4_Q2;2;24_JOV_J4;24;JOV;4;90;VBC;102;False;True;False;7,466666666666667;448;12;5;6;1;3;3;0;2;3;1;0;0;0;1;0;1;0;1;0;0;0;1;0;0;5;10;20,0;20;7;15;8;5;9;4;2;6;4;4;4;0;1;6;7;1;3;1;0;2;5;5;0;16
35_JOV_J4_Q2;2;35_JOV_J4;35;JOV;4;90;VBC;102;False;True;False;5,216666666666667;313;0;0;0;0;0;0;0;0;0;0;0;0;0;0;1;1;0;0;0;0;0;1;0;0;1;0;20,0;20;7;15;8;5;9;4;2;6;4;4;4;0;1;6;7;1;3;1;0;2;5;5;0;16
44_JOV_J4_Q2;2;44_JOV_J4;44;JOV;4;90;VBC;102;False;False;False;4,783333333333333;287;4;1;2;1;1;2;1;0;0;0;2;2;0;0;1;1;0;0;0;0;1;0;2;0;2;5;20,0;20;7;15;8;5;9;4;2;6;4;4;4;0;1;6;7;1;3;1;0;2;5;5;0;16
88_JOV_J4_Q2;2;88_JOV_J4;88;JOV;4;90;VBC;102;False;True;False;6,1;366;0;0;2;2;0;0;0;0;2;2;0;0;0;0;1;1;0;0;0;0;1;0;1;0;-1;-1;20,0;20;7;15;8;5;9;4;2;6;4;4;4;0;1;6;7;1;3;1;0;2;5;5;0;16
JOV_JOV_J4_Q2;2;JOV_JOV_J4;JOV;JOV;4;90;VBC;102;False;False;False;50,0;3000;0;0;0;0;0;0;0;0;0;0;0;0;0;0;1;1;0;0;0;0;0;0;0;0;0;1;20,0;20;7;15;8;5;9;4;2;6;4;4;4;0;1;6;7;1;3;1;0;2;5;5;0;16
0_JOV_J4_Q3;3;0_JOV_J4;0;JOV;4;90;VBC;102;False;False;False;0,0;0;0;0;0;0;0;0;0;0;0;0;0;0;0;0;0;0;0;0;0;0;0;0;0;0;0;0;20,0;16;6;17;11;4;13;9;2;4;2;2;3;1;2;1;3;3;4;4;0;3;7;6;0;6
1_JOV_J4_Q3;3;1_JOV_J4;1;JOV;4;90;VBC;102;False;False;False;5,633333333333334;338;0;0;0;0;0;0;0;0;0;0;0;0;0;0;0;0;0;0;1;0;0;0;0;0;-10;1;20,0;16;6;17;11;4;13;9;2;4;2;2;3;1;2;1;3;3;4;4;0;3;7;6;0;6
9_JOV_J4_Q3;3;9_JOV_J4;9;JOV;4;90;VBC;102;False;False;False;4,45;267;0;0;3;3;0;2;2;0;1;1;0;0;0;0;0;0;2;0;0;0;0;0;0;0;-10;-1;20,0;16;6;17;11;4;13;9;2;4;2;2;3;1;2;1;3;3;4;4;0;3;7;6;0;6
12_JOV_J4_Q3;3;12_JOV_J4;12;JOV;4;90;VBC;102;False;False;False;5,316666666666666;319;3;1;2;1;0;1;1;1;1;0;0;0;0;0;0;0;0;1;1;0;1;0;1;0;-4;2;20,0;16;6;17;11;4;13;9;2;4;2;2;3;1;2;1;3;3;4;4;0;3;7;6;0;6
16_JOV_J4_Q3;3;16_JOV_J4;16;JOV;4;90;VBC;102;False;True;False;4,683333333333334;281;0;0;0;0;0;0;0;0;0;0;0;0;0;0;0;0;1;0;0;0;0;0;0;0;-8;1;20,0;16;6;17;11;4;13;9;2;4;2;2;3;1;2;1;3;3;4;4;0;3;7;6;0;6
17_JOV_J4_Q3;3;17_JOV_J4;17;JOV;4;90;VBC;102;False;True;False;5,583333333333333;335;0;0;0;0;0;0;0;0;0;0;0;0;0;1;0;1;0;0;1;0;0;1;0;0;-2;1;20,0;16;6;17;11;4;13;9;2;4;2;2;3;1;2;1;3;3;4;4;0;3;7;6;0;6
21_JOV_J4_Q3;3;21_JOV_J4;21;JOV;4;90;VBC;102;False;False;False;3,033333333333333;182;0;0;0;0;0;0;0;0;0;0;0;0;0;0;0;0;0;0;0;0;0;1;0;0;-8;-1;20,0;16;6;17;11;4;13;9;2;4;2;2;3;1;2;1;3;3;4;4;0;3;7;6;0;6
24_JOV_J4_Q3;3;24_JOV_J4;24;JOV;4;90;VBC;102;False;True;False;5,55;333;0;0;1;1;0;1;1;0;0;0;0;0;0;0;0;0;0;1;0;0;0;2;1;0;-2;-3;20,0;16;6;17;11;4;13;9;2;4;2;2;3;1;2;1;3;3;4;4;0;3;7;6;0;6
35_JOV_J4_Q3;3;35_JOV_J4;35;JOV;4;90;VBC;102;False;True;False;4,35;261;3;1;2;1;1;2;1;0;0;0;1;2;1;1;0;1;0;0;0;0;1;2;1;0;-4;0;20,0;16;6;17;11;4;13;9;2;4;2;2;3;1;2;1;3;3;4;4;0;3;7;6;0;6
44_JOV_J4_Q3;3;44_JOV_J4;44;JOV;4;90;VBC;102;False;False;False;5,533333333333333;332;5;2;6;4;2;6;4;0;0;0;1;1;0;0;0;0;0;0;0;0;1;0;3;0;-8;3;20,0;16;6;17;11;4;13;9;2;4;2;2;3;1;2;1;3;3;4;4;0;3;7;6;0;6
88_JOV_J4_Q3;3;88_JOV_J4;88;JOV;4;90;VBC;102;False;True;False;5,866666666666666;352;5;2;3;1;1;1;0;1;2;1;0;0;0;0;1;1;0;2;1;0;0;1;0;0;-4;3;20,0;16;6;17;11;4;13;9;2;4;2;2;3;1;2;1;3;3;4;4;0;3;7;6;0;6
JOV_JOV_J4_Q3;3;JOV_JOV_J4;JOV;JOV;4;90;VBC;102;False;False;False;50,0;3000;0;0;0;0;0;0;0;0;0;0;0;0;0;0;0;0;0;0;0;0;0;0;0;0;0;0;20,0;16;6;17;11;4;13;9;2;4;2;2;3;1;2;1;3;3;4;4;0;3;7;6;0;6
0_JOV_J4_Q4;4;0_JOV_J4;0;JOV;4;90;VBC;102;False;False;False;3,3;198;3;1;2;1;1;1;0;0;1;1;1;2;1;0;1;1;0;1;0;0;0;1;1;0;0;1;20,0;30;11;19;8;5;7;2;6;12;6;2;4;2;2;7;9;10;3;0;0;0;8;3;1;31
1_JOV_J4_Q4;4;1_JOV_J4;1;JOV;4;90;VBC;102;False;False;False;3,3833333333333333;203;0;0;0;0;0;0;0;0;0;0;0;0;0;0;0;0;1;0;0;0;0;2;0;0;-1;-1;20,0;30;11;19;8;5;7;2;6;12;6;2;4;2;2;7;9;10;3;0;0;0;8;3;1;31
9_JOV_J4_Q4;4;9_JOV_J4;9;JOV;4;90;VBC;102;False;False;False;7,25;435;5;2;2;0;1;1;0;1;1;0;0;1;1;0;2;2;4;1;0;0;0;1;1;0;3;9;20,0;30;11;19;8;5;7;2;6;12;6;2;4;2;2;7;9;10;3;0;0;0;8;3;1;31
12_JOV_J4_Q4;4;12_JOV_J4;12;JOV;4;90;VBC;102;False;False;False;2,75;165;0;0;0;0;0;0;0;0;0;0;0;0;0;0;0;0;1;0;0;0;0;1;0;0;-3;0;20,0;30;11;19;8;5;7;2;6;12;6;2;4;2;2;7;9;10;3;0;0;0;8;3;1;31
16_JOV_J4_Q4;4;16_JOV_J4;16;JOV;4;90;VBC;102;False;True;False;0,0;0;0;0;0;0;0;0;0;0;0;0;0;0;0;0;0;0;0;0;0;0;0;0;0;0;0;0;20,0;30;11;19;8;5;7;2;6;12;6;2;4;2;2;7;9;10;3;0;0;0;8;3;1;31
17_JOV_J4_Q4;4;17_JOV_J4;17;JOV;4;90;VBC;102;False;True;False;3,7;222;3;1;3;2;0;0;0;1;3;2;0;0;0;0;0;0;0;0;0;0;0;0;0;0;-4;1;20,0;30;11;19;8;5;7;2;6;12;6;2;4;2;2;7;9;10;3;0;0;0;8;3;1;31
21_JOV_J4_Q4;4;21_JOV_J4;21;JOV;4;90;VBC;102;False;False;False;2,4833333333333334;149;2;1;1;0;1;1;0;0;0;0;0;0;0;0;0;0;0;0;0;0;0;1;0;1;6;1;20,0;30;11;19;8;5;7;2;6;12;6;2;4;2;2;7;9;10;3;0;0;0;8;3;1;31
24_JOV_J4_Q4;4;24_JOV_J4;24;JOV;4;90;VBC;102;False;True;False;10,0;600;10;3;6;3;0;1;1;3;5;2;1;1;0;0;0;0;1;0;0;0;0;0;0;0;0;8;20,0;30;11;19;8;5;7;2;6;12;6;2;4;2;2;7;9;10;3;0;0;0;8;3;1;31
35_JOV_J4_Q4;4;35_JOV_J4;35;JOV;4;90;VBC;102;False;True;False;3,3;198;0;0;0;0;0;0;0;0;0;0;0;0;0;0;0;0;0;0;0;0;0;1;0;0;3;-1;20,0;30;11;19;8;5;7;2;6;12;6;2;4;2;2;7;9;10;3;0;0;0;8;3;1;31
44_JOV_J4_Q4;4;44_JOV_J4;44;JOV;4;90;VBC;102;False;False;False;6,7;402;4;2;3;1;2;3;1;0;0;0;0;0;0;0;1;1;1;0;0;0;0;0;1;0;-3;6;20,0;30;11;19;8;5;7;2;6;12;6;2;4;2;2;7;9;10;3;0;0;0;8;3;1;31
88_JOV_J4_Q4;4;88_JOV_J4;88;JOV;4;90;VBC;102;False;True;False;7,133333333333334;428;3;1;2;1;0;0;0;1;2;1;0;0;0;1;2;3;2;1;0;0;0;1;0;0;-1;5;20,0;30;11;19;8;5;7;2;6;12;6;2;4;2;2;7;9;10;3;0;0;0;8;3;1;31
JOV_JOV_J4_Q4;4;JOV_JOV_J4;JOV;JOV;4;90;VBC;102;False;False;False;50,0;3000;0;0;0;0;0;0;0;0;0;0;0;0;0;1;1;2;0;0;0;0;0;0;0;0;0;2;20,0;30;11;19;8;5;7;2;6;12;6;2;4;2;2;7;9;10;3;0;0;0;8;3;1;31
0_RMB_J4_Q1;1;0_RMB_J4;0;RMB;4;87;BAX;75;True;True;True;6,166666666666667;370;0;0;3;3;0;0;0;0;3;3;0;0;0;0;0;0;0;0;1;0;0;1;1;0;4;-2;20,0;21;7;15;8;4;5;1;3;10;7;4;6;2;3;6;9;6;5;2;2;0;5;4;0;24
1_RMB_J4_Q1;1;1_RMB_J4;1;RMB;4;87;BAX;75;True;False;True;0,0;0;0;0;0;0;0;0;0;0;0;0;0;0;0;0;0;0;0;0;0;0;0;0;0;0;0;0;20,0;21;7;15;8;4;5;1;3;10;7;4;6;2;3;6;9;6;5;2;2;0;5;4;0;24
6_RMB_J4_Q1;1;6_RMB_J4;6;RMB;4;87;BAX;75;True;True;True;6,483333333333333;389;6;2;2;0;0;0;0;2;2;0;0;0;0;0;1;1;1;0;0;0;0;0;0;0;7;8;20,0;21;7;15;8;4;5;1;3;10;7;4;6;2;3;6;9;6;5;2;2;0;5;4;0;24
7_RMB_J4_Q1;1;7_RMB_J4;7;RMB;4;87;BAX;75;True;False;True;4,666666666666667;280;5;2;3;1;1;1;0;1;2;1;0;0;0;0;1;1;1;0;0;0;0;0;0;0;2;6;20,0;21;7;15;8;4;5;1;3;10;7;4;6;2;3;6;9;6;5;2;2;0;5;4;0;24
8_RMB_J4_Q1;1;8_RMB_J4;8;RMB;4;87;BAX;75;True;False;True;3,8333333333333335;230;0;0;0;0;0;0;0;0;0;0;0;0;0;0;0;0;0;1;0;0;0;1;0;0;0;-2;20,0;21;7;15;8;4;5;1;3;10;7;4;6;2;3;6;9;6;5;2;2;0;5;4;0;24
9_RMB_J4_Q1;1;9_RMB_J4;9;RMB;4;87;BAX;75;True;False;True;3,8333333333333335;230;0;0;1;1;0;0;0;0;1;1;0;0;0;0;0;0;1;0;0;0;0;0;0;0;0;0;20,0;21;7;15;8;4;5;1;3;10;7;4;6;2;3;6;9;6;5;2;2;0;5;4;0;24
11_RMB_J4_Q1;1;11_RMB_J4;11;RMB;4;87;BAX;75;True;True;True;6,166666666666667;370;2;1;3;2;1;2;1;0;1;1;0;0;0;0;0;0;0;0;0;0;0;0;0;0;4;0;20,0;21;7;15;8;4;5;1;3;10;7;4;6;2;3;6;9;6;5;2;2;0;5;4;0;24
12_RMB_J4_Q1;1;12_RMB_J4;12;RMB;4;87;BAX;75;True;True;True;5,333333333333333;320;0;0;1;1;0;0;0;0;1;1;0;2;2;0;0;0;2;1;0;0;0;1;1;0;2;-2;20,0;21;7;15;8;4;5;1;3;10;7;4;6;2;3;6;9;6;5;2;2;0;5;4;0;24
13_RMB_J4_Q1;1;13_RMB_J4;13;RMB;4;87;BAX;75;True;False;True;0,0;0;0;0;0;0;0;0;0;0;0;0;0;0;0;0;0;0;0;0;0;0;0;0;0;0;0;0;20,0;21;7;15;8;4;5;1;3;10;7;4;6;2;3;6;9;6;5;2;2;0;5;4;0;24
16_RMB_J4_Q1;1;16_RMB_J4;16;RMB;4;87;BAX;75;True;False;True;3,5166666666666666;211;2;1;1;0;1;1;0;0;0;0;0;0;0;1;0;1;0;0;0;0;0;0;0;0;-3;3;20,0;21;7;15;8;4;5;1;3;10;7;4;6;2;3;6;9;6;5;2;2;0;5;4;0;24
22_RMB_J4_Q1;1;22_RMB_J4;22;RMB;4;87;BAX;75;True;True;True;6,483333333333333;389;6;1;1;0;1;1;0;0;0;0;4;4;0;2;4;6;0;2;1;2;0;0;2;0;7;15;20,0;21;7;15;8;4;5;1;3;10;7;4;6;2;3;6;9;6;5;2;2;0;5;4;0;24
23_RMB_J4_Q1;1;23_RMB_J4;23;RMB;4;87;BAX;75;True;False;True;3,5166666666666666;211;0;0;0;0;0;0;0;0;0;0;0;0;0;0;0;0;1;1;0;0;0;2;0;0;-3;-2;20,0;21;7;15;8;4;5;1;3;10;7;4;6;2;3;6;9;6;5;2;2;0;5;4;0;24
RMB_RMB_J4_Q1;1;RMB_RMB_J4;RMB;RMB;4;87;BAX;75;True;False;True;50,0;3000;0;0;0;0;0;0;0;0;0;0;0;0;0;0;0;0;0;0;0;0;0;0;0;0;0;0;20,0;21;7;15;8;4;5;1;3;10;7;4;6;2;3;6;9;6;5;2;2;0;5;4;0;24
0_RMB_J4_Q2;2;0_RMB_J4;0;RMB;4;87;BAX;75;True;True;True;4,2;252;5;1;1;0;1;1;0;0;0;0;3;3;0;0;2;2;0;0;0;0;0;0;2;0;6;9;20,0;21;7;15;8;5;12;7;2;3;1;5;5;0;2;7;9;3;4;1;4;1;6;6;0;25
1_RMB_J4_Q2;2;1_RMB_J4;1;RMB;4;87;BAX;75;True;False;True;4,7;282;0;0;0;0;0;0;0;0;0;0;0;0;0;0;0;0;0;0;0;0;0;1;0;0;0;-1;20,0;21;7;15;8;5;12;7;2;3;1;5;5;0;2;7;9;3;4;1;4;1;6;6;0;25
6_RMB_J4_Q2;2;6_RMB_J4;6;RMB;4;87;BAX;75;True;True;True;3,15;189;2;1;3;2;1;3;2;0;0;0;0;0;0;0;0;0;0;0;0;0;1;0;0;0;2;-1;20,0;21;7;15;8;5;12;7;2;3;1;5;5;0;2;7;9;3;4;1;4;1;6;6;0;25
7_RMB_J4_Q2;2;7_RMB_J4;7;RMB;4;87;BAX;75;True;False;True;6,35;381;0;0;1;1;0;1;1;0;0;0;0;0;0;0;0;0;1;1;0;0;0;2;1;0;7;-2;20,0;21;7;15;8;5;12;7;2;3;1;5;5;0;2;7;9;3;4;1;4;1;6;6;0;25
8_RMB_J4_Q2;2;8_RMB_J4;8;RMB;4;87;BAX;75;True;False;True;5,8;348;6;2;2;0;0;0;0;2;2;0;0;0;0;0;2;2;0;0;0;0;0;0;1;0;-3;9;20,0;21;7;15;8;5;12;7;2;3;1;5;5;0;2;7;9;3;4;1;4;1;6;6;0;25
9_RMB_J4_Q2;2;9_RMB_J4;9;RMB;4;87;BAX;75;True;False;True;1,6166666666666667;97;0;0;0;0;0;0;0;0;0;0;0;0;0;0;0;0;0;0;0;0;0;0;0;0;2;0;20,0;21;7;15;8;5;12;7;2;3;1;5;5;0;2;7;9;3;4;1;4;1;6;6;0;25
11_RMB_J4_Q2;2;11_RMB_J4;11;RMB;4;87;BAX;75;True;True;True;8,383333333333333;503;2;1;1;0;1;1;0;0;0;0;0;0;0;1;1;2;0;2;1;0;0;1;0;0;1;2;20,0;21;7;15;8;5;12;7;2;3;1;5;5;0;2;7;9;3;4;1;4;1;6;6;0;25
12_RMB_J4_Q2;2;12_RMB_J4;12;RMB;4;87;BAX;75;True;True;True;3,65;219;0;0;3;3;0;2;2;0;1;1;0;0;0;0;0;0;2;0;0;0;0;1;0;0;-4;-2;20,0;21;7;15;8;5;12;7;2;3;1;5;5;0;2;7;9;3;4;1;4;1;6;6;0;25
13_RMB_J4_Q2;2;13_RMB_J4;13;RMB;4;87;BAX;75;True;False;True;4,466666666666667;268;2;1;2;1;1;2;1;0;0;0;0;0;0;0;0;0;0;0;0;1;0;0;0;0;-4;2;20,0;21;7;15;8;5;12;7;2;3;1;5;5;0;2;7;9;3;4;1;4;1;6;6;0;25
16_RMB_J4_Q2;2;16_RMB_J4;16;RMB;4;87;BAX;75;True;False;True;1,3333333333333333;80;2;1;1;0;1;1;0;0;0;0;0;0;0;0;0;0;0;1;0;0;0;1;0;0;1;0;20,0;21;7;15;8;5;12;7;2;3;1;5;5;0;2;7;9;3;4;1;4;1;6;6;0;25
22_RMB_J4_Q2;2;22_RMB_J4;22;RMB;4;87;BAX;75;True;True;True;4,2;252;2;0;1;1;0;1;1;0;0;0;2;2;0;0;2;2;0;0;0;3;0;0;2;0;6;8;20,0;21;7;15;8;5;12;7;2;3;1;5;5;0;2;7;9;3;4;1;4;1;6;6;0;25
23_RMB_J4_Q2;2;23_RMB_J4;23;RMB;4;87;BAX;75;True;False;True;2,15;129;0;0;0;0;0;0;0;0;0;0;0;0;0;0;0;0;0;0;0;0;0;0;0;0;1;0;20,0;21;7;15;8;5;12;7;2;3;1;5;5;0;2;7;9;3;4;1;4;1;6;6;0;25
RMB_RMB_J4_Q2;2;RMB_RMB_J4;RMB;RMB;4;87;BAX;75;True;False;True;50,0;3000;0;0;0;0;0;0;0;0;0;0;0;0;0;1;0;1;0;0;0;0;0;0;0;0;0;1;20,0;21;7;15;8;5;12;7;2;3;1;5;5;0;2;7;9;3;4;1;4;1;6;6;0;25
0_RMB_J4_Q3;3;0_RMB_J4;0;RMB;4;87;BAX;75;True;True;True;7,166666666666667;430;7;2;2;0;2;2;0;0;0;0;3;3;0;0;1;1;0;0;0;0;0;0;3;0;6;11;20,0;23;5;10;5;5;7;2;0;3;3;13;13;0;4;8;12;1;8;2;0;0;6;10;1;29
1_RMB_J4_Q3;3;1_RMB_J4;1;RMB;4;87;BAX;75;True;False;True;0,0;0;0;0;0;0;0;0;0;0;0;0;0;0;0;0;0;0;0;0;0;0;0;0;0;0;0;0;20,0;23;5;10;5;5;7;2;0;3;3;13;13;0;4;8;12;1;8;2;0;0;6;10;1;29
6_RMB_J4_Q3;3;6_RMB_J4;6;RMB;4;87;BAX;75;True;True;True;5,85;351;0;0;0;0;0;0;0;0;0;0;0;0;0;0;0;0;0;0;0;0;0;1;0;0;5;-1;20,0;23;5;10;5;5;7;2;0;3;3;13;13;0;4;8;12;1;8;2;0;0;6;10;1;29
7_RMB_J4_Q3;3;7_RMB_J4;7;RMB;4;87;BAX;75;True;False;True;5,133333333333334;308;0;0;1;1;0;1;1;0;0;0;0;0;0;0;1;1;0;1;0;0;0;1;1;0;4;-1;20,0;23;5;10;5;5;7;2;0;3;3;13;13;0;4;8;12;1;8;2;0;0;6;10;1;29
8_RMB_J4_Q3;3;8_RMB_J4;8;RMB;4;87;BAX;75;True;False;True;2,8333333333333335;170;0;0;2;2;0;1;1;0;1;1;0;0;0;0;0;0;0;0;0;0;0;0;0;0;-3;-2;20,0;23;5;10;5;5;7;2;0;3;3;13;13;0;4;8;12;1;8;2;0;0;6;10;1;29
9_RMB_J4_Q3;3;9_RMB_J4;9;RMB;4;87;BAX;75;True;False;True;5,633333333333334;338;0;0;0;0;0;0;0;0;0;0;0;0;0;0;0;0;0;1;0;0;0;0;0;0;3;-1;20,0;23;5;10;5;5;7;2;0;3;3;13;13;0;4;8;12;1;8;2;0;0;6;10;1;29
11_RMB_J4_Q3;3;11_RMB_J4;11;RMB;4;87;BAX;75;True;True;True;4,366666666666666;262;0;0;2;2;0;0;0;0;2;2;0;0;0;0;1;1;0;1;0;0;0;1;0;0;0;-3;20,0;23;5;10;5;5;7;2;0;3;3;13;13;0;4;8;12;1;8;2;0;0;6;10;1;29
12_RMB_J4_Q3;3;12_RMB_J4;12;RMB;4;87;BAX;75;True;True;True;4,866666666666666;292;6;0;0;0;0;0;0;0;0;0;6;6;0;0;0;0;0;1;1;0;0;0;4;0;-1;10;20,0;23;5;10;5;5;7;2;0;3;3;13;13;0;4;8;12;1;8;2;0;0;6;10;1;29
13_RMB_J4_Q3;3;13_RMB_J4;13;RMB;4;87;BAX;75;True;False;True;0,0;0;0;0;0;0;0;0;0;0;0;0;0;0;0;0;0;0;0;0;0;0;0;0;0;0;0;0;20,0;23;5;10;5;5;7;2;0;3;3;13;13;0;4;8;12;1;8;2;0;0;6;10;1;29
16_RMB_J4_Q3;3;16_RMB_J4;16;RMB;4;87;BAX;75;True;False;True;2,8333333333333335;170;2;1;1;0;1;1;0;0;0;0;0;0;0;2;1;3;0;2;0;0;0;3;0;0;-3;0;20,0;23;5;10;5;5;7;2;0;3;3;13;13;0;4;8;12;1;8;2;0;0;6;10;1;29
22_RMB_J4_Q3;3;22_RMB_J4;22;RMB;4;87;BAX;75;True;True;True;7,166666666666667;430;8;2;2;0;2;2;0;0;0;0;4;4;0;2;3;5;1;1;0;0;0;0;2;1;6;15;20,0;23;5;10;5;5;7;2;0;3;3;13;13;0;4;8;12;1;8;2;0;0;6;10;1;29
23_RMB_J4_Q3;3;23_RMB_J4;23;RMB;4;87;BAX;75;True;False;True;4,15;249;0;0;0;0;0;0;0;0;0;0;0;0;0;0;0;0;0;1;0;0;0;0;0;0;-2;-1;20,0;23;5;10;5;5;7;2;0;3;3;13;13;0;4;8;12;1;8;2;0;0;6;10;1;29
RMB_RMB_J4_Q3;3;RMB_RMB_J4;RMB;RMB;4;87;BAX;75;True;False;True;50,0;3000;0;0;0;0;0;0;0;0;0;0;0;0;0;0;1;1;0;0;1;0;0;0;0;0;0;2;20,0;23;5;10;5;5;7;2;0;3;3;13;13;0;4;8;12;1;8;2;0;0;6;10;1;29
0_RMB_J4_Q4;4;0_RMB_J4;0;RMB;4;87;BAX;75;True;True;True;4,6;276;0;0;1;1;0;1;1;0;0;0;0;0;0;1;0;1;0;1;0;0;0;1;0;0;0;-2;20,0;22;8;22;14;7;18;11;1;4;3;5;7;2;9;6;15;1;5;4;2;1;6;8;1;24
1_RMB_J4_Q4;4;1_RMB_J4;1;RMB;4;87;BAX;75;True;False;True;4,6;276;0;0;1;1;0;1;1;0;0;0;0;0;0;0;1;1;0;2;1;0;0;2;0;0;4;-3;20,0;22;8;22;14;7;18;11;1;4;3;5;7;2;9;6;15;1;5;4;2;1;6;8;1;24
6_RMB_J4_Q4;4;6_RMB_J4;6;RMB;4;87;BAX;75;True;True;True;6,033333333333333;362;1;0;0;0;0;0;0;0;0;0;1;2;1;0;0;0;0;1;1;0;0;1;1;0;0;0;20,0;22;8;22;14;7;18;11;1;4;3;5;7;2;9;6;15;1;5;4;2;1;6;8;1;24
7_RMB_J4_Q4;4;7_RMB_J4;7;RMB;4;87;BAX;75;True;False;True;7,0;420;7;3;4;1;2;2;0;1;2;1;0;1;1;1;0;1;1;0;0;0;0;0;2;0;-2;9;20,0;22;8;22;14;7;18;11;1;4;3;5;7;2;9;6;15;1;5;4;2;1;6;8;1;24
8_RMB_J4_Q4;4;8_RMB_J4;8;RMB;4;87;BAX;75;True;False;True;3,966666666666667;238;0;0;0;0;0;0;0;0;0;0;0;0;0;0;3;3;0;0;0;0;0;0;0;0;2;3;20,0;22;8;22;14;7;18;11;1;4;3;5;7;2;9;6;15;1;5;4;2;1;6;8;1;24
9_RMB_J4_Q4;4;9_RMB_J4;9;RMB;4;87;BAX;75;True;False;True;1,4333333333333333;86;0;0;0;0;0;0;0;0;0;0;0;0;0;0;0;0;0;0;0;0;0;0;0;0;0;0;20,0;22;8;22;14;7;18;11;1;4;3;5;7;2;9;6;15;1;5;4;2;1;6;8;1;24
11_RMB_J4_Q4;4;11_RMB_J4;11;RMB;4;87;BAX;75;True;True;True;5,4;324;4;1;4;3;1;3;2;0;1;1;2;2;0;0;1;1;0;1;0;0;1;0;2;0;-2;2;20,0;22;8;22;14;7;18;11;1;4;3;5;7;2;9;6;15;1;5;4;2;1;6;8;1;24
12_RMB_J4_Q4;4;12_RMB_J4;12;RMB;4;87;BAX;75;True;True;True;3,0;180;2;1;3;2;1;3;2;0;0;0;0;0;0;1;0;1;0;0;0;0;0;2;1;0;4;0;20,0;22;8;22;14;7;18;11;1;4;3;5;7;2;9;6;15;1;5;4;2;1;6;8;1;24
13_RMB_J4_Q4;4;13_RMB_J4;13;RMB;4;87;BAX;75;True;False;True;2,3;138;0;0;0;0;0;0;0;0;0;0;0;0;0;0;0;0;0;0;0;0;0;0;0;0;0;0;20,0;22;8;22;14;7;18;11;1;4;3;5;7;2;9;6;15;1;5;4;2;1;6;8;1;24
16_RMB_J4_Q4;4;16_RMB_J4;16;RMB;4;87;BAX;75;True;False;True;4,6;276;6;3;5;2;3;5;2;0;0;0;0;0;0;5;0;5;0;0;1;2;0;0;1;1;4;13;20,0;22;8;22;14;7;18;11;1;4;3;5;7;2;9;6;15;1;5;4;2;1;6;8;1;24
22_RMB_J4_Q4;4;22_RMB_J4;22;RMB;4;87;BAX;75;True;True;True;3,1;186;0;0;0;0;0;0;0;0;0;0;0;0;0;0;1;1;0;0;0;0;0;0;0;0;-2;1;20,0;22;8;22;14;7;18;11;1;4;3;5;7;2;9;6;15;1;5;4;2;1;6;8;1;24
23_RMB_J4_Q4;4;23_RMB_J4;23;RMB;4;87;BAX;75;True;False;True;3,966666666666667;238;2;0;4;4;0;3;3;0;1;1;2;2;0;0;0;0;0;0;0;0;0;0;1;0;2;-1;20,0;22;8;22;14;7;18;11;1;4;3;5;7;2;9;6;15;1;5;4;2;1;6;8;1;24
RMB_RMB_J4_Q4;4;RMB_RMB_J4;RMB;RMB;4;87;BAX;75;True;False;True;50,0;3000;0;0;0;0;0;0;0;0;0;0;0;0;0;1;0;1;0;0;1;0;0;0;0;0;0;2;20,0;22;8;22;14;7;18;11;1;4;3;5;7;2;9;6;15;1;5;4;2;1;6;8;1;24
0_BAX_J4_Q1;1;0_BAX_J4;0;BAX;4;75;RMB;87;False;True;False;2,8333333333333335;170;2;1;2;1;1;2;1;0;0;0;0;0;0;0;0;0;0;0;0;0;0;0;0;1;3;1;20,0;17;7;18;11;6;16;10;1;2;1;2;2;0;3;6;9;3;5;4;0;2;4;5;1;16
2_BAX_J4_Q1;1;2_BAX_J4;2;BAX;4;75;RMB;87;False;False;False;5,466666666666667;328;0;0;0;0;0;0;0;0;0;0;0;0;0;0;0;0;0;1;0;0;0;0;0;0;-5;-1;20,0;17;7;18;11;6;16;10;1;2;1;2;2;0;3;6;9;3;5;4;0;2;4;5;1;16
4_BAX_J4_Q1;1;4_BAX_J4;4;BAX;4;75;RMB;87;False;False;False;0,4666666666666667;28;0;0;0;0;0;0;0;0;0;0;0;0;0;0;0;0;0;0;0;0;0;0;0;0;-2;0;20,0;17;7;18;11;6;16;10;1;2;1;2;2;0;3;6;9;3;5;4;0;2;4;5;1;16
8_BAX_J4_Q1;1;8_BAX_J4;8;BAX;4;75;RMB;87;False;True;False;6,566666666666666;394;2;1;3;2;1;2;1;0;1;1;0;0;0;0;2;2;0;0;1;0;0;0;1;0;3;4;20,0;17;7;18;11;6;16;10;1;2;1;2;2;0;3;6;9;3;5;4;0;2;4;5;1;16
11_BAX_J4_Q1;1;11_BAX_J4;11;BAX;4;75;RMB;87;False;False;False;5,466666666666667;328;0;0;1;1;0;1;1;0;0;0;0;0;0;0;0;0;1;0;0;0;0;0;1;0;-5;1;20,0;17;7;18;11;6;16;10;1;2;1;2;2;0;3;6;9;3;5;4;0;2;4;5;1;16
12_BAX_J4_Q1;1;12_BAX_J4;12;BAX;4;75;RMB;87;False;False;False;3,8;228;0;0;1;1;0;1;1;0;0;0;0;0;0;0;0;0;0;0;0;0;0;2;0;0;-7;-3;20,0;17;7;18;11;6;16;10;1;2;1;2;2;0;3;6;9;3;5;4;0;2;4;5;1;16
18_BAX_J4_Q1;1;18_BAX_J4;18;BAX;4;75;RMB;87;False;False;False;3,433333333333333;206;0;0;0;0;0;0;0;0;0;0;0;0;0;0;2;2;0;2;0;0;0;1;0;0;-5;-1;20,0;17;7;18;11;6;16;10;1;2;1;2;2;0;3;6;9;3;5;4;0;2;4;5;1;16
19_BAX_J4_Q1;1;19_BAX_J4;19;BAX;4;75;RMB;87;False;True;False;5,733333333333333;344;2;1;1;0;1;1;0;0;0;0;0;0;0;0;0;0;0;0;2;0;0;0;1;0;3;5;20,0;17;7;18;11;6;16;10;1;2;1;2;2;0;3;6;9;3;5;4;0;2;4;5;1;16
32_BAX_J4_Q1;1;32_BAX_J4;32;BAX;4;75;RMB;87;False;True;False;4,533333333333333;272;5;1;2;1;0;1;1;1;1;0;2;2;0;0;0;0;0;1;1;0;1;0;1;0;1;4;20,0;17;7;18;11;6;16;10;1;2;1;2;2;0;3;6;9;3;5;4;0;2;4;5;1;16
33_BAX_J4_Q1;1;33_BAX_J4;33;BAX;4;75;RMB;87;False;False;False;4,666666666666667;280;6;3;4;1;3;4;1;0;0;0;0;0;0;0;1;1;0;1;0;0;0;0;0;0;-2;5;20,0;17;7;18;11;6;16;10;1;2;1;2;2;0;3;6;9;3;5;4;0;2;4;5;1;16
47_BAX_J4_Q1;1;47_BAX_J4;47;BAX;4;75;RMB;87;False;False;False;2,5;150;0;0;2;2;0;2;2;0;0;0;0;0;0;2;0;2;0;0;0;0;1;0;0;0;-5;-1;20,0;17;7;18;11;6;16;10;1;2;1;2;2;0;3;6;9;3;5;4;0;2;4;5;1;16
55_BAX_J4_Q1;1;55_BAX_J4;55;BAX;4;75;RMB;87;False;True;False;4,533333333333333;272;0;0;2;2;0;2;2;0;0;0;0;0;0;0;1;1;2;0;0;0;0;1;1;0;1;1;20,0;17;7;18;11;6;16;10;1;2;1;2;2;0;3;6;9;3;5;4;0;2;4;5;1;16
BAX_BAX_J4_Q1;1;BAX_BAX_J4;BAX;BAX;4;75;RMB;87;False;False;False;50,0;3000;0;0;0;0;0;0;0;0;0;0;0;0;0;1;0;1;0;0;0;0;0;0;0;0;0;1;20,0;17;7;18;11;6;16;10;1;2;1;2;2;0;3;6;9;3;5;4;0;2;4;5;1;16
0_BAX_J4_Q2;2;0_BAX_J4;0;BAX;4;75;RMB;87;False;True;False;5,583333333333333;335;3;1;1;0;1;1;0;0;0;0;1;1;0;1;1;2;0;0;0;1;0;0;1;0;4;7;20,0;18;6;18;12;5;12;7;1;6;5;5;7;2;5;6;11;3;3;0;2;4;6;6;0;13
2_BAX_J4_Q2;2;2_BAX_J4;2;BAX;4;75;RMB;87;False;False;False;4,416666666666667;265;2;1;1;0;1;1;0;0;0;0;0;0;0;0;1;1;1;0;0;0;0;0;0;0;2;4;20,0;18;6;18;12;5;12;7;1;6;5;5;7;2;5;6;11;3;3;0;2;4;6;6;0;13
4_BAX_J4_Q2;2;4_BAX_J4;4;BAX;4;75;RMB;87;False;False;False;0,0;0;0;0;0;0;0;0;0;0;0;0;0;0;0;0;0;0;0;0;0;0;0;0;0;0;0;0;20,0;18;6;18;12;5;12;7;1;6;5;5;7;2;5;6;11;3;3;0;2;4;6;6;0;13
8_BAX_J4_Q2;2;8_BAX_J4;8;BAX;4;75;RMB;87;False;True;False;5,866666666666666;352;2;1;3;2;1;3;2;0;0;0;0;0;0;0;1;1;0;0;0;0;1;1;1;0;-3;0;20,0;18;6;18;12;5;12;7;1;6;5;5;7;2;5;6;11;3;3;0;2;4;6;6;0;13
11_BAX_J4_Q2;2;11_BAX_J4;11;BAX;4;75;RMB;87;False;False;False;3,7333333333333334;224;0;0;1;1;0;0;0;0;1;1;0;0;0;0;0;0;0;1;0;0;0;1;1;0;2;-2;20,0;18;6;18;12;5;12;7;1;6;5;5;7;2;5;6;11;3;3;0;2;4;6;6;0;13
12_BAX_J4_Q2;2;12_BAX_J4;12;BAX;4;75;RMB;87;False;False;False;2,5833333333333335;155;0;0;0;0;0;0;0;0;0;0;0;0;0;0;0;0;0;0;0;0;0;1;0;0;-7;-1;20,0;18;6;18;12;5;12;7;1;6;5;5;7;2;5;6;11;3;3;0;2;4;6;6;0;13
18_BAX_J4_Q2;2;18_BAX_J4;18;BAX;4;75;RMB;87;False;False;False;1,05;63;0;0;0;0;0;0;0;0;0;0;0;0;0;0;0;0;0;0;0;0;0;0;0;0;-4;0;20,0;18;6;18;12;5;12;7;1;6;5;5;7;2;5;6;11;3;3;0;2;4;6;6;0;13
19_BAX_J4_Q2;2;19_BAX_J4;19;BAX;4;75;RMB;87;False;True;False;7,416666666666667;445;5;1;2;1;0;1;1;1;1;0;2;2;0;0;2;2;0;0;0;1;1;1;1;0;4;6;20,0;18;6;18;12;5;12;7;1;6;5;5;7;2;5;6;11;3;3;0;2;4;6;6;0;13
32_BAX_J4_Q2;2;32_BAX_J4;32;BAX;4;75;RMB;87;False;True;False;8,083333333333334;485;4;1;5;4;1;2;1;0;3;3;2;4;2;0;0;0;0;1;0;0;1;0;2;0;-1;-2;20,0;18;6;18;12;5;12;7;1;6;5;5;7;2;5;6;11;3;3;0;2;4;6;6;0;13
33_BAX_J4_Q2;2;33_BAX_J4;33;BAX;4;75;RMB;87;False;False;False;4,416666666666667;265;2;1;3;2;1;3;2;0;0;0;0;0;0;1;0;1;1;1;0;0;0;2;0;0;-7;-1;20,0;18;6;18;12;5;12;7;1;6;5;5;7;2;5;6;11;3;3;0;2;4;6;6;0;13
47_BAX_J4_Q2;2;47_BAX_J4;47;BAX;4;75;RMB;87;False;False;False;0,0;0;0;0;0;0;0;0;0;0;0;0;0;0;0;0;0;0;0;0;0;0;0;0;0;0;0;0;20,0;18;6;18;12;5;12;7;1;6;5;5;7;2;5;6;11;3;3;0;2;4;6;6;0;13
55_BAX_J4_Q2;2;55_BAX_J4;55;BAX;4;75;RMB;87;False;True;False;6,85;411;0;0;2;2;0;1;1;0;1;1;0;0;0;0;1;1;1;0;0;0;1;0;0;0;-5;-1;20,0;18;6;18;12;5;12;7;1;6;5;5;7;2;5;6;11;3;3;0;2;4;6;6;0;13
BAX_BAX_J4_Q2;2;BAX_BAX_J4;BAX;BAX;4;75;RMB;87;False;False;False;50,0;3000;0;0;0;0;0;0;0;0;0;0;0;0;0;3;0;3;0;0;0;0;0;0;0;0;0;3;20,0;18;6;18;12;5;12;7;1;6;5;5;7;2;5;6;11;3;3;0;2;4;6;6;0;13
0_BAX_J4_Q3;3;0_BAX_J4;0;BAX;4;75;RMB;87;False;True;False;3,95;237;0;0;0;0;0;0;0;0;0;0;0;0;0;1;0;1;0;0;0;1;0;0;0;0;-2;2;20,0;20;9;22;13;9;16;7;0;6;6;2;3;1;6;1;7;2;4;3;1;0;10;6;0;11
2_BAX_J4_Q3;3;2_BAX_J4;2;BAX;4;75;RMB;87;False;False;False;5,6;336;2;1;2;1;1;1;0;0;1;1;0;0;0;0;0;0;1;0;0;0;0;2;0;0;3;0;20,0;20;9;22;13;9;16;7;0;6;6;2;3;1;6;1;7;2;4;3;1;0;10;6;0;11
4_BAX_J4_Q3;3;4_BAX_J4;4;BAX;4;75;RMB;87;False;False;False;0,0;0;0;0;0;0;0;0;0;0;0;0;0;0;0;0;0;0;0;0;0;0;0;0;0;0;0;0;20,0;20;9;22;13;9;16;7;0;6;6;2;3;1;6;1;7;2;4;3;1;0;10;6;0;11
8_BAX_J4_Q3;3;8_BAX_J4;8;BAX;4;75;RMB;87;False;True;False;7,416666666666667;445;2;1;3;2;1;1;0;0;2;2;0;0;0;0;0;0;0;0;0;0;0;1;1;0;-6;0;20,0;20;9;22;13;9;16;7;0;6;6;2;3;1;6;1;7;2;4;3;1;0;10;6;0;11
11_BAX_J4_Q3;3;11_BAX_J4;11;BAX;4;75;RMB;87;False;False;False;4,766666666666667;286;2;1;2;1;1;2;1;0;0;0;0;0;0;0;0;0;0;1;1;0;0;1;1;0;0;1;20,0;20;9;22;13;9;16;7;0;6;6;2;3;1;6;1;7;2;4;3;1;0;10;6;0;11
12_BAX_J4_Q3;3;12_BAX_J4;12;BAX;4;75;RMB;87;False;False;False;2,966666666666667;178;0;0;1;1;0;0;0;0;1;1;0;0;0;0;0;0;0;1;0;0;0;2;0;0;-5;-4;20,0;20;9;22;13;9;16;7;0;6;6;2;3;1;6;1;7;2;4;3;1;0;10;6;0;11
18_BAX_J4_Q3;3;18_BAX_J4;18;BAX;4;75;RMB;87;False;False;False;2,5833333333333335;155;0;0;0;0;0;0;0;0;0;0;0;0;0;0;0;0;0;0;0;0;0;0;0;0;3;0;20,0;20;9;22;13;9;16;7;0;6;6;2;3;1;6;1;7;2;4;3;1;0;10;6;0;11
19_BAX_J4_Q3;3;19_BAX_J4;19;BAX;4;75;RMB;87;False;True;False;5,966666666666667;358;2;1;3;2;1;2;1;0;1;1;0;0;0;1;1;2;0;0;0;0;0;1;0;0;4;1;20,0;20;9;22;13;9;16;7;0;6;6;2;3;1;6;1;7;2;4;3;1;0;10;6;0;11
32_BAX_J4_Q3;3;32_BAX_J4;32;BAX;4;75;RMB;87;False;True;False;5,483333333333333;329;0;0;3;3;0;2;2;0;1;1;0;0;0;1;0;1;0;0;0;0;0;1;1;0;-3;-2;20,0;20;9;22;13;9;16;7;0;6;6;2;3;1;6;1;7;2;4;3;1;0;10;6;0;11
33_BAX_J4_Q3;3;33_BAX_J4;33;BAX;4;75;RMB;87;False;False;False;6,866666666666666;412;10;4;5;1;4;5;1;0;0;0;2;3;1;2;0;2;0;0;1;0;0;1;3;0;-3;13;20,0;20;9;22;13;9;16;7;0;6;6;2;3;1;6;1;7;2;4;3;1;0;10;6;0;11
47_BAX_J4_Q3;3;47_BAX_J4;47;BAX;4;75;RMB;87;False;False;False;0,0;0;0;0;0;0;0;0;0;0;0;0;0;0;0;0;0;0;0;0;0;0;0;0;0;0;0;0;20,0;20;9;22;13;9;16;7;0;6;6;2;3;1;6;1;7;2;4;3;1;0;10;6;0;11
55_BAX_J4_Q3;3;55_BAX_J4;55;BAX;4;75;RMB;87;False;True;False;4,4;264;2;1;3;2;1;3;2;0;0;0;0;0;0;0;0;0;1;1;1;0;0;1;0;0;-6;0;20,0;20;9;22;13;9;16;7;0;6;6;2;3;1;6;1;7;2;4;3;1;0;10;6;0;11
BAX_BAX_J4_Q3;3;BAX_BAX_J4;BAX;BAX;4;75;RMB;87;False;False;False;50,0;3000;0;0;0;0;0;0;0;0;0;0;0;0;0;1;0;1;0;1;0;0;0;0;0;0;0;0;20,0;20;9;22;13;9;16;7;0;6;6;2;3;1;6;1;7;2;4;3;1;0;10;6;0;11
0_BAX_J4_Q4;4;0_BAX_J4;0;BAX;4;75;RMB;87;False;True;False;6,583333333333333;395;0;0;0;0;0;0;0;0;0;0;0;0;0;0;1;1;0;0;0;1;0;1;1;0;-2;2;20,0;20;8;17;9;6;13;7;2;4;2;2;2;0;3;5;8;4;5;1;1;2;8;6;0;16
2_BAX_J4_Q4;4;2_BAX_J4;2;BAX;4;75;RMB;87;False;False;False;4,5;270;6;3;5;2;3;5;2;0;0;0;0;0;0;0;0;0;0;0;1;0;1;0;1;0;-4;5;20,0;20;8;17;9;6;13;7;2;4;2;2;2;0;3;5;8;4;5;1;1;2;8;6;0;16
4_BAX_J4_Q4;4;4_BAX_J4;4;BAX;4;75;RMB;87;False;False;False;0,0;0;0;0;0;0;0;0;0;0;0;0;0;0;0;0;0;0;0;0;0;0;0;0;0;0;0;0;20,0;20;8;17;9;6;13;7;2;4;2;2;2;0;3;5;8;4;5;1;1;2;8;6;0;16
8_BAX_J4_Q4;4;8_BAX_J4;8;BAX;4;75;RMB;87;False;True;False;10,0;600;7;3;6;3;2;3;1;1;3;2;0;0;0;0;2;2;0;0;0;0;1;1;0;0;-2;4;20,0;20;8;17;9;6;13;7;2;4;2;2;2;0;3;5;8;4;5;1;1;2;8;6;0;16
11_BAX_J4_Q4;4;11_BAX_J4;11;BAX;4;75;RMB;87;False;False;False;4,283333333333333;257;5;1;1;0;0;0;0;1;1;0;2;2;0;0;1;1;0;0;0;0;0;0;1;0;2;7;20,0;20;8;17;9;6;13;7;2;4;2;2;2;0;3;5;8;4;5;1;1;2;8;6;0;16
12_BAX_J4_Q4;4;12_BAX_J4;12;BAX;4;75;RMB;87;False;False;False;0,0;0;0;0;0;0;0;0;0;0;0;0;0;0;0;0;0;0;0;0;0;0;0;0;0;0;0;0;20,0;20;8;17;9;6;13;7;2;4;2;2;2;0;3;5;8;4;5;1;1;2;8;6;0;16
18_BAX_J4_Q4;4;18_BAX_J4;18;BAX;4;75;RMB;87;False;False;False;5,783333333333333;347;0;0;0;0;0;0;0;0;0;0;0;0;0;0;0;0;0;0;0;0;0;1;0;0;-2;-1;20,0;20;8;17;9;6;13;7;2;4;2;2;2;0;3;5;8;4;5;1;1;2;8;6;0;16
19_BAX_J4_Q4;4;19_BAX_J4;19;BAX;4;75;RMB;87;False;True;False;4,216666666666667;253;0;0;1;1;0;1;1;0;0;0;0;0;0;1;0;1;0;0;0;0;0;0;1;0;0;1;20,0;20;8;17;9;6;13;7;2;4;2;2;2;0;3;5;8;4;5;1;1;2;8;6;0;16
32_BAX_J4_Q4;4;32_BAX_J4;32;BAX;4;75;RMB;87;False;True;False;5,716666666666667;343;2;1;2;1;1;2;1;0;0;0;0;0;0;0;0;0;0;1;0;0;0;3;0;0;-4;-3;20,0;20;8;17;9;6;13;7;2;4;2;2;2;0;3;5;8;4;5;1;1;2;8;6;0;16
33_BAX_J4_Q4;4;33_BAX_J4;33;BAX;4;75;RMB;87;False;False;False;3,4166666666666665;205;0;0;1;1;0;1;1;0;0;0;0;0;0;1;0;1;1;0;0;0;0;0;0;0;0;1;20,0;20;8;17;9;6;13;7;2;4;2;2;2;0;3;5;8;4;5;1;1;2;8;6;0;16
47_BAX_J4_Q4;4;47_BAX_J4;47;BAX;4;75;RMB;87;False;False;False;0,0;0;0;0;0;0;0;0;0;0;0;0;0;0;0;0;0;0;0;0;0;0;0;0;0;0;0;0;20,0;20;8;17;9;6;13;7;2;4;2;2;2;0;3;5;8;4;5;1;1;2;8;6;0;16
55_BAX_J4_Q4;4;55_BAX_J4;55;BAX;4;75;RMB;87;False;True;False;5,5;330;0;0;1;1;0;1;1;0;0;0;0;0;0;0;1;1;3;3;0;0;0;2;2;0;2;0;20,0;20;8;17;9;6;13;7;2;4;2;2;2;0;3;5;8;4;5;1;1;2;8;6;0;16
BAX_BAX_J4_Q4;4;BAX_BAX_J4;BAX;BAX;4;75;RMB;87;False;False;False;50,0;3000;0;0;0;0;0;0;0;0;0;0;0;0;0;1;0;1;0;1;0;0;0;0;0;0;0;0;20,0;20;8;17;9;6;13;7;2;4;2;2;2;0;3;5;8;4;5;1;1;2;8;6;0;16
