ID_partido;#;EQUIPO;JORNADA;RESULTADO;RIVAL;RESULTADO_RIVAL;LOCAL;TITULAR;VICTORIA;MIN;SEG;PTS;TCA;TCI;TCF;T2A;T2I;T2F;T3A;T3I;T3F;TLA;TLI;TLF;RO;RD;RT;ASI;PER;REC;TAP;TAPR;FP;FPR;MAT;+/-;VAL;MIN_Eq;TCA_Eq;TCI_Eq;TCF_Eq;T2A_Eq;T2I_Eq;T2F_Eq;T3A_Eq;T3I_Eq;T3F_Eq;TLA_Eq;TLI_Eq;TLF_Eq;RO_Eq;RD_Eq;RT_Eq;ASI_Eq;PER_Eq;REC_Eq;TAP_Eq;TAPR_Eq;FP_Eq;FPR_Eq;MAT_Eq;VAL_Eq;POS_Eq;POS_Rival;PACE;ORtg;DRtg;NRtg;%TE_Eq;%TR_Eq;%ASI_Eq;%PER_Eq;%RO_Eq;%RD_Eq;%RT_Eq;RTL_Eq;RT3I_Eq;%USO;%TR;%TE;%ASI;%PER;%RO;%RD;%RT;%REC;%TAP;RTL;RT3I;PPT
0_UNI_J1;0;UNI;1;86;SBB;68;True;True;True;12,4;744;6;2;5;3;2;3;1;0;2;2;2;2;0;1;2;3;0;0;0;0;0;2;1;1;3;5;80,0;32;61;29;25;43;18;7;18;11;15;22;7;11;26;37;26;17;7;0;3;25;22;4;97;76,68;75,32;38,0;112,15440792905581;90,28146574614976;21,872942182906044;0,5819672131147541;0,608375778155065;81,25;22,170057381324984;33,333333333333336;76,47058823529412;55,223880597014926;0,36065573770491804;0,29508196721311475;49,47246201221667;0,5102040816326531;0,4;0,0;0,0;19,550342130987293;37,950664136622386;28,887818969667787;0,0;0,0;0,4;0,4;1,2
2_UNI_J1;2;UNI;1;86;SBB;68;True;True;True;20,483333333333334;1229;17;5;7;2;4;6;2;1;1;0;6;7;1;0;4;4;0;1;0;0;1;4;6;1;3;18;80,0;32;61;29;25;43;18;7;18;11;15;22;7;11;26;37;26;17;7;0;3;25;22;4;97;76,68;75,32;38,0;112,15440792905581;90,28146574614976;21,872942182906044;0,5819672131147541;0,608375778155065;81,25;22,170057381324984;33,333333333333336;76,47058823529412;55,223880597014926;0,36065573770491804;0,29508196721311475;56,434802650092756;0,8432539682539683;0,7857142857142857;0,0;9,025270758122744;0,0;45,94840377159814;23,31710042140801;0,0;0,0;1,0;0,14285714285714285;2,4285714285714284
4_UNI_J1;4;UNI;1;86;SBB;68;True;False;True;16,45;987;6;2;4;2;1;3;2;1;1;0;1;2;1;2;1;3;2;1;0;0;0;2;2;0;17;7;80,0;32;61;29;25;43;18;7;18;11;15;22;7;11;26;37;26;17;7;0;3;25;22;4;97;76,68;75,32;38,0;112,15440792905581;90,28146574614976;21,872942182906044;0,5819672131147541;0,608375778155065;81,25;22,170057381324984;33,333333333333336;76,47058823529412;55,223880597014926;0,36065573770491804;0,29508196721311475;37,29231179036393;0,6147540983606558;0,625;43,66812227074236;17,006802721088437;29,474072027263514;14,303593777936708;21,775620378351405;0,0;0,0;0,5;0,25;1,5
7_UNI_J1;7;UNI;1;86;SBB;68;True;False;True;13,6;816;4;1;2;1;1;1;0;0;1;1;2;3;1;0;1;1;0;0;1;0;0;1;3;0;-6;6;80,0;32;61;29;25;43;18;7;18;11;15;22;7;11;26;37;26;17;7;0;3;25;22;4;97;76,68;75,32;38,0;112,15440792905581;90,28146574614976;21,872942182906044;0,5819672131147541;0,608375778155065;81,25;22,170057381324984;33,333333333333336;76,47058823529412;55,223880597014926;0,36065573770491804;0,29508196721311475;25,46871643806193;0,6024096385542168;0,5;0,0;0,0;0,0;17,301038062283737;8,77963125548727;7,809815375964513;0,0;1,5;0,5;2,0
9_UNI_J1;9;UNI;1;86;SBB;68;True;False;True;17,633333333333333;1058;6;2;2;0;1;1;0;1;1;0;1;2;1;1;0;1;2;1;0;0;0;0;3;0;7;10;80,0;32;61;29;25;43;18;7;18;11;15;22;7;11;26;37;26;17;7;0;3;25;22;4;97;76,68;75,32;38,0;112,15440792905581;90,28146574614976;21,872942182906044;0,5819672131147541;0,608375778155065;81,25;22,170057381324984;33,333333333333336;76,47058823529412;55,223880597014926;0,36065573770491804;0,29508196721311475;22,95647440619351;1,0416666666666667;1,25;39,5778364116095;25,77319587628866;13,74806667812339;0,0;6,771435826538386;0,0;0,0;1,0;0,5;3,0
13_UNI_J1;13;UNI;1;86;SBB;68;True;False;True;13,45;807;2;1;6;5;1;4;3;0;2;2;0;0;0;0;1;1;2;2;1;0;1;2;0;0;-1;-4;80,0;32;61;29;25;43;18;7;18;11;15;22;7;11;26;37;26;17;7;0;3;25;22;4;97;76,68;75,32;38,0;112,15440792905581;90,28146574614976;21,872942182906044;0,5819672131147541;0,608375778155065;81,25;22,170057381324984;33,333333333333336;76,47058823529412;55,223880597014926;0,36065573770491804;0,29508196721311475;62,05482932013117;0,16666666666666666;0,16666666666666666;45,662100456621005;25,0;0,0;17,49398644216051;8,877545358708318;7,896913688707612;0,0;0,0;0,3333333333333333;0,3333333333333333
14_UNI_J1;14;UNI;1;86;SBB;68;True;True;True;20,183333333333334;1211;11;5;8;3;4;6;2;1;2;1;0;2;2;0;1;1;0;2;1;0;0;2;1;0;16;5;80,0;32;61;29;25;43;18;7;18;11;15;22;7;11;26;37;26;17;7;0;3;25;22;4;97;76,68;75,32;38,0;112,15440792905581;90,28146574614976;21,872942182906044;0,5819672131147541;0,608375778155065;81,25;22,170057381324984;33,333333333333336;76,47058823529412;55,223880597014926;0,36065573770491804;0,29508196721311475;56,23981525634217;0,6193693693693693;0,6875;0,0;18,38235294117647;0,0;11,657842327682518;5,915919987182174;5,2624354639034205;0,0;0,25;0,25;1,375
19_UNI_J1;19;UNI;1;86;SBB;68;True;False;True;12,783333333333333;767;9;4;5;1;4;5;1;0;0;0;1;2;1;3;3;6;1;2;0;0;0;3;2;1;11;11;80,0;32;61;29;25;43;18;7;18;11;15;22;7;11;26;37;26;17;7;0;3;25;22;4;97;76,68;75,32;38,0;112,15440792905581;90,28146574614976;21,872942182906044;0,5819672131147541;0,608375778155065;81,25;22,170057381324984;33,333333333333336;76,47058823529412;55,223880597014926;0,36065573770491804;0,29508196721311475;64,3116995468392;0,7653061224489796;0,8;89,82035928143713;25,380710659898476;56,89226028209079;55,21895850908812;56,04312206892526;0,0;0,0;0,4;0,0;1,8
27_UNI_J1;27;UNI;1;86;SBB;68;True;True;True;22,666666666666668;1360;9;4;8;4;3;5;2;1;3;2;0;0;0;0;3;3;6;4;1;0;1;3;1;0;15;8;80,0;32;61;29;25;43;18;7;18;11;15;22;7;11;26;37;26;17;7;0;3;25;22;4;97;76,68;75,32;38,0;112,15440792905581;90,28146574614976;21,872942182906044;0,5819672131147541;0,608375778155065;81,25;22,170057381324984;33,333333333333336;76,47058823529412;55,223880597014926;0,36065573770491804;0,29508196721311475;55,233360950013804;0,5625;0,5625;118,42105263157896;33,333333333333336;0,0;31,141868512110722;15,803336259877085;4,685889225578707;0,0;0,0;0,375;1,125
33_UNI_J1;33;UNI;1;86;SBB;68;True;False;True;14,816666666666666;889;2;1;4;3;1;2;1;0;2;2;0;0;0;2;5;7;4;1;1;0;0;0;0;0;4;10;80,0;32;61;29;25;43;18;7;18;11;15;22;7;11;26;37;26;17;7;0;3;25;22;4;97;76,68;75,32;38,0;112,15440792905581;90,28146574614976;21,872942182906044;0,5819672131147541;0,608375778155065;81,25;22,170057381324984;33,333333333333336;76,47058823529412;55,223880597014926;0,36065573770491804;0,29508196721311475;35,20686674729039;0,25;0,25;81,19079837618403;20,0;32,723182329481546;79,40183947594787;56,4108590903749;7,168514450829069;0,0;0,0;0,5;0,5
45_UNI_J1;45;UNI;1;86;SBB;68;True;False;True;19,516666666666666;1171;7;3;6;3;2;5;3;1;1;0;0;0;0;1;4;5;4;2;0;0;0;3;0;1;15;8;80,0;32;61;29;25;43;18;7;18;11;15;22;7;11;26;37;26;17;7;0;3;25;22;4;97;76,68;75,32;38,0;112,15440792905581;90,28146574614976;21,872942182906044;0,5819672131147541;0,608375778155065;81,25;22,170057381324984;33,333333333333336;76,47058823529412;55,223880597014926;0,36065573770491804;0,29508196721311475;42,76536913863865;0,5833333333333334;0,5833333333333334;83,21775312066575;25,0;12,421395854359135;48,2242427286884;30,59000471595906;0,0;0,0;0,0;0,16666666666666666;1,1666666666666667
55_UNI_J1;55;UNI;1;86;SBB;68;True;True;True;16,016666666666666;961;7;2;4;2;1;2;1;1;2;1;2;2;0;0;0;0;5;0;2;0;0;3;3;0;6;12;80,0;32;61;29;25;43;18;7;18;11;15;22;7;11;26;37;26;17;7;0;3;25;22;4;97;76,68;75,32;38,0;112,15440792905581;90,28146574614976;21,872942182906044;0,5819672131147541;0,608375778155065;81,25;22,170057381324984;33,333333333333336;76,47058823529412;55,223880597014926;0,36065573770491804;0,29508196721311475;31,787441029574367;0,7172131147540983;0,625;113,46444780635402;0,0;0,0;0,0;0,0;13,262870648880423;0,0;0,5;0,5;1,75
UNI_UNI_J1;UNI;UNI;1;86;SBB;68;True;False;True;200,0;12000;0;0;0;0;0;0;0;0;0;0;0;0;0;1;1;2;0;1;0;0;0;0;0;0;0;1;80,0;32;61;29;25;43;18;7;18;11;15;22;7;11;26;37;26;17;7;0;3;25;22;4;97;76,68;75,32;38,0;112,15440792905581;90,28146574614976;21,872942182906044;0,5819672131147541;0,608375778155065;81,25;22,170057381324984;33,333333333333336;76,47058823529412;55,223880597014926;0,36065573770491804;0,29508196721311475;0,5216484089723525;0,0;0,0;0,0;100,0;1,2121212121212122;1,1764705882352942;1,1940298507462686;0,0;0,0;0,0;0,0;0,0
2_SBB_J1;2;SBB;1;68;UNI;86;False;True;False;21,366666666666667;1282;4;1;5;4;1;1;0;0;4;4;2;2;0;0;2;2;0;2;0;0;0;0;1;0;-21;1;80,0;22;56;34;16;33;17;6;23;17;18;28;10;8;22;30;13;15;9;3;0;22;25;4;67;75,32;76,68;38,0;90,28146574614976;112,15440792905581;-21,872942182906044;0,44642857142857145;0,4976580796252928;59,09090909090909;19,91502920870951;23,529411764705884;66,66666666666667;44,776119402985074;0,5;0,4107142857142857;39,171402225180884;0,3401360544217687;0,2;0,0;25,380710659898476;0,0;22,691816763579634;11,1765664656437;0,0;0,0;0,4;0,8;0,8
3_SBB_J1;3;SBB;1;68;UNI;86;False;True;False;21,916666666666668;1315;4;2;5;3;2;3;1;0;2;2;0;2;2;2;2;4;2;3;2;0;0;2;3;0;-6;5;80,0;22;56;34;16;33;17;6;23;17;18;28;10;8;22;30;13;15;9;3;0;22;25;4;67;75,32;76,68;38,0;90,28146574614976;112,15440792905581;-21,872942182906044;0,44642857142857145;0,4976580796252928;59,09090909090909;19,91502920870951;23,529411764705884;66,66666666666667;44,776119402985074;0,5;0,4107142857142857;43,03463650149728;0,3401360544217687;0,4;49,66373512674599;33,78378378378379;21,47170655334377;22,12236432768752;21,792179785483228;9,520579327252062;0,0;0,4;0,4;0,8
7_SBB_J1;7;SBB;1;68;UNI;86;False;False;False;17,883333333333333;1073;8;3;9;6;2;5;3;1;4;3;1;2;1;0;0;0;1;3;0;0;0;5;1;0;3;-5;80,0;22;56;34;16;33;17;6;23;17;18;28;10;8;22;30;13;15;9;3;0;22;25;4;67;75,32;76,68;38,0;90,28146574614976;112,15440792905581;-21,872942182906044;0,44642857142857145;0,4976580796252928;59,09090909090909;19,91502920870951;23,529411764705884;66,66666666666667;44,776119402985074;0,5;0,4107142857142857;76,49746913943814;0,4048582995951417;0,3888888888888889;52,13990875515968;23,291925465838506;0,0;0,0;0,0;0,0;0,0;0,2222222222222222;0,4444444444444444;0,8888888888888888
10_SBB_J1;10;SBB;1;68;UNI;86;False;False;False;17,1;1026;6;1;3;2;1;3;2;0;0;0;4;6;2;0;1;1;0;0;1;0;0;3;6;1;-13;7;80,0;22;56;34;16;33;17;6;23;17;18;28;10;8;22;30;13;15;9;3;0;22;25;4;67;75,32;76,68;38,0;90,28146574614976;112,15440792905581;-21,872942182906044;0,44642857142857145;0,4976580796252928;59,09090909090909;19,91502920870951;23,529411764705884;66,66666666666667;44,776119402985074;0,5;0,4107142857142857;35,0318174618703;0,5319148936170213;0,3333333333333333;0,0;0,0;0,0;14,176856282119438;6,98263070611853;6,101150982132778;0,0;2,0;0,0;2,0
11_SBB_J1;11;SBB;1;68;UNI;86;False;True;False;18,266666666666666;1096;14;4;10;6;2;4;2;2;6;4;4;4;0;0;1;1;2;2;3;1;0;1;5;0;-4;17;80,0;22;56;34;16;33;17;6;23;17;18;28;10;8;22;30;13;15;9;3;0;22;25;4;67;75,32;76,68;38,0;90,28146574614976;112,15440792905581;-21,872942182906044;0,44642857142857145;0,4976580796252928;59,09090909090909;19,91502920870951;23,529411764705884;66,66666666666667;44,776119402985074;0,5;0,4107142857142857;80,00899325893221;0,5952380952380952;0,5;195,43973941368077;14,534883720930234;0,0;13,271400132714003;6,5366597668591355;17,134436791062676;17,51824817518248;0,4;0,6;1,4
12_SBB_J1;12;SBB;1;68;UNI;86;False;False;False;0,0;0;0;0;0;0;0;0;0;0;0;0;0;0;0;0;0;0;0;0;0;0;0;0;0;0;0;0;80,0;22;56;34;16;33;17;6;23;17;18;28;10;8;22;30;13;15;9;3;0;22;25;4;67;75,32;76,68;38,0;90,28146574614976;112,15440792905581;-21,872942182906044;0,44642857142857145;0,4976580796252928;59,09090909090909;19,91502920870951;23,529411764705884;66,66666666666667;44,776119402985074;0,5;0,4107142857142857;0,0;0,0;0,0;0,0;0,0;0,0;0,0;0,0;0,0;0,0;0,0;0,0;0,0
18_SBB_J1;18;SBB;1;68;UNI;86;False;True;False;21,366666666666667;1282;13;5;7;2;2;3;1;3;4;1;0;0;0;0;1;1;1;1;0;0;0;2;1;0;-4;11;80,0;22;56;34;16;33;17;6;23;17;18;28;10;8;22;30;13;15;9;3;0;22;25;4;67;75,32;76,68;38,0;90,28146574614976;112,15440792905581;-21,872942182906044;0,44642857142857145;0,4976580796252928;59,09090909090909;19,91502920870951;23,529411764705884;66,66666666666667;44,776119402985074;0,5;0,4107142857142857;39,76792104079278;0,9285714285714286;0,9285714285714286;114,17697431018077;12,5;0,0;11,345908381789817;5,58828323282185;0,0;0,0;0,0;0,5714285714285714;1,8571428571428572
19_SBB_J1;19;SBB;1;68;UNI;86;False;False;False;20,433333333333334;1226;5;1;7;6;1;5;4;0;2;2;3;4;1;1;2;3;2;2;2;0;0;2;2;0;-14;3;80,0;22;56;34;16;33;17;6;23;17;18;28;10;8;22;30;13;15;9;3;0;22;25;4;67;75,32;76,68;38,0;90,28146574614976;112,15440792905581;-21,872942182906044;0,44642857142857145;0,4976580796252928;59,09090909090909;19,91502920870951;23,529411764705884;66,66666666666667;44,776119402985074;0,5;0,4107142857142857;55,9310184106269;0,2853881278538813;0,14285714285714285;43,29785314811474;18,58736059479554;11,515209672776125;23,728310840872016;17,530617710793504;10,211714368137407;0,0;0,5714285714285714;0,2857142857142857;0,7142857142857143
20_SBB_J1;20;SBB;1;68;UNI;86;False;False;False;12,95;777;2;0;1;1;0;1;1;0;0;0;2;4;2;0;2;2;1;0;0;0;0;2;2;0;-13;2;80,0;22;56;34;16;33;17;6;23;17;18;28;10;8;22;30;13;15;9;3;0;22;25;4;67;75,32;76,68;38,0;90,28146574614976;112,15440792905581;-21,872942182906044;0,44642857142857145;0,4976580796252928;59,09090909090909;19,91502920870951;23,529411764705884;66,66666666666667;44,776119402985074;0,5;0,4107142857142857;22,637006173915363;0,3623188405797102;0,0;28,080028080028082;0,0;0,0;37,44003744003744;18,44061545554083;0,0;0,0;4,0;0,0;2,0
22_SBB_J1;22;SBB;1;68;UNI;86;False;False;False;5,433333333333334;326;0;0;2;2;0;1;1;0;1;1;0;0;0;1;1;2;0;0;0;0;0;0;0;0;-5;0;80,0;22;56;34;16;33;17;6;23;17;18;28;10;8;22;30;13;15;9;3;0;22;25;4;67;75,32;76,68;38,0;90,28146574614976;112,15440792905581;-21,872942182906044;0,44642857142857145;0,4976580796252928;59,09090909090909;19,91502920870951;23,529411764705884;66,66666666666667;44,776119402985074;0,5;0,4107142857142857;39,096989857589215;0,0;0,0;0,0;0,0;43,30566582461205;44,617958728388174;43,95201904587492;0,0;0,0;0,0;0,5;0,0
32_SBB_J1;32;SBB;1;68;UNI;86;False;True;False;23,683333333333334;1421;10;4;4;0;4;4;0;0;0;0;2;4;2;3;4;7;3;1;0;2;0;2;2;3;-4;19;80,0;22;56;34;16;33;17;6;23;17;18;28;10;8;22;30;13;15;9;3;0;22;25;4;67;75,32;76,68;38,0;90,28146574614976;112,15440792905581;-21,872942182906044;0,44642857142857145;0,4976580796252928;59,09090909090909;19,91502920870951;23,529411764705884;66,66666666666667;44,776119402985074;0,5;0,4107142857142857;30,316812937565377;0,8680555555555556;1,0;119,38318686784946;14,792899408284024;29,805025458459244;40,94427739747937;35,29152268215572;0,0;27,023223082336383;1,0;0,0;2,5
73_SBB_J1;73;SBB;1;68;UNI;86;False;False;False;19,6;1176;2;1;3;2;1;3;2;0;0;0;0;0;0;1;4;5;1;1;0;0;0;3;2;0;-9;4;80,0;22;56;34;16;33;17;6;23;17;18;28;10;8;22;30;13;15;9;3;0;22;25;4;67;75,32;76,68;38,0;90,28146574614976;112,15440792905581;-21,872942182906044;0,44642857142857145;0,4976580796252928;59,09090909090909;19,91502920870951;23,529411764705884;66,66666666666667;44,776119402985074;0,5;0,4107142857142857;21,676222267983135;0,3333333333333333;0,3333333333333333;22,77904328018223;25,0;12,004801920768307;49,4743351886209;30,45994517209869;0,0;0,0;0,0;0,0;0,6666666666666666
SBB_SBB_J1;SBB;SBB;1;68;UNI;86;False;False;False;200,0;12000;0;0;0;0;0;0;0;0;0;0;0;0;0;0;2;2;0;0;1;0;0;0;0;0;0;3;80,0;22;56;34;16;33;17;6;23;17;18;28;10;8;22;30;13;15;9;3;0;22;25;4;67;75,32;76,68;38,0;90,28146574614976;112,15440792905581;-21,872942182906044;0,44642857142857145;0,4976580796252928;59,09090909090909;19,91502920870951;23,529411764705884;66,66666666666667;44,776119402985074;0,5;0,4107142857142857;0,0;0,0;0,0;0,0;0,0;0,0;2,4242424242424243;1,1940298507462686;0,5216484089723525;0,0;0,0;0,0;0,0
00_BUR_J1;00;BUR;1;97;GIR;79;True;True;True;16,933333333333334;1016;9;3;5;2;3;4;1;0;1;1;3;4;1;1;2;3;1;2;0;0;0;2;2;0;15;8;80,0;31;71;40;23;38;15;8;33;25;27;34;7;13;32;45;15;15;15;3;1;26;27;2;113;87,96000000000001;90,52;44,620000000000005;110,27739881764437;87,27353071144499;23,003868106199377;0,49295774647887325;0,5642159143787808;48,38709677419355;17,053206002728512;33,333333333333336;80,0;56,962025316455694;0,4788732394366197;0,4647887323943662;47,0507353020163;0,6656804733727811;0,6;28,076743097800655;22,831050228310502;12,113870381586917;23,622047244094485;17,940795375261636;0,0;0,0;0,8;0,2;1,8
3_BUR_J1;3;BUR;1;97;GIR;79;True;False;True;4,35;261;2;1;2;1;1;2;1;0;0;0;0;0;0;0;1;1;1;0;1;0;0;2;0;0;4;2;80,0;31;71;40;23;38;15;8;33;25;27;34;7;13;32;45;15;15;15;3;1;26;27;2;113;87,96000000000001;90,52;44,620000000000005;110,27739881764437;87,27353071144499;23,003868106199377;0,49295774647887325;0,5642159143787808;48,38709677419355;17,053206002728512;33,333333333333336;80,0;56,962025316455694;0,4788732394366197;0,4647887323943662;41,81629058140325;0,5;0,5;145,85232452142213;0,0;0,0;45,97701149425287;23,27949949076095;20,31684113753994;0,0;0,0;0,0;1,0
6_BUR_J1;6;BUR;1;97;GIR;79;True;True;True;27,333333333333332;1640;13;4;6;2;1;1;0;3;5;2;2;3;1;0;6;6;5;3;3;0;0;5;5;0;13;21;80,0;31;71;40;23;38;15;8;33;25;27;34;7;13;32;45;15;15;15;3;1;26;27;2;113;87,96000000000001;90,52;44,620000000000005;110,27739881764437;87,27353071144499;23,003868106199377;0,49295774647887325;0,5642159143787808;48,38709677419355;17,053206002728512;33,333333333333336;80,0;56,962025316455694;0,4788732394366197;0,4647887323943662;34,33933384354307;0,8879781420765027;0,9166666666666666;75,85335018963337;29,069767441860463;0,0;43,90243902439025;22,229083050324178;9,70005281139864;0,0;0,5;0,8333333333333334;2,1666666666666665
8_BUR_J1;8;BUR;1;97;GIR;79;True;False;True;10,566666666666666;634;0;0;0;0;0;0;0;0;0;0;0;0;0;0;0;0;0;0;2;0;0;4;0;0;3;-2;80,0;31;71;40;23;38;15;8;33;25;27;34;7;13;32;45;15;15;15;3;1;26;27;2;113;87,96000000000001;90,52;44,620000000000005;110,27739881764437;87,27353071144499;23,003868106199377;0,49295774647887325;0,5642159143787808;48,38709677419355;17,053206002728512;33,333333333333336;80,0;56,962025316455694;0,4788732394366197;0,4647887323943662;0,0;0,0;0,0;0,0;0,0;0,0;0,0;0,0;16,72774617317957;0,0;0,0;0,0;0,0
10_BUR_J1;10;BUR;1;97;GIR;79;True;False;True;19,3;1158;13;6;12;6;6;8;2;0;4;4;1;2;1;2;4;6;0;1;1;0;0;0;1;1;14;13;80,0;31;71;40;23;38;15;8;33;25;27;34;7;13;32;45;15;15;15;3;1;26;27;2;113;87,96000000000001;90,52;44,620000000000005;110,27739881764437;87,27353071144499;23,003868106199377;0,49295774647887325;0,5642159143787808;48,38709677419355;17,053206002728512;33,333333333333336;80,0;56,962025316455694;0,4788732394366197;0,4647887323943662;65,40891172860015;0,5046583850931676;0,5;0,0;7,204610951008645;21,25680882157566;41,45077720207254;31,48160293828294;4,579184401466255;0,0;0,16666666666666666;0,3333333333333333;1,0833333333333333
11_BUR_J1;11;BUR;1;97;GIR;79;True;False;True;24,25;1455;7;2;8;6;1;1;0;1;7;6;2;2;0;2;5;7;2;2;1;0;0;0;1;0;3;10;80,0;31;71;40;23;38;15;8;33;25;27;34;7;13;32;45;15;15;15;3;1;26;27;2;113;87,96000000000001;90,52;44,620000000000005;110,27739881764437;87,27353071144499;23,003868106199377;0,49295774647887325;0,5642159143787808;48,38709677419355;17,053206002728512;33,333333333333336;80,0;56,962025316455694;0,4788732394366197;0,4647887323943662;40,80580207498254;0,3941441441441441;0,3125;27,03844528939586;18,38235294117647;16,917790113666403;41,23711340206186;29,231371525512202;3,644464286527782;0,0;0,25;0,875;0,875
17_BUR_J1;17;BUR;1;97;GIR;79;True;False;True;2,4833333333333334;149;0;0;0;0;0;0;0;0;0;0;0;0;0;0;0;0;0;0;1;0;0;1;0;0;3;0;80,0;31;71;40;23;38;15;8;33;25;27;34;7;13;32;45;15;15;15;3;1;26;27;2;113;87,96000000000001;90,52;44,620000000000005;110,27739881764437;87,27353071144499;23,003868106199377;0,49295774647887325;0,5642159143787808;48,38709677419355;17,053206002728512;33,333333333333336;80,0;56,962025316455694;0,4788732394366197;0,4647887323943662;0,0;0,0;0,0;0,0;0,0;0,0;0,0;0,0;35,58856065032163;0,0;0,0;0,0;0,0
19_BUR_J1;19;BUR;1;97;GIR;79;True;False;True;9,133333333333333;548;7;1;5;4;1;2;1;0;3;3;5;6;1;2;0;2;0;1;1;0;0;0;4;0;5;8;80,0;31;71;40;23;38;15;8;33;25;27;34;7;13;32;45;15;15;15;3;1;26;27;2;113;87,96000000000001;90,52;44,620000000000005;110,27739881764437;87,27353071144499;23,003868106199377;0,49295774647887325;0,5642159143787808;48,38709677419355;17,053206002728512;33,333333333333336;80,0;56,962025316455694;0,4788732394366197;0,4647887323943662;86,0377809422332;0,45811518324607325;0,2;0,0;11,574074074074073;44,918585064570465;0,0;22,17499769010441;9,676451709667745;0,0;1,2;0,6;1,4
22_BUR_J1;22;BUR;1;97;GIR;79;True;False;True;10,85;651;2;1;4;3;1;4;3;0;0;0;0;0;0;1;1;2;0;1;1;1;0;4;1;0;10;-1;80,0;31;71;40;23;38;15;8;33;25;27;34;7;13;32;45;15;15;15;3;1;26;27;2;113;87,96000000000001;90,52;44,620000000000005;110,27739881764437;87,27353071144499;23,003868106199377;0,49295774647887325;0,5642159143787808;48,38709677419355;17,053206002728512;33,333333333333336;80,0;56,962025316455694;0,4788732394366197;0,4647887323943662;41,912641481360396;0,25;0,25;0,0;20,0;18,90582535743826;18,433179723502302;18,6665111124074;8,14546165422108;122,8878648233487;0,0;0,0;0,5
23_BUR_J1;23;BUR;1;97;GIR;79;True;True;True;24,25;1455;18;5;14;9;5;8;3;0;6;6;8;9;1;0;3;3;2;2;2;0;0;3;6;1;10;16;80,0;31;71;40;23;38;15;8;33;25;27;34;7;13;32;45;15;15;15;3;1;26;27;2;113;87,96000000000001;90,52;44,620000000000005;110,27739881764437;87,27353071144499;23,003868106199377;0,49295774647887325;0,5642159143787808;48,38709677419355;17,053206002728512;33,333333333333336;80,0;56,962025316455694;0,4788732394366197;0,4647887323943662;74,860644247854;0,5011135857461024;0,35714285714285715;45,48685145700072;10,02004008016032;0,0;24,742268041237114;12,527730653790943;7,288928573055564;0,0;0,6428571428571429;0,42857142857142855;1,2857142857142858
40_BUR_J1;40;BUR;1;97;GIR;79;True;True;True;24,25;1455;9;3;4;1;3;4;1;0;0;0;3;5;2;2;4;6;1;3;1;2;1;1;3;0;2;14;80,0;31;71;40;23;38;15;8;33;25;27;34;7;13;32;45;15;15;15;3;1;26;27;2;113;87,96000000000001;90,52;44,620000000000005;110,27739881764437;87,27353071144499;23,003868106199377;0,49295774647887325;0,5642159143787808;48,38709677419355;17,053206002728512;33,333333333333336;80,0;56,962025316455694;0,4788732394366197;0,4647887323943662;34,50490616634552;0,7258064516129032;0,75;15,632633121641428;32,608695652173914;16,917790113666403;32,98969072164948;25,055461307581886;3,644464286527782;109,96563573883161;1,25;0,0;2,25
56_BUR_J1;56;BUR;1;97;GIR;79;True;True;True;26,3;1578;17;5;11;6;1;4;3;4;7;3;3;3;0;2;3;5;3;0;1;0;0;4;4;0;8;20;80,0;31;71;40;23;38;15;8;33;25;27;34;7;13;32;45;15;15;15;3;1;26;27;2;113;87,96000000000001;90,52;44,620000000000005;110,27739881764437;87,27353071144499;23,003868106199377;0,49295774647887325;0,5642159143787808;48,38709677419355;17,053206002728512;33,333333333333336;80,0;56,962025316455694;0,4788732394366197;0,4647887323943662;42,60491720225404;0,689935064935065;0,6363636363636364;57,78954972309174;0,0;15,599103051574534;22,813688212927758;19,252057563652112;3,3603900740797994;0,0;0,2727272727272727;0,6363636363636364;1,5454545454545454
BUR_BUR_J1;BUR;BUR;1;97;GIR;79;True;False;True;200,0;12000;0;0;0;0;0;0;0;0;0;0;0;0;0;1;3;4;0;0;0;0;0;0;0;0;0;4;80,0;31;71;40;23;38;15;8;33;25;27;34;7;13;32;45;15;15;15;3;1;26;27;2;113;87,96000000000001;90,52;44,620000000000005;110,27739881764437;87,27353071144499;23,003868106199377;0,49295774647887325;0,5642159143787808;48,38709677419355;17,053206002728512;33,333333333333336;80,0;56,962025316455694;0,4788732394366197;0,4647887323943662;0,0;0,0;0,0;0,0;0,0;1,0256410256410255;3,0;2,0253164556962027;0,0;0,0;0,0;0,0;0,0
4_GIR_J1;4;GIR;1;79;BUR;97;False;False;False;26,35;1581;26;9;14;5;8;10;2;1;4;3;7;8;1;0;2;2;3;4;0;0;1;3;6;0;2;23;80,0;25;66;41;20;36;16;5;30;25;24;33;9;8;26;34;23;18;10;1;3;28;25;0;73;90,52;87,96000000000001;44,620000000000005;87,27353071144499;110,27739881764437;-23,003868106199377;0,4166666666666667;0,49056135121708894;92,0;19,88510826336721;20,0;66,66666666666667;43,037974683544306;0,5;0,45454545454545453;72,17837315246256;0,7420091324200914;0,6785714285714286;-391,83673469387753;18,58736059479554;0,0;15,56950323553739;7,6862104580501045;0,0;0,0;0,5714285714285714;0,2857142857142857;1,8571428571428572
5_GIR_J1;5;GIR;1;79;BUR;97;False;True;False;17,433333333333334;1046;3;1;10;9;0;4;4;1;6;5;0;0;0;0;0;0;3;5;1;0;0;4;1;0;-16;-10;80,0;25;66;41;20;36;16;5;30;25;24;33;9;8;26;34;23;18;10;1;3;28;25;0;73;90,52;87,96000000000001;44,620000000000005;87,27353071144499;110,27739881764437;-23,003868106199377;0,4166666666666667;0,49056135121708894;92,0;19,88510826336721;20,0;66,66666666666667;43,037974683544306;0,5;0,45454545454545453;76,04247901861267;0,15;0,15;67,44730679156908;33,333333333333336;0,0;0,0;0,0;5,217041989362451;0,0;0,0;0,6;0,3
7_GIR_J1;7;GIR;1;79;BUR;97;False;False;False;1,4166666666666667;85;0;0;0;0;0;0;0;0;0;0;0;0;0;0;0;0;0;0;0;0;0;0;0;0;-4;0;80,0;25;66;41;20;36;16;5;30;25;24;33;9;8;26;34;23;18;10;1;3;28;25;0;73;90,52;87,96000000000001;44,620000000000005;87,27353071144499;110,27739881764437;-23,003868106199377;0,4166666666666667;0,49056135121708894;92,0;19,88510826336721;20,0;66,66666666666667;43,037974683544306;0,5;0,45454545454545453;0,0;0,0;0,0;0,0;0,0;0,0;0,0;0,0;0,0;0,0;0,0;0,0;0,0
8_GIR_J1;8;GIR;1;79;BUR;97;False;True;False;14,933333333333334;896;8;2;6;4;1;1;0;1;5;4;3;4;1;1;3;4;2;2;2;0;0;4;2;0;-10;7;80,0;25;66;41;20;36;16;5;30;25;24;33;9;8;26;34;23;18;10;1;3;28;25;0;73;90,52;87,96000000000001;44,620000000000005;87,27353071144499;110,27739881764437;-23,003868106199377;0,4166666666666667;0,49056135121708894;92,0;19,88510826336721;20,0;66,66666666666667;43,037974683544306;0,5;0,45454545454545453;57,761504955495234;0,5154639175257733;0,4166666666666667;74,99999999999999;20,491803278688526;13,392857142857142;41,20879120879121;27,124773960217;12,180861430520366;0,0;0,6666666666666666;0,8333333333333334;1,3333333333333333
9_GIR_J1;9;GIR;1;79;BUR;97;False;False;False;13,233333333333333;794;0;0;2;2;0;0;0;0;2;2;0;0;0;0;0;0;5;1;0;0;0;0;0;0;-6;2;80,0;25;66;41;20;36;16;5;30;25;24;33;9;8;26;34;23;18;10;1;3;28;25;0;73;90,52;87,96000000000001;44,620000000000005;87,27353071144499;110,27739881764437;-23,003868106199377;0,4166666666666667;0,49056135121708894;92,0;19,88510826336721;20,0;66,66666666666667;43,037974683544306;0,5;0,45454545454545453;20,035373565105505;0,0;0,0;120,9068010075567;33,333333333333336;0,0;0,0;0,0;0,0;0,0;0,0;1,0;0,0
10_GIR_J1;10;GIR;1;79;BUR;97;False;False;False;20,95;1257;5;2;6;4;2;4;2;0;2;2;1;1;0;1;3;4;3;2;1;0;0;0;2;0;-4;9;80,0;25;66;41;20;36;16;5;30;25;24;33;9;8;26;34;23;18;10;1;3;28;25;0;73;90,52;87,96000000000001;44,620000000000005;87,27353071144499;110,27739881764437;-23,003868106199377;0,4166666666666667;0,49056135121708894;92,0;19,88510826336721;20,0;66,66666666666667;43,037974683544306;0,5;0,45454545454545453;35,6044155381213;0,3881987577639751;0,3333333333333333;65,97938144329898;23,696682464454973;9,54653937947494;29,373967321461357;19,33476330020241;4,341309404035898;0,0;0,16666666666666666;0,3333333333333333;0,8333333333333334
11_GIR_J1;11;GIR;1;79;BUR;97;False;True;False;25,683333333333334;1541;13;4;11;7;2;7;5;2;4;2;3;4;1;1;2;3;5;2;2;0;0;4;3;0;-16;12;80,0;25;66;41;20;36;16;5;30;25;24;33;9;8;26;34;23;18;10;1;3;28;25;0;73;90,52;87,96000000000001;44,620000000000005;87,27353071144499;110,27739881764437;-23,003868106199377;0,4166666666666667;0,49056135121708894;92,0;19,88510826336721;20,0;66,66666666666667;43,037974683544306;0,5;0,45454545454545453;50,79025705685486;0,5094043887147336;0,45454545454545453;124,19146183699873;13,550135501355014;7,787151200519144;15,973643488244397;11,828584102054394;7,0824476584985385;0,0;0,36363636363636365;0,36363636363636365;1,1818181818181819
12_GIR_J1;12;GIR;1;79;BUR;97;False;False;False;13,95;837;2;1;3;2;1;2;1;0;1;1;0;0;0;0;0;0;0;1;1;0;0;5;0;0;-10;-5;80,0;25;66;41;20;36;16;5;30;25;24;33;9;8;26;34;23;18;10;1;3;28;25;0;73;90,52;87,96000000000001;44,620000000000005;87,27353071144499;110,27739881764437;-23,003868106199377;0,4166666666666667;0,49056135121708894;92,0;19,88510826336721;20,0;66,66666666666667;43,037974683544306;0,5;0,45454545454545453;25,341436257576696;0,3333333333333333;0,3333333333333333;0,0;25,0;0,0;0,0;0,0;6,519744230433839;0,0;0,0;0,3333333333333333;0,6666666666666666
21_GIR_J1;21;GIR;1;79;BUR;97;False;False;False;18,066666666666666;1084;11;3;5;2;3;3;0;0;2;2;5;6;1;0;5;5;1;1;0;0;0;2;6;0;-3;17;80,0;25;66;41;20;36;16;5;30;25;24;33;9;8;26;34;23;18;10;1;3;28;25;0;73;90,52;87,96000000000001;44,620000000000005;87,27353071144499;110,27739881764437;-23,003868106199377;0,4166666666666667;0,49056135121708894;92,0;19,88510826336721;20,0;66,66666666666667;43,037974683544306;0,5;0,45454545454545453;42,265027157562784;0,7198952879581151;0,6;37,795275590551185;11,574074074074073;0,0;56,76979846721544;28,02559671166332;0,0;0,0;1,2;0,4;2,2
23_GIR_J1;23;GIR;1;79;BUR;97;False;True;False;21,016666666666666;1261;5;2;4;2;2;2;0;0;2;2;1;4;3;2;4;6;0;0;2;0;0;4;2;0;-25;6;80,0;25;66;41;20;36;16;5;30;25;24;33;9;8;26;34;23;18;10;1;3;28;25;0;73;90,52;87,96000000000001;44,620000000000005;87,27353071144499;110,27739881764437;-23,003868106199377;0,4166666666666667;0,49056135121708894;92,0;19,88510826336721;20,0;66,66666666666667;43,037974683544306;0,5;0,45454545454545453;24,22167033507695;0,4340277777777778;0,5;0,0;0,0;19,032513877874703;39,041054108460926;28,910147662594486;8,65507679757831;0,0;1,0;0,5;1,25
25_GIR_J1;25;GIR;1;79;BUR;97;False;False;False;7,983333333333333;479;2;0;2;2;0;2;2;0;0;0;2;4;2;1;2;3;0;0;0;0;1;0;2;0;-5;2;80,0;25;66;41;20;36;16;5;30;25;24;33;9;8;26;34;23;18;10;1;3;28;25;0;73;90,52;87,96000000000001;44,620000000000005;87,27353071144499;110,27739881764437;-23,003868106199377;0,4166666666666667;0,49056135121708894;92,0;19,88510826336721;20,0;66,66666666666667;43,037974683544306;0,5;0,45454545454545453;41,624499412810415;0,26595744680851063;0,0;0,0;0,0;25,052192066805848;51,389111931909426;38,0539626331228;0,0;0,0;2,0;0,0;1,0
29_GIR_J1;29;GIR;1;79;BUR;97;False;False;False;18,983333333333334;1139;4;1;3;2;1;1;0;0;2;2;2;2;0;1;3;4;1;0;1;1;1;2;1;0;7;7;80,0;25;66;41;20;36;16;5;30;25;24;33;9;8;26;34;23;18;10;1;3;28;25;0;73;90,52;87,96000000000001;44,620000000000005;87,27353071144499;110,27739881764437;-23,003868106199377;0,4166666666666667;0,49056135121708894;92,0;19,88510826336721;20,0;66,66666666666667;43,037974683544306;0,5;0,45454545454545453;18,063616051943757;0,5154639175257733;0,3333333333333333;20,27455121436114;0,0;10,535557506584723;32,41710002026068;21,337837988019693;4,791067533690187;84,28446005267779;0,6666666666666666;0,6666666666666666;1,3333333333333333
GIR_GIR_J1;GIR;GIR;1;79;BUR;97;False;False;False;200,0;12000;0;0;0;0;0;0;0;0;0;0;0;0;0;1;2;3;0;0;0;0;0;0;0;0;0;3;80,0;25;66;41;20;36;16;5;30;25;24;33;9;8;26;34;23;18;10;1;3;28;25;0;73;90,52;87,96000000000001;44,620000000000005;87,27353071144499;110,27739881764437;-23,003868106199377;0,4166666666666667;0,49056135121708894;92,0;19,88510826336721;20,0;66,66666666666667;43,037974683544306;0,5;0,45454545454545453;0,0;0,0;0,0;0,0;0,0;1,0;2,051282051282051;1,518987341772152;0,0;0,0;0,0;0,0;0,0
2_LLT_J1;2;LLT;1;104;BAX;93;True;False;True;3,3333333333333335;200;0;0;0;0;0;0;0;0;0;0;0;0;0;0;0;0;1;1;0;0;0;2;0;0;-4;-2;80,0;34;69;35;23;42;19;11;27;16;25;28;3;14;24;38;16;13;10;1;2;18;26;5;124;80,32;83,92;41,06;129,48207171314743;110,81982840800762;18,66224330513981;0,572463768115942;0,6394490900147566;47,05882352941177;16,18525896414343;40,0;75,0;56,71641791044776;0,4057971014492754;0,391304347826087;29,8804780876494;0,0;0,0;70,58823529411764;100,0;0,0;0,0;0,0;0,0;0,0;0,0;0,0;0,0
3_LLT_J1;3;LLT;1;104;BAX;93;True;False;True;19,75;1185;18;5;10;5;3;5;2;2;5;3;6;7;1;0;1;1;5;0;2;0;1;2;4;0;14;21;80,0;34;69;35;23;42;19;11;27;16;25;28;3;14;24;38;16;13;10;1;2;18;26;5;124;80,32;83,92;41,06;129,48207171314743;110,81982840800762;18,66224330513981;0,572463768115942;0,6394490900147566;47,05882352941177;16,18525896414343;40,0;75,0;56,71641791044776;0,4057971014492754;0,391304347826087;65,9639921327349;0,6880733944954128;0,6;147,329650092081;0,0;0,0;12,658227848101266;6,0457207632722465;9,653557939448058;0,0;0,7;0,5;1,8
6_LLT_J1;6;LLT;1;104;BAX;93;True;True;True;25,516666666666666;1531;11;4;8;4;1;3;2;3;5;2;0;0;0;0;0;0;1;0;1;0;0;1;1;0;11;9;80,0;34;69;35;23;42;19;11;27;16;25;28;3;14;24;38;16;13;10;1;2;18;26;5;124;80,32;83,92;41,06;129,48207171314743;110,81982840800762;18,66224330513981;0,572463768115942;0,6394490900147566;47,05882352941177;16,18525896414343;40,0;75,0;56,71641791044776;0,4057971014492754;0,391304347826087;31,227148883239092;0,6875;0,6875;14,61009313934376;0,0;0,0;0,0;0,0;3,7359458387478606;0,0;0,0;0,625;1,375
9_LLT_J1;9;LLT;1;104;BAX;93;True;True;True;23,866666666666667;1432;20;6;15;9;4;12;8;2;3;1;6;6;0;3;3;6;4;6;0;0;0;2;6;0;-10;19;80,0;34;69;35;23;42;19;11;27;16;25;28;3;14;24;38;16;13;10;1;2;18;26;5;124;80,32;83,92;41,06;129,48207171314743;110,81982840800762;18,66224330513981;0,572463768115942;0,6394490900147566;47,05882352941177;16,18525896414343;40,0;75,0;56,71641791044776;0,4057971014492754;0,391304347826087;98,65565670279776;0,5668934240362812;0,4666666666666667;96,54062751407882;25,380710659898476;28,731045490822027;31,424581005586592;30,017510214291672;0,0;0,0;0,4;0,2;1,3333333333333333
11_LLT_J1;11;LLT;1;104;BAX;93;True;False;True;13,466666666666667;808;2;0;3;3;0;1;1;0;2;2;2;2;0;1;1;2;0;0;2;0;1;0;1;0;-3;3;80,0;34;69;35;23;42;19;11;27;16;25;28;3;14;24;38;16;13;10;1;2;18;26;5;124;80,32;83,92;41,06;129,48207171314743;110,81982840800762;18,66224330513981;0,572463768115942;0,6394490900147566;47,05882352941177;16,18525896414343;40,0;75,0;56,71641791044776;0,4057971014492754;0,391304347826087;28,697092816851406;0,2577319587628866;0,0;0,0;0,0;16,973125884016973;18,564356435643564;17,733116595241615;14,157755146343996;0,0;0,6666666666666666;0,6666666666666666;0,6666666666666666
13_LLT_J1;13;LLT;1;104;BAX;93;True;False;True;0,06666666666666667;4;0;0;0;0;0;0;0;0;0;0;0;0;0;0;0;0;0;0;0;0;0;0;0;0;0;0;80,0;34;69;35;23;42;19;11;27;16;25;28;3;14;24;38;16;13;10;1;2;18;26;5;124;80,32;83,92;41,06;129,48207171314743;110,81982840800762;18,66224330513981;0,572463768115942;0,6394490900147566;47,05882352941177;16,18525896414343;40,0;75,0;56,71641791044776;0,4057971014492754;0,391304347826087;0,0;0,0;0,0;0,0;0,0;0,0;0,0;0,0;0,0;0,0;0,0;0,0;0,0
15_LLT_J1;15;LLT;1;104;BAX;93;True;False;True;12,15;729;0;0;1;1;0;1;1;0;0;0;0;0;0;0;2;2;1;0;0;0;0;1;1;0;6;2;80,0;34;69;35;23;42;19;11;27;16;25;28;3;14;24;38;16;13;10;1;2;18;26;5;124;80,32;83,92;41,06;129,48207171314743;110,81982840800762;18,66224330513981;0,572463768115942;0,6394490900147566;47,05882352941177;16,18525896414343;40,0;75,0;56,71641791044776;0,4057971014492754;0,391304347826087;8,19766202678996;0,0;0,0;19,365770999757927;0,0;0,0;41,15226337448559;19,65481235796327;0,0;0,0;0,0;0,0;0,0
19_LLT_J1;19;LLT;1;104;BAX;93;True;True;True;25,166666666666668;1510;28;10;14;4;10;14;4;0;0;0;8;9;1;5;2;7;2;1;0;1;0;1;7;3;-6;38;80,0;34;69;35;23;42;19;11;27;16;25;28;3;14;24;38;16;13;10;1;2;18;26;5;124;80,32;83,92;41,06;129,48207171314743;110,81982840800762;18,66224330513981;0,572463768115942;0,6394490900147566;47,05882352941177;16,18525896414343;40,0;75,0;56,71641791044776;0,4057971014492754;0,391304347826087;75,03759795256063;0,7795100222717148;0,7142857142857143;287,425149700599;5,274261603375527;45,41154210028382;19,867549668874172;33,21142631214787;0,0;10,254219183935056;0,6428571428571429;0,0;2,0
21_LLT_J1;21;LLT;1;104;BAX;93;True;False;True;17,65;1059;5;2;3;1;1;1;0;1;2;1;0;0;0;0;3;3;0;1;0;0;0;1;0;0;13;5;80,0;34;69;35;23;42;19;11;27;16;25;28;3;14;24;38;16;13;10;1;2;18;26;5;124;80,32;83,92;41,06;129,48207171314743;110,81982840800762;18,66224330513981;0,572463768115942;0,6394490900147566;47,05882352941177;16,18525896414343;40,0;75,0;56,71641791044776;0,4057971014492754;0,391304347826087;22,5725991219259;0,8333333333333334;0,8333333333333334;0,0;25,0;0,0;42,4929178470255;20,295124941862923;0,0;0,0;0,0;0,6666666666666666;1,6666666666666667
31_LLT_J1;31;LLT;1;104;BAX;93;True;True;True;25,183333333333334;1511;14;5;8;3;3;3;0;2;5;3;2;2;0;1;3;4;0;1;2;0;0;2;3;2;15;17;80,0;34;69;35;23;42;19;11;27;16;25;28;3;14;24;38;16;13;10;1;2;18;26;5;124;80,32;83,92;41,06;129,48207171314743;110,81982840800762;18,66224330513981;0,572463768115942;0,6394490900147566;47,05882352941177;16,18525896414343;40,0;75,0;56,71641791044776;0,4057971014492754;0,391304347826087;39,075992522299956;0,7882882882882882;0,75;0,0;10,121457489878543;9,07629762692635;29,781601588352085;18,96539802641327;7,570791633518165;0,0;0,25;0,625;1,75
35_LLT_J1;35;LLT;1;104;BAX;93;True;False;True;11,183333333333334;671;2;1;2;1;1;2;1;0;0;0;0;0;0;2;5;7;2;2;2;0;0;3;1;0;19;8;80,0;34;69;35;23;42;19;11;27;16;25;28;3;14;24;38;16;13;10;1;2;18;26;5;124;80,32;83,92;41,06;129,48207171314743;110,81982840800762;18,66224330513981;0,572463768115942;0,6394490900147566;47,05882352941177;16,18525896414343;40,0;75,0;56,71641791044776;0,4057971014492754;0,391304347826087;35,62501113281598;0,5;0,5;53,2918840901521;50,0;40,87715563125399;111,77347242921013;74,7380830571435;17,048384736581145;0,0;0,0;0,0;1,0
42_LLT_J1;42;LLT;1;104;BAX;93;True;True;True;22,666666666666668;1360;4;1;5;4;0;0;0;1;5;4;1;2;1;1;3;4;0;0;1;0;0;3;2;0;0;3;80,0;34;69;35;23;42;19;11;27;16;25;28;3;14;24;38;16;13;10;1;2;18;26;5;124;80,32;83,92;41,06;129,48207171314743;110,81982840800762;18,66224330513981;0,572463768115942;0,6394490900147566;47,05882352941177;16,18525896414343;40,0;75,0;56,71641791044776;0,4057971014492754;0,391304347826087;25,8378251699086;0,3401360544217687;0,3;0,0;0,0;10,084033613445378;33,088235294117645;21,071115013169447;4,205686087590422;0,0;0,4;1,0;0,8
LLT_LLT_J1;LLT;LLT;1;104;BAX;93;True;False;True;200,0;12000;0;0;0;0;0;0;0;0;0;0;0;0;0;1;1;2;0;1;0;0;0;0;0;0;0;1;80,0;34;69;35;23;42;19;11;27;16;25;28;3;14;24;38;16;13;10;1;2;18;26;5;124;80,32;83,92;41,06;129,48207171314743;110,81982840800762;18,66224330513981;0,572463768115942;0,6394490900147566;47,05882352941177;16,18525896414343;40,0;75,0;56,71641791044776;0,4057971014492754;0,391304347826087;0,4980079681274901;0,0;0,0;0,0;100,0;1,1428571428571428;1,25;1,1940298507462686;0,0;0,0;0,0;0,0;0,0
0_BAX_J1;0;BAX;1;93;LLT;104;False;False;False;16,333333333333332;980;10;5;6;1;5;6;1;0;0;0;0;0;0;1;1;2;1;2;0;0;0;3;0;5;6;7;80,0;35;69;34;28;50;22;7;19;12;16;18;2;8;21;29;23;15;4;2;1;27;17;5;89;83,92;80,32;41,06;110,81982840800762;129,48207171314743;-18,66224330513981;0,5579710144927537;0,6045241809672387;65,71428571428571;17,874165872259294;25,0;60,0;43,28358208955224;0,2608695652173913;0,2753623188405797;46,69169860508551;0,8333333333333334;0,8333333333333334;46,60194174757282;25,0;15,306122448979593;13,994169096209914;14,620773682607373;0,0;0,0;0,0;0,0;1,6666666666666667
2_BAX_J1;2;BAX;1;93;LLT;104;False;False;False;24,716666666666665;1483;13;6;13;7;6;12;6;0;1;1;1;1;0;2;3;5;11;2;1;0;0;3;1;0;-3;19;80,0;35;69;34;28;50;22;7;19;12;16;18;2;8;21;29;23;15;4;2;1;27;17;5;89;83,92;80,32;41,06;110,81982840800762;129,48207171314743;-18,66224330513981;0,5579710144927537;0,6045241809672387;65,71428571428571;17,874165872259294;25,0;60,0;43,28358208955224;0,2608695652173913;0,2753623188405797;59,55001938075437;0,4836309523809524;0,46153846153846156;228,52196494265306;12,953367875647668;20,229265003371545;27,742992004623833;24,154346272682442;4,029734064416643;0,0;0,07692307692307693;0,07692307692307693;1,0
4_BAX_J1;4;BAX;1;93;LLT;104;False;False;False;13,066666666666666;784;8;4;4;0;4;4;0;0;0;0;0;0;0;1;0;1;2;0;0;1;0;4;2;0;6;10;80,0;35;69;34;28;50;22;7;19;12;16;18;2;8;21;29;23;15;4;2;1;27;17;5;89;83,92;80,32;41,06;110,81982840800762;129,48207171314743;-18,66224330513981;0,5579710144927537;0,6045241809672387;65,71428571428571;17,874165872259294;25,0;60,0;43,28358208955224;0,2608695652173913;0,2753623188405797;29,18231162817844;1,0;1,0;116,50485436893203;0,0;19,13265306122449;0,0;9,137983551629606;0,0;40,816326530612244;0,0;0,0;2,0
8_BAX_J1;8;BAX;1;93;LLT;104;False;True;False;22,65;1359;3;1;6;5;1;3;2;0;3;3;1;1;0;1;5;6;1;0;0;0;0;1;0;0;-9;4;80,0;35;69;34;28;50;22;7;19;12;16;18;2;8;21;29;23;15;4;2;1;27;17;5;89;83,92;80,32;41,06;110,81982840800762;129,48207171314743;-18,66224330513981;0,5579710144927537;0,6045241809672387;65,71428571428571;17,874165872259294;25,0;60,0;43,28358208955224;0,2608695652173913;0,2753623188405797;27,104548218949198;0,2329192546583851;0,16666666666666666;11,224131883549633;0,0;11,037527593818986;50,45726900031536;31,62992982109321;0,0;0,0;0,16666666666666666;0,5;0,5
11_BAX_J1;11;BAX;1;93;LLT;104;False;False;False;14,75;885;5;0;2;2;0;2;2;0;0;0;5;6;1;0;3;3;0;0;1;0;0;3;3;0;4;6;80,0;35;69;34;28;50;22;7;19;12;16;18;2;8;21;29;23;15;4;2;1;27;17;5;89;83,92;80,32;41,06;110,81982840800762;129,48207171314743;-18,66224330513981;0,5579710144927537;0,6045241809672387;65,71428571428571;17,874165872259294;25,0;60,0;43,28358208955224;0,2608695652173913;0,2753623188405797;29,988205070204074;0,5387931034482758;0,0;0,0;0,0;0,0;46,48910411622276;24,285352896534278;6,752650415288001;0,0;3,0;0,0;2,5
12_BAX_J1;12;BAX;1;93;LLT;104;False;False;False;14,116666666666667;847;3;1;3;2;0;1;1;1;2;1;0;0;0;0;0;0;0;0;0;0;0;0;0;0;-30;1;80,0;35;69;34;28;50;22;7;19;12;16;18;2;8;21;29;23;15;4;2;1;27;17;5;89;83,92;80,32;41,06;110,81982840800762;129,48207171314743;-18,66224330513981;0,5579710144927537;0,6045241809672387;65,71428571428571;17,874165872259294;25,0;60,0;43,28358208955224;0,2608695652173913;0,2753623188405797;20,258794849313958;0,5;0,5;0,0;0,0;0,0;0,0;0,0;0,0;0,0;0,0;0,6666666666666666;1,0
19_BAX_J1;19;BAX;1;93;LLT;104;False;True;False;23,533333333333335;1412;8;3;6;3;1;2;1;2;4;2;0;0;0;1;2;3;0;0;2;0;1;1;3;0;10;11;80,0;35;69;34;28;50;22;7;19;12;16;18;2;8;21;29;23;15;4;2;1;27;17;5;89;83,92;80,32;41,06;110,81982840800762;129,48207171314743;-18,66224330513981;0,5579710144927537;0,6045241809672387;65,71428571428571;17,874165872259294;25,0;60,0;43,28358208955224;0,2608695652173913;0,2753623188405797;24,30481478380867;0,6666666666666666;0,6666666666666666;0,0;0,0;10,623229461756374;19,42533387292594;15,221343706397192;8,46472467072221;0,0;0,0;0,6666666666666666;1,3333333333333333
32_BAX_J1;32;BAX;1;93;LLT;104;False;True;False;13,416666666666666;805;7;2;3;1;2;2;0;0;1;1;3;4;1;0;1;1;1;2;0;0;0;3;4;0;-19;6;80,0;35;69;34;28;50;22;7;19;12;16;18;2;8;21;29;23;15;4;2;1;27;17;5;89;83,92;80,32;41,06;110,81982840800762;129,48207171314743;-18,66224330513981;0,5579710144927537;0,6045241809672387;65,71428571428571;17,874165872259294;25,0;60,0;43,28358208955224;0,2608695652173913;0,2753623188405797;48,03154734766621;0,7352941176470589;0,6666666666666666;25,84118438761777;29,585798816568047;0,0;17,036379769299025;8,899601372021879;0,0;0,0;1,3333333333333333;0,3333333333333333;2,3333333333333335
33_BAX_J1;33;BAX;1;93;LLT;104;False;True;False;21,616666666666667;1297;18;8;14;6;8;14;6;0;0;0;2;2;0;1;2;3;5;2;0;0;0;1;1;0;-6;18;80,0;35;69;34;28;50;22;7;19;12;16;18;2;8;21;29;23;15;4;2;1;27;17;5;89;83,92;80,32;41,06;110,81982840800762;129,48207171314743;-18,66224330513981;0,5579710144927537;0,6045241809672387;65,71428571428571;17,874165872259294;25,0;60,0;43,28358208955224;0,2608695652173913;0,2753623188405797;74,44031948773771;0,6048387096774194;0,5714285714285714;343,1022158684775;11,848341232227487;11,56515034695451;21,14770349157396;16,5709616911587;0,0;0,0;0,14285714285714285;0,0;1,2857142857142858
47_BAX_J1;47;BAX;1;93;LLT;104;False;False;False;1,8833333333333333;113;0;0;0;0;0;0;0;0;0;0;0;0;0;0;0;0;0;1;0;0;0;2;0;0;-9;-3;80,0;35;69;34;28;50;22;7;19;12;16;18;2;8;21;29;23;15;4;2;1;27;17;5;89;83,92;80,32;41,06;110,81982840800762;129,48207171314743;-18,66224330513981;0,5579710144927537;0,6045241809672387;65,71428571428571;17,874165872259294;25,0;60,0;43,28358208955224;0,2608695652173913;0,2753623188405797;50,61710689489358;0,0;0,0;0,0;100,0;0,0;0,0;0,0;0,0;0,0;0,0;0,0;0,0
55_BAX_J1;55;BAX;1;93;LLT;104;False;True;False;18,0;1080;2;0;2;2;0;1;1;0;1;1;2;2;0;0;2;2;2;5;0;0;0;1;2;0;-6;0;80,0;35;69;34;28;50;22;7;19;12;16;18;2;8;21;29;23;15;4;2;1;27;17;5;89;83,92;80,32;41,06;110,81982840800762;129,48207171314743;-18,66224330513981;0,5579710144927537;0,6045241809672387;65,71428571428571;17,874165872259294;25,0;60,0;43,28358208955224;0,2608695652173913;0,2753623188405797;41,73286728100837;0,3472222222222222;0,0;25,396825396825395;63,45177664974619;0,0;25,396825396825395;13,266998341625207;0,0;0,0;1,0;0,5;1,0
99_BAX_J1;99;BAX;1;93;LLT;104;False;False;False;15,916666666666666;955;16;5;10;5;1;3;2;4;7;3;2;2;0;0;0;0;0;0;0;1;0;4;1;0;1;9;80,0;35;69;34;28;50;22;7;19;12;16;18;2;8;21;29;23;15;4;2;1;27;17;5;89;83,92;80,32;41,06;110,81982840800762;129,48207171314743;-18,66224330513981;0,5579710144927537;0,6045241809672387;65,71428571428571;17,874165872259294;25,0;60,0;43,28358208955224;0,2608695652173913;0,2753623188405797;65,16303235691935;0,7352941176470588;0,7;0,0;0,0;0,0;0,0;0,0;0,0;33,50785340314136;0,2;0,7;1,6
BAX_BAX_J1;BAX;BAX;1;93;LLT;104;False;False;False;200,0;12000;0;0;0;0;0;0;0;0;0;0;0;0;0;1;2;3;0;1;0;0;0;1;0;0;0;1;80,0;35;69;34;28;50;22;7;19;12;16;18;2;8;21;29;23;15;4;2;1;27;17;5;89;83,92;80,32;41,06;110,81982840800762;129,48207171314743;-18,66224330513981;0,5579710144927537;0,6045241809672387;65,71428571428571;17,874165872259294;25,0;60,0;43,28358208955224;0,2608695652173913;0,2753623188405797;0,47664442326024786;0,0;0,0;0,0;100,0;1,25;2,2857142857142856;1,791044776119403;0,0;0,0;0,0;0,0;0,0
1_HIO_J1;1;HIO;1;87;BRE;68;True;True;True;20,966666666666665;1258;8;3;6;3;1;2;1;2;4;2;0;0;0;0;1;1;2;3;1;0;1;1;1;0;18;5;80,0;35;70;35;27;43;16;8;27;19;9;19;10;15;33;48;27;14;8;5;5;23;19;5;107;77,36;74,12;37,870000000000005;112,46122026887281;91,74311926605505;20,71810100281776;0,5571428571428572;0,5551301684532925;77,14285714285714;18,097207859358843;39,473684210526315;68,75;55,81395348837209;0,2714285714285714;0,38571428571428573;44,39015327755519;0,6666666666666666;0,6666666666666666;32,39959500506243;33,333333333333336;0,0;7,9491255961844205;4,436721262986653;5,147841724458339;0,0;0,0;0,6666666666666666;1,3333333333333333
2_HIO_J1;2;HIO;1;87;BRE;68;True;False;True;12,666666666666666;760;5;2;5;3;1;1;0;1;4;3;0;0;0;0;0;0;3;1;3;0;0;5;0;0;5;2;80,0;35;70;35;27;43;16;8;27;19;9;19;10;15;33;48;27;14;8;5;5;23;19;5;107;77,36;74,12;37,870000000000005;112,46122026887281;91,74311926605505;20,71810100281776;0,5571428571428572;0,5551301684532925;77,14285714285714;18,097207859358843;39,473684210526315;68,75;55,81395348837209;0,2714285714285714;0,38571428571428573;48,9849235290916;0,5;0,5;84,70588235294119;16,666666666666668;0,0;0,0;0,0;25,563098247507597;0,0;0,0;0,8;1,0
3_HIO_J1;3;HIO;1;87;BRE;68;True;True;True;25,466666666666665;1528;13;5;13;8;4;10;6;1;3;2;2;4;2;4;4;8;2;1;0;1;2;1;6;0;25;16;80,0;35;70;35;27;43;16;8;27;19;9;19;10;15;33;48;27;14;8;5;5;23;19;5;107;77,36;74,12;37,870000000000005;112,46122026887281;91,74311926605505;20,71810100281776;0,5571428571428572;0,5551301684532925;77,14285714285714;18,097207859358843;39,473684210526315;68,75;55,81395348837209;0,2714285714285714;0,38571428571428573;63,99670812195109;0,44037940379403795;0,4230769230769231;32,564450474898244;6,345177664974619;33,066960595205295;26,178010471204193;29,221965177158165;0,0;104,71204188481677;0,3076923076923077;0,23076923076923078;1,0
4_HIO_J1;4;HIO;1;87;BRE;68;True;True;True;20,4;1224;14;6;11;5;4;8;4;2;3;1;0;1;1;2;5;7;6;1;1;1;0;4;1;0;11;19;80,0;35;70;35;27;43;16;8;27;19;9;19;10;15;33;48;27;14;8;5;5;23;19;5;107;77,36;74,12;37,870000000000005;112,46122026887281;91,74311926605505;20,71810100281776;0,5571428571428572;0,5551301684532925;77,14285714285714;18,097207859358843;39,473684210526315;68,75;55,81395348837209;0,2714285714285714;0,38571428571428573;63,06141898331205;0,6118881118881119;0,6363636363636364;205,12820512820508;8,038585209003216;20,63983488132095;40,84967320261438;31,919744642042865;5,290837327915516;130,71895424836603;0,09090909090909091;0,2727272727272727;1,2727272727272727
5_HIO_J1;5;HIO;1;87;BRE;68;True;False;True;17,733333333333334;1064;4;1;3;2;1;2;1;0;1;1;2;2;0;1;2;3;5;3;1;0;0;0;1;1;0;9;80,0;35;70;35;27;43;16;8;27;19;9;19;10;15;33;48;27;14;8;5;5;23;19;5;107;77,36;74,12;37,870000000000005;112,46122026887281;91,74311926605505;20,71810100281776;0,5571428571428572;0,5551301684532925;77,14285714285714;18,097207859358843;39,473684210526315;68,75;55,81395348837209;0,2714285714285714;0,38571428571428573;40,120984985732164;0,5154639175257733;0,3333333333333333;73,98273736128236;43,604651162790695;11,87178472497032;18,796992481203006;15,737016961007168;6,0864519636922845;0,0;0,6666666666666666;0,3333333333333333;1,3333333333333333
6_HIO_J1;6;HIO;1;87;BRE;68;True;False;True;23,383333333333333;1403;7;2;7;5;1;2;1;1;5;4;2;5;3;1;4;5;5;0;1;0;0;2;4;0;7;12;80,0;35;70;35;27;43;16;8;27;19;9;19;10;15;33;48;27;14;8;5;5;23;19;5;107;77,36;74,12;37,870000000000005;112,46122026887281;91,74311926605505;20,71810100281776;0,5571428571428572;0,5551301684532925;77,14285714285714;18,097207859358843;39,473684210526315;68,75;55,81395348837209;0,2714285714285714;0,38571428571428573;40,686931018699035;0,3804347826086957;0,35714285714285715;60,75180356916846;0,0;9,00326368308512;28,510334996436207;19,89093139286247;4,615812465693935;0,0;0,7142857142857143;0,7142857142857143;1,0
7_HIO_J1;7;HIO;1;87;BRE;68;True;False;True;17,15;1029;16;7;9;2;7;8;1;0;1;1;2;3;1;2;7;9;0;1;0;1;0;2;2;3;8;22;80,0;35;70;35;27;43;16;8;27;19;9;19;10;15;33;48;27;14;8;5;5;23;19;5;107;77,36;74,12;37,870000000000005;112,46122026887281;91,74311926605505;20,71810100281776;0,5571428571428572;0,5551301684532925;77,14285714285714;18,097207859358843;39,473684210526315;68,75;55,81395348837209;0,2714285714285714;0,38571428571428573;68,25835667403318;0,7751937984496123;0,7777777777777778;0,0;8,8339222614841;24,55117385299985;68,02721088435375;48,81686894026714;0,0;155,4907677356657;0,3333333333333333;0,1111111111111111;1,7777777777777777
12_HIO_J1;12;HIO;1;87;BRE;68;True;True;True;11,583333333333334;695;4;2;3;1;2;3;1;0;0;0;0;0;0;2;2;4;0;0;1;1;0;4;1;0;11;6;80,0;35;70;35;27;43;16;8;27;19;9;19;10;15;33;48;27;14;8;5;5;23;19;5;107;77,36;74,12;37,870000000000005;112,46122026887281;91,74311926605505;20,71810100281776;0,5571428571428572;0,5551301684532925;77,14285714285714;18,097207859358843;39,473684210526315;68,75;55,81395348837209;0,2714285714285714;0,38571428571428573;26,78312365619397;0,6666666666666666;0,6666666666666666;0,0;0,0;36,349867474441496;28,776978417266186;32,123138698343645;9,317963869595095;230,2158273381295;0,0;0,0;1,3333333333333333
14_HIO_J1;14;HIO;1;87;BRE;68;True;False;True;21,183333333333334;1271;6;3;5;2;3;3;0;0;2;2;0;0;0;0;5;5;1;1;0;1;0;1;0;0;1;9;80,0;35;70;35;27;43;16;8;27;19;9;19;10;15;33;48;27;14;8;5;5;23;19;5;107;77,36;74,12;37,870000000000005;112,46122026887281;91,74311926605505;20,71810100281776;0,5571428571428572;0,5551301684532925;77,14285714285714;18,097207859358843;39,473684210526315;68,75;55,81395348837209;0,2714285714285714;0,38571428571428573;29,290748923768383;0,6;0,6;15,954794748213395;16,666666666666668;0,0;39,339103068450044;21,956708689367463;0,0;125,88512981904013;0,0;0,4;1,2
16_HIO_J1;16;HIO;1;87;BRE;68;True;True;True;18,2;1092;5;2;6;4;1;2;1;1;4;3;0;0;0;0;1;1;2;0;0;0;2;1;0;0;9;1;80,0;35;70;35;27;43;16;8;27;19;9;19;10;15;33;48;27;14;8;5;5;23;19;5;107;77,36;74,12;37,870000000000005;112,46122026887281;91,74311926605505;20,71810100281776;0,5571428571428572;0,5551301684532925;77,14285714285714;18,097207859358843;39,473684210526315;68,75;55,81395348837209;0,2714285714285714;0,38571428571428573;34,0920713206132;0,4166666666666667;0,4166666666666667;33,542976939203356;0,0;0,0;9,157509157509159;5,111167901865576;0,0;0,0;0,0;0,6666666666666666;0,8333333333333334
25_HIO_J1;25;HIO;1;87;BRE;68;True;False;True;11,266666666666667;676;5;2;2;0;2;2;0;0;0;0;1;4;3;2;2;4;1;0;0;0;0;1;3;1;0;9;80,0;35;70;35;27;43;16;8;27;19;9;19;10;15;33;48;27;14;8;5;5;23;19;5;107;77,36;74,12;37,870000000000005;112,46122026887281;91,74311926605505;20,71810100281776;0,5571428571428572;0,5551301684532925;77,14285714285714;18,097207859358843;39,473684210526315;68,75;55,81395348837209;0,2714285714285714;0,38571428571428573;34,511666044559206;0,6648936170212766;1,0;34,13940256045519;0,0;37,37153534724384;29,585798816568044;33,02600798128526;0,0;0,0;2,0;0,0;2,5
52_HIO_J1;52;HIO;1;87;BRE;68;True;False;True;0,0;0;0;0;0;0;0;0;0;0;0;0;0;0;0;0;0;0;0;0;0;0;0;0;0;0;0;0;80,0;35;70;35;27;43;16;8;27;19;9;19;10;15;33;48;27;14;8;5;5;23;19;5;107;77,36;74,12;37,870000000000005;112,46122026887281;91,74311926605505;20,71810100281776;0,5571428571428572;0,5551301684532925;77,14285714285714;18,097207859358843;39,473684210526315;68,75;55,81395348837209;0,2714285714285714;0,38571428571428573;0,0;0,0;0,0;0,0;0,0;0,0;0,0;0,0;0,0;0,0;0,0;0,0;0,0
HIO_HIO_J1;HIO;HIO;1;87;BRE;68;True;False;True;200,0;12000;0;0;0;0;0;0;0;0;0;0;0;0;0;1;0;1;0;3;0;0;0;1;0;0;0;-3;80,0;35;70;35;27;43;16;8;27;19;9;19;10;15;33;48;27;14;8;5;5;23;19;5;107;77,36;74,12;37,870000000000005;112,46122026887281;91,74311926605505;20,71810100281776;0,5571428571428572;0,5551301684532925;77,14285714285714;18,097207859358843;39,473684210526315;68,75;55,81395348837209;0,2714285714285714;0,38571428571428573;1,5511892450879008;0,0;0,0;0,0;100,0;1,0526315789473684;0,0;0,46511627906976744;0,0;0,0;0,0;0,0;0,0
0_BRE_J1;0;BRE;1;68;HIO;87;False;False;False;21,716666666666665;1303;10;4;8;4;3;4;1;1;4;3;1;2;1;1;1;2;1;1;0;2;1;4;1;2;-9;5;80,0;22;67;45;14;35;21;8;32;24;16;23;7;15;23;38;17;12;5;6;5;19;22;4;68;74,12;77,36;37,870000000000005;91,74311926605505;112,46122026887281;-20,71810100281776;0,3880597014925373;0,4408713692946058;77,27272727272727;16,189962223421478;31,25;60,526315789473685;44,18604651162791;0,34328358208955223;0,47761194029850745;49,10416784878104;0,563063063063063;0,5625;50,707796323684775;10,121457489878543;7,674597083653109;9,69422789514077;8,566992093380215;0,0;46,047582501918654;0,25;0,5;1,25
1_BRE_J1;1;BRE;1;68;HIO;87;False;True;False;23,3;1398;18;3;11;8;1;4;3;2;7;5;10;11;1;1;3;4;0;0;0;0;0;2;5;0;-21;16;80,0;22;67;45;14;35;21;8;32;24;16;23;7;15;23;38;17;12;5;6;5;19;22;4;68;74,12;77,36;37,870000000000005;91,74311926605505;112,46122026887281;-20,71810100281776;0,3880597014925373;0,4408713692946058;77,27272727272727;16,189962223421478;31,25;60,526315789473685;44,18604651162791;0,34328358208955223;0,47761194029850745;73,37596612846815;0,5681818181818182;0,36363636363636365;0,0;0,0;7,153075822603719;27,10639259091936;15,969657650464118;0,0;0,0;1,0;0,6363636363636364;1,6363636363636365
4_BRE_J1;4;BRE;1;68;HIO;87;False;True;False;26,866666666666667;1612;2;1;8;7;1;6;5;0;2;2;0;0;0;1;1;2;5;1;2;1;0;0;2;0;-18;6;80,0;22;67;45;14;35;21;8;32;24;16;23;7;15;23;38;17;12;5;6;5;19;22;4;68;74,12;77,36;37,870000000000005;91,74311926605505;112,46122026887281;-20,71810100281776;0,3880597014925373;0,4408713692946058;77,27272727272727;16,189962223421478;31,25;60,526315789473685;44,18604651162791;0,34328358208955223;0,47761194029850745;36,1562431788569;0,125;0,125;78,26767545003914;11,11111111111111;6,20347394540943;7,835967088938226;6,9248081251082;7,698209653041691;18,610421836228287;0,0;0,25;0,25
8_BRE_J1;8;BRE;1;68;HIO;87;False;False;False;14,366666666666667;862;0;0;2;2;0;2;2;0;0;0;0;0;0;2;2;4;3;1;0;0;1;3;3;0;-1;3;80,0;22;67;45;14;35;21;8;32;24;16;23;7;15;23;38;17;12;5;6;5;19;22;4;68;74,12;77,36;37,870000000000005;91,74311926605505;112,46122026887281;-20,71810100281776;0,3880597014925373;0,4408713692946058;77,27272727272727;16,189962223421478;31,25;60,526315789473685;44,18604651162791;0,34328358208955223;0,47761194029850745;22,538230473440574;0,0;0,0;75,93334739506433;33,333333333333336;23,201856148491878;29,307607766516053;25,899746398316516;0,0;0,0;0,0;0,0;0,0
10_BRE_J1;10;BRE;1;68;HIO;87;False;False;False;17,216666666666665;1033;8;3;6;3;1;2;1;2;4;2;0;0;0;0;0;0;0;1;0;0;0;1;2;0;-5;5;80,0;22;67;45;14;35;21;8;32;24;16;23;7;15;23;38;17;12;5;6;5;19;22;4;68;74,12;77,36;37,870000000000005;91,74311926605505;112,46122026887281;-20,71810100281776;0,3880597014925373;0,4408713692946058;77,27272727272727;16,189962223421478;31,25;60,526315789473685;44,18604651162791;0,34328358208955223;0,47761194029850745;43,883731099303134;0,6666666666666666;0,6666666666666666;0,0;14,285714285714286;0,0;0,0;0,0;0,0;0,0;0,0;0,6666666666666666;1,3333333333333333
17_BRE_J1;17;BRE;1;68;HIO;87;False;False;False;16,7;1002;6;2;7;5;1;3;2;1;4;3;1;2;1;0;3;3;0;1;0;1;0;2;1;0;2;2;80,0;22;67;45;14;35;21;8;32;24;16;23;7;15;23;38;17;12;5;6;5;19;22;4;68;74,12;77,36;37,870000000000005;91,74311926605505;112,46122026887281;-20,71810100281776;0,3880597014925373;0,4408713692946058;77,27272727272727;16,189962223421478;31,25;60,526315789473685;44,18604651162791;0,34328358208955223;0,47761194029850745;57,391961893805465;0,3807106598984772;0,35714285714285715;0,0;11,261261261261263;0,0;37,81909864481563;16,710764517476672;0,0;29,940119760479043;0,2857142857142857;0,5714285714285714;0,8571428571428571
18_BRE_J1;18;BRE;1;68;HIO;87;False;False;False;12,233333333333333;734;0;0;1;1;0;1;1;0;0;0;0;0;0;1;4;5;3;0;0;0;1;0;1;0;0;7;80,0;22;67;45;14;35;21;8;32;24;16;23;7;15;23;38;17;12;5;6;5;19;22;4;68;74,12;77,36;37,870000000000005;91,74311926605505;112,46122026887281;-20,71810100281776;0,3880597014925373;0,4408713692946058;77,27272727272727;16,189962223421478;31,25;60,526315789473685;44,18604651162791;0,34328358208955223;0,47761194029850745;8,822867696687455;0,0;0,0;89,17513004706466;0,0;13,623978201634879;68,83694249247097;38,02040428363222;0,0;0,0;0,0;0,0;0,0
19_BRE_J1;19;BRE;1;68;HIO;87;False;False;False;13,2;792;5;1;4;3;1;3;2;0;1;1;3;4;1;0;1;1;3;2;1;0;1;2;3;0;-1;4;80,0;22;67;45;14;35;21;8;32;24;16;23;7;15;23;38;17;12;5;6;5;19;22;4;68;74,12;77,36;37,870000000000005;91,74311926605505;112,46122026887281;-20,71810100281776;0,3880597014925373;0,4408713692946058;77,27272727272727;16,189962223421478;31,25;60,526315789473685;44,18604651162791;0,34328358208955223;0,47761194029850745;63,451569118055886;0,4340277777777778;0,25;114,0684410646388;25,77319587628866;0,0;15,94896331738437;7,04721634954193;7,83428911660556;0,0;1,0;0,25;1,25
22_BRE_J1;22;BRE;1;68;HIO;87;False;True;False;13,333333333333334;800;8;4;8;4;4;8;4;0;0;0;0;2;2;3;2;5;0;2;0;2;1;0;2;2;-18;8;80,0;22;67;45;14;35;21;8;32;24;16;23;7;15;23;38;17;12;5;6;5;19;22;4;68;74,12;77,36;37,870000000000005;91,74311926605505;112,46122026887281;-20,71810100281776;0,3880597014925373;0,4408713692946058;77,27272727272727;16,189962223421478;31,25;60,526315789473685;44,18604651162791;0,34328358208955223;0,47761194029850745;88,07339449541286;0,4504504504504504;0,5;-0,0;18,38235294117647;37,5;31,57894736842105;34,883720930232556;0,0;75,0;0,25;0,0;1,0
23_BRE_J1;23;BRE;1;68;HIO;87;False;False;False;0,0;0;0;0;0;0;0;0;0;0;0;0;0;0;0;0;0;0;0;0;0;0;0;0;0;0;0;0;80,0;22;67;45;14;35;21;8;32;24;16;23;7;15;23;38;17;12;5;6;5;19;22;4;68;74,12;77,36;37,870000000000005;91,74311926605505;112,46122026887281;-20,71810100281776;0,3880597014925373;0,4408713692946058;77,27272727272727;16,189962223421478;31,25;60,526315789473685;44,18604651162791;0,34328358208955223;0,47761194029850745;0,0;0,0;0,0;0,0;0,0;0,0;0,0;0,0;0,0;0,0;0,0;0,0;0,0
24_BRE_J1;24;BRE;1;68;HIO;87;False;True;False;18,283333333333335;1097;5;2;4;2;2;2;0;0;2;2;1;2;1;1;0;1;1;1;0;0;0;3;2;0;-10;2;80,0;22;67;45;14;35;21;8;32;24;16;23;7;15;23;38;17;12;5;6;5;19;22;4;68;74,12;77,36;37,870000000000005;91,74311926605505;112,46122026887281;-20,71810100281776;0,3880597014925373;0,4408713692946058;77,27272727272727;16,189962223421478;31,25;60,526315789473685;44,18604651162791;0,34328358208955223;0,47761194029850745;34,71175127574048;0,5122950819672131;0,5;33,02600798128526;17,006802721088437;9,115770282588878;0,0;5,087871785631002;0,0;0,0;0,5;0,5;1,25
47_BRE_J1;47;BRE;1;68;HIO;87;False;True;False;22,783333333333335;1367;6;2;8;6;0;0;0;2;8;6;0;0;0;0;1;1;1;2;0;0;0;2;0;0;-14;-2;80,0;22;67;45;14;35;21;8;32;24;16;23;7;15;23;38;17;12;5;6;5;19;22;4;68;74,12;77,36;37,870000000000005;91,74311926605505;112,46122026887281;-20,71810100281776;0,3880597014925373;0,4408713692946058;77,27272727272727;16,189962223421478;31,25;60,526315789473685;44,18604651162791;0,34328358208955223;0,47761194029850745;47,37370072690995;0,375;0,375;23,44436846732441;20,0;0,0;9,240364994417279;4,082951974277402;0,0;0,0;0,0;1,0;0,75
BRE_BRE_J1;BRE;BRE;1;68;HIO;87;False;False;False;200,0;12000;0;0;0;0;0;0;0;0;0;0;0;0;0;5;5;10;0;0;2;0;0;0;0;0;0;12;80,0;22;67;45;14;35;21;8;32;24;16;23;7;15;23;38;17;12;5;6;5;19;22;4;68;74,12;77,36;37,870000000000005;91,74311926605505;112,46122026887281;-20,71810100281776;0,3880597014925373;0,4408713692946058;77,27272727272727;16,189962223421478;31,25;60,526315789473685;44,18604651162791;0,34328358208955223;0,47761194029850745;0,0;0,0;0,0;0,0;0,0;4,166666666666667;5,2631578947368425;4,651162790697675;1,0341261633919339;0,0;0,0;0,0;0,0
2_COV_J1;2;COV;1;75;JOV;87;True;False;False;17,566666666666666;1054;10;4;7;3;4;4;0;0;3;3;2;3;1;0;1;1;0;2;1;0;0;1;2;0;-9;7;80,0;26;58;32;22;40;18;4;18;14;19;31;12;11;25;36;12;11;4;2;5;20;22;0;71;71,64;73,8;36,36;104,69011725293132;117,88617886178862;-13,196061608857306;0,4827586206896552;0,5234505862646566;46,15384615384615;15,354550530429927;28,205128205128204;65,78947368421052;46,753246753246756;0,5344827586206896;0,3103448275862069;65,6031581055181;0,6009615384615384;0,5714285714285714;0,0;19,37984496124031;0,0;11,98442025367023;5,914389216096996;6,170839697011772;0,0;0,42857142857142855;0,42857142857142855;1,4285714285714286
3_COV_J1;3;COV;1;75;JOV;87;True;True;False;24,216666666666665;1453;8;3;8;5;3;6;3;0;2;2;2;2;0;0;0;0;2;3;0;0;1;4;1;0;-4;-2;80,0;26;58;32;22;40;18;4;18;14;19;31;12;11;25;36;12;11;4;2;5;20;22;0;71;71,64;73,8;36,36;104,69011725293132;117,88617886178862;-13,196061608857306;0,4827586206896552;0,5234505862646566;46,15384615384615;15,354550530429927;28,205128205128204;65,78947368421052;46,753246753246756;0,5344827586206896;0,3103448275862069;54,78182377821663;0,4504504504504504;0,375;41,06424843870306;25,252525252525253;0,0;0,0;0,0;0,0;0,0;0,25;0,25;1,0
7_COV_J1;7;COV;1;75;JOV;87;True;True;False;15,583333333333334;935;4;2;2;0;2;2;0;0;0;0;0;2;2;1;1;2;0;0;0;0;0;2;1;0;-2;3;80,0;26;58;32;22;40;18;4;18;14;19;31;12;11;25;36;12;11;4;2;5;20;22;0;71;71,64;73,8;36,36;104,69011725293132;117,88617886178862;-13,196061608857306;0,4827586206896552;0,5234505862646566;46,15384615384615;15,354550530429927;28,205128205128204;65,78947368421052;46,753246753246756;0,5344827586206896;0,3103448275862069;20,637949103807802;0,6944444444444444;1,0;0,0;0,0;13,16330728095434;13,509710104137348;13,334259323564135;0,0;0,0;1,0;0,0;2,0
11_COV_J1;11;COV;1;75;JOV;87;True;True;False;22,633333333333333;1358;5;2;6;4;2;4;2;0;2;2;1;2;1;1;2;3;2;0;0;1;1;4;1;0;5;2;80,0;26;58;32;22;40;18;4;18;14;19;31;12;11;25;36;12;11;4;2;5;20;22;0;71;71,64;73,8;36,36;104,69011725293132;117,88617886178862;-13,196061608857306;0,4827586206896552;0,5234505862646566;46,15384615384615;15,354550530429927;28,205128205128204;65,78947368421052;46,753246753246756;0,5344827586206896;0,3103448275862069;33,94488396819641;0,3633720930232558;0,3333333333333333;37,34246149058659;0,0;9,063101846607003;18,60320905356174;13,771206701987262;0,0;17,673048600883654;0,3333333333333333;0,3333333333333333;0,8333333333333334
13_COV_J1;13;COV;1;75;JOV;87;True;True;False;31,983333333333334;1919;9;2;7;5;1;3;2;1;4;3;4;4;0;1;1;2;4;3;0;0;1;3;1;0;-7;4;80,0;26;58;32;22;40;18;4;18;14;19;31;12;11;25;36;12;11;4;2;5;20;22;0;71;71,64;73,8;36,36;104,69011725293132;117,88617886178862;-13,196061608857306;0,4827586206896552;0,5234505862646566;46,15384615384615;15,354550530429927;28,205128205128204;65,78947368421052;46,753246753246756;0,5344827586206896;0,3103448275862069;41,05991133363535;0,5136986301369864;0,35714285714285715;47,649774159924554;25,510204081632654;6,413596825269571;6,582375689092454;6,4968902905328125;0,0;0,0;0,5714285714285714;0,5714285714285714;1,2857142857142858
15_COV_J1;15;COV;1;75;JOV;87;True;False;False;0,0;0;0;0;0;0;0;0;0;0;0;0;0;0;0;0;0;0;0;0;0;0;0;0;0;0;0;0;80,0;26;58;32;22;40;18;4;18;14;19;31;12;11;25;36;12;11;4;2;5;20;22;0;71;71,64;73,8;36,36;104,69011725293132;117,88617886178862;-13,196061608857306;0,4827586206896552;0,5234505862646566;46,15384615384615;15,354550530429927;28,205128205128204;65,78947368421052;46,753246753246756;0,5344827586206896;0,3103448275862069;0,0;0,0;0,0;0,0;0,0;0,0;0,0;0,0;0,0;0,0;0,0;0,0;0,0
16_COV_J1;16;COV;1;75;JOV;87;True;False;False;0,0;0;0;0;0;0;0;0;0;0;0;0;0;0;0;0;0;0;0;0;0;0;0;0;0;0;0;0;80,0;26;58;32;22;40;18;4;18;14;19;31;12;11;25;36;12;11;4;2;5;20;22;0;71;71,64;73,8;36,36;104,69011725293132;117,88617886178862;-13,196061608857306;0,4827586206896552;0,5234505862646566;46,15384615384615;15,354550530429927;28,205128205128204;65,78947368421052;46,753246753246756;0,5344827586206896;0,3103448275862069;0,0;0,0;0,0;0,0;0,0;0,0;0,0;0,0;0,0;0,0;0,0;0,0;0,0
22_COV_J1;22;COV;1;75;JOV;87;True;False;False;5,8;348;3;1;2;1;0;0;0;1;2;1;0;0;0;0;0;0;0;0;0;0;0;0;0;0;-4;2;80,0;26;58;32;22;40;18;4;18;14;19;31;12;11;25;36;12;11;4;2;5;20;22;0;71;71,64;73,8;36,36;104,69011725293132;117,88617886178862;-13,196061608857306;0,4827586206896552;0,5234505862646566;46,15384615384615;15,354550530429927;28,205128205128204;65,78947368421052;46,753246753246756;0,5344827586206896;0,3103448275862069;38,50670979418164;0,75;0,75;0,0;0,0;0,0;0,0;0,0;0,0;0,0;0,0;1,0;1,5
23_COV_J1;23;COV;1;75;JOV;87;True;False;False;17,8;1068;8;3;9;6;1;5;4;2;4;2;0;0;0;0;2;2;3;2;0;0;1;0;1;0;-17;5;80,0;26;58;32;22;40;18;4;18;14;19;31;12;11;25;36;12;11;4;2;5;20;22;0;71;71,64;73,8;36,36;104,69011725293132;117,88617886178862;-13,196061608857306;0,4827586206896552;0,5234505862646566;46,15384615384615;15,354550530429927;28,205128205128204;65,78947368421052;46,753246753246756;0,5344827586206896;0,3103448275862069;69,00921586710079;0,4444444444444444;0,4444444444444444;107,71992818671454;18,181818181818183;0,0;23,65464222353637;11,673719538888077;0,0;0,0;0,0;0,4444444444444444;0,8888888888888888
29_COV_J1;29;COV;1;75;JOV;87;True;True;False;30,7;1842;22;6;9;3;6;9;3;0;0;0;10;14;4;4;4;8;0;0;2;0;0;2;10;0;2;33;80,0;26;58;32;22;40;18;4;18;14;19;31;12;11;25;36;12;11;4;2;5;20;22;0;71;71,64;73,8;36,36;104,69011725293132;117,88617886178862;-13,196061608857306;0,4827586206896552;0,5234505862646566;46,15384615384615;15,354550530429927;28,205128205128204;65,78947368421052;46,753246753246756;0,5344827586206896;0,3103448275862069;55,1436152896222;0,7255936675461742;0,6666666666666666;0,0;0,0;26,726801971101647;27,430138865078007;27,073903295401667;7,061959870413037;0,0;1,5555555555555556;0,0;2,4444444444444446
35_COV_J1;35;COV;1;75;JOV;87;True;False;False;24,216666666666665;1453;6;3;6;3;3;6;3;0;0;0;0;2;2;0;10;10;1;1;0;1;0;4;1;0;-11;9;80,0;26;58;32;22;40;18;4;18;14;19;31;12;11;25;36;12;11;4;2;5;20;22;0;71;71,64;73,8;36,36;104,69011725293132;117,88617886178862;-13,196061608857306;0,4827586206896552;0,5234505862646566;46,15384615384615;15,354550530429927;28,205128205128204;65,78947368421052;46,753246753246756;0,5344827586206896;0,3103448275862069;36,336765267032575;0,436046511627907;0,5;20,53212421935153;12,690355329949238;0,0;86,93447314087008;42,90272700458523;0,0;16,517549896765313;0,3333333333333333;0,0;1,0
77_COV_J1;77;COV;1;75;JOV;87;True;False;False;9,5;570;0;0;2;2;0;1;1;0;1;1;0;2;2;0;3;3;0;0;0;0;1;0;4;0;-13;2;80,0;26;58;32;22;40;18;4;18;14;19;31;12;11;25;36;12;11;4;2;5;20;22;0;71;71,64;73,8;36,36;104,69011725293132;117,88617886178862;-13,196061608857306;0,4827586206896552;0,5234505862646566;46,15384615384615;15,354550530429927;28,205128205128204;65,78947368421052;46,753246753246756;0,5344827586206896;0,3103448275862069;33,85347791589526;0,0;0,0;0,0;0,0;0,0;66,4819944598338;32,80929596719071;0,0;0,0;1,0;0,5;0,0
COV_COV_J1;COV;COV;1;75;JOV;87;True;False;False;200,0;12000;0;0;0;0;0;0;0;0;0;0;0;0;0;4;1;5;0;0;1;0;0;0;0;0;0;6;80,0;26;58;32;22;40;18;4;18;14;19;31;12;11;25;36;12;11;4;2;5;20;22;0;71;71,64;73,8;36,36;104,69011725293132;117,88617886178862;-13,196061608857306;0,4827586206896552;0,5234505862646566;46,15384615384615;15,354550530429927;28,205128205128204;65,78947368421052;46,753246753246756;0,5344827586206896;0,3103448275862069;0,0;0,0;0,0;0,0;0,0;4,102564102564102;1,0526315789473684;2,5974025974025974;0,5420054200542005;0,0;0,0;0,0;0,0
0_JOV_J1;0;JOV;1;87;COV;75;False;False;True;13,333333333333334;800;10;4;7;3;3;5;2;1;2;1;1;1;0;2;0;2;0;0;0;2;1;3;1;1;-6;8;80,0;33;72;39;29;46;17;4;26;22;17;20;3;13;28;41;18;6;8;5;2;23;20;3;106;73,8;71,64;36,36;117,88617886178862;104,69011725293132;13,196061608857306;0,4861111111111111;0,5383663366336634;54,54545454545455;8,130081300813009;34,21052631578947;71,7948717948718;53,246753246753244;0,2777777777777778;0,3611111111111111;60,487804878048784;0,6720430107526881;0,6428571428571429;0,0;0,0;31,57894736842105;0,0;15,584415584415583;0,0;54,54545454545454;0,14285714285714285;0,2857142857142857;1,4285714285714286
1_JOV_J1;1;JOV;1;87;COV;75;False;False;True;10,8;648;4;2;3;1;2;2;0;0;1;1;0;0;0;0;1;1;0;0;1;0;0;2;0;1;7;3;80,0;33;72;39;29;46;17;4;26;22;17;20;3;13;28;41;18;6;8;5;2;23;20;3;106;73,8;71,64;36,36;117,88617886178862;104,69011725293132;13,196061608857306;0,4861111111111111;0,5383663366336634;54,54545454545455;8,130081300813009;34,21052631578947;71,7948717948718;53,246753246753244;0,2777777777777778;0,3611111111111111;30,111412225233362;0,6666666666666666;0,6666666666666666;0,0;0,0;0,0;18,99335232668566;9,62000962000962;10,339764666956178;0,0;0,0;0,3333333333333333;1,3333333333333333
9_JOV_J1;9;JOV;1;87;COV;75;False;False;True;19,216666666666665;1153;18;4;7;3;3;4;1;1;3;2;9;9;0;1;2;3;4;0;3;0;0;2;7;0;0;30;80,0;33;72;39;29;46;17;4;26;22;17;20;3;13;28;41;18;6;8;5;2;23;20;3;106;73,8;71,64;36,36;117,88617886178862;104,69011725293132;13,196061608857306;0,4861111111111111;0,5383663366336634;54,54545454545455;8,130081300813009;34,21052631578947;71,7948717948718;53,246753246753244;0,2777777777777778;0,3611111111111111;61,8252843413083;0,8211678832116788;0,6428571428571429;101,86216775425754;0,0;10,95540238280002;21,348989258789782;16,219686644664964;17,433219872127335;0,0;1,2857142857142858;0,42857142857142855;2,5714285714285716
12_JOV_J1;12;JOV;1;87;COV;75;False;False;True;19,1;1146;5;2;7;5;1;4;3;1;3;2;0;0;0;0;0;0;2;0;1;0;0;2;0;0;15;1;80,0;33;72;39;29;46;17;4;26;22;17;20;3;13;28;41;18;6;8;5;2;23;20;3;106;73,8;71,64;36,36;117,88617886178862;104,69011725293132;13,196061608857306;0,4861111111111111;0,5383663366336634;54,54545454545455;8,130081300813009;34,21052631578947;71,7948717948718;53,246753246753244;0,2777777777777778;0,3611111111111111;39,7281459725592;0,35714285714285715;0,35714285714285715;34,02083776312992;0,0;0,0;0,0;0,0;5,846568502781505;0,0;0,0;0,42857142857142855;0,7142857142857143
16_JOV_J1;16;JOV;1;87;COV;75;False;True;True;19,75;1185;0;0;1;1;0;0;0;0;1;1;0;0;0;1;0;1;2;1;0;1;0;1;1;0;11;2;80,0;33;72;39;29;46;17;4;26;22;17;20;3;13;28;41;18;6;8;5;2;23;20;3;106;73,8;71,64;36,36;117,88617886178862;104,69011725293132;13,196061608857306;0,4861111111111111;0,5383663366336634;54,54545454545455;8,130081300813009;34,21052631578947;71,7948717948718;53,246753246753244;0,2777777777777778;0,3611111111111111;10,97732496312305;0,0;0,0;24,549290372075184;50,0;10,659560293137908;0,0;5,260562222587539;0,0;18,411967779056386;0,0;1,0;0,0
17_JOV_J1;17;JOV;1;87;COV;75;False;True;True;22,7;1362;4;2;10;8;2;3;1;0;7;7;0;0;0;3;6;9;3;0;0;0;0;4;1;0;15;5;80,0;33;72;39;29;46;17;4;26;22;17;20;3;13;28;41;18;6;8;5;2;23;20;3;106;73,8;71,64;36,36;117,88617886178862;104,69011725293132;13,196061608857306;0,4861111111111111;0,5383663366336634;54,54545454545455;8,130081300813009;34,21052631578947;71,7948717948718;53,246753246753244;0,2777777777777778;0,3611111111111111;47,753781502572735;0,2;0,2;40,7401120353081;0,0;27,822861117551586;54,218908844459506;41,192287888323136;0,0;0,0;0,0;0,7;0,4
20_JOV_J1;20;JOV;1;87;COV;75;False;False;True;0,0;0;0;0;0;0;0;0;0;0;0;0;0;0;0;0;0;0;0;0;0;0;0;0;0;0;0;0;80,0;33;72;39;29;46;17;4;26;22;17;20;3;13;28;41;18;6;8;5;2;23;20;3;106;73,8;71,64;36,36;117,88617886178862;104,69011725293132;13,196061608857306;0,4861111111111111;0,5383663366336634;54,54545454545455;8,130081300813009;34,21052631578947;71,7948717948718;53,246753246753244;0,2777777777777778;0,3611111111111111;0,0;0,0;0,0;0,0;0,0;0,0;0,0;0,0;0,0;0,0;0,0;0,0;0,0
21_JOV_J1;21;JOV;1;87;COV;75;False;False;True;0,6833333333333333;41;0;0;0;0;0;0;0;0;0;0;0;0;0;1;0;1;0;0;0;0;0;1;0;0;3;0;80,0;33;72;39;29;46;17;4;26;22;17;20;3;13;28;41;18;6;8;5;2;23;20;3;106;73,8;71,64;36,36;117,88617886178862;104,69011725293132;13,196061608857306;0,4861111111111111;0,5383663366336634;54,54545454545455;8,130081300813009;34,21052631578947;71,7948717948718;53,246753246753244;0,2777777777777778;0,3611111111111111;0,0;0,0;0,0;0,0;0,0;308,08729139922974;0,0;152,04307887234717;0,0;0,0;0,0;0,0;0,0
24_JOV_J1;24;JOV;1;87;COV;75;False;True;True;27,3;1638;13;4;10;6;3;5;2;1;5;4;4;4;0;0;0;0;1;0;1;1;1;2;3;0;5;10;80,0;33;72;39;29;46;17;4;26;22;17;20;3;13;28;41;18;6;8;5;2;23;20;3;106;73,8;71,64;36,36;117,88617886178862;104,69011725293132;13,196061608857306;0,4861111111111111;0,5383663366336634;54,54545454545455;8,130081300813009;34,21052631578947;71,7948717948718;53,246753246753244;0,2777777777777778;0,3611111111111111;46,695851573900356;0,5527210884353742;0,45;13,771733516956447;0,0;0,0;0,0;0,0;4,090456351762884;13,32001332001332;0,4;0,5;1,3
35_JOV_J1;35;JOV;1;87;COV;75;False;True;True;20,9;1254;16;8;10;2;8;10;2;0;0;0;0;0;0;1;5;6;0;2;0;1;0;3;2;1;8;18;80,0;33;72;39;29;46;17;4;26;22;17;20;3;13;28;41;18;6;8;5;2;23;20;3;106;73,8;71,64;36,36;117,88617886178862;104,69011725293132;13,196061608857306;0,4861111111111111;0,5383663366336634;54,54545454545455;8,130081300813009;34,21052631578947;71,7948717948718;53,246753246753244;0,2777777777777778;0,3611111111111111;62,239856848329254;0,8;0,8;0,0;16,666666666666668;10,073029463611181;49,0737332842596;29,826632697446094;0,0;17,398869073510223;0,0;0,0;1,6
44_JOV_J1;44;JOV;1;87;COV;75;False;False;True;18,9;1134;13;5;10;5;5;10;5;0;0;0;3;4;1;2;6;8;2;1;0;0;0;0;4;0;5;20;80,0;33;72;39;29;46;17;4;26;22;17;20;3;13;28;41;18;6;8;5;2;23;20;3;106;73,8;71,64;36,36;117,88617886178862;104,69011725293132;13,196061608857306;0,4861111111111111;0,5383663366336634;54,54545454545455;8,130081300813009;34,21052631578947;71,7948717948718;53,246753246753244;0,2777777777777778;0,3611111111111111;73,18507047504337;0,5527210884353742;0,5;71,52436298614217;7,836990595611286;22,277917014759122;65,12006512006514;43,97718683432969;0,0;0,0;0,4;0,0;1,3
88_JOV_J1;88;JOV;1;87;COV;75;False;True;True;27,316666666666666;1639;4;2;7;5;2;3;1;0;4;4;0;2;2;1;4;5;4;0;2;0;0;3;1;0;-3;6;80,0;33;72;39;29;46;17;4;26;22;17;20;3;13;28;41;18;6;8;5;2;23;20;3;106;73,8;71,64;36,36;117,88617886178862;104,69011725293132;13,196061608857306;0,4861111111111111;0,5383663366336634;54,54545454545455;8,130081300813009;34,21052631578947;71,7948717948718;53,246753246753244;0,2777777777777778;0,3611111111111111;31,270306601784753;0,25380710659898476;0,2857142857142857;43,15867556814351;0,0;7,706881603031373;30,037077016942792;19,016980578908584;8,17592129858158;0,0;0,2857142857142857;0,5714285714285714;0,5714285714285714
JOV_JOV_J1;JOV;JOV;1;87;COV;75;False;False;True;200,0;12000;0;0;0;0;0;0;0;0;0;0;0;0;0;1;4;5;0;2;0;0;0;0;0;0;0;3;80,0;33;72;39;29;46;17;4;26;22;17;20;3;13;28;41;18;6;8;5;2;23;20;3;106;73,8;71,64;36,36;117,88617886178862;104,69011725293132;13,196061608857306;0,4861111111111111;0,5383663366336634;54,54545454545455;8,130081300813009;34,21052631578947;71,7948717948718;53,246753246753244;0,2777777777777778;0,3611111111111111;1,084010840108401;0,0;0,0;0,0;100,0;1,0526315789473684;4,102564102564102;2,5974025974025974;0,0;0,0;0,0;0,0;0,0
0_RMB_J1;0;RMB;1;81;DGC;71;True;True;True;22,816666666666666;1369;10;3;8;5;1;4;3;2;4;2;2;2;0;0;4;4;1;0;0;2;1;1;1;0;4;11;80,0;29;61;32;15;31;16;14;30;16;9;14;5;8;22;30;22;11;6;4;4;21;18;2;88;70,16;71,16;35,33;115,45039908779933;99,77515458122541;15,675244506573918;0,5901639344262295;0,6030375223347231;75,86206896551724;15,678449258836945;23,529411764705884;75,86206896551724;47,61904761904762;0,22950819672131148;0,4918032786885246;44,377330580295244;0,563063063063063;0,5;18,971582150903124;0,0;0,0;48,361502229162994;22,261643883265503;0,0;233,74726077428778;0,25;0,5;1,25
1_RMB_J1;1;RMB;1;81;DGC;71;True;True;True;18,383333333333333;1103;10;4;8;4;2;3;1;2;5;3;0;0;0;3;1;4;0;2;0;0;1;2;3;1;1;8;80,0;29;61;32;15;31;16;14;30;16;9;14;5;8;22;30;22;11;6;4;4;21;18;2;88;70,16;71,16;35,33;115,45039908779933;99,77515458122541;15,675244506573918;0,5901639344262295;0,6030375223347231;75,86206896551724;15,678449258836945;23,529411764705884;75,86206896551724;47,61904761904762;0,22950819672131148;0,4918032786885246;62,02633845085086;0,625;0,625;0,0;20,0;38,397952109220846;15,006096226592053;27,630272417217117;0,0;0,0;0,0;0,625;1,25
6_RMB_J1;6;RMB;1;81;DGC;71;True;False;True;17,016666666666666;1021;5;1;5;4;0;3;3;1;2;1;2;2;0;0;3;3;2;2;1;0;1;3;1;0;5;2;80,0;29;61;32;15;31;16;14;30;16;9;14;5;8;22;30;22;11;6;4;4;21;18;2;88;70,16;71,16;35,33;115,45039908779933;99,77515458122541;15,675244506573918;0,5901639344262295;0,6030375223347231;75,86206896551724;15,678449258836945;23,529411764705884;75,86206896551724;47,61904761904762;0,22950819672131148;0,4918032786885246;52,80221394054391;0,4251700680272109;0,3;38,69563464871619;25,380710659898476;0,0;48,633861325948196;22,387015530992027;6,60662347036021;0,0;0,4;0,4;1,0
7_RMB_J1;7;RMB;1;81;DGC;71;True;True;True;24,45;1467;6;2;5;3;1;2;1;1;3;2;1;2;1;0;3;3;9;4;1;0;1;3;2;0;3;9;80,0;29;61;32;15;31;16;14;30;16;9;14;5;8;22;30;22;11;6;4;4;21;18;2;88;70,16;71,16;35,33;115,45039908779933;99,77515458122541;15,675244506573918;0,5901639344262295;0,6030375223347231;75,86206896551724;15,678449258836945;23,529411764705884;75,86206896551724;47,61904761904762;0,22950819672131148;0,4918032786885246;46,076394475496265;0,5102040816326531;0,5;131,13559785083325;40,48582995951418;0,0;33,84810662153586;15,580874476579998;4,598065823611298;0,0;0,4;0,6;1,2
8_RMB_J1;8;RMB;1;81;DGC;71;True;False;True;20,916666666666668;1255;6;2;6;4;0;1;1;2;5;3;0;0;0;1;0;1;1;0;0;2;0;2;0;0;8;4;80,0;29;61;32;15;31;16;14;30;16;9;14;5;8;22;30;22;11;6;4;4;21;18;2;88;70,16;71,16;35,33;115,45039908779933;99,77515458122541;15,675244506573918;0,5901639344262295;0,6030375223347231;75,86206896551724;15,678449258836945;23,529411764705884;75,86206896551724;47,61904761904762;0,22950819672131148;0,4918032786885246;32,70839106515784;0,5;0,5;17,91378988617279;0,0;11,249121162409185;0,0;6,070954278125593;0,0;254,9800796812749;0,0;0,8333333333333334;1,0
11_RMB_J1;11;RMB;1;81;DGC;71;True;True;True;22,983333333333334;1379;13;5;9;4;2;5;3;3;4;1;0;0;0;0;3;3;2;0;0;0;0;1;1;1;5;14;80,0;29;61;32;15;31;16;14;30;16;9;14;5;8;22;30;22;11;6;4;4;21;18;2;88;70,16;71,16;35,33;115,45039908779933;99,77515458122541;15,675244506573918;0,5901639344262295;0,6030375223347231;75,86206896551724;15,678449258836945;23,529411764705884;75,86206896551724;47,61904761904762;0,22950819672131148;0,4918032786885246;44,650867425786544;0,7222222222222222;0,7222222222222222;60,03376899505971;0,0;0,0;36,008101822910156;16,575157981974517;0,0;0,0;0,0;0,4444444444444444;1,4444444444444444
13_RMB_J1;13;RMB;1;81;DGC;71;True;False;True;11,5;690;6;3;4;1;3;4;1;0;0;0;0;0;0;0;2;2;1;1;0;0;0;2;0;0;-3;5;80,0;29;61;32;15;31;16;14;30;16;9;14;5;8;22;30;22;11;6;4;4;21;18;2;88;70,16;71,16;35,33;115,45039908779933;99,77515458122541;15,675244506573918;0,5901639344262295;0,6030375223347231;75,86206896551724;15,678449258836945;23,529411764705884;75,86206896551724;47,61904761904762;0,22950819672131148;0,4918032786885246;49,57612413861485;0,75;0,75;85,56149732620327;20,0;0,0;47,976011994002995;22,084195997239476;0,0;0,0;0,0;0,0;1,5
20_RMB_J1;20;RMB;1;81;DGC;71;True;False;True;5,7;342;1;0;0;0;0;0;0;0;0;0;1;2;1;0;1;1;1;1;1;0;0;3;1;0;4;0;80,0;29;61;32;15;31;16;14;30;16;9;14;5;8;22;30;22;11;6;4;4;21;18;2;88;70,16;71,16;35,33;115,45039908779933;99,77515458122541;15,675244506573918;0,5901639344262295;0,6030375223347231;75,86206896551724;15,678449258836945;23,529411764705884;75,86206896551724;47,61904761904762;0,22950819672131148;0,4918032786885246;37,60827382024045;0,5681818181818182;0,0;48,3968542044767;53,19148936170213;0,0;48,3968542044767;22,27791701475912;19,723282348648464;0,0;0,0;0,0;0,0
22_RMB_J1;22;RMB;1;81;DGC;71;True;True;True;22,8;1368;6;3;4;1;3;4;1;0;0;0;0;0;0;2;3;5;1;0;2;0;0;2;4;0;9;15;80,0;29;61;32;15;31;16;14;30;16;9;14;5;8;22;30;22;11;6;4;4;21;18;2;88;70,16;71,16;35,33;115,45039908779933;99,77515458122541;15,675244506573918;0,5901639344262295;0,6030375223347231;75,86206896551724;15,678449258836945;23,529411764705884;75,86206896551724;47,61904761904762;0,22950819672131148;0,4918032786885246;20,00440096821301;0,75;0,75;18,99335232668566;0,0;20,639834881320947;36,297640653357526;27,847396268448897;9,861641174324232;0,0;0,0;0,0;1,5
23_RMB_J1;23;RMB;1;81;DGC;71;True;False;True;20,516666666666666;1231;10;3;5;2;1;1;0;2;4;2;2;2;0;0;1;1;3;1;1;0;0;2;2;0;11;12;80,0;29;61;32;15;31;16;14;30;16;9;14;5;8;22;30;22;11;6;4;4;21;18;2;88;70,16;71,16;35,33;115,45039908779933;99,77515458122541;15,675244506573918;0,5901639344262295;0,6030375223347231;75,86206896551724;15,678449258836945;23,529411764705884;75,86206896551724;47,61904761904762;0,22950819672131148;0,4918032786885246;38,23684427470876;0,8503401360544218;0,8;67,60880792525471;14,534883720930234;0,0;13,445754783047144;6,189315693783606;5,479579661444171;0,0;0,4;0,8;2,0
24_RMB_J1;24;RMB;1;81;DGC;71;True;False;True;11,816666666666666;709;7;3;6;3;2;4;2;1;2;1;0;2;2;0;0;0;1;0;0;0;0;0;2;0;5;5;80,0;29;61;32;15;31;16;14;30;16;9;14;5;8;22;30;22;11;6;4;4;21;18;2;88;70,16;71,16;35,33;115,45039908779933;99,77515458122541;15,675244506573918;0,5901639344262295;0,6030375223347231;75,86206896551724;15,678449258836945;23,529411764705884;75,86206896551724;47,61904761904762;0,22950819672131148;0,4918032786885246;66,3886534586269;0,5087209302325582;0,5833333333333334;77,90943028729104;0,0;0,0;0,0;0,0;0,0;0,0;0,3333333333333333;0,3333333333333333;1,1666666666666667
33_RMB_J1;33;RMB;1;81;DGC;71;True;False;True;1,1;66;1;0;1;1;0;0;0;0;1;1;1;2;1;0;0;0;0;0;0;0;0;0;1;0;-2;0;80,0;29;61;32;15;31;16;14;30;16;9;14;5;8;22;30;22;11;6;4;4;21;18;2;88;70,16;71,16;35,33;115,45039908779933;99,77515458122541;15,675244506573918;0,5901639344262295;0,6030375223347231;75,86206896551724;15,678449258836945;23,529411764705884;75,86206896551724;47,61904761904762;0,22950819672131148;0,4918032786885246;194,87923706851868;0,26595744680851063;0,0;0,0;0,0;0,0;0,0;0,0;0,0;0,0;2,0;1,0;1,0
RMB_RMB_J1;RMB;RMB;1;81;DGC;71;True;False;True;200,0;12000;0;0;0;0;0;0;0;0;0;0;0;0;0;2;1;3;0;0;0;0;0;0;0;0;0;3;80,0;29;61;32;15;31;16;14;30;16;9;14;5;8;22;30;22;11;6;4;4;21;18;2;88;70,16;71,16;35,33;115,45039908779933;99,77515458122541;15,675244506573918;0,5901639344262295;0,6030375223347231;75,86206896551724;15,678449258836945;23,529411764705884;75,86206896551724;47,61904761904762;0,22950819672131148;0,4918032786885246;0,0;0,0;0,0;0,0;0,0;2,3529411764705883;1,3793103448275863;1,9047619047619047;0,0;0,0;0,0;0,0;0,0
1_DGC_J1;1;DGC;1;71;RMB;81;False;False;False;1,25;75;0;0;0;0;0;0;0;0;0;0;0;0;0;0;0;0;0;0;0;0;0;0;0;0;-2;0;80,0;26;57;31;17;30;13;9;27;18;10;14;4;7;26;33;16;15;7;4;4;18;21;3;80;71,16;70,16;35,33;99,77515458122541;115,45039908779933;-15,675244506573918;0,5350877192982456;0,5620645978467385;61,53846153846154;21,079258010118046;24,137931034482758;76,47058823529412;52,38095238095238;0,24561403508771928;0,47368421052631576;0,0;0,0;0,0;0,0;0,0;0,0;0,0;0,0;0,0;0,0;0,0;0,0;0,0
2_DGC_J1;2;DGC;1;71;RMB;81;False;True;False;15,116666666666667;907;9;3;5;2;3;4;1;0;1;1;3;3;0;0;0;0;2;3;0;0;0;3;2;1;-5;5;80,0;26;57;31;17;30;13;9;27;18;10;14;4;7;26;33;16;15;7;4;4;18;21;3;80;71,16;70,16;35,33;99,77515458122541;115,45039908779933;-15,675244506573918;0,5350877192982456;0,5620645978467385;61,53846153846154;21,079258010118046;24,137931034482758;76,47058823529412;52,38095238095238;0,24561403508771928;0,47368421052631576;69,31287661452707;0,7120253164556962;0,6;104,55238510128511;32,188841201716734;0,0;0,0;0,0;0,0;0,0;0,6;0,2;1,8
4_DGC_J1;4;DGC;1;71;RMB;81;False;False;False;0,0;0;0;0;0;0;0;0;0;0;0;0;0;0;0;0;0;0;0;0;0;0;0;0;0;0;0;0;80,0;26;57;31;17;30;13;9;27;18;10;14;4;7;26;33;16;15;7;4;4;18;21;3;80;71,16;70,16;35,33;99,77515458122541;115,45039908779933;-15,675244506573918;0,5350877192982456;0,5620645978467385;61,53846153846154;21,079258010118046;24,137931034482758;76,47058823529412;52,38095238095238;0,24561403508771928;0,47368421052631576;0,0;0,0;0,0;0,0;0,0;0,0;0,0;0,0;0,0;0,0;0,0;0,0;0,0
5_DGC_J1;5;DGC;1;71;RMB;81;False;False;False;16,816666666666666;1009;10;3;6;3;2;3;1;1;3;2;3;4;1;1;1;2;2;3;0;0;1;2;3;0;-2;7;80,0;26;57;31;17;30;13;9;27;18;10;14;4;7;26;33;16;15;7;4;4;18;21;3;80;71,16;70,16;35,33;99,77515458122541;115,45039908779933;-15,675244506573918;0,5350877192982456;0,5620645978467385;61,53846153846154;21,079258010118046;24,137931034482758;76,47058823529412;52,38095238095238;0,24561403508771928;0,47368421052631576;71,93270681906685;0,6443298969072165;0,5833333333333334;81,1221902991381;27,881040892193308;16,40408735176515;13,991721564740862;15,102175657180611;0,0;0,0;0,6666666666666666;0,5;1,6666666666666667
6_DGC_J1;6;DGC;1;71;RMB;81;False;True;False;23,183333333333334;1391;9;3;6;3;0;1;1;3;5;2;0;0;0;0;1;1;3;1;3;0;0;1;1;0;-8;12;80,0;26;57;31;17;30;13;9;27;18;10;14;4;7;26;33;16;15;7;4;4;18;21;3;80;71,16;70,16;35,33;99,77515458122541;115,45039908779933;-15,675244506573918;0,5350877192982456;0,5620645978467385;61,53846153846154;21,079258010118046;24,137931034482758;76,47058823529412;52,38095238095238;0,24561403508771928;0,47368421052631576;33,94503087179326;0,75;0,75;66,15822842966094;14,285714285714286;0,0;10,149278978305915;5,477388654958749;14,755223144059343;0,0;0,0;0,8333333333333334;1,5
9_DGC_J1;9;DGC;1;71;RMB;81;False;True;False;20,9;1254;0;0;3;3;0;1;1;0;2;2;0;0;0;0;1;1;2;3;0;0;1;1;3;0;-6;-2;80,0;26;57;31;17;30;13;9;27;18;10;14;4;7;26;33;16;15;7;4;4;18;21;3;80;71,16;70,16;35,33;99,77515458122541;115,45039908779933;-15,675244506573918;0,5350877192982456;0,5620645978467385;61,53846153846154;21,079258010118046;24,137931034482758;76,47058823529412;52,38095238095238;0,24561403508771928;0,47368421052631576;32,27446202506112;0,0;0,0;29,444239970555763;50,0;0,0;11,258091753447792;6,075795549479761;0,0;0,0;0,0;0,6666666666666666;0,0
10_DGC_J1;10;DGC;1;71;RMB;81;False;False;False;19,1;1146;2;1;4;3;1;3;2;0;1;1;0;0;0;0;7;7;1;1;0;0;0;1;1;0;-4;6;80,0;26;57;31;17;30;13;9;27;18;10;14;4;7;26;33;16;15;7;4;4;18;21;3;80;71,16;70,16;35,33;99,77515458122541;115,45039908779933;-15,675244506573918;0,5350877192982456;0,5620645978467385;61,53846153846154;21,079258010118046;24,137931034482758;76,47058823529412;52,38095238095238;0,24561403508771928;0,47368421052631576;29,430028635417862;0,25;0,25;19,203072491598654;20,0;0,0;86,23344625808437;46,538685282140776;0,0;0,0;0,0;0,25;0,5
13_DGC_J1;13;DGC;1;71;RMB;81;False;True;False;19,183333333333334;1151;12;5;6;1;4;5;1;1;1;0;1;2;1;1;2;3;0;1;2;1;0;1;2;0;-17;16;80,0;26;57;31;17;30;13;9;27;18;10;14;4;7;26;33;16;15;7;4;4;18;21;3;80;71,16;70,16;35,33;99,77515458122541;115,45039908779933;-15,675244506573918;0,5350877192982456;0,5620645978467385;61,53846153846154;21,079258010118046;24,137931034482758;76,47058823529412;52,38095238095238;0,24561403508771928;0,47368421052631576;46,180240658830286;0,872093023255814;0,9166666666666666;0,0;12,690355329949238;14,380298990383174;24,531098277712474;19,858508129576766;11,887932460693047;417,02867072111206;0,3333333333333333;0,16666666666666666;2,0
18_DGC_J1;18;DGC;1;71;RMB;81;False;True;False;25,75;1545;0;0;3;3;0;1;1;0;2;2;0;0;0;0;4;4;0;2;0;1;0;2;0;0;-5;-2;80,0;26;57;31;17;30;13;9;27;18;10;14;4;7;26;33;16;15;7;4;4;18;21;3;80;71,16;70,16;35,33;99,77515458122541;115,45039908779933;-15,675244506573918;0,5350877192982456;0,5620645978467385;61,53846153846154;21,079258010118046;24,137931034482758;76,47058823529412;52,38095238095238;0,24561403508771928;0,47368421052631576;21,82965230821286;0,0;0,0;0,0;40,0;0,0;36,55054254711593;19,72568962860225;0,0;310,6796116504854;0,0;0,6666666666666666;0,0
21_DGC_J1;21;DGC;1;71;RMB;81;False;False;False;20,816666666666666;1249;13;4;7;3;1;1;0;3;6;3;2;2;0;1;2;3;0;0;0;0;1;1;1;0;7;12;80,0;26;57;31;17;30;13;9;27;18;10;14;4;7;26;33;16;15;7;4;4;18;21;3;80;71,16;70,16;35,33;99,77515458122541;115,45039908779933;-15,675244506573918;0,5350877192982456;0,5620645978467385;61,53846153846154;21,079258010118046;24,137931034482758;76,47058823529412;52,38095238095238;0,24561403508771928;0,47368421052631576;42,55681104748892;0,8248730964467005;0,7857142857142857;0,0;0,0;13,251980895060877;22,606320350397965;18,30035456936978;0,0;0,0;0,2857142857142857;0,8571428571428571;1,8571428571428572
23_DGC_J1;23;DGC;1;71;RMB;81;False;False;False;14,25;855;9;4;8;4;4;8;4;0;0;0;1;1;0;0;2;2;0;0;0;2;1;1;3;2;-5;10;80,0;26;57;31;17;30;13;9;27;18;10;14;4;7;26;33;16;15;7;4;4;18;21;3;80;71,16;70,16;35,33;99,77515458122541;115,45039908779933;-15,675244506573918;0,5350877192982456;0,5620645978467385;61,53846153846154;21,079258010118046;24,137931034482758;76,47058823529412;52,38095238095238;0,24561403508771928;0,47368421052631576;66,58580120903721;0,533175355450237;0,5;0,0;0,0;0,0;33,02373581011352;17,822333611807295;0,0;1122,8070175438597;0,125;0,0;1,125
24_DGC_J1;24;DGC;1;71;RMB;81;False;False;False;23,633333333333333;1418;7;3;9;6;2;3;1;1;6;5;0;2;2;3;3;6;6;1;2;0;0;5;5;0;-3;12;80,0;26;57;31;17;30;13;9;27;18;10;14;4;7;26;33;16;15;7;4;4;18;21;3;80;71,16;70,16;35,33;99,77515458122541;115,45039908779933;-15,675244506573918;0,5350877192982456;0,5620645978467385;61,53846153846154;21,079258010118046;24,137931034482758;76,47058823529412;52,38095238095238;0,24561403508771928;0,47368421052631576;51,7556732637708;0,35425101214574894;0,3888888888888889;128,18230372084744;9,191176470588236;35,01775205486114;29,868082635028625;32,238565383840424;9,649513584102749;0,0;0,2222222222222222;0,6666666666666666;0,7777777777777778
DGC_DGC_J1;DGC;DGC;1;71;RMB;81;False;False;False;200,0;12000;0;0;0;0;0;0;0;0;0;0;0;0;0;1;3;4;0;0;0;0;0;0;0;0;0;4;80,0;26;57;31;17;30;13;9;27;18;10;14;4;7;26;33;16;15;7;4;4;18;21;3;80;71,16;70,16;35,33;99,77515458122541;115,45039908779933;-15,675244506573918;0,5350877192982456;0,5620645978467385;61,53846153846154;21,079258010118046;24,137931034482758;76,47058823529412;52,38095238095238;0,24561403508771928;0,47368421052631576;0,0;0,0;0,0;0,0;0,0;1,3793103448275863;3,5294117647058822;2,5396825396825395;0,0;0,0;0,0;0,0;0,0
00_CAZ_J1;00;CAZ;1;107;BKN;88;True;True;True;28,5;1710;16;8;17;9;8;15;7;0;2;2;0;0;0;2;9;11;1;3;0;0;0;3;2;1;17;15;80,0;42;80;38;34;54;20;8;26;18;15;22;7;15;28;43;24;14;8;1;4;23;24;4;121;88,68;86,76;43,86;120,65854758682904;101,42923005993545;19,229317526893595;0,575;0,5965655664585191;57,142857142857146;15,787099684258004;36,58536585365854;66,66666666666667;51,80722891566265;0,275;0,325;63,306665400533355;0,47058823529411764;0,47058823529411764;14,362657091561939;15,0;13,692768506632435;60,150375939849624;37,20143732826041;0,0;0,0;0,0;0,11764705882352941;0,9411764705882353
0_CAZ_J1;0;CAZ;1;107;BKN;88;True;False;True;17,216666666666665;1033;5;1;3;2;0;1;1;1;2;1;2;2;0;0;1;1;3;3;0;0;0;3;1;0;4;2;80,0;42;80;38;34;54;20;8;26;18;15;22;7;15;28;43;24;14;8;1;4;23;24;4;121;88,68;86,76;43,86;120,65854758682904;101,42923005993545;19,229317526893595;0,575;0,5965655664585191;57,142857142857146;15,787099684258004;36,58536585365854;66,66666666666667;51,80722891566265;0,275;0,325;36,049867236408275;0,6443298969072165;0,5;37,31923495568341;43,604651162790695;0,0;11,063476697552208;5,598385798761358;0,0;0,0;0,6666666666666666;0,6666666666666666;1,6666666666666667
2_CAZ_J1;2;CAZ;1;107;BKN;88;True;True;True;28,666666666666668;1720;26;10;15;5;8;10;2;2;5;3;4;5;1;1;0;1;6;4;1;0;0;3;6;0;18;27;80,0;42;80;38;34;54;20;8;26;18;15;22;7;15;28;43;24;14;8;1;4;23;24;4;121;88,68;86,76;43,86;120,65854758682904;101,42923005993545;19,229317526893595;0,575;0,5965655664585191;57,142857142857146;15,787099684258004;36,58536585365854;66,66666666666667;51,80722891566265;0,275;0,325;66,71491959593416;0,7558139534883721;0,7333333333333333;118,81188118811879;18,867924528301888;6,806579693703913;0,0;3,3622863547212103;3,216571777799221;0,0;0,3333333333333333;0,3333333333333333;1,7333333333333334
3_CAZ_J1;3;CAZ;1;107;BKN;88;True;False;True;3,683333333333333;221;0;0;2;2;0;0;0;0;2;2;0;0;0;0;1;1;0;1;0;0;0;1;0;0;-5;-3;80,0;42;80;38;34;54;20;8;26;18;15;22;7;15;28;43;24;14;8;1;4;23;24;4;121;88,68;86,76;43,86;120,65854758682904;101,42923005993545;19,229317526893595;0,575;0,5965655664585191;57,142857142857146;15,787099684258004;36,58536585365854;66,66666666666667;51,80722891566265;0,275;0,325;73,47583563455568;0,0;0,0;0,0;33,333333333333336;0,0;51,71299288946348;26,168020498282726;0,0;0,0;0,0;1,0;0,0
4_CAZ_J1;4;CAZ;1;107;BKN;88;True;True;True;21,95;1317;14;5;9;4;3;3;0;2;6;4;2;2;0;2;1;3;4;0;1;0;1;2;4;0;14;19;80,0;42;80;38;34;54;20;8;26;18;15;22;7;15;28;43;24;14;8;1;4;23;24;4;121;88,68;86,76;43,86;120,65854758682904;101,42923005993545;19,229317526893595;0,575;0,5965655664585191;57,142857142857146;15,787099684258004;36,58536585365854;66,66666666666667;51,80722891566265;0,275;0,325;40,605673903148485;0,7085020242914979;0,6666666666666666;61,31442805135084;0,0;17,7787654869715;8,677730773402756;13,173422619864423;4,2008378571106;0,0;0,2222222222222222;0,6666666666666666;1,5555555555555556
5_CAZ_J1;5;CAZ;1;107;BKN;88;True;False;True;0,0;0;0;0;0;0;0;0;0;0;0;0;0;0;0;0;0;0;0;0;0;0;0;0;0;0;0;0;80,0;42;80;38;34;54;20;8;26;18;15;22;7;15;28;43;24;14;8;1;4;23;24;4;121;88,68;86,76;43,86;120,65854758682904;101,42923005993545;19,229317526893595;0,575;0,5965655664585191;57,142857142857146;15,787099684258004;36,58536585365854;66,66666666666667;51,80722891566265;0,275;0,325;0,0;0,0;0,0;0,0;0,0;0,0;0,0;0,0;0,0;0,0;0,0;0,0;0,0
7_CAZ_J1;7;CAZ;1;107;BKN;88;True;False;True;17,733333333333334;1064;6;2;4;2;0;1;1;2;3;1;0;0;0;3;3;6;0;0;0;0;0;3;0;0;8;7;80,0;42;80;38;34;54;20;8;26;18;15;22;7;15;28;43;24;14;8;1;4;23;24;4;121;88,68;86,76;43,86;120,65854758682904;101,42923005993545;19,229317526893595;0,575;0,5965655664585191;57,142857142857146;15,787099684258004;36,58536585365854;66,66666666666667;51,80722891566265;0,275;0,325;20,34857102160001;0,75;0,75;0,0;0,0;33,009352649917474;32,223415682062296;32,61164960594257;0,0;0,0;0,0;0,75;1,5
10_CAZ_J1;10;CAZ;1;107;BKN;88;True;False;True;0,0;0;0;0;0;0;0;0;0;0;0;0;0;0;0;0;0;0;0;0;0;0;0;0;0;0;0;0;80,0;42;80;38;34;54;20;8;26;18;15;22;7;15;28;43;24;14;8;1;4;23;24;4;121;88,68;86,76;43,86;120,65854758682904;101,42923005993545;19,229317526893595;0,575;0,5965655664585191;57,142857142857146;15,787099684258004;36,58536585365854;66,66666666666667;51,80722891566265;0,275;0,325;0,0;0,0;0,0;0,0;0,0;0,0;0,0;0,0;0,0;0,0;0,0;0,0;0,0
12_CAZ_J1;12;CAZ;1;107;BKN;88;True;False;True;21,716666666666665;1303;19;7;11;4;7;11;4;0;0;0;5;9;4;3;2;5;2;0;0;0;2;4;7;2;9;19;80,0;42;80;38;34;54;20;8;26;18;15;22;7;15;28;43;24;14;8;1;4;23;24;4;121;88,68;86,76;43,86;120,65854758682904;101,42923005993545;19,229317526893595;0,575;0,5965655664585191;57,142857142857146;15,787099684258004;36,58536585365854;66,66666666666667;51,80722891566265;0,275;0,325;62,144504666549665;0,6350267379679144;0,6363636363636364;45,441635898892365;0,0;26,954682440147504;17,541936191207107;22,191606025021038;0,0;0,0;0,8181818181818182;0,0;1,7272727272727273
14_CAZ_J1;14;CAZ;1;107;BKN;88;True;True;True;17,25;1035;2;1;4;3;1;2;1;0;2;2;0;0;0;1;4;5;1;0;1;0;0;1;1;0;9;6;80,0;42;80;38;34;54;20;8;26;18;15;22;7;15;28;43;24;14;8;1;4;23;24;4;121;88,68;86,76;43,86;120,65854758682904;101,42923005993545;19,229317526893595;0,575;0,5965655664585191;57,142857142857146;15,787099684258004;36,58536585365854;66,66666666666667;51,80722891566265;0,275;0,325;20,918724219306675;0,25;0,25;12,412723041117145;0,0;11,311417462000707;44,16839199447895;27,93783830976078;5,3454139689030535;0,0;0,0;0,5;0,5
15_CAZ_J1;15;CAZ;1;107;BKN;88;True;False;True;23,9;1434;11;4;9;5;3;7;4;1;2;1;2;4;2;2;3;5;7;1;3;0;1;0;3;0;22;20;80,0;42;80;38;34;54;20;8;26;18;15;22;7;15;28;43;24;14;8;1;4;23;24;4;121;88,68;86,76;43,86;120,65854758682904;101,42923005993545;19,229317526893595;0,575;0,5965655664585191;57,142857142857146;15,787099684258004;36,58536585365854;66,66666666666667;51,80722891566265;0,275;0,325;44,38883258502669;0,5111524163568774;0,5;81,89529102076632;8,503401360544219;16,328196754770897;23,90914524805738;20,16433936583153;11,574275016348665;0,0;0,4444444444444444;0,2222222222222222;1,2222222222222223
20_CAZ_J1;20;CAZ;1;107;BKN;88;True;True;True;19,383333333333333;1163;8;4;6;2;4;4;0;0;2;2;0;0;0;0;3;3;0;1;2;1;0;3;0;1;-1;8;80,0;42;80;38;34;54;20;8;26;18;15;22;7;15;28;43;24;14;8;1;4;23;24;4;121;88,68;86,76;43,86;120,65854758682904;101,42923005993545;19,229317526893595;0,575;0,5965655664585191;57,142857142857146;15,787099684258004;36,58536585365854;66,66666666666667;51,80722891566265;0,275;0,325;32,57870958058402;0,6666666666666666;0,6666666666666666;0,0;14,285714285714286;0,0;29,48040781230807;14,91779672430047;9,514193392630544;29,48040781230807;0,0;0,3333333333333333;1,3333333333333333
CAZ_CAZ_J1;CAZ;CAZ;1;107;BKN;88;True;False;True;200,0;12000;0;0;0;0;0;0;0;0;0;0;0;0;0;1;1;2;0;1;0;0;0;0;0;0;0;1;80,0;42;80;38;34;54;20;8;26;18;15;22;7;15;28;43;24;14;8;1;4;23;24;4;121;88,68;86,76;43,86;120,65854758682904;101,42923005993545;19,229317526893595;0,575;0,5965655664585191;57,142857142857146;15,787099684258004;36,58536585365854;66,66666666666667;51,80722891566265;0,275;0,325;0,4510599909788002;0,0;0,0;0,0;100,0;0,975609756097561;0,9523809523809523;0,963855421686747;0,0;0,0;0,0;0,0;0,0
0_BKN_J1;0;BKN;1;88;CAZ;107;False;False;False;24,6;1476;4;2;8;6;2;2;0;0;6;6;0;0;0;1;0;1;1;3;2;0;0;2;0;0;-16;-3;80,0;30;70;40;26;42;16;4;28;24;24;29;5;14;26;40;15;18;8;4;1;25;22;3;88;86,76;88,68;43,86;101,42923005993545;120,65854758682904;-19,229317526893595;0,45714285714285713;0,5316578057032383;50,0;20,746887966804977;33,333333333333336;63,41463414634146;48,19277108433735;0,4142857142857143;0,4;41,23139433330709;0,25;0,25;13,84083044982699;27,272727272727273;7,742934572202865;0,0;3,9181114702713287;7,3343087964032545;0,0;0,0;0,75;0,5
1_BKN_J1;1;BKN;1;88;CAZ;107;False;True;False;10,066666666666666;604;4;2;4;2;2;3;1;0;1;1;0;0;0;1;1;2;0;0;0;0;0;4;0;0;-3;0;80,0;30;70;40;26;42;16;4;28;24;24;29;5;14;26;40;15;18;8;4;1;25;22;3;88;86,76;88,68;43,86;101,42923005993545;120,65854758682904;-19,229317526893595;0,45714285714285713;0,5316578057032383;50,0;20,746887966804977;33,333333333333336;63,41463414634146;48,19277108433735;0,4142857142857143;0,4;36,63909574711696;0,5;0,5;0,0;0,0;18,921475875118258;19,382975286706507;19,149445463975105;0,0;0,0;0,0;0,25;1,0
4_BKN_J1;4;BKN;1;88;CAZ;107;False;False;False;12,533333333333333;752;2;1;2;1;1;2;1;0;0;0;0;0;0;0;2;2;3;0;1;0;0;2;0;0;-3;5;80,0;30;70;40;26;42;16;4;28;24;24;29;5;14;26;40;15;18;8;4;1;25;22;3;88;86,76;88,68;43,86;101,42923005993545;120,65854758682904;-19,229317526893595;0,45714285714285713;0,5316578057032383;50,0;20,746887966804977;33,333333333333336;63,41463414634146;48,19277108433735;0,4142857142857143;0,4;14,714104940996439;0,5;0,5;81,08108108108108;0,0;0,0;31,136481577581733;15,380671622660856;7,1977658134914915;0,0;0,0;0,0;1,0
6_BKN_J1;6;BKN;1;88;CAZ;107;False;False;False;23,666666666666668;1420;22;8;13;5;8;11;3;0;2;2;6;7;1;2;8;10;0;4;0;1;0;4;6;3;-4;25;80,0;30;70;40;26;42;16;4;28;24;24;29;5;14;26;40;15;18;8;4;1;25;22;3;88;86,76;88,68;43,86;101,42923005993545;120,65854758682904;-19,229317526893595;0,45714285714285713;0,5316578057032383;50,0;20,746887966804977;33,333333333333336;63,41463414634146;48,19277108433735;0,4142857142857143;0,4;78,23427424853408;0,6840796019900498;0,6153846153846154;0,0;19,9203187250996;16,096579476861166;65,95671590518722;40,72628542338367;0,0;12,072434607645874;0,5384615384615384;0,15384615384615385;1,6923076923076923
8_BKN_J1;8;BKN;1;88;CAZ;107;False;False;False;0,0;0;0;0;0;0;0;0;0;0;0;0;0;0;0;0;0;0;0;0;0;0;0;0;0;0;0;0;80,0;30;70;40;26;42;16;4;28;24;24;29;5;14;26;40;15;18;8;4;1;25;22;3;88;86,76;88,68;43,86;101,42923005993545;120,65854758682904;-19,229317526893595;0,45714285714285713;0,5316578057032383;50,0;20,746887966804977;33,333333333333336;63,41463414634146;48,19277108433735;0,4142857142857143;0,4;0,0;0,0;0,0;0,0;0,0;0,0;0,0;0,0;0,0;0,0;0,0;0,0;0,0
9_BKN_J1;9;BKN;1;88;CAZ;107;False;True;False;30,966666666666665;1858;19;7;13;6;4;6;2;3;7;4;2;3;1;2;5;7;2;4;2;1;0;4;2;0;-19;18;80,0;30;70;40;26;42;16;4;28;24;24;29;5;14;26;40;15;18;8;4;1;25;22;3;88;86,76;88,68;43,86;101,42923005993545;120,65854758682904;-19,229317526893595;0,45714285714285713;0,5316578057032383;50,0;20,746887966804977;33,333333333333336;63,41463414634146;48,19277108433735;0,4142857142857143;0,4;54,55084141397448;0,6634078212290503;0,6538461538461539;43,36043360433604;21,83406113537118;12,302014454866985;31,505158969781306;21,787905118860806;5,82639385548504;9,226510841150239;0,23076923076923078;0,5384615384615384;1,4615384615384615
10_BKN_J1;10;BKN;1;88;CAZ;107;False;True;False;16,583333333333332;995;6;1;4;3;1;3;2;0;1;1;4;4;0;1;0;1;0;1;0;0;0;0;3;0;-13;6;80,0;30;70;40;26;42;16;4;28;24;24;29;5;14;26;40;15;18;8;4;1;25;22;3;88;86,76;88,68;43,86;101,42923005993545;120,65854758682904;-19,229317526893595;0,45714285714285713;0,5316578057032383;50,0;20,746887966804977;33,333333333333336;63,41463414634146;48,19277108433735;0,4142857142857143;0,4;37,58766168324332;0,5208333333333334;0,25;0,0;14,792899408284024;11,486001435750179;0,0;5,812193497608525;0,0;0,0;1,0;0,25;1,5
11_BKN_J1;11;BKN;1;88;CAZ;107;False;True;False;22,433333333333334;1346;6;3;7;4;3;4;1;0;3;3;0;0;0;0;1;1;5;1;0;0;0;0;1;0;-11;8;80,0;30;70;40;26;42;16;4;28;24;24;29;5;14;26;40;15;18;8;4;1;25;22;3;88;86,76;88,68;43,86;101,42923005993545;120,65854758682904;-19,229317526893595;0,45714285714285713;0,5316578057032383;50,0;20,746887966804977;33,333333333333336;63,41463414634146;48,19277108433735;0,4142857142857143;0,4;32,882635707665145;0,42857142857142855;0,42857142857142855;92,37875288683604;12,5;0,0;8,697858152429964;4,29653234035697;0,0;0,0;0,0;0,42857142857142855;0,8571428571428571
18_BKN_J1;18;BKN;1;88;CAZ;107;False;False;False;11,8;708;3;1;2;1;1;2;1;0;0;0;1;2;1;2;1;3;0;0;0;1;1;3;1;0;-6;2;80,0;30;70;40;26;42;16;4;28;24;24;29;5;14;26;40;15;18;8;4;1;25;22;3;88;86,76;88,68;43,86;101,42923005993545;120,65854758682904;-19,229317526893595;0,45714285714285713;0,5316578057032383;50,0;20,746887966804977;33,333333333333336;63,41463414634146;48,19277108433735;0,4142857142857143;0,4;22,50509881144946;0,5208333333333334;0,5;0,0;0,0;32,284100080710246;16,535758577924764;24,50479885644272;0,0;24,213075060532685;1,0;0,0;1,5
25_BKN_J1;25;BKN;1;88;CAZ;107;False;False;False;15,116666666666667;907;0;0;5;5;0;2;2;0;3;3;0;0;0;2;5;7;2;1;0;0;0;4;1;0;-7;0;80,0;30;70;40;26;42;16;4;28;24;24;29;5;14;26;40;15;18;8;4;1;25;22;3;88;86,76;88,68;43,86;101,42923005993545;120,65854758682904;-19,229317526893595;0,45714285714285713;0,5316578057032383;50,0;20,746887966804977;33,333333333333336;63,41463414634146;48,19277108433735;0,4142857142857143;0,4;36,59869983118849;0,0;0,0;35,28114663726571;16,666666666666668;25,200819026618365;64,53868287304704;44,632775866420474;0,0;0,0;0,0;0,6;0,0
77_BKN_J1;77;BKN;1;88;CAZ;107;False;False;False;7,15;429;1;0;2;2;0;1;1;0;1;1;1;2;1;1;0;1;0;1;0;0;0;1;1;0;-2;-2;80,0;30;70;40;26;42;16;4;28;24;24;29;5;14;26;40;15;18;8;4;1;25;22;3;88;86,76;88,68;43,86;101,42923005993545;120,65854758682904;-19,229317526893595;0,45714285714285713;0,5316578057032383;50,0;20,746887966804977;33,333333333333336;63,41463414634146;48,19277108433735;0,4142857142857143;0,4;50,037560411004385;0,1736111111111111;0,0;0,0;25,77319587628866;26,64002664002664;0,0;13,48049540820625;0,0;0,0;1,0;0,5;0,5
99_BKN_J1;99;BKN;1;88;CAZ;107;False;True;False;25,083333333333332;1505;21;5;10;5;4;6;2;1;4;3;10;11;1;2;2;4;2;2;3;1;0;1;7;0;-11;29;80,0;30;70;40;26;42;16;4;28;24;24;29;5;14;26;40;15;18;8;4;1;25;22;3;88;86,76;88,68;43,86;101,42923005993545;120,65854758682904;-19,229317526893595;0,45714285714285713;0,5316578057032383;50,0;20,746887966804977;33,333333333333336;63,41463414634146;48,19277108433735;0,4142857142857143;0,4;61,90522141501587;0,7075471698113207;0,55;45,39007092198582;11,876484560570072;15,187470336971998;15,557896442751804;15,370451907296964;10,789474867266982;11,390602752729;1,1;0,4;2,1
BKN_BKN_J1;BKN;BKN;1;88;CAZ;107;False;False;False;200,0;12000;0;0;0;0;0;0;0;0;0;0;0;0;0;0;1;1;0;1;0;0;0;0;0;0;0;0;80,0;30;70;40;26;42;16;4;28;24;24;29;5;14;26;40;15;18;8;4;1;25;22;3;88;86,76;88,68;43,86;101,42923005993545;120,65854758682904;-19,229317526893595;0,45714285714285713;0,5316578057032383;50,0;20,746887966804977;33,333333333333336;63,41463414634146;48,19277108433735;0,4142857142857143;0,4;0,46104195481788846;0,0;0,0;0,0;100,0;0,0;0,975609756097561;0,4819277108433735;0,0;0,0;0,0;0,0;0,0
0_UCM_J1;0;UCM;1;95;MBA;64;True;False;True;16,683333333333334;1001;8;3;6;3;3;6;3;0;0;0;2;2;0;3;5;8;1;1;2;0;0;3;2;2;8;14;80,0;32;66;34;18;33;15;14;33;19;17;18;1;15;28;43;30;15;9;0;2;22;15;10;118;73,92;72,12;36,510000000000005;128,517316017316;88,74098724348308;39,77632877383293;0,5909090909090909;0,6425865800865801;93,75;20,29220779220779;48,38709677419355;71,7948717948718;61,42857142857143;0,2727272727272727;0,5;51,11771345537579;0,5813953488372093;0,5;27,223230490018146;12,690355329949238;46,40520769553027;61,476984553907634;54,80234051662624;13,297850236286177;0,0;0,3333333333333333;0,0;1,3333333333333333
1_UCM_J1;1;UCM;1;95;MBA;64;True;False;True;19,816666666666666;1189;11;4;9;5;1;2;1;3;7;4;0;0;0;1;3;4;6;4;0;0;1;1;2;0;10;12;80,0;32;66;34;18;33;15;14;33;19;17;18;1;15;28;43;30;15;9;0;2;22;15;10;118;73,92;72,12;36,510000000000005;128,517316017316;88,74098724348308;39,77632877383293;0,5909090909090909;0,6425865800865801;93,75;20,29220779220779;48,38709677419355;71,7948717948718;61,42857142857143;0,2727272727272727;0,5;70,9971273470012;0,6111111111111112;0,6111111111111112;152,8013582342954;30,76923076923077;13,022599636452428;31,05389144077117;23,068605070287155;0,0;0,0;0,0;0,7777777777777778;1,2222222222222223
2_UCM_J1;2;UCM;1;95;MBA;64;True;True;True;22,816666666666666;1369;17;7;10;3;5;6;1;2;4;2;1;2;1;2;5;7;2;1;1;0;0;3;1;5;14;20;80,0;32;66;34;18;33;15;14;33;19;17;18;1;15;28;43;30;15;9;0;2;22;15;10;118;73,92;72,12;36,510000000000005;128,517316017316;88,74098724348308;39,77632877383293;0,5909090909090909;0,6425865800865801;93,75;20,29220779220779;48,38709677419355;71,7948717948718;61,42857142857143;0,2727272727272727;0,5;56,349786079515816;0,7812499999999999;0,8;94,04388714733541;8,417508417508417;22,620702655576242;44,95139630274765;35,06208911614317;4,861631879664888;0,0;0,2;0,4;1,7
5_UCM_J1;5;UCM;1;95;MBA;64;True;True;True;20,183333333333334;1211;6;2;6;4;0;2;2;2;4;2;0;0;0;0;2;2;5;1;0;0;0;3;0;0;21;5;80,0;32;66;34;18;33;15;14;33;19;17;18;1;15;28;43;30;15;9;0;2;22;15;10;118;73,92;72,12;36,510000000000005;128,517316017316;88,74098724348308;39,77632877383293;0,5909090909090909;0,6425865800865801;93,75;20,29220779220779;48,38709677419355;71,7948717948718;61,42857142857143;0,2727272727272727;0,5;37,53471961564447;0,5;0,5;82,3271130625686;14,285714285714286;0,0;20,326494314933623;11,324761118320161;0,0;0,0;0,0;0,6666666666666666;1,0
8_UCM_J1;8;UCM;1;95;MBA;64;True;False;True;14,85;891;5;1;4;3;0;1;1;1;3;2;2;2;0;0;3;3;2;1;0;0;0;2;1;0;17;5;80,0;32;66;34;18;33;15;14;33;19;17;18;1;15;28;43;30;15;9;0;2;22;15;10;118;73,92;72,12;36,510000000000005;128,517316017316;88,74098724348308;39,77632877383293;0,5909090909090909;0,6425865800865801;93,75;20,29220779220779;48,38709677419355;71,7948717948718;61,42857142857143;0,2727272727272727;0,5;42,8527701254974;0,5122950819672131;0,375;40,48582995951418;17,006802721088437;0,0;41,44004144004144;23,08802308802309;0,0;0,0;0,5;0,75;1,25
12_UCM_J1;12;UCM;1;95;MBA;64;True;False;True;16,283333333333335;977;11;3;4;1;1;1;0;2;3;1;3;3;0;1;1;2;2;2;1;0;0;1;2;0;5;14;80,0;32;66;34;18;33;15;14;33;19;17;18;1;15;28;43;30;15;9;0;2;22;15;10;118;73,92;72,12;36,510000000000005;128,517316017316;88,74098724348308;39,77632877383293;0,5909090909090909;0,6425865800865801;93,75;20,29220779220779;48,38709677419355;71,7948717948718;61,42857142857143;0,2727272727272727;0,5;48,65145090324209;1,0338345864661653;1,0;56,92599620493358;27,3224043715847;15,84838379502757;12,597433272970632;14,037139932738702;6,812255929643019;0,0;0,75;0,75;2,75
13_UCM_J1;13;UCM;1;95;MBA;64;True;False;True;18,533333333333335;1112;5;2;5;3;2;4;2;0;1;1;1;1;0;2;0;2;0;1;1;0;0;3;1;1;7;2;80,0;32;66;34;18;33;15;14;33;19;17;18;1;15;28;43;30;15;9;0;2;22;15;10;118;73,92;72,12;36,510000000000005;128,517316017316;88,74098724348308;39,77632877383293;0,5909090909090909;0,6425865800865801;93,75;20,29220779220779;48,38709677419355;71,7948717948718;61,42857142857143;0,2727272727272727;0,5;37,60627861347286;0,45955882352941174;0,4;0,0;15,527950310559005;27,84868879090276;0,0;12,332990750256936;5,985228456170171;0,0;0,2;0,2;1,0
15_UCM_J1;15;UCM;1;95;MBA;64;True;True;True;17,366666666666667;1042;2;1;1;0;1;1;0;0;0;0;0;0;0;1;3;4;3;1;0;0;0;2;1;0;22;7;80,0;32;66;34;18;33;15;14;33;19;17;18;1;15;28;43;30;15;9;0;2;22;15;10;118;73,92;72,12;36,510000000000005;128,517316017316;88,74098724348308;39,77632877383293;0,5909090909090909;0,6425865800865801;93,75;20,29220779220779;48,38709677419355;71,7948717948718;61,42857142857143;0,2727272727272727;0,5;12,463544133409775;1,0;1,0;50,44843049327354;50,0;14,859761005510494;35,4348147054481;26,323005209761448;0,0;0,0;0,0;0,0;2,0
21_UCM_J1;21;UCM;1;95;MBA;64;True;False;True;5,95;357;4;2;3;1;2;3;1;0;0;0;0;0;0;0;0;0;0;0;0;0;0;1;0;1;1;2;80,0;32;66;34;18;33;15;14;33;19;17;18;1;15;28;43;30;15;9;0;2;22;15;10;118;73,92;72,12;36,510000000000005;128,517316017316;88,74098724348308;39,77632877383293;0,5909090909090909;0,6425865800865801;93,75;20,29220779220779;48,38709677419355;71,7948717948718;61,42857142857143;0,2727272727272727;0,5;54,56728145803776;0,6666666666666666;0,6666666666666666;0,0;0,0;0,0;0,0;0,0;0,0;0,0;0,0;0,0;1,3333333333333333
24_UCM_J1;24;UCM;1;95;MBA;64;True;False;True;4,333333333333333;260;0;0;1;1;0;0;0;0;1;1;0;0;0;0;0;0;0;1;0;0;0;1;0;0;-1;-3;80,0;32;66;34;18;33;15;14;33;19;17;18;1;15;28;43;30;15;9;0;2;22;15;10;118;73,92;72,12;36,510000000000005;128,517316017316;88,74098724348308;39,77632877383293;0,5909090909090909;0,6425865800865801;93,75;20,29220779220779;48,38709677419355;71,7948717948718;61,42857142857143;0,2727272727272727;0,5;49,95004995004995;0,0;0,0;0,0;50,0;0,0;0,0;0,0;0,0;0,0;0,0;1,0;0,0
31_UCM_J1;31;UCM;1;95;MBA;64;True;True;True;23,716666666666665;1423;14;5;12;7;3;6;3;2;6;4;2;2;0;1;3;4;6;1;4;0;1;0;1;1;26;20;80,0;32;66;34;18;33;15;14;33;19;17;18;1;15;28;43;30;15;9;0;2;22;15;10;118;73,92;72,12;36,510000000000005;128,517316017316;88,74098724348308;39,77632877383293;0,5909090909090909;0,6425865800865801;93,75;20,29220779220779;48,38709677419355;71,7948717948718;61,42857142857143;0,2727272727272727;0,5;63,33792700623341;0,5434782608695652;0,5;133,7295690936107;7,204610951008645;10,881146147394194;25,947348505324616;19,275173175383998;18,708570747044924;0,0;0,16666666666666666;0,5;1,1666666666666667
99_UCM_J1;99;UCM;1;95;MBA;64;True;True;True;19,466666666666665;1168;12;2;5;3;0;1;1;2;4;2;6;6;0;2;1;3;3;0;0;0;0;2;4;0;25;17;80,0;32;66;34;18;33;15;14;33;19;17;18;1;15;28;43;30;15;9;0;2;22;15;10;118;73,92;72,12;36,510000000000005;128,517316017316;88,74098724348308;39,77632877383293;0,5909090909090909;0,6425865800865801;93,75;20,29220779220779;48,38709677419355;71,7948717948718;61,42857142857143;0,2727272727272727;0,5;42,47464863903221;0,7853403141361256;0,6;51,843317972350235;0,0;26,51347768448962;10,537407797681771;17,61252446183953;0,0;0,0;1,2;0,8;2,4
UCM_UCM_J1;UCM;UCM;1;95;MBA;64;True;False;True;200,0;12000;0;0;0;0;0;0;0;0;0;0;0;0;0;2;2;4;0;1;0;0;0;0;0;0;0;3;80,0;32;66;34;18;33;15;14;33;19;17;18;1;15;28;43;30;15;9;0;2;22;15;10;118;73,92;72,12;36,510000000000005;128,517316017316;88,74098724348308;39,77632877383293;0,5909090909090909;0,6425865800865801;93,75;20,29220779220779;48,38709677419355;71,7948717948718;61,42857142857143;0,2727272727272727;0,5;0,5411255411255411;0,0;0,0;0,0;100,0;2,5806451612903225;2,051282051282051;2,2857142857142856;0,0;0,0;0,0;0,0;0,0
0_MBA_J1;0;MBA;1;64;UCM;95;False;True;False;22,816666666666666;1369;8;3;12;9;3;9;6;0;3;3;2;2;0;0;1;1;6;2;2;0;0;0;2;0;-18;8;80,0;21;60;39;16;39;23;5;21;16;17;23;6;11;16;27;16;13;6;2;0;15;21;1;63;72,12;73,92;36,510000000000005;88,74098724348308;128,517316017316;-39,77632877383293;0,39166666666666666;0,4563605248146035;76,19047619047619;18,0255130338325;28,205128205128204;51,61290322580645;38,57142857142857;0,38333333333333336;0,35;72,34108236941354;0,3105590062111801;0,25;200,71085093037843;13,440860215053762;0,0;11,310351327788121;5,008869873734739;9,48649597298246;0,0;0,16666666666666666;0,25;0,6666666666666666
00_MBA_J1;00;MBA;1;64;UCM;95;False;False;False;20,15;1209;15;6;8;2;6;8;2;0;0;0;3;6;3;1;2;3;0;1;0;0;0;2;4;1;-24;14;80,0;21;60;39;16;39;23;5;21;16;17;23;6;11;16;27;16;13;6;2;0;15;21;1;63;72,12;73,92;36,510000000000005;88,74098724348308;128,517316017316;-39,77632877383293;0,39166666666666666;0,4563605248146035;76,19047619047619;18,0255130338325;28,205128205128204;51,61290322580645;38,57142857142857;0,38333333333333336;0,35;64,07847962246545;0,7048872180451128;0,75;-0,0;8,59106529209622;10,180059807851372;25,61434403265829;17,015242821694436;0,0;0,0;0,75;0,0;1,875
3_MBA_J1;3;MBA;1;64;UCM;95;False;False;False;21,85;1311;9;3;7;4;0;1;1;3;6;3;0;0;0;1;2;3;0;0;0;0;0;2;1;0;-6;7;80,0;21;60;39;16;39;23;5;21;16;17;23;6;11;16;27;16;13;6;2;0;15;21;1;63;72,12;73,92;36,510000000000005;88,74098724348308;128,517316017316;-39,77632877383293;0,39166666666666666;0,4563605248146035;76,19047619047619;18,0255130338325;28,205128205128204;51,61290322580645;38,57142857142857;0,38333333333333336;0,35;35,537008621532124;0,6428571428571429;0,6428571428571429;0,0;0,0;9,388018541336619;23,621466007234073;15,691402419091206;0,0;0,0;0,0;0,8571428571428571;1,2857142857142858
5_MBA_J1;5;MBA;1;64;UCM;95;False;True;False;16,533333333333335;992;2;1;3;2;1;3;2;0;0;0;0;0;0;1;0;1;2;1;0;0;0;1;0;0;-12;1;80,0;21;60;39;16;39;23;5;21;16;17;23;6;11;16;27;16;13;6;2;0;15;21;1;63;72,12;73,92;36,510000000000005;88,74098724348308;128,517316017316;-39,77632877383293;0,39166666666666666;0,4563605248146035;76,19047619047619;18,0255130338325;28,205128205128204;51,61290322580645;38,57142857142857;0,38333333333333336;0,35;26,836992109924314;0,3333333333333333;0,3333333333333333;59,88023952095807;25,0;12,406947890818858;0,0;6,912442396313363;0,0;0,0;0,0;0,0;0,6666666666666666
8_MBA_J1;8;MBA;1;64;UCM;95;False;False;False;1,85;111;0;0;1;1;0;0;0;0;1;1;0;0;0;0;0;0;0;0;0;0;0;0;0;0;-2;-1;80,0;21;60;39;16;39;23;5;21;16;17;23;6;11;16;27;16;13;6;2;0;15;21;1;63;72,12;73,92;36,510000000000005;88,74098724348308;128,517316017316;-39,77632877383293;0,39166666666666666;0,4563605248146035;76,19047619047619;18,0255130338325;28,205128205128204;51,61290322580645;38,57142857142857;0,38333333333333336;0,35;59,96012651586694;0,0;0,0;0,0;0,0;0,0;0,0;0,0;0,0;0,0;0,0;1,0;0,0
13_MBA_J1;13;MBA;1;64;UCM;95;False;False;False;15,316666666666666;919;2;0;1;1;0;0;0;0;1;1;2;2;0;0;1;1;1;1;1;0;0;1;2;0;-26;4;80,0;21;60;39;16;39;23;5;21;16;17;23;6;11;16;27;16;13;6;2;0;15;21;1;63;72,12;73,92;36,510000000000005;88,74098724348308;128,517316017316;-39,77632877383293;0,39166666666666666;0,4563605248146035;76,19047619047619;18,0255130338325;28,205128205128204;51,61290322580645;38,57142857142857;0,38333333333333336;0,35;20,85751169161299;0,5319148936170213;0,0;24,87175501321312;34,72222222222222;0,0;16,848608234757275;7,461526503963936;7,06583949239009;0,0;2,0;1,0;2,0
20_MBA_J1;20;MBA;1;64;UCM;95;False;False;False;17,85;1071;4;1;4;3;1;2;1;0;2;2;2;2;0;1;3;4;4;3;0;0;0;1;3;0;-8;8;80,0;21;60;39;16;39;23;5;21;16;17;23;6;11;16;27;16;13;6;2;0;15;21;1;63;72,12;73,92;36,510000000000005;88,74098724348308;128,517316017316;-39,77632877383293;0,39166666666666666;0,4563605248146035;76,19047619047619;18,0255130338325;28,205128205128204;51,61290322580645;38,57142857142857;0,38333333333333336;0,35;48,96911620998926;0,4098360655737705;0,25;108,52976089537053;38,07106598984772;11,491776197658549;43,372187584711305;25,610244097639054;0,0;0,0;0,5;0,5;1,0
22_MBA_J1;22;MBA;1;64;UCM;95;False;False;False;16,5;990;6;1;6;5;1;4;3;0;2;2;4;4;0;0;0;0;1;2;1;0;0;5;2;0;-11;-2;80,0;21;60;39;16;39;23;5;21;16;17;23;6;11;16;27;16;13;6;2;0;15;21;1;63;72,12;73,92;36,510000000000005;88,74098724348308;128,517316017316;-39,77632877383293;0,39166666666666666;0,4563605248146035;76,19047619047619;18,0255130338325;28,205128205128204;51,61290322580645;38,57142857142857;0,38333333333333336;0,35;65,61454814366628;0,3865979381443299;0,16666666666666666;30,0187617260788;20,491803278688526;0,0;0,0;0,0;6,559097468188377;0,0;0,6666666666666666;0,3333333333333333;1,0
24_MBA_J1;24;MBA;1;64;UCM;95;False;True;False;23,783333333333335;1427;13;4;11;7;2;7;5;2;4;2;3;3;0;1;1;2;1;1;1;1;0;1;5;0;-21;14;80,0;21;60;39;16;39;23;5;21;16;17;23;6;11;16;27;16;13;6;2;0;15;21;1;63;72,12;73,92;36,510000000000005;88,74098724348308;128,517316017316;-39,77632877383293;0,39166666666666666;0,4563605248146035;76,19047619047619;18,0255130338325;28,205128205128204;51,61290322580645;38,57142857142857;0,38333333333333336;0,35;62,12490978012585;0,5275974025974026;0,45454545454545453;44,58066313736417;7,5075075075075075;8,624871974556626;10,850645387345434;9,61057162879167;4,550460051511208;0,0;0,2727272727272727;0,36363636363636365;1,1818181818181819
32_MBA_J1;32;MBA;1;64;UCM;95;False;False;False;10,016666666666667;601;2;1;2;1;1;2;1;0;0;0;0;0;0;3;0;3;1;0;0;0;0;1;0;0;1;4;80,0;21;60;39;16;39;23;5;21;16;17;23;6;11;16;27;16;13;6;2;0;15;21;1;63;72,12;73,92;36,510000000000005;88,74098724348308;128,517316017316;-39,77632877383293;0,39166666666666666;0,4563605248146035;76,19047619047619;18,0255130338325;28,205128205128204;51,61290322580645;38,57142857142857;0,38333333333333336;0,35;22,148332922666324;0,5;0,5;61,37322593018796;0,0;61,43606809164213;0,0;34,22866650820061;0,0;0,0;0,0;0,0;1,0
35_MBA_J1;35;MBA;1;64;UCM;95;False;True;False;23,5;1410;0;0;2;2;0;0;0;0;2;2;0;0;0;2;0;2;0;1;1;0;0;0;0;0;-20;0;80,0;21;60;39;16;39;23;5;21;16;17;23;6;11;16;27;16;13;6;2;0;15;21;1;63;72,12;73,92;36,510000000000005;88,74098724348308;128,517316017316;-39,77632877383293;0,39166666666666666;0,4563605248146035;76,19047619047619;18,0255130338325;28,205128205128204;51,61290322580645;38,57142857142857;0,38333333333333336;0,35;14,160795836726022;0,0;0,0;0,0;33,333333333333336;17,45771958537916;0,0;9,72644376899696;4,605323754259924;0,0;0,0;1,0;0,0
99_MBA_J1;99;MBA;1;64;UCM;95;False;True;False;9,833333333333334;590;3;1;3;2;1;3;2;0;0;0;1;4;3;0;3;3;0;1;0;1;0;1;2;0;-8;2;80,0;21;60;39;16;39;23;5;21;16;17;23;6;11;16;27;16;13;6;2;0;15;21;1;63;72,12;73,92;36,510000000000005;88,74098724348308;128,517316017316;-39,77632877383293;0,39166666666666666;0,4563605248146035;76,19047619047619;18,0255130338325;28,205128205128204;51,61290322580645;38,57142857142857;0,38333333333333336;0,35;64,9764516765842;0,31512605042016806;0,3333333333333333;0,0;17,36111111111111;0,0;78,73154729360306;34,86682808716707;0,0;0,0;1,3333333333333333;0,0;1,0
MBA_MBA_J1;MBA;MBA;1;64;UCM;95;False;False;False;200,0;12000;0;0;0;0;0;0;0;0;0;0;0;0;0;1;3;4;0;0;0;0;0;0;0;0;0;4;80,0;21;60;39;16;39;23;5;21;16;17;23;6;11;16;27;16;13;6;2;0;15;21;1;63;72,12;73,92;36,510000000000005;88,74098724348308;128,517316017316;-39,77632877383293;0,39166666666666666;0,4563605248146035;76,19047619047619;18,0255130338325;28,205128205128204;51,61290322580645;38,57142857142857;0,38333333333333336;0,35;0,0;0,0;0,0;0,0;0,0;1,0256410256410255;3,870967741935484;2,2857142857142856;0,0;0,0;0,0;0,0;0,0
0_VBC_J1;0;VBC;1;93;BAR;81;True;False;True;13,466666666666667;808;4;1;6;5;0;2;2;1;4;3;1;2;1;1;0;1;2;3;0;1;0;1;2;0;6;0;80,0;29;57;28;17;32;15;12;25;13;23;28;5;8;27;35;24;13;6;2;2;19;20;3;113;74,32;77,28;37,9;125,13455328310012;104,81366459627328;20,320888686826834;0,6140350877192983;0,6708020773225621;82,75862068965517;17,491926803013996;27,586206896551722;62,7906976744186;48,611111111111114;0,49122807017543857;0,43859649122807015;78,97345170469684;0,29069767441860467;0,25;51,524259338772005;30,36437246963563;20,484807101399795;0,0;8,25082508250825;0,0;99,00990099009901;0,3333333333333333;0,6666666666666666;0,6666666666666666
1_VBC_J1;1;VBC;1;93;BAR;81;True;True;True;24,0;1440;11;3;8;5;1;5;4;2;3;1;3;3;0;0;4;4;5;1;0;0;0;1;1;0;9;14;80,0;29;57;28;17;32;15;12;25;13;23;28;5;8;27;35;24;13;6;2;2;19;20;3;113;74,32;77,28;37,9;125,13455328310012;104,81366459627328;20,320888686826834;0,6140350877192983;0,6708020773225621;82,75862068965517;17,491926803013996;27,586206896551722;62,7906976744186;48,611111111111114;0,49122807017543857;0,43859649122807015;46,28632938643703;0,5901287553648068;0,5;87,71929824561404;9,689922480620154;0,0;31,007751937984494;18,51851851851852;0,0;0,0;0,375;0,375;1,375
2_VBC_J1;2;VBC;1;93;BAR;81;True;False;True;17,8;1068;8;3;7;4;1;2;1;2;5;3;0;0;0;0;0;0;1;1;0;0;0;3;0;0;2;1;80,0;29;57;28;17;32;15;12;25;13;23;28;5;8;27;35;24;13;6;2;2;19;20;3;113;74,32;77,28;37,9;125,13455328310012;104,81366459627328;20,320888686826834;0,6140350877192983;0,6708020773225621;82,75862068965517;17,491926803013996;27,586206896551722;62,7906976744186;48,611111111111114;0,49122807017543857;0,43859649122807015;48,37870853037578;0,5714285714285714;0,5714285714285714;28,964518464880523;12,5;0,0;0,0;0,0;0,0;0,0;0,0;0,7142857142857143;1,1428571428571428
3_VBC_J1;3;VBC;1;93;BAR;81;True;True;True;18,483333333333334;1109;11;3;4;1;2;2;0;1;2;1;4;4;0;0;1;1;0;0;0;0;1;4;3;1;3;9;80,0;29;57;28;17;32;15;12;25;13;23;28;5;8;27;35;24;13;6;2;2;19;20;3;113;74,32;77,28;37,9;125,13455328310012;104,81366459627328;20,320888686826834;0,6140350877192983;0,6708020773225621;82,75862068965517;17,491926803013996;27,586206896551722;62,7906976744186;48,611111111111114;0,49122807017543857;0,43859649122807015;33,544897846273905;0,9548611111111112;0,875;0,0;0,0;0,0;10,065636336947176;6,011421701232341;0,0;0,0;1,0;0,5;2,75
4_VBC_J1;4;VBC;1;93;BAR;81;True;True;True;21,216666666666665;1273;8;3;5;2;3;3;0;0;2;2;2;4;2;1;3;4;3;1;1;0;0;0;3;0;15;14;80,0;29;57;28;17;32;15;12;25;13;23;28;5;8;27;35;24;13;6;2;2;19;20;3;113;74,32;77,28;37,9;125,13455328310012;104,81366459627328;20,320888686826834;0,6140350877192983;0,6708020773225621;82,75862068965517;17,491926803013996;27,586206896551722;62,7906976744186;48,611111111111114;0,49122807017543857;0,43859649122807015;39,37031177464893;0,591715976331361;0,6;63,95168095216948;12,88659793814433;13,002139935531057;26,306655218400046;20,947892118355593;4,879167418871645;0,0;0,8;0,4;1,6
5_VBC_J1;5;VBC;1;93;BAR;81;True;True;True;19,566666666666666;1174;2;0;4;4;0;4;4;0;0;0;2;2;0;0;1;1;6;3;0;0;0;1;3;0;7;4;80,0;29;57;28;17;32;15;12;25;13;23;28;5;8;27;35;24;13;6;2;2;19;20;3;113;74,32;77,28;37,9;125,13455328310012;104,81366459627328;20,320888686826834;0,6140350877192983;0,6708020773225621;82,75862068965517;17,491926803013996;27,586206896551722;62,7906976744186;48,611111111111114;0,49122807017543857;0,43859649122807015;43,350454684654785;0,20491803278688525;0,0;84,59143511719438;38,07106598984772;0,0;9,508339606196268;5,6785917092561045;0,0;0,0;0,5;0,0;0,5
10_VBC_J1;10;VBC;1;93;BAR;81;True;True;True;22,216666666666665;1333;9;3;4;1;3;3;0;0;1;1;3;4;1;1;5;6;1;4;0;0;0;0;2;0;5;12;80,0;29;57;28;17;32;15;12;25;13;23;28;5;8;27;35;24;13;6;2;2;19;20;3;113;74,32;77,28;37,9;125,13455328310012;104,81366459627328;20,320888686826834;0,6140350877192983;0,6708020773225621;82,75862068965517;17,491926803013996;27,586206896551722;62,7906976744186;48,611111111111114;0,49122807017543857;0,43859649122807015;47,28846366597032;0,78125;0,75;19,788102403429942;40,98360655737705;12,416897327780221;41,870932849491446;30,00750187546887;0,0;0,0;1,0;0,25;2,25
12_VBC_J1;12;VBC;1;93;BAR;81;True;False;True;17,666666666666668;1060;13;5;6;1;5;6;1;0;0;0;3;4;1;2;2;4;2;0;2;0;1;2;2;2;15;18;80,0;29;57;28;17;32;15;12;25;13;23;28;5;8;27;35;24;13;6;2;2;19;20;3;113;74,32;77,28;37,9;125,13455328310012;104,81366459627328;20,320888686826834;0,6140350877192983;0,6708020773225621;82,75862068965517;17,491926803013996;27,586206896551722;62,7906976744186;48,611111111111114;0,49122807017543857;0,43859649122807015;47,28151593313971;0,8376288659793815;0,8333333333333334;142,4332344213649;0,0;31,229668184775534;21,061869240895128;25,157232704402517;11,719207781553965;0,0;0,6666666666666666;0,0;2,1666666666666665
13_VBC_J1;13;VBC;1;93;BAR;81;True;False;True;17,916666666666668;1075;16;5;7;2;2;4;2;3;3;0;3;3;0;2;3;5;4;0;1;1;0;3;3;0;9;25;80,0;29;57;28;17;32;15;12;25;13;23;28;5;8;27;35;24;13;6;2;2;19;20;3;113;74,32;77,28;37,9;125,13455328310012;104,81366459627328;20,320888686826834;0,6140350877192983;0,6708020773225621;82,75862068965517;17,491926803013996;27,586206896551722;62,7906976744186;48,611111111111114;0,49122807017543857;0,43859649122807015;49,98623175707813;0,9615384615384615;0,9285714285714286;267,595818815331;0,0;30,793905372894944;31,15197404002163;31,007751937984494;5,777841976021955;74,4186046511628;0,42857142857142855;0,42857142857142855;2,2857142857142856
18_VBC_J1;18;VBC;1;93;BAR;81;True;False;True;0,0;0;0;0;0;0;0;0;0;0;0;0;0;0;0;0;0;0;0;0;0;0;0;0;0;0;0;0;80,0;29;57;28;17;32;15;12;25;13;23;28;5;8;27;35;24;13;6;2;2;19;20;3;113;74,32;77,28;37,9;125,13455328310012;104,81366459627328;20,320888686826834;0,6140350877192983;0,6708020773225621;82,75862068965517;17,491926803013996;27,586206896551722;62,7906976744186;48,611111111111114;0,49122807017543857;0,43859649122807015;0,0;0,0;0,0;0,0;0,0;0,0;0,0;0,0;0,0;0,0;0,0;0,0;0,0
24_VBC_J1;24;VBC;1;93;BAR;81;True;False;True;20,316666666666666;1219;9;3;5;2;0;0;0;3;5;2;0;0;0;1;5;6;0;0;1;0;0;1;0;0;-3;13;80,0;29;57;28;17;32;15;12;25;13;23;28;5;8;27;35;24;13;6;2;2;19;20;3;113;74,32;77,28;37,9;125,13455328310012;104,81366459627328;20,320888686826834;0,6140350877192983;0,6708020773225621;82,75862068965517;17,491926803013996;27,586206896551722;62,7906976744186;48,611111111111114;0,49122807017543857;0,43859649122807015;26,49121242331898;0,9;0,9;0,0;0,0;13,57811660207632;45,7866722628155;32,81378178835111;5,09530773111042;0,0;0,0;1,0;1,8
32_VBC_J1;32;VBC;1;93;BAR;81;True;False;True;7,35;441;2;0;1;1;0;1;1;0;0;0;2;2;0;0;1;1;0;0;1;0;0;3;1;0;-8;1;80,0;29;57;28;17;32;15;12;25;13;23;28;5;8;27;35;24;13;6;2;2;19;20;3;113;74,32;77,28;37,9;125,13455328310012;104,81366459627328;20,320888686826834;0,6140350877192983;0,6708020773225621;82,75862068965517;17,491926803013996;27,586206896551722;62,7906976744186;48,611111111111114;0,49122807017543857;0,43859649122807015;27,533079970416583;0,5319148936170213;0,0;0,0;0,0;0,0;25,312450561619997;15,117157974300833;14,08430867170885;0,0;2,0;0,0;2,0
VBC_VBC_J1;VBC;VBC;1;93;BAR;81;True;False;True;200,0;12000;0;0;0;0;0;0;0;0;0;0;0;0;0;0;2;2;0;0;0;0;0;0;0;0;0;2;80,0;29;57;28;17;32;15;12;25;13;23;28;5;8;27;35;24;13;6;2;2;19;20;3;113;74,32;77,28;37,9;125,13455328310012;104,81366459627328;20,320888686826834;0,6140350877192983;0,6708020773225621;82,75862068965517;17,491926803013996;27,586206896551722;62,7906976744186;48,611111111111114;0,49122807017543857;0,43859649122807015;0,0;0,0;0,0;0,0;0,0;0,0;1,8604651162790697;1,1111111111111112;0,0;0,0;0,0;0,0;0,0
0_BAR_J1;0;BAR;1;81;VBC;93;False;True;False;21,95;1317;8;3;9;6;1;5;4;2;4;2;0;0;0;1;1;2;1;1;1;0;0;3;2;0;-12;4;80,0;32;76;44;23;41;18;9;35;26;8;12;4;16;21;37;16;12;8;3;2;21;19;4;81;77,28;74,32;37,9;104,81366459627328;125,13455328310012;-20,320888686826834;0,48026315789473684;0,4982775590551181;50,0;15,527950310559007;37,2093023255814;72,41379310344827;51,388888888888886;0,15789473684210525;0,4605263157894737;47,161580290232365;0,4444444444444444;0,4444444444444444;17,301038062283737;10,0;8,47592308099804;12,567748016652267;10,124019235636549;4,903992094764743;0,0;0,0;0,4444444444444444;0,8888888888888888
2_BAR_J1;2;BAR;1;81;VBC;93;False;True;False;16,7;1002;3;1;5;4;0;1;1;1;4;3;0;0;0;0;1;1;1;0;0;0;0;4;0;0;-10;-3;80,0;32;76;44;23;41;18;9;35;26;8;12;4;16;21;37;16;12;8;3;2;21;19;4;81;77,28;74,32;37,9;104,81366459627328;125,13455328310012;-20,320888686826834;0,48026315789473684;0,4982775590551181;50,0;15,527950310559007;37,2093023255814;72,41379310344827;51,388888888888886;0,15789473684210525;0,4605263157894737;30,993912795526956;0,3;0,3;17,605633802816904;0,0;0,0;16,518686764402233;6,653359946773121;0,0;0,0;0,0;0,8;0,6
3_BAR_J1;3;BAR;1;81;VBC;93;False;True;False;19,333333333333332;1160;5;2;4;2;1;1;0;1;3;2;0;0;0;1;3;4;0;0;0;0;0;1;0;0;-17;6;80,0;32;76;44;23;41;18;9;35;26;8;12;4;16;21;37;16;12;8;3;2;21;19;4;81;77,28;74,32;37,9;104,81366459627328;125,13455328310012;-20,320888686826834;0,48026315789473684;0,4982775590551181;50,0;15,527950310559007;37,2093023255814;72,41379310344827;51,388888888888886;0,15789473684210525;0,4605263157894737;21,41786249732277;0,625;0,625;0,0;0,0;9,623095429029672;42,80618311533888;22,988505747126435;0,0;0,0;0,0;0,75;1,25
6_BAR_J1;6;BAR;1;81;VBC;93;False;False;False;14,083333333333334;845;0;0;2;2;0;2;2;0;0;0;0;0;0;1;0;1;1;0;2;1;1;0;2;0;6;4;80,0;32;76;44;23;41;18;9;35;26;8;12;4;16;21;37;16;12;8;3;2;21;19;4;81;77,28;74,32;37,9;104,81366459627328;125,13455328310012;-20,320888686826834;0,48026315789473684;0,4982775590551181;50,0;15,527950310559007;37,2093023255814;72,41379310344827;51,388888888888886;0,15789473684210525;0,4605263157894737;14,70101804549965;0,0;0,0;17,75147928994083;0,0;13,210403192514104;0,0;7,889546351084813;15,286526837408681;81,14961961115806;0,0;0,0;0,0
8_BAR_J1;8;BAR;1;81;VBC;93;False;False;False;14,633333333333333;878;9;4;12;8;3;5;2;1;7;6;0;0;0;0;0;0;1;1;1;0;0;4;0;0;-3;-2;80,0;32;76;44;23;41;18;9;35;26;8;12;4;16;21;37;16;12;8;3;2;21;19;4;81;77,28;74,32;37,9;104,81366459627328;125,13455328310012;-20,320888686826834;0,48026315789473684;0,4982775590551181;50,0;15,527950310559007;37,2093023255814;72,41379310344827;51,388888888888886;0,15789473684210525;0,4605263157894737;91,96508156595311;0,375;0,375;53,956834532374096;7,6923076923076925;0,0;0,0;0,0;7,355988142147116;0,0;0,0;0,5833333333333334;0,75
13_BAR_J1;13;BAR;1;81;VBC;93;False;False;False;23,3;1398;6;3;5;2;3;3;0;0;2;2;0;0;0;1;1;2;5;3;1;0;0;3;2;0;-2;8;80,0;32;76;44;23;41;18;9;35;26;8;12;4;16;21;37;16;12;8;3;2;21;19;4;81;77,28;74,32;37,9;104,81366459627328;125,13455328310012;-20,320888686826834;0,48026315789473684;0,4982775590551181;50,0;15,527950310559007;37,2093023255814;72,41379310344827;51,388888888888886;0,15789473684210525;0,4605263157894737;35,543233901136496;0,6;0,6;79,1139240506329;37,5;7,984828825232059;11,839573775344087;9,537434430138292;4,619855213737601;0,0;0,0;0,4;1,2
14_BAR_J1;14;BAR;1;81;VBC;93;False;True;False;13,766666666666667;826;9;3;4;1;3;4;1;0;0;0;3;4;1;2;1;3;0;0;0;0;0;0;3;0;-13;13;80,0;32;76;44;23;41;18;9;35;26;8;12;4;16;21;37;16;12;8;3;2;21;19;4;81;77,28;74,32;37,9;104,81366459627328;125,13455328310012;-20,320888686826834;0,48026315789473684;0,4982775590551181;50,0;15,527950310559007;37,2093023255814;72,41379310344827;51,388888888888886;0,15789473684210525;0,4605263157894737;43,31282992194666;0,78125;0,75;0,0;0,0;27,028548904780674;20,03840694664774;24,213075060532688;0,0;0,0;1,0;0,0;2,25
19_BAR_J1;19;BAR;1;81;VBC;93;False;False;False;6,883333333333334;413;3;1;4;3;1;4;3;0;0;0;1;1;0;3;0;3;0;1;0;0;1;0;2;0;-7;3;80,0;32;76;44;23;41;18;9;35;26;8;12;4;16;21;37;16;12;8;3;2;21;19;4;81;77,28;74,32;37,9;104,81366459627328;125,13455328310012;-20,320888686826834;0,48026315789473684;0,4982775590551181;50,0;15,527950310559007;37,2093023255814;72,41379310344827;51,388888888888886;0,15789473684210525;0,4605263157894737;81,81312318589927;0,33783783783783783;0,25;0,0;18,38235294117647;81,08564671434202;0,0;48,426150121065376;0,0;0,0;0,25;0,0;0,75
21_BAR_J1;21;BAR;1;81;VBC;93;False;False;False;24,083333333333332;1445;16;7;11;4;6;6;0;1;5;4;1;4;3;3;6;9;2;1;2;0;0;2;4;3;8;23;80,0;32;76;44;23;41;18;9;35;26;8;12;4;16;21;37;16;12;8;3;2;21;19;4;81;77,28;74,32;37,9;104,81366459627328;125,13455328310012;-20,320888686826834;0,48026315789473684;0,4982775590551181;50,0;15,527950310559007;37,2093023255814;72,41379310344827;51,388888888888886;0,15789473684210525;0,4605263157894737;59,14590900298739;0,6269592476489029;0,6818181818181818;75,9493670886076;7,267441860465117;23,175344009012637;68,72688223362367;41,522491349480966;8,939180053709576;0,0;0,36363636363636365;0,45454545454545453;1,4545454545454546
23_BAR_J1;23;BAR;1;81;VBC;93;False;True;False;21,066666666666666;1264;10;4;10;6;3;6;3;1;4;3;1;1;0;2;3;5;4;4;1;1;0;2;2;1;-7;11;80,0;32;76;44;23;41;18;9;35;26;8;12;4;16;21;37;16;12;8;3;2;21;19;4;81;77,28;74,32;37,9;104,81366459627328;125,13455328310012;-20,320888686826834;0,48026315789473684;0,4982775590551181;50,0;15,527950310559007;37,2093023255814;72,41379310344827;51,388888888888886;0,15789473684210525;0,4605263157894737;70,95683622926332;0,47892720306513414;0,45;90,36144578313255;27,70083102493075;17,662643508978512;39,2841553906591;26,371308016877638;5,1096183455737085;54,249547920434;0,1;0,4;1,0
43_BAR_J1;43;BAR;1;81;VBC;93;False;False;False;0,0;0;0;0;0;0;0;0;0;0;0;0;0;0;0;0;0;0;0;0;0;0;0;0;0;0;0;0;80,0;32;76;44;23;41;18;9;35;26;8;12;4;16;21;37;16;12;8;3;2;21;19;4;81;77,28;74,32;37,9;104,81366459627328;125,13455328310012;-20,320888686826834;0,48026315789473684;0,4982775590551181;50,0;15,527950310559007;37,2093023255814;72,41379310344827;51,388888888888886;0,15789473684210525;0,4605263157894737;0,0;0,0;0,0;0,0;0,0;0,0;0,0;0,0;0,0;0,0;0,0;0,0;0,0
44_BAR_J1;44;BAR;1;81;VBC;93;False;False;False;24,2;1452;12;4;10;6;2;4;2;2;6;4;2;2;0;1;2;3;1;0;0;1;0;1;2;0;-3;12;80,0;32;76;44;23;41;18;9;35;26;8;12;4;16;21;37;16;12;8;3;2;21;19;4;81;77,28;74,32;37,9;104,81366459627328;125,13455328310012;-20,320888686826834;0,48026315789473684;0,4982775590551181;50,0;15,527950310559007;37,2093023255814;72,41379310344827;51,388888888888886;0,15789473684210525;0,4605263157894737;46,54107420905841;0,551470588235294;0,5;17,605633802816904;0,0;7,687872381318471;22,79851809632374;13,774104683195594;0,0;47,22550177095631;0,2;0,6;1,2
BAR_BAR_J1;BAR;BAR;1;81;VBC;93;False;False;False;200,0;12000;0;0;0;0;0;0;0;0;0;0;0;0;0;1;3;4;0;1;0;0;0;1;0;0;0;2;80,0;32;76;44;23;41;18;9;35;26;8;12;4;16;21;37;16;12;8;3;2;21;19;4;81;77,28;74,32;37,9;104,81366459627328;125,13455328310012;-20,320888686826834;0,48026315789473684;0,4982775590551181;50,0;15,527950310559007;37,2093023255814;72,41379310344827;51,388888888888886;0,15789473684210525;0,4605263157894737;0,5175983436853002;0,0;0,0;0,0;100,0;0,9302325581395349;4,137931034482759;2,2222222222222223;0,0;0,0;0,0;0,0;0,0
4_GIR_J2;4;GIR;2;71;UCM;93;True;True;False;20,933333333333334;1256;10;2;6;4;2;5;3;0;1;1;6;7;1;2;2;4;0;1;1;0;0;2;5;0;-11;12;80,0;23;67;44;15;31;16;8;36;28;17;21;4;13;27;40;16;14;2;0;1;25;22;0;63;77,24;76,08;38,33;91,92128430864838;122,2397476340694;-30,31846332542102;0,40298507462686567;0,4656348373557188;69,56521739130434;18,125323666494047;29,545454545454547;69,23076923076923;48,19277108433735;0,31343283582089554;0,5373134328358209;49,873502063219284;0,5506607929515418;0,3333333333333333;0,0;9,920634920634921;17,371163867979153;19,598236158745713;18,417619522676695;5,0232072173441304;-0,0;1,1666666666666667;0,16666666666666666;1,6666666666666667
5_GIR_J2;5;GIR;2;71;UCM;93;True;False;False;15,283333333333333;917;6;0;4;4;0;1;1;0;3;3;6;6;0;0;0;0;3;3;1;0;0;1;3;0;-7;5;80,0;23;67;44;15;31;16;8;36;28;17;21;4;13;27;40;16;14;2;0;1;25;22;0;63;77,24;76,08;38,33;91,92128430864838;122,2397476340694;-30,31846332542102;0,40298507462686567;0,4656348373557188;69,56521739130434;18,125323666494047;29,545454545454547;69,23076923076923;48,19277108433735;0,31343283582089554;0,5373134328358209;65,32909929085625;0,4518072289156626;0,0;68,2755677777251;31,12033195020747;0,0;0,0;0,0;6,880205305326312;-0,0;1,5;0,75;1,5
7_GIR_J2;7;GIR;2;71;UCM;93;True;False;False;16,783333333333335;1007;10;4;7;3;3;3;0;1;4;3;1;1;0;2;2;4;0;0;0;0;0;2;1;0;-8;10;80,0;23;67;44;15;31;16;8;36;28;17;21;4;13;27;40;16;14;2;0;1;25;22;0;63;77,24;76,08;38,33;91,92128430864838;122,2397476340694;-30,31846332542102;0,40298507462686567;0,4656348373557188;69,56521739130434;18,125323666494047;29,545454545454547;69,23076923076923;48,19277108433735;0,31343283582089554;0,5373134328358209;45,9137153339364;0,6720430107526881;0,6428571428571429;0,0;0,0;21,66651620474858;24,444274692536855;22,97172802431174;0,0;-0,0;0,14285714285714285;0,5714285714285714;1,4285714285714286
8_GIR_J2;8;GIR;2;71;UCM;93;True;True;False;25,3;1518;16;5;12;7;1;4;3;4;8;4;2;2;0;0;1;1;0;1;0;0;1;2;1;0;-7;7;80,0;23;67;44;15;31;16;8;36;28;17;21;4;13;27;40;16;14;2;0;1;25;22;0;63;77,24;76,08;38,33;91,92128430864838;122,2397476340694;-30,31846332542102;0,40298507462686567;0,4656348373557188;69,56521739130434;18,125323666494047;29,545454545454547;69,23076923076923;48,19277108433735;0,31343283582089554;0,5373134328358209;56,82201976079895;0,6211180124223602;0,5833333333333334;0,0;7,204610951008645;0,0;8,107834194790716;3,8097052240582885;0,0;-0,0;0,16666666666666666;0,6666666666666666;1,3333333333333333
9_GIR_J2;9;GIR;2;71;UCM;93;True;False;False;3,5833333333333335;215;0;0;1;1;0;0;0;0;1;1;0;0;0;0;0;0;0;0;0;0;0;0;0;0;-4;-1;80,0;23;67;44;15;31;16;8;36;28;17;21;4;13;27;40;16;14;2;0;1;25;22;0;63;77,24;76,08;38,33;91,92128430864838;122,2397476340694;-30,31846332542102;0,40298507462686567;0,4656348373557188;69,56521739130434;18,125323666494047;29,545454545454547;69,23076923076923;48,19277108433735;0,31343283582089554;0,5373134328358209;28,90417063095396;0,0;0,0;0,0;0,0;0,0;0,0;0,0;0,0;-0,0;0,0;1,0;0,0
10_GIR_J2;10;GIR;2;71;UCM;93;True;False;False;16,983333333333334;1019;7;2;7;5;1;1;0;1;6;5;2;2;0;1;1;2;2;1;0;0;0;1;2;0;-18;6;80,0;23;67;44;15;31;16;8;36;28;17;21;4;13;27;40;16;14;2;0;1;25;22;0;63;77,24;76,08;38,33;91,92128430864838;122,2397476340694;-30,31846332542102;0,40298507462686567;0,4656348373557188;69,56521739130434;18,125323666494047;29,545454545454547;69,23076923076923;48,19277108433735;0,31343283582089554;0,5373134328358209;54,1548994785253;0,44416243654822335;0,35714285714285715;69,379200693792;11,261261261261263;10,705682933357124;12,078206386351626;11,350603591993094;0,0;-0,0;0,2857142857142857;0,8571428571428571;1,0
11_GIR_J2;11;GIR;2;71;UCM;93;True;True;False;21,133333333333333;1268;2;1;9;8;1;5;4;0;4;4;0;0;0;1;1;2;5;2;0;0;0;3;2;0;-11;-2;80,0;23;67;44;15;31;16;8;36;28;17;21;4;13;27;40;16;14;2;0;1;25;22;0;63;77,24;76,08;38,33;91,92128430864838;122,2397476340694;-30,31846332542102;0,40298507462686567;0,4656348373557188;69,56521739130434;18,125323666494047;29,545454545454547;69,23076923076923;48,19277108433735;0,31343283582089554;0,5373134328358209;53,910381342433844;0,1111111111111111;0,1111111111111111;98,50599244787391;18,181818181818183;8,603383997705764;9,70638194612958;9,12166014214587;0,0;-0,0;0,0;0,4444444444444444;0,2222222222222222
12_GIR_J2;12;GIR;2;71;UCM;93;True;False;False;20,95;1257;6;3;6;3;3;4;1;0;2;2;0;0;0;2;10;12;3;1;0;0;0;2;1;0;-11;16;80,0;23;67;44;15;31;16;8;36;28;17;21;4;13;27;40;16;14;2;0;1;25;22;0;63;77,24;76,08;38,33;91,92128430864838;122,2397476340694;-30,31846332542102;0,40298507462686567;0,4656348373557188;69,56521739130434;18,125323666494047;29,545454545454547;69,23076923076923;48,19277108433735;0,31343283582089554;0,5373134328358209;34,6068232295829;0,5;0,5;99,235063055613;14,285714285714286;17,357344326318074;97,91322440487119;55,20890243551773;0,0;-0,0;0,0;0,3333333333333333;1,0
21_GIR_J2;21;GIR;2;71;UCM;93;True;True;False;14,0;840;4;2;5;3;2;4;2;0;1;1;0;1;1;0;2;2;0;2;0;0;0;4;4;0;-10;0;80,0;23;67;44;15;31;16;8;36;28;17;21;4;13;27;40;16;14;2;0;1;25;22;0;63;77,24;76,08;38,33;91,92128430864838;122,2397476340694;-30,31846332542102;0,40298507462686567;0,4656348373557188;69,56521739130434;18,125323666494047;29,545454545454547;69,23076923076923;48,19277108433735;0,31343283582089554;0,5373134328358209;55,041799215802335;0,3676470588235294;0,4;0,0;26,881720430107524;0,0;29,304029304029303;13,769363166953529;0,0;-0,0;0,2;0,2;0,8
23_GIR_J2;23;GIR;2;71;UCM;93;True;True;False;23,85;1431;5;2;6;4;1;3;2;1;3;2;0;2;2;2;4;6;2;0;0;0;0;1;2;0;-9;8;80,0;23;67;44;15;31;16;8;36;28;17;21;4;13;27;40;16;14;2;0;1;25;22;0;63;77,24;76,08;38,33;91,92128430864838;122,2397476340694;-30,31846332542102;0,40298507462686567;0,4656348373557188;69,56521739130434;18,125323666494047;29,545454545454547;69,23076923076923;48,19277108433735;0,31343283582089554;0,5373134328358209;29,87774227624535;0,3633720930232558;0,4166666666666667;41,178741474713675;0,0;15,246807699637888;34,40305327097779;24,247935136773506;0,0;-0,0;0,3333333333333333;0,5;0,8333333333333334
25_GIR_J2;25;GIR;2;71;UCM;93;True;False;False;5,05;303;0;0;0;0;0;0;0;0;0;0;0;0;0;1;1;2;0;0;0;0;0;4;0;0;-1;-2;80,0;23;67;44;15;31;16;8;36;28;17;21;4;13;27;40;16;14;2;0;1;25;22;0;63;77,24;76,08;38,33;91,92128430864838;122,2397476340694;-30,31846332542102;0,40298507462686567;0,4656348373557188;69,56521739130434;18,125323666494047;29,545454545454547;69,23076923076923;48,19277108433735;0,31343283582089554;0,5373134328358209;0,0;0,0;0,0;0,0;0,0;36,003600360036;40,61944656004062;38,17249194798998;0,0;-0,0;0,0;0,0;0,0
29_GIR_J2;29;GIR;2;71;UCM;93;True;False;False;16,15;969;5;2;4;2;1;1;0;1;3;2;0;0;0;0;1;1;1;1;0;0;0;2;1;0;-13;3;80,0;23;67;44;15;31;16;8;36;28;17;21;4;13;27;40;16;14;2;0;1;25;22;0;63;77,24;76,08;38,33;91,92128430864838;122,2397476340694;-30,31846332542102;0,40298507462686567;0,4656348373557188;69,56521739130434;18,125323666494047;29,545454545454547;69,23076923076923;48,19277108433735;0,31343283582089554;0,5373134328358209;32,06603036973737;0,625;0,625;37,834003310475296;20,0;0,0;12,701436850043663;5,968145025924131;0,0;-0,0;0,0;0,75;1,25
GIR_GIR_J2;GIR;GIR;2;71;UCM;93;True;False;False;200,0;12000;0;0;0;0;0;0;0;0;0;0;0;0;0;2;2;4;0;2;0;0;0;1;0;0;0;1;80,0;23;67;44;15;31;16;8;36;28;17;21;4;13;27;40;16;14;2;0;1;25;22;0;63;77,24;76,08;38,33;91,92128430864838;122,2397476340694;-30,31846332542102;0,40298507462686567;0,4656348373557188;69,56521739130434;18,125323666494047;29,545454545454547;69,23076923076923;48,19277108433735;0,31343283582089554;0,5373134328358209;1,035732780942517;0,0;0,0;0,0;100,0;1,8181818181818181;2,051282051282051;1,927710843373494;0,0;-0,0;0,0;0,0;0,0
0_UCM_J2;0;UCM;2;93;GIR;71;False;False;True;21,716666666666665;1303;11;3;6;3;3;6;3;0;0;0;5;6;1;3;4;7;0;1;0;0;0;4;7;1;25;16;80,0;27;66;39;16;30;14;11;36;25;28;32;4;12;31;43;9;8;7;1;0;22;23;1;103;76,08;77,24;38,33;122,2397476340694;91,92128430864838;30,31846332542102;0,49242424242424243;0,5806693306693307;33,333333333333336;10,515247108307046;30,76923076923077;70,45454545454545;51,80722891566265;0,48484848484848486;0,5454545454545454;46,677044723290834;0,6365740740740741;0,5;0,0;10,373443983402488;28,336973847334555;33,489150910486295;31,068248435029453;0,0;-0,0;1,0;0,0;1,8333333333333333
1_UCM_J2;1;UCM;2;93;GIR;71;False;False;True;19,666666666666668;1180;16;4;11;7;1;2;1;3;9;6;5;5;0;0;3;3;1;2;0;0;0;2;4;0;11;13;80,0;27;66;39;16;30;14;11;36;25;28;32;4;12;31;43;9;8;7;1;0;22;23;1;103;76,08;77,24;38,33;122,2397476340694;91,92128430864838;30,31846332542102;0,49242424242424243;0,5806693306693307;33,333333333333336;10,515247108307046;30,76923076923077;70,45454545454545;51,80722891566265;0,48484848484848486;0,5454545454545454;81,2703844303053;0,6060606060606061;0,5;37,91469194312796;13,157894736842106;0,0;27,73497688751926;14,702879313865632;0,0;-0,0;0,45454545454545453;0,8181818181818182;1,4545454545454546
2_UCM_J2;2;UCM;2;93;GIR;71;False;False;True;22,733333333333334;1364;9;3;5;2;2;2;0;1;3;2;2;2;0;1;3;4;0;1;0;0;0;3;2;0;23;9;80,0;27;66;39;16;30;14;11;36;25;28;32;4;12;31;43;9;8;7;1;0;22;23;1;103;76,08;77,24;38,33;122,2397476340694;91,92128430864838;30,31846332542102;0,49242424242424243;0,5806693306693307;33,333333333333336;10,515247108307046;30,76923076923077;70,45454545454545;51,80722891566265;0,48484848484848486;0,5454545454545454;31,823269840976156;0,7653061224489796;0,7;0,0;14,534883720930234;9,023234829686443;23,993601706211678;16,959332932904637;0,0;-0,0;0,4;0,6;1,8
5_UCM_J2;5;UCM;2;93;GIR;71;False;True;True;20,133333333333333;1208;11;5;13;8;4;8;4;1;5;4;0;0;0;1;2;3;3;0;1;0;0;1;0;0;7;9;80,0;27;66;39;16;30;14;11;36;25;28;32;4;12;31;43;9;8;7;1;0;22;23;1;103;76,08;77,24;38,33;122,2397476340694;91,92128430864838;30,31846332542102;0,49242424242424243;0,5806693306693307;33,333333333333336;10,515247108307046;30,76923076923077;70,45454545454545;51,80722891566265;0,48484848484848486;0,5454545454545454;67,89646311655211;0,4230769230769231;0,4230769230769231;167,13091922005572;0,0;10,188487009679063;18,06140878988561;14,36208409798133;5,144368117264157;-0,0;0,0;0,38461538461538464;0,8461538461538461
8_UCM_J2;8;UCM;2;93;GIR;71;False;True;True;14,033333333333333;842;6;1;2;1;0;0;0;1;2;1;3;4;1;1;1;2;0;2;2;0;0;3;2;0;3;5;80,0;27;66;39;16;30;14;11;36;25;28;32;4;12;31;43;9;8;7;1;0;22;23;1;103;76,08;77,24;38,33;122,2397476340694;91,92128430864838;30,31846332542102;0,49242424242424243;0,5806693306693307;33,333333333333336;10,515247108307046;30,76923076923077;70,45454545454545;51,80722891566265;0,48484848484848486;0,5454545454545454;43,159969128633186;0,797872340425532;0,75;0,0;34,72222222222222;14,617211766855474;12,95616497516735;13,736656841141288;14,761037258088127;-0,0;2,0;1,0;3,0
12_UCM_J2;12;UCM;2;93;GIR;71;False;False;True;23,4;1404;10;3;7;4;1;1;0;2;6;4;2;2;0;0;5;5;3;0;1;0;0;3;2;0;32;14;80,0;27;66;39;16;30;14;11;36;25;28;32;4;12;31;43;9;8;7;1;0;22;23;1;103;76,08;77,24;38,33;122,2397476340694;91,92128430864838;30,31846332542102;0,49242424242424243;0,5806693306693307;33,333333333333336;10,515247108307046;30,76923076923077;70,45454545454545;51,80722891566265;0,48484848484848486;0,5454545454545454;35,410319321991246;0,6345177664974619;0,5714285714285714;61,255742725880566;0,0;0,0;38,85003885003886;20,595201318092887;4,426208465566312;-0,0;0,2857142857142857;0,8571428571428571;1,4285714285714286
13_UCM_J2;13;UCM;2;93;GIR;71;False;False;True;9,9;594;2;1;2;1;1;1;0;0;1;1;0;0;0;3;2;5;0;0;0;0;0;2;0;0;13;4;80,0;27;66;39;16;30;14;11;36;25;28;32;4;12;31;43;9;8;7;1;0;22;23;1;103;76,08;77,24;38,33;122,2397476340694;91,92128430864838;30,31846332542102;0,49242424242424243;0,5806693306693307;33,333333333333336;10,515247108307046;30,76923076923077;70,45454545454545;51,80722891566265;0,48484848484848486;0,5454545454545454;21,242923451125343;0,5;0,5;0,0;0,0;62,160062160062154;36,73094582185491;48,67956675185591;0,0;-0,0;0,0;0,5;1,0
15_UCM_J2;15;UCM;2;93;GIR;71;False;True;True;18,283333333333335;1097;4;1;3;2;1;3;2;0;0;0;2;4;2;3;3;6;0;0;2;0;0;1;2;0;-3;9;80,0;27;66;39;16;30;14;11;36;25;28;32;4;12;31;43;9;8;7;1;0;22;23;1;103;76,08;77,24;38,33;122,2397476340694;91,92128430864838;30,31846332542102;0,49242424242424243;0,5806693306693307;33,333333333333336;10,515247108307046;30,76923076923077;70,45454545454545;51,80722891566265;0,48484848484848486;0,5454545454545454;27,376067220897824;0,42016806722689076;0,3333333333333333;0,0;0,0;33,65822873571278;29,83343001574542;31,630624595007188;11,329802526262718;-0,0;1,3333333333333333;0,0;1,3333333333333333
21_UCM_J2;21;UCM;2;93;GIR;71;False;False;True;0,0;0;0;0;0;0;0;0;0;0;0;0;0;0;0;0;0;0;0;0;0;0;0;0;0;0;0;0;80,0;27;66;39;16;30;14;11;36;25;28;32;4;12;31;43;9;8;7;1;0;22;23;1;103;76,08;77,24;38,33;122,2397476340694;91,92128430864838;30,31846332542102;0,49242424242424243;0,5806693306693307;33,333333333333336;10,515247108307046;30,76923076923077;70,45454545454545;51,80722891566265;0,48484848484848486;0,5454545454545454;0,0;0,0;0,0;0,0;0,0;0,0;0,0;0,0;0,0;0,0;0,0;0,0;0,0
24_UCM_J2;24;UCM;2;93;GIR;71;False;False;True;9,966666666666667;598;3;1;2;1;0;0;0;1;2;1;0;0;0;0;1;1;0;0;0;1;0;1;0;0;8;3;80,0;27;66;39;16;30;14;11;36;25;28;32;4;12;31;43;9;8;7;1;0;22;23;1;103;76,08;77,24;38,33;122,2397476340694;91,92128430864838;30,31846332542102;0,49242424242424243;0,5806693306693307;33,333333333333336;10,515247108307046;30,76923076923077;70,45454545454545;51,80722891566265;0,48484848484848486;0,5454545454545454;21,100830317673;0,75;0,75;0,0;0,0;0,0;18,242626938279113;9,670790184147963;0,0;-160,53511705685617;0,0;1,0;1,5
31_UCM_J2;31;UCM;2;93;GIR;71;False;True;True;20,033333333333335;1202;11;2;8;6;1;3;2;1;5;4;6;6;0;0;2;2;1;2;1;0;0;0;3;0;-10;10;80,0;27;66;39;16;30;14;11;36;25;28;32;4;12;31;43;9;8;7;1;0;22;23;1;103;76,08;77,24;38,33;122,2397476340694;91,92128430864838;30,31846332542102;0,49242424242424243;0,5806693306693307;33,333333333333336;10,515247108307046;30,76923076923077;70,45454545454545;51,80722891566265;0,48484848484848486;0,5454545454545454;66,34578541547472;0,5169172932330827;0,3125;21,00288789708585;15,822784810126581;0,0;18,15156557253063;9,62251668905238;5,17004715944684;-0,0;0,75;0,625;1,375
99_UCM_J2;99;UCM;2;93;GIR;71;False;True;True;20,133333333333333;1208;10;3;7;4;2;4;2;1;3;2;3;3;0;0;0;0;1;0;0;0;0;2;1;0;1;6;80,0;27;66;39;16;30;14;11;36;25;28;32;4;12;31;43;9;8;7;1;0;22;23;1;103;76,08;77,24;38,33;122,2397476340694;91,92128430864838;30,31846332542102;0,49242424242424243;0,5806693306693307;33,333333333333336;10,515247108307046;30,76923076923077;70,45454545454545;51,80722891566265;0,48484848484848486;0,5454545454545454;43,453736394593356;0,6009615384615384;0,5;26,350461133069828;0,0;0,0;0,0;0,0;0,0;-0,0;0,42857142857142855;0,42857142857142855;1,4285714285714286
UCM_UCM_J2;UCM;UCM;2;93;GIR;71;False;False;True;200,0;12000;0;0;0;0;0;0;0;0;0;0;0;0;0;0;5;5;0;0;0;0;0;0;0;0;0;5;80,0;27;66;39;16;30;14;11;36;25;28;32;4;12;31;43;9;8;7;1;0;22;23;1;103;76,08;77,24;38,33;122,2397476340694;91,92128430864838;30,31846332542102;0,49242424242424243;0,5806693306693307;33,333333333333336;10,515247108307046;30,76923076923077;70,45454545454545;51,80722891566265;0,48484848484848486;0,5454545454545454;0,0;0,0;0,0;0,0;0,0;0,0;4,545454545454546;2,4096385542168677;0,0;-0,0;0,0;0,0;0,0
0_MBA_J2;0;MBA;2;64;LLT;96;True;True;False;20,083333333333332;1205;8;2;9;7;1;6;5;1;3;2;3;3;0;1;0;1;2;4;1;0;1;3;3;0;-21;0;80,0;22;59;37;14;32;18;8;27;19;12;19;7;15;23;38;9;19;5;1;1;23;16;2;46;71,36;72,0;35,84;89,68609865470852;133,33333333333334;-43,64723467862483;0,4406779661016949;0,4750593824228029;40,90909090909091;26,62556053811659;38,46153846153846;82,14285714285714;56,71641791044776;0,3220338983050847;0,4576271186440678;79,93599166403067;0,38759689922480617;0,2777777777777778;56,77114133648729;27,932960893854748;10,213852537503989;0,0;5,9453768501888895;5,532503457814661;-0,0;0,3333333333333333;0,3333333333333333;0,8888888888888888
00_MBA_J2;00;MBA;2;64;LLT;96;True;False;False;15,216666666666667;913;7;3;4;1;3;4;1;0;0;0;1;3;2;4;2;6;0;4;0;0;0;4;2;0;-27;4;80,0;22;59;37;14;32;18;8;27;19;12;19;7;15;23;38;9;19;5;1;1;23;16;2;46;71,36;72,0;35,84;89,68609865470852;133,33333333333334;-43,64723467862483;0,4406779661016949;0,4750593824228029;40,90909090909091;26,62556053811659;38,46153846153846;82,14285714285714;56,71641791044776;0,3220338983050847;0,4576271186440678;68,66438440267389;0,6578947368421052;0,75;0,0;42,918454935622314;53,921981632825;37,552808637145986;47,08113321672034;0,0;-0,0;0,75;0,0;1,75
3_MBA_J2;3;MBA;2;64;LLT;96;True;True;False;22,583333333333332;1355;5;1;7;6;0;3;3;1;4;3;2;4;2;0;4;4;1;1;0;0;0;0;2;0;-9;3;80,0;22;59;37;14;32;18;8;27;19;12;19;7;15;23;38;9;19;5;1;1;23;16;2;46;71,36;72,0;35,84;89,68609865470852;133,33333333333334;-43,64723467862483;0,4406779661016949;0,4750593824228029;40,90909090909091;26,62556053811659;38,46153846153846;82,14285714285714;56,71641791044776;0,3220338983050847;0,4576271186440678;48,45034997435176;0,2853881278538813;0,21428571428571427;19,192323070771693;10,245901639344263;0,0;50,60622034791777;21,148868205099962;0,0;-0,0;0,5714285714285714;0,5714285714285714;0,7142857142857143
5_MBA_J2;5;MBA;2;64;LLT;96;True;False;False;15,6;936;7;2;3;1;1;2;1;1;1;0;2;3;1;0;1;1;4;1;2;0;0;2;1;0;-3;10;80,0;22;59;37;14;32;18;8;27;19;12;19;7;15;23;38;9;19;5;1;1;23;16;2;46;71,36;72,0;35,84;89,68609865470852;133,33333333333334;-43,64723467862483;0,4406779661016949;0,4750593824228029;40,90909090909091;26,62556053811659;38,46153846153846;82,14285714285714;56,71641791044776;0,3220338983050847;0,4576271186440678;38,231574106013575;0,8101851851851851;0,8333333333333334;174,67248908296943;18,796992481203006;0,0;18,315018315018314;7,654037504783773;14,245014245014245;-0,0;1,0;0,3333333333333333;2,3333333333333335
11_MBA_J2;11;MBA;2;64;LLT;96;True;False;False;16,533333333333335;992;6;2;5;3;0;0;0;2;5;3;0;0;0;1;2;3;0;1;0;0;0;2;0;0;-15;3;80,0;22;59;37;14;32;18;8;27;19;12;19;7;15;23;38;9;19;5;1;1;23;16;2;46;71,36;72,0;35,84;89,68609865470852;133,33333333333334;-43,64723467862483;0,4406779661016949;0,4750593824228029;40,90909090909091;26,62556053811659;38,46153846153846;82,14285714285714;56,71641791044776;0,3220338983050847;0,4576271186440678;40,68421813973672;0,6;0,6;0,0;16,666666666666668;12,406947890818858;34,56221198156682;21,665864227250843;0,0;-0,0;0,0;1,0;1,2
13_MBA_J2;13;MBA;2;64;LLT;96;True;True;False;16,416666666666668;985;3;1;4;3;0;1;1;1;3;2;0;0;0;0;1;1;0;0;1;0;0;3;1;0;-10;0;80,0;22;59;37;14;32;18;8;27;19;12;19;7;15;23;38;9;19;5;1;1;23;16;2;46;71,36;72,0;35,84;89,68609865470852;133,33333333333334;-43,64723467862483;0,4406779661016949;0,4750593824228029;40,90909090909091;26,62556053811659;38,46153846153846;82,14285714285714;56,71641791044776;0,3220338983050847;0,4576271186440678;27,315563042043205;0,375;0,375;0,0;0,0;0,0;17,403915881073242;7,2732782786574735;6,768189509306261;-0,0;0,0;0,75;0,75
20_MBA_J2;20;MBA;2;64;LLT;96;True;False;False;5,966666666666667;358;0;0;1;1;0;1;1;0;0;0;0;0;0;0;0;0;0;2;1;0;0;1;1;0;-13;-2;80,0;22;59;37;14;32;18;8;27;19;12;19;7;15;23;38;9;19;5;1;1;23;16;2;46;71,36;72,0;35,84;89,68609865470852;133,33333333333334;-43,64723467862483;0,4406779661016949;0,4750593824228029;40,90909090909091;26,62556053811659;38,46153846153846;82,14285714285714;56,71641791044776;0,3220338983050847;0,4576271186440678;56,36696144499837;0,0;0,0;0,0;66,66666666666667;0,0;0,0;0,0;18,6219739292365;-0,0;0,0;0,0;0,0
22_MBA_J2;22;MBA;2;64;LLT;96;True;False;False;20,633333333333333;1238;5;2;6;4;1;1;0;1;5;4;0;0;0;3;4;7;0;1;0;0;0;1;0;0;-25;6;80,0;22;59;37;14;32;18;8;27;19;12;19;7;15;23;38;9;19;5;1;1;23;16;2;46;71,36;72,0;35,84;89,68609865470852;133,33333333333334;-43,64723467862483;0,4406779661016949;0,4750593824228029;40,90909090909091;26,62556053811659;38,46153846153846;82,14285714285714;56,71641791044776;0,3220338983050847;0,4576271186440678;38,033280931924054;0,4166666666666667;0,4166666666666667;0,0;14,285714285714286;29,824779420902203;55,388876067389795;40,50828249704627;0,0;-0,0;0,0;0,8333333333333334;0,8333333333333334
24_MBA_J2;24;MBA;2;64;LLT;96;True;False;False;22,816666666666666;1369;5;2;8;6;1;5;4;1;3;2;0;0;0;1;1;2;2;2;0;0;0;2;0;0;-25;-1;80,0;22;59;37;14;32;18;8;27;19;12;19;7;15;23;38;9;19;5;1;1;23;16;2;46;71,36;72,0;35,84;89,68609865470852;133,33333333333334;-43,64723467862483;0,4406779661016949;0,4750593824228029;40,90909090909091;26,62556053811659;38,46153846153846;82,14285714285714;56,71641791044776;0,3220338983050847;0,4576271186440678;49,134093492353095;0,3125;0,3125;46,788185983039284;20,0;8,990279260549531;12,522174684336846;10,4662952585502;0,0;-0,0;0,0;0,375;0,625
32_MBA_J2;32;MBA;2;64;LLT;96;True;False;False;16,516666666666666;991;16;6;6;0;6;6;0;0;0;0;4;4;0;3;3;6;0;0;0;1;0;1;2;2;6;24;80,0;22;59;37;14;32;18;8;27;19;12;19;7;15;23;38;9;19;5;1;1;23;16;2;46;71,36;72,0;35,84;89,68609865470852;133,33333333333334;-43,64723467862483;0,4406779661016949;0,4750593824228029;40,90909090909091;26,62556053811659;38,46153846153846;82,14285714285714;56,71641791044776;0,3220338983050847;0,4576271186440678;52,6713515812718;1,0309278350515465;1,0;-0,0;0,0;37,25840254599084;51,8956321176301;43,375453710258;0,0;-96,87184661957619;0,6666666666666666;0,0;2,6666666666666665
35_MBA_J2;35;MBA;2;64;LLT;96;True;True;False;19,366666666666667;1162;0;0;3;3;0;0;0;0;3;3;0;2;2;1;2;3;0;1;0;0;0;1;2;0;-7;-2;80,0;22;59;37;14;32;18;8;27;19;12;19;7;15;23;38;9;19;5;1;1;23;16;2;46;71,36;72,0;35,84;89,68609865470852;133,33333333333334;-43,64723467862483;0,4406779661016949;0,4750593824228029;40,90909090909091;26,62556053811659;38,46153846153846;82,14285714285714;56,71641791044776;0,3220338983050847;0,4576271186440678;28,248805600364303;0,0;0,0;0,0;20,491803278688526;10,591817820733482;29,50577821490042;18,496159477997278;0,0;-0,0;0,6666666666666666;1,0;0,0
99_MBA_J2;99;MBA;2;64;LLT;96;True;True;False;8,266666666666667;496;2;1;3;2;1;3;2;0;0;0;0;0;0;0;3;3;0;2;0;0;0;3;2;0;-11;0;80,0;22;59;37;14;32;18;8;27;19;12;19;7;15;23;38;9;19;5;1;1;23;16;2;46;71,36;72,0;35,84;89,68609865470852;133,33333333333334;-43,64723467862483;0,4406779661016949;0,4750593824228029;40,90909090909091;26,62556053811659;38,46153846153846;82,14285714285714;56,71641791044776;0,3220338983050847;0,4576271186440678;67,80703023289453;0,3333333333333333;0,3333333333333333;0,0;40,0;0,0;103,68663594470044;43,331728454501686;0,0;-0,0;0,0;0,0;0,6666666666666666
MBA_MBA_J2;MBA;MBA;2;64;LLT;96;True;False;False;200,0;12000;0;0;0;0;0;0;0;0;0;0;0;0;0;1;0;1;0;0;0;0;0;0;0;0;0;1;80,0;22;59;37;14;32;18;8;27;19;12;19;7;15;23;38;9;19;5;1;1;23;16;2;46;71,36;72,0;35,84;89,68609865470852;133,33333333333334;-43,64723467862483;0,4406779661016949;0,4750593824228029;40,90909090909091;26,62556053811659;38,46153846153846;82,14285714285714;56,71641791044776;0,3220338983050847;0,4576271186440678;0,0;0,0;0,0;0,0;0,0;1,0256410256410255;0,0;0,5970149253731343;0,0;-0,0;0,0;0,0;0,0
2_LLT_J2;2;LLT;2;96;MBA;64;False;False;True;8,116666666666667;487;5;2;3;1;2;3;1;0;0;0;1;1;0;0;1;1;0;0;1;0;0;3;1;0;4;4;80,0;30;59;29;17;27;10;13;32;19;23;25;2;5;24;29;20;7;9;1;1;16;23;1;123;72,0;71,36;35,84;133,33333333333334;89,68609865470852;43,64723467862483;0,6186440677966102;0,6857142857142857;66,66666666666667;9,722222222222221;17,857142857142858;61,53846153846154;43,28358208955224;0,423728813559322;0,5423728813559322;47,091033538672136;0,7267441860465116;0,6666666666666666;0,0;0,0;0,0;25,27246880429632;14,710840050262036;13,812027513558807;0,0;0,3333333333333333;0,0;1,6666666666666667
3_LLT_J2;3;LLT;2;96;MBA;64;False;False;True;18,683333333333334;1121;19;5;9;4;3;3;0;2;6;4;7;7;0;0;4;4;4;1;4;0;0;2;5;0;17;29;80,0;30;59;29;17;27;10;13;32;19;23;25;2;5;24;29;20;7;9;1;1;16;23;1;123;72,0;71,36;35,84;133,33333333333334;89,68609865470852;43,64723467862483;0,6186440677966102;0,6857142857142857;66,66666666666667;9,722222222222221;17,857142857142858;61,53846153846154;43,28358208955224;0,423728813559322;0,5423728813559322;77,78768956289028;0,7864238410596026;0,6666666666666666;199,37694704049838;7,6452599388379205;0,0;43,91683249845605;25,563529364772926;24,001632110983547;0,0;0,7777777777777778;0,6666666666666666;2,111111111111111
4_LLT_J2;4;LLT;2;96;MBA;64;False;False;True;8,516666666666667;511;5;1;2;1;1;2;1;0;0;0;3;3;0;0;0;0;2;0;0;0;0;1;1;0;-6;6;80,0;30;59;29;17;27;10;13;32;19;23;25;2;5;24;29;20;7;9;1;1;16;23;1;123;72,0;71,36;35,84;133,33333333333334;89,68609865470852;43,64723467862483;0,6186440677966102;0,6857142857142857;66,66666666666667;9,722222222222221;17,857142857142858;61,53846153846154;43,28358208955224;0,423728813559322;0,5423728813559322;43,31376386170907;0,753012048192771;0,5;91,16809116809115;0,0;0,0;0,0;0,0;0,0;0,0;1,5;0,0;2,5
6_LLT_J2;6;LLT;2;96;MBA;64;False;True;True;24,7;1482;9;3;8;5;1;1;0;2;7;5;1;1;0;0;1;1;3;0;1;0;1;2;2;0;22;8;80,0;30;59;29;17;27;10;13;32;19;23;25;2;5;24;29;20;7;9;1;1;16;23;1;123;72,0;71,36;35,84;133,33333333333334;89,68609865470852;43,64723467862483;0,6186440677966102;0,6857142857142857;66,66666666666667;9,722222222222221;17,857142857142858;61,53846153846154;43,28358208955224;0,423728813559322;0,5423728813559322;37,96671165092218;0,533175355450237;0,5;47,904191616766475;0,0;0,0;8,304785632720856;4,834128950389752;4,538770174833427;0,0;0,125;0,875;1,125
9_LLT_J2;9;LLT;2;96;MBA;64;False;True;True;16,166666666666668;970;6;2;4;2;0;2;2;2;2;0;0;0;0;0;2;2;5;1;1;0;0;0;0;0;21;11;80,0;30;59;29;17;27;10;13;32;19;23;25;2;5;24;29;20;7;9;1;1;16;23;1;123;72,0;71,36;35,84;133,33333333333334;89,68609865470852;43,64723467862483;0,6186440677966102;0,6857142857142857;66,66666666666667;9,722222222222221;17,857142857142858;61,53846153846154;43,28358208955224;0,423728813559322;0,5423728813559322;34,36426116838488;0,75;0,75;123,07692307692308;20,0;0,0;25,376685170499602;14,771503308201261;6,934492164023854;0,0;0,0;0,5;1,5
11_LLT_J2;11;LLT;2;96;MBA;64;False;True;True;15,816666666666666;949;8;3;7;4;1;2;1;2;5;3;0;0;0;1;3;4;3;0;0;0;0;1;1;0;20;11;80,0;30;59;29;17;27;10;13;32;19;23;25;2;5;24;29;20;7;9;1;1;16;23;1;123;72,0;71,36;35,84;133,33333333333334;89,68609865470852;43,64723467862483;0,6186440677966102;0,6857142857142857;66,66666666666667;9,722222222222221;17,857142857142858;61,53846153846154;43,28358208955224;0,423728813559322;0,5423728813559322;49,17456972251493;0,5714285714285714;0,5714285714285714;102,34541577825162;0,0;18,06412765316875;38,907351868363456;30,196750703804476;0,0;0,0;0,0;0,7142857142857143;1,1428571428571428
15_LLT_J2;15;LLT;2;96;MBA;64;False;False;True;20,083333333333332;1205;3;1;4;3;0;2;2;1;2;1;0;0;0;0;0;0;2;1;0;0;0;1;0;0;16;0;80,0;30;59;29;17;27;10;13;32;19;23;25;2;5;24;29;20;7;9;1;1;16;23;1;123;72,0;71,36;35,84;133,33333333333334;89,68609865470852;43,64723467862483;0,6186440677966102;0,6857142857142857;66,66666666666667;9,722222222222221;17,857142857142858;61,53846153846154;43,28358208955224;0,423728813559322;0,5423728813559322;27,662517289073307;0,375;0,375;30,62200956937799;20,0;0,0;0,0;0,0;0,0;0,0;0,0;0,5;0,75
19_LLT_J2;19;LLT;2;96;MBA;64;False;False;True;20,683333333333334;1241;18;6;7;1;6;7;1;0;0;0;6;8;2;1;8;9;0;0;0;0;0;1;7;1;37;30;80,0;30;59;29;17;27;10;13;32;19;23;25;2;5;24;29;20;7;9;1;1;16;23;1;123;72,0;71,36;35,84;133,33333333333334;89,68609865470852;43,64723467862483;0,6186440677966102;0,6857142857142857;66,66666666666667;9,722222222222221;17,857142857142858;61,53846153846154;43,28358208955224;0,423728813559322;0,5423728813559322;56,513564329841515;0,8555133079847909;0,8571428571428571;0,0;0,0;13,813744675952574;79,34048224136862;51,95617400507535;0,0;0,0;1,1428571428571428;0,0;2,5714285714285716
21_LLT_J2;21;LLT;2;96;MBA;64;False;False;True;15,55;933;2;1;2;1;1;1;0;0;1;1;0;0;0;1;1;2;1;1;1;0;0;1;1;0;12;4;80,0;30;59;29;17;27;10;13;32;19;23;25;2;5;24;29;20;7;9;1;1;16;23;1;123;72,0;71,36;35,84;133,33333333333334;89,68609865470852;43,64723467862483;0,6186440677966102;0,6857142857142857;66,66666666666667;9,722222222222221;17,857142857142858;61,53846153846154;43,28358208955224;0,423728813559322;0,5423728813559322;21,436227224008572;0,5;0,5;20,698576972833116;33,333333333333336;18,373909049150207;13,191524445543736;15,357297115707633;7,20949346098943;0,0;0,0;0,5;1,0
31_LLT_J2;31;LLT;2;96;MBA;64;False;False;True;21,233333333333334;1274;8;2;6;4;1;2;1;1;4;3;3;3;0;1;1;2;0;1;0;0;0;1;2;0;8;6;80,0;30;59;29;17;27;10;13;32;19;23;25;2;5;24;29;20;7;9;1;1;16;23;1;123;72,0;71,36;35,84;133,33333333333334;89,68609865470852;43,64723467862483;0,6186440677966102;0,6857142857142857;66,66666666666667;9,722222222222221;17,857142857142858;61,53846153846154;43,28358208955224;0,423728813559322;0,5423728813559322;43,537414965986386;0,5464480874316939;0,4166666666666667;0,0;12,019230769230768;13,455931823278762;9,660669001328342;11,246748986621053;0,0;0,0;0,5;0,6666666666666666;1,3333333333333333
35_LLT_J2;35;LLT;2;96;MBA;64;False;True;True;11,2;672;2;1;2;1;1;2;1;0;0;0;0;0;0;0;0;0;0;1;0;1;0;1;1;0;-9;1;80,0;30;59;29;17;27;10;13;32;19;23;25;2;5;24;29;20;7;9;1;1;16;23;1;123;72,0;71,36;35,84;133,33333333333334;89,68609865470852;43,64723467862483;0,6186440677966102;0,6857142857142857;66,66666666666667;9,722222222222221;17,857142857142858;61,53846153846154;43,28358208955224;0,423728813559322;0,5423728813559322;29,761904761904763;0,5;0,5;0,0;33,333333333333336;0,0;0,0;0,0;0,0;142,85714285714286;0,0;0,0;1,0
42_LLT_J2;42;LLT;2;96;MBA;64;False;True;True;19,25;1155;11;3;5;2;0;0;0;3;5;2;2;2;0;1;2;3;0;1;1;0;0;2;2;0;18;12;80,0;30;59;29;17;27;10;13;32;19;23;25;2;5;24;29;20;7;9;1;1;16;23;1;123;72,0;71,36;35,84;133,33333333333334;89,68609865470852;43,64723467862483;0,6186440677966102;0,6857142857142857;66,66666666666667;9,722222222222221;17,857142857142858;61,53846153846154;43,28358208955224;0,423728813559322;0,5423728813559322;39,711399711399714;0,935374149659864;0,9;0,0;14,534883720930234;14,84230055658627;21,31202131202131;18,608257414227563;5,823772639916138;0,0;0,4;1,0;2,2
LLT_LLT_J2;LLT;LLT;2;96;MBA;64;False;False;True;200,0;12000;0;0;0;0;0;0;0;0;0;0;0;0;0;0;1;1;0;0;0;0;0;0;0;0;0;1;80,0;30;59;29;17;27;10;13;32;19;23;25;2;5;24;29;20;7;9;1;1;16;23;1;123;72,0;71,36;35,84;133,33333333333334;89,68609865470852;43,64723467862483;0,6186440677966102;0,6857142857142857;66,66666666666667;9,722222222222221;17,857142857142858;61,53846153846154;43,28358208955224;0,423728813559322;0,5423728813559322;0,0;0,0;0,0;0,0;0,0;0,0;1,0256410256410255;0,5970149253731343;0,0;0,0;0,0;0,0;0,0
1_DGC_J2;1;DGC;2;72;UNI;81;True;False;False;0,13333333333333333;8;0;0;0;0;0;0;0;0;0;0;0;0;0;0;0;0;0;0;0;0;0;0;0;0;0;0;80,0;22;53;31;12;23;11;10;30;20;18;30;12;6;29;35;19;12;3;2;1;23;24;5;76;72,2;71,56;35,94;99,72299168975069;113,19172722191168;-13,468735532160991;0,5094339622641509;0,5438066465256798;86,36363636363636;16,620498614958446;18,75;82,85714285714286;52,23880597014925;0,5660377358490566;0,5660377358490566;0,0;0,0;0,0;0,0;0,0;0,0;0,0;0,0;0,0;0,0;0,0;0,0;0,0
2_DGC_J2;2;DGC;2;72;UNI;81;True;True;False;18,433333333333334;1106;7;2;6;4;2;3;1;0;3;3;3;4;1;0;1;1;0;1;0;1;0;3;2;0;-9;2;80,0;22;53;31;12;23;11;10;30;20;18;30;12;6;29;35;19;12;3;2;1;23;24;5;76;72,2;71,56;35,94;99,72299168975069;113,19172722191168;-13,468735532160991;0,5094339622641509;0,5438066465256798;86,36363636363636;16,620498614958446;18,75;82,85714285714286;52,23880597014925;0,5660377358490566;0,5660377358490566;52,6566249067038;0,45103092783505155;0,3333333333333333;0,0;11,415525114155251;0,0;12,399896667527772;6,477557960648835;0,0;144,66546112115734;0,6666666666666666;0,5;1,1666666666666667
4_DGC_J2;4;DGC;2;72;UNI;81;True;False;False;0,0;0;0;0;0;0;0;0;0;0;0;0;0;0;0;0;0;0;0;0;0;0;0;0;0;0;0;0;80,0;22;53;31;12;23;11;10;30;20;18;30;12;6;29;35;19;12;3;2;1;23;24;5;76;72,2;71,56;35,94;99,72299168975069;113,19172722191168;-13,468735532160991;0,5094339622641509;0,5438066465256798;86,36363636363636;16,620498614958446;18,75;82,85714285714286;52,23880597014925;0,5660377358490566;0,5660377358490566;0,0;0,0;0,0;0,0;0,0;0,0;0,0;0,0;0,0;0,0;0,0;0,0;0,0
5_DGC_J2;5;DGC;2;72;UNI;81;True;False;False;10,333333333333334;620;5;2;4;2;1;2;1;1;2;1;0;0;0;1;1;2;0;1;0;0;1;0;0;0;-8;3;80,0;22;53;31;12;23;11;10;30;20;18;30;12;6;29;35;19;12;3;2;1;23;24;5;76;72,2;71,56;35,94;99,72299168975069;113,19172722191168;-13,468735532160991;0,5094339622641509;0,5438066465256798;86,36363636363636;16,620498614958446;18,75;82,85714285714286;52,23880597014925;0,5660377358490566;0,5660377358490566;53,614511661156286;0,625;0,625;0,0;20,0;24,193548387096772;22,119815668202765;23,11025517573423;0,0;0,0;0,0;0,5;1,25
6_DGC_J2;6;DGC;2;72;UNI;81;True;True;False;29,666666666666668;1780;4;1;4;3;0;0;0;1;4;3;1;2;1;0;3;3;9;2;1;0;0;2;4;0;-1;13;80,0;22;53;31;12;23;11;10;30;20;18;30;12;6;29;35;19;12;3;2;1;23;24;5;76;72,2;71,56;35,94;99,72299168975069;113,19172722191168;-13,468735532160991;0,5094339622641509;0,5438066465256798;86,36363636363636;16,620498614958446;18,75;82,85714285714286;52,23880597014925;0,5660377358490566;0,5660377358490566;25,696411341778454;0,4098360655737705;0,375;125,72759022118743;29,069767441860467;0,0;23,11396468699839;12,074459164849907;3,7683471401385495;0,0;0,5;1,0;1,0
9_DGC_J2;9;DGC;2;72;UNI;81;True;True;False;29,216666666666665;1753;12;3;9;6;3;4;1;0;5;5;6;10;4;1;4;5;3;4;0;0;0;2;6;2;-9;10;80,0;22;53;31;12;23;11;10;30;20;18;30;12;6;29;35;19;12;3;2;1;23;24;5;76;72,2;71,56;35,94;99,72299168975069;113,19172722191168;-13,468735532160991;0,5094339622641509;0,5438066465256798;86,36363636363636;16,620498614958446;18,75;82,85714285714286;52,23880597014925;0,5660377358490566;0,5660377358490566;65,98897339424461;0,44776119402985076;0,3333333333333333;59,58785069932965;22,98850574712644;8,556759840273816;31,293293130144246;20,43405334990762;0,0;0,0;1,1111111111111112;0,5555555555555556;1,3333333333333333
10_DGC_J2;10;DGC;2;72;UNI;81;True;False;False;9,266666666666667;556;0;0;0;0;0;0;0;0;0;0;0;0;0;0;0;0;0;2;1;0;0;3;0;0;-6;-4;80,0;22;53;31;12;23;11;10;30;20;18;30;12;6;29;35;19;12;3;2;1;23;24;5;76;72,2;71,56;35,94;99,72299168975069;113,19172722191168;-13,468735532160991;0,5094339622641509;0,5438066465256798;86,36363636363636;16,620498614958446;18,75;82,85714285714286;52,23880597014925;0,5660377358490566;0,5660377358490566;23,914386496343088;0,0;0,0;0,0;100,0;0,0;0,0;0,0;12,064132930659383;0,0;0,0;0,0;0,0
13_DGC_J2;13;DGC;2;72;UNI;81;True;False;False;14,1;846;0;0;2;2;0;2;2;0;0;0;0;0;0;1;2;3;0;0;0;0;0;2;0;0;-15;-1;80,0;22;53;31;12;23;11;10;30;20;18;30;12;6;29;35;19;12;3;2;1;23;24;5;76;72,2;71,56;35,94;99,72299168975069;113,19172722191168;-13,468735532160991;0,5094339622641509;0,5438066465256798;86,36363636363636;16,620498614958446;18,75;82,85714285714286;52,23880597014925;0,5660377358490566;0,5660377358490566;15,716783560244396;0,0;0,0;0,0;0,0;17,73049645390071;32,42147922998987;25,40489044140997;0,0;0,0;0,0;0,0;0,0
18_DGC_J2;18;DGC;2;72;UNI;81;True;True;False;30,183333333333334;1811;14;5;10;5;4;7;3;1;3;2;3;6;3;1;6;7;3;1;0;0;0;2;4;2;-10;17;80,0;22;53;31;12;23;11;10;30;20;18;30;12;6;29;35;19;12;3;2;1;23;24;5;76;72,2;71,56;35,94;99,72299168975069;113,19172722191168;-13,468735532160991;0,5094339622641509;0,5438066465256798;86,36363636363636;16,620498614958446;18,75;82,85714285714286;52,23880597014925;0,5660377358490566;0,5660377358490566;50,07257893054296;0,5537974683544303;0,55;90,89761393763413;7,331378299120234;8,282716731087797;45,43661749625306;27,691470862144275;0,0;0,0;0,6;0,3;1,4
21_DGC_J2;21;DGC;2;72;UNI;81;True;True;False;28,816666666666666;1729;16;5;9;4;0;0;0;5;9;4;1;2;1;0;5;5;0;0;1;0;0;2;4;0;0;19;80,0;22;53;31;12;23;11;10;30;20;18;30;12;6;29;35;19;12;3;2;1;23;24;5;76;72,2;71,56;35,94;99,72299168975069;113,19172722191168;-13,468735532160991;0,5094339622641509;0,5438066465256798;86,36363636363636;16,620498614958446;18,75;82,85714285714286;52,23880597014925;0,5660377358490566;0,5660377358490566;37,98971111990503;0,8097165991902834;0,8333333333333334;0,0;0,0;0,0;39,65958853176898;20,717695501670363;3,8795013935492295;0,0;0,2222222222222222;1,0;1,7777777777777777
23_DGC_J2;23;DGC;2;72;UNI;81;True;False;False;6,9;414;4;2;3;1;2;3;1;0;0;0;0;0;0;1;2;3;0;0;0;1;0;5;0;1;7;2;80,0;22;53;31;12;23;11;10;30;20;18;30;12;6;29;35;19;12;3;2;1;23;24;5;76;72,2;71,56;35,94;99,72299168975069;113,19172722191168;-13,468735532160991;0,5094339622641509;0,5438066465256798;86,36363636363636;16,620498614958446;18,75;82,85714285714286;52,23880597014925;0,5660377358490566;0,5660377358490566;48,17535830422738;0,6666666666666666;0,6666666666666666;-0,0;0,0;36,231884057971016;66,25258799171843;51,91434133679429;0,0;386,4734299516908;0,0;0,0;1,3333333333333333
24_DGC_J2;24;DGC;2;72;UNI;81;True;False;False;22,95;1377;10;2;6;4;0;2;2;2;4;2;4;6;2;1;3;4;4;0;0;0;0;2;4;0;6;14;80,0;22;53;31;12;23;11;10;30;20;18;30;12;6;29;35;19;12;3;2;1;23;24;5;76;72,2;71,56;35,94;99,72299168975069;113,19172722191168;-13,468735532160991;0,5094339622641509;0,5438066465256798;86,36363636363636;16,620498614958446;18,75;82,85714285714286;52,23880597014925;0,5660377358490566;0,5660377358490566;41,71419260224866;0,5787037037037037;0,5;92,78051609162077;0,0;10,893246187363834;29,878618113912232;20,81097779078464;0,0;0,0;1,0;0,6666666666666666;1,6666666666666667
DGC_DGC_J2;DGC;DGC;2;72;UNI;81;True;False;False;200,0;12000;0;0;0;0;0;0;0;0;0;0;0;0;0;0;2;2;0;1;0;0;0;0;0;0;0;1;80,0;22;53;31;12;23;11;10;30;20;18;30;12;6;29;35;19;12;3;2;1;23;24;5;76;72,2;71,56;35,94;99,72299168975069;113,19172722191168;-13,468735532160991;0,5094339622641509;0,5438066465256798;86,36363636363636;16,620498614958446;18,75;82,85714285714286;52,23880597014925;0,5660377358490566;0,5660377358490566;0,554016620498615;0,0;0,0;0,0;100,0;0,0;2,2857142857142856;1,1940298507462686;0,0;0,0;0,0;0,0;0,0
0_UNI_J2;0;UNI;2;81;DGC;72;False;True;True;21,65;1299;7;1;3;2;0;1;1;1;2;1;4;4;0;1;3;4;0;0;1;0;0;1;2;0;-12;11;80,0;25;61;36;16;32;16;9;29;20;22;24;2;6;26;32;17;6;7;3;2;24;22;1;92;71,56;72,2;35,94;113,19172722191168;99,72299168975069;13,468735532160991;0,48360655737704916;0,5659586361095584;68,0;8,384572386808273;17,142857142857142;81,25;47,76119402985075;0,39344262295081966;0,47540983606557374;24,579254541159276;0,7352941176470589;0,5;0,0;0,0;10,557571758495547;34,64203233256351;22,06059770431905;5,117936448024157;-0,0;1,3333333333333333;0,6666666666666666;2,3333333333333335
2_UNI_J2;2;UNI;2;81;DGC;72;False;True;True;23,25;1395;16;3;5;2;2;4;2;1;1;0;9;11;2;0;3;3;2;0;1;2;0;4;9;1;14;25;80,0;25;61;36;16;32;16;9;29;20;22;24;2;6;26;32;17;6;7;3;2;24;22;1;92;71,56;72,2;35,94;113,19172722191168;99,72299168975069;13,468735532160991;0,48360655737704916;0,5659586361095584;68,0;8,384572386808273;17,142857142857142;81,25;47,76119402985075;0,39344262295081966;0,47540983606557374;47,31423213545141;0,8130081300813008;0,7;46,886446886446876;0,0;0,0;32,25806451612903;15,406836783822822;4,765734369880558;-98,31029185867895;2,2;0,2;3,2
3_UNI_J2;3;UNI;2;81;DGC;72;False;True;True;23,35;1401;9;4;7;3;3;3;0;1;4;3;0;0;0;0;4;4;1;2;0;0;0;3;1;0;-3;7;80,0;25;61;36;16;32;16;9;29;20;22;24;2;6;26;32;17;6;7;3;2;24;22;1;92;71,56;72,2;35,94;113,19172722191168;99,72299168975069;13,468735532160991;0,48360655737704916;0,5659586361095584;68,0;8,384572386808273;17,142857142857142;81,25;47,76119402985075;0,39344262295081966;0,47540983606557374;43,08987950393973;0,6428571428571429;0,6428571428571429;30,33175355450237;22,22222222222222;0,0;42,82655246252676;20,454472817923232;0,0;-0,0;0,0;0,5714285714285714;1,2857142857142858
4_UNI_J2;4;UNI;2;81;DGC;72;False;False;True;18,016666666666666;1081;4;1;6;5;0;1;1;1;5;4;1;1;0;0;1;1;2;0;0;0;0;2;0;0;17;0;80,0;25;61;36;16;32;16;9;29;20;22;24;2;6;26;32;17;6;7;3;2;24;22;1;92;71,56;72,2;35,94;113,19172722191168;99,72299168975069;13,468735532160991;0,48360655737704916;0,5659586361095584;68,0;8,384572386808273;17,142857142857142;81,25;47,76119402985075;0,39344262295081966;0,47540983606557374;39,9605152052139;0,3105590062111801;0,25;43,19460067491564;0,0;0,0;13,87604070305273;6,62736272384608;0,0;-0,0;0,16666666666666666;0,8333333333333334;0,6666666666666666
7_UNI_J2;7;UNI;2;81;DGC;72;False;False;True;12,116666666666667;727;2;0;1;1;0;0;0;0;1;1;2;2;0;0;0;0;1;0;0;0;0;1;2;0;8;3;80,0;25;61;36;16;32;16;9;29;20;22;24;2;6;26;32;17;6;7;3;2;24;22;1;92;71,56;72,2;35,94;113,19172722191168;99,72299168975069;13,468735532160991;0,48360655737704916;0,5659586361095584;68,0;8,384572386808273;17,142857142857142;81,25;47,76119402985075;0,39344262295081966;0,47540983606557374;17,345800371058655;0,5319148936170213;0,0;26,40990371389271;0,0;0,0;0,0;0,0;0,0;-0,0;2,0;1,0;2,0
9_UNI_J2;9;UNI;2;81;DGC;72;False;False;True;17,0;1020;9;2;4;2;0;0;0;2;4;2;3;3;0;2;1;3;2;1;0;0;0;1;2;0;5;12;80,0;25;61;36;16;32;16;9;29;20;22;24;2;6;26;32;17;6;7;3;2;24;22;1;92;71,56;72,2;35,94;113,19172722191168;99,72299168975069;13,468735532160991;0,48360655737704916;0,5659586361095584;68,0;8,384572386808273;17,142857142857142;81,25;47,76119402985075;0,39344262295081966;0,47540983606557374;41,56117449774767;0,8458646616541353;0,75;60,37735849056604;15,822784810126581;26,89075630252101;14,705882352941176;21,071115013169447;0,0;-0,0;0,75;1,0;2,25
13_UNI_J2;13;UNI;2;81;DGC;72;False;False;True;6,6;396;0;0;2;2;0;1;1;0;1;1;0;0;0;0;0;0;0;3;0;0;0;2;1;0;-13;-6;80,0;25;61;36;16;32;16;9;29;20;22;24;2;6;26;32;17;6;7;3;2;24;22;1;92;71,56;72,2;35,94;113,19172722191168;99,72299168975069;13,468735532160991;0,48360655737704916;0,5659586361095584;68,0;8,384572386808273;17,142857142857142;81,25;47,76119402985075;0,39344262295081966;0,47540983606557374;84,69265037180074;0,0;0,0;0,0;60,0;0,0;0,0;0,0;0,0;-0,0;0,0;0,5;0,0
19_UNI_J2;19;UNI;2;81;DGC;72;False;False;True;11,5;690;0;0;1;1;0;1;1;0;0;0;0;0;0;1;5;6;2;0;0;0;1;3;0;0;10;3;80,0;25;61;36;16;32;16;9;29;20;22;24;2;6;26;32;17;6;7;3;2;24;22;1;92;71,56;72,2;35,94;113,19172722191168;99,72299168975069;13,468735532160991;0,48360655737704916;0,5659586361095584;68,0;8,384572386808273;17,142857142857142;81,25;47,76119402985075;0,39344262295081966;0,47540983606557374;9,721243347024084;0,0;0,0;55,652173913043484;0,0;19,875776397515526;108,69565217391305;62,297209604153146;0,0;-0,0;0,0;0,0;0,0
27_UNI_J2;27;UNI;2;81;DGC;72;False;True;True;16,6;996;9;4;10;6;4;8;4;0;2;2;1;1;0;0;2;2;2;0;1;0;1;2;1;0;14;6;80,0;25;61;36;16;32;16;9;29;20;22;24;2;6;26;32;17;6;7;3;2;24;22;1;92;71,56;72,2;35,94;113,19172722191168;99,72299168975069;13,468735532160991;0,48360655737704916;0,5659586361095584;68,0;8,384572386808273;17,142857142857142;81,25;47,76119402985075;0,39344262295081966;0,47540983606557374;70,30918531588622;0,4310344827586207;0,4;168,42105263157896;0,0;0,0;30,12048192771084;14,385901816220104;6,674899042151987;-0,0;0,1;0,2;0,9
33_UNI_J2;33;UNI;2;81;DGC;72;False;False;True;13,983333333333333;839;11;4;7;3;1;3;2;3;4;1;0;0;0;1;1;2;1;0;2;1;0;2;0;0;22;12;80,0;25;61;36;16;32;16;9;29;20;22;24;2;6;26;32;17;6;7;3;2;24;22;1;92;71,56;72,2;35,94;113,19172722191168;99,72299168975069;13,468735532160991;0,48360655737704916;0,5659586361095584;68,0;8,384572386808273;17,142857142857142;81,25;47,76119402985075;0,39344262295081966;0,47540983606557374;55,96377278441755;0,7857142857142857;0,7857142857142857;270,42253521126804;0,0;16,345990124297636;17,878426698450536;17,0779001298632;15,847912862892441;-81,72995062148817;0,0;0,5714285714285714;1,5714285714285714
45_UNI_J2;45;UNI;2;81;DGC;72;False;False;True;9,616666666666667;577;6;3;6;3;3;6;3;0;0;0;0;0;0;1;0;1;0;0;0;0;0;1;0;0;-16;3;80,0;25;61;36;16;32;16;9;29;20;22;24;2;6;26;32;17;6;7;3;2;24;22;1;92;71,56;72,2;35,94;113,19172722191168;99,72299168975069;13,468735532160991;0,48360655737704916;0,5659586361095584;68,0;8,384572386808273;17,142857142857142;81,25;47,76119402985075;0,39344262295081966;0,47540983606557374;69,75034221261647;0,5;0,5;0,0;0,0;23,76825947016588;0,0;12,41625494710158;0,0;-0,0;0,0;0,0;1,0
55_UNI_J2;55;UNI;2;81;DGC;72;False;True;True;26,316666666666666;1579;8;3;9;6;3;4;1;0;5;5;2;2;0;0;3;3;4;0;2;0;0;2;4;0;-1;13;80,0;25;61;36;16;32;16;9;29;20;22;24;2;6;26;32;17;6;7;3;2;24;22;1;92;71,56;72,2;35,94;113,19172722191168;99,72299168975069;13,468735532160991;0,48360655737704916;0,5659586361095584;68,0;8,384572386808273;17,142857142857142;81,25;47,76119402985075;0,39344262295081966;0,47540983606557374;41,970652403630524;0,4048582995951417;0,3333333333333333;76,57028913260218;0,0;0,0;28,49905003166561;13,611486582288054;8,420771939180973;-0,0;0,2222222222222222;0,5555555555555556;0,8888888888888888
UNI_UNI_J2;UNI;UNI;2;81;DGC;72;False;False;True;200,0;12000;0;0;0;0;0;0;0;0;0;0;0;0;0;0;3;3;0;0;0;0;0;0;0;0;0;3;80,0;25;61;36;16;32;16;9;29;20;22;24;2;6;26;32;17;6;7;3;2;24;22;1;92;71,56;72,2;35,94;113,19172722191168;99,72299168975069;13,468735532160991;0,48360655737704916;0,5659586361095584;68,0;8,384572386808273;17,142857142857142;81,25;47,76119402985075;0,39344262295081966;0,47540983606557374;0,0;0,0;0,0;0,0;0,0;0,0;3,75;1,791044776119403;0,0;-0,0;0,0;0,0;0,0
0_BAX_J2;0;BAX;2;83;COV;68;True;False;True;17,183333333333334;1031;4;2;2;0;2;2;0;0;0;0;0;0;0;2;1;3;1;1;0;3;0;2;0;1;16;8;80,0;30;70;40;22;46;24;8;24;16;15;19;4;10;31;41;19;10;4;7;1;20;20;3;99;78,36;77,48;38,96;105,92138846350178;87,76458440887971;18,15680405462207;0,4857142857142857;0,5296069423175089;63,333333333333336;12,761613067891782;23,80952380952381;58,490566037735846;43,1578947368421;0,2714285714285714;0,34285714285714286;17,824173441090363;1,0;1,0;22,503516174402254;33,333333333333336;22,169876680060966;8,784290760024156;14,702128745724641;0,0;51,72971225347559;0,0;0,0;2,0
2_BAX_J2;2;BAX;2;83;COV;68;True;False;True;21,616666666666667;1297;5;2;6;4;1;4;3;1;2;1;0;0;0;0;3;3;5;1;0;0;1;2;1;0;18;6;80,0;30;70;40;22;46;24;8;24;16;15;19;4;10;31;41;19;10;4;7;1;20;20;3;99;78,36;77,48;38,96;105,92138846350178;87,76458440887971;18,15680405462207;0,4857142857142857;0,5296069423175089;63,333333333333336;12,761613067891782;23,80952380952381;58,490566037735846;43,1578947368421;0,2714285714285714;0,34285714285714286;33,06015413116144;0,4166666666666667;0,4166666666666667;81,88331627430912;14,285714285714286;0,0;20,948196854861;11,686888771659294;0,0;0,0;0,0;0,3333333333333333;0,8333333333333334
4_BAX_J2;4;BAX;2;83;COV;68;True;False;True;8,983333333333333;539;0;0;1;1;0;1;1;0;0;0;0;0;0;0;0;0;0;0;0;0;0;2;1;0;-16;-2;80,0;30;70;40;22;46;24;8;24;16;15;19;4;10;31;41;19;10;4;7;1;20;20;3;99;78,36;77,48;38,96;105,92138846350178;87,76458440887971;18,15680405462207;0,4857142857142857;0,5296069423175089;63,333333333333336;12,761613067891782;23,80952380952381;58,490566037735846;43,1578947368421;0,2714285714285714;0,34285714285714286;11,36470180443053;0,0;0,0;0,0;0,0;0,0;0,0;0,0;0,0;0,0;0,0;0,0;0,0
8_BAX_J2;8;BAX;2;83;COV;68;True;True;True;20,25;1215;7;2;11;9;2;4;2;0;7;7;3;4;1;1;7;8;1;1;0;0;0;3;3;0;8;5;80,0;30;70;40;22;46;24;8;24;16;15;19;4;10;31;41;19;10;4;7;1;20;20;3;99;78,36;77,48;38,96;105,92138846350178;87,76458440887971;18,15680405462207;0,4857142857142857;0,5296069423175089;63,333333333333336;12,761613067891782;23,80952380952381;58,490566037735846;43,1578947368421;0,2714285714285714;0,34285714285714286;69,37275884017419;0,274294670846395;0,18181818181818182;17,877094972067038;7,267441860465117;9,40623162845385;52,17796412764966;33,26835607537362;0,0;0,0;0,36363636363636365;0,6363636363636364;0,6363636363636364
11_BAX_J2;11;BAX;2;83;COV;68;True;False;True;18,466666666666665;1108;12;4;6;2;4;6;2;0;0;0;4;4;0;0;2;2;0;0;1;0;0;1;3;1;14;15;80,0;30;70;40;22;46;24;8;24;16;15;19;4;10;31;41;19;10;4;7;1;20;20;3;99;78,36;77,48;38,96;105,92138846350178;87,76458440887971;18,15680405462207;0,4857142857142857;0,5296069423175089;63,333333333333336;12,761613067891782;23,80952380952381;58,490566037735846;43,1578947368421;0,2714285714285714;0,34285714285714286;42,90113389466003;0,7731958762886598;0,6666666666666666;0,0;0,0;0,0;16,34766024112799;9,120273608208247;5,591288027747699;0,0;0,6666666666666666;0,0;2,0
12_BAX_J2;12;BAX;2;83;COV;68;True;True;True;22,6;1356;8;3;7;4;1;2;1;2;5;3;0;0;0;1;2;3;3;0;0;1;0;2;0;0;-4;9;80,0;30;70;40;22;46;24;8;24;16;15;19;4;10;31;41;19;10;4;7;1;20;20;3;99;78,36;77,48;38,96;105,92138846350178;87,76458440887971;18,15680405462207;0,4857142857142857;0,5296069423175089;63,333333333333336;12,761613067891782;23,80952380952381;58,490566037735846;43,1578947368421;0,2714285714285714;0,34285714285714286;31,62169609743096;0,5714285714285714;0,5714285714285714;54,79452054794519;0,0;8,428150021070374;13,35782267490399;11,178388448998602;0,0;13,110455588331693;0,0;0,7142857142857143;1,1428571428571428
19_BAX_J2;19;BAX;2;83;COV;68;True;False;True;16,7;1002;7;2;8;6;1;5;4;1;3;2;2;2;0;2;3;5;0;1;0;2;0;2;1;1;17;6;80,0;30;70;40;22;46;24;8;24;16;15;19;4;10;31;41;19;10;4;7;1;20;20;3;99;78,36;77,48;38,96;105,92138846350178;87,76458440887971;18,15680405462207;0,4857142857142857;0,5296069423175089;63,333333333333336;12,761613067891782;23,80952380952381;58,490566037735846;43,1578947368421;0,2714285714285714;0,34285714285714286;60,399874065039924;0,3941441441441441;0,3125;0,0;10,121457489878543;22,811519817507843;27,11558016043385;25,21273242987709;0,0;35,48458638278998;0,25;0,375;0,875
32_BAX_J2;32;BAX;2;83;COV;68;True;True;True;20,033333333333335;1202;10;3;4;1;3;4;1;0;0;0;4;5;1;0;1;1;3;2;0;0;0;3;5;0;9;12;80,0;30;70;40;22;46;24;8;24;16;15;19;4;10;31;41;19;10;4;7;1;20;20;3;99;78,36;77,48;38,96;105,92138846350178;87,76458440887971;18,15680405462207;0,4857142857142857;0,5296069423175089;63,333333333333336;12,761613067891782;23,80952380952381;58,490566037735846;43,1578947368421;0,2714285714285714;0,34285714285714286;41,7884434569235;0,8064516129032258;0,75;66,48199445983379;24,390243902439025;0,0;7,534612124446677;4,203520448375515;0,0;0,0;1,25;0,0;2,5
33_BAX_J2;33;BAX;2;83;COV;68;True;True;True;19,75;1185;12;6;13;7;6;13;7;0;0;0;0;2;2;4;4;8;2;1;1;1;0;1;2;0;8;15;80,0;30;70;40;22;46;24;8;24;16;15;19;4;10;31;41;19;10;4;7;1;20;20;3;99;78,36;77,48;38,96;105,92138846350178;87,76458440887971;18,15680405462207;0,4857142857142857;0,5296069423175089;63,333333333333336;12,761613067891782;23,80952380952381;58,490566037735846;43,1578947368421;0,2714285714285714;0,34285714285714286;76,91860352414369;0,4322766570605187;0,46153846153846156;142,22222222222223;6,720430107526881;38,577456298975285;30,570814425603057;34,11059293804131;5,227972265607131;15,002344116268167;0,15384615384615385;0,0;0,9230769230769231
47_BAX_J2;47;BAX;2;83;COV;68;True;False;True;3,4833333333333334;209;0;0;0;0;0;0;0;0;0;0;0;0;0;0;1;1;0;0;0;0;0;0;0;0;-11;1;80,0;30;70;40;22;46;24;8;24;16;15;19;4;10;31;41;19;10;4;7;1;20;20;3;99;78,36;77,48;38,96;105,92138846350178;87,76458440887971;18,15680405462207;0,4857142857142857;0,5296069423175089;63,333333333333336;12,761613067891782;23,80952380952381;58,490566037735846;43,1578947368421;0,2714285714285714;0,34285714285714286;0,0;0,0;0,0;0,0;0,0;0,0;43,33303240949716;24,175270712666833;0,0;0,0;0,0;0,0;0,0
55_BAX_J2;55;BAX;2;83;COV;68;True;True;True;15,8;948;3;1;2;1;1;2;1;0;0;0;1;1;0;0;1;1;4;2;0;0;0;1;3;0;11;7;80,0;30;70;40;22;46;24;8;24;16;15;19;4;10;31;41;19;10;4;7;1;20;20;3;99;78,36;77,48;38,96;105,92138846350178;87,76458440887971;18,15680405462207;0,4857142857142857;0,5296069423175089;63,333333333333336;12,761613067891782;23,80952380952381;58,490566037735846;43,1578947368421;0,2714285714285714;0,34285714285714286;28,6893984918681;0,6147540983606558;0,5;81,21827411167511;45,04504504504505;0,0;9,553379508000955;5,329780146568954;0,0;0,0;0,5;0,0;1,5
99_BAX_J2;99;BAX;2;83;COV;68;True;False;True;15,133333333333333;908;15;5;10;5;1;3;2;4;7;3;1;1;0;0;1;1;0;1;0;0;0;1;1;0;5;10;80,0;30;70;40;22;46;24;8;24;16;15;19;4;10;31;41;19;10;4;7;1;20;20;3;99;78,36;77,48;38,96;105,92138846350178;87,76458440887971;18,15680405462207;0,4857142857142857;0,5296069423175089;63,333333333333336;12,761613067891782;23,80952380952381;58,490566037735846;43,1578947368421;0,2714285714285714;0,34285714285714286;77,17683885287154;0,7183908045977012;0,7;0,0;8,741258741258742;0,0;9,974233230820381;5,564572223510318;0,0;0,0;0,1;0,7;1,5
BAX_BAX_J2;BAX;BAX;2;83;COV;68;True;False;True;200,0;12000;0;0;0;0;0;0;0;0;0;0;0;0;0;0;5;5;0;0;2;0;0;0;0;0;0;7;80,0;30;70;40;22;46;24;8;24;16;15;19;4;10;31;41;19;10;4;7;1;20;20;3;99;78,36;77,48;38,96;105,92138846350178;87,76458440887971;18,15680405462207;0,4857142857142857;0,5296069423175089;63,333333333333336;12,761613067891782;23,80952380952381;58,490566037735846;43,1578947368421;0,2714285714285714;0,34285714285714286;0,0;0,0;0,0;0,0;0,0;0,0;3,7735849056603774;2,1052631578947367;1,0325245224574084;0,0;0,0;0,0;0,0
2_COV_J2;2;COV;2;68;BAX;83;False;False;False;22,65;1359;6;2;8;6;1;4;3;1;4;3;1;2;1;0;1;1;3;1;3;0;1;4;1;0;10;1;80,0;25;77;52;19;52;33;6;25;19;12;17;5;22;32;54;10;15;6;1;7;20;20;0;60;77,48;78,36;38,96;87,76458440887971;105,92138846350178;-18,15680405462207;0,36363636363636365;0,4024621212121212;40,0;19,359834796076406;41,509433962264154;76,19047619047619;56,8421052631579;0,22077922077922077;0,3246753246753247;45,03903877209358;0,33783783783783783;0,3125;59,07692307692309;10,121457489878543;0,0;8,409544833385894;3,7179040316021843;13,522239012335664;0,0;0,25;0,5;0,75
3_COV_J2;3;COV;2;68;BAX;83;False;True;False;17,966666666666665;1078;2;1;7;6;1;5;4;0;2;2;0;0;0;0;1;1;1;2;0;0;0;1;0;0;-25;-5;80,0;25;77;52;19;52;33;6;25;19;12;17;5;22;32;54;10;15;6;1;7;20;20;0;60;77,48;78,36;38,96;87,76458440887971;105,92138846350178;-18,15680405462207;0,36363636363636365;0,4024621212121212;40,0;19,359834796076406;41,509433962264154;76,19047619047619;56,8421052631579;0,22077922077922077;0,3246753246753247;51,72200761846017;0,14285714285714285;0,14285714285714285;21,670428893905196;22,22222222222222;0,0;10,60164325470448;4,687042281027244;0,0;0,0;0,0;0,2857142857142857;0,2857142857142857
7_COV_J2;7;COV;2;68;BAX;83;False;False;False;11,816666666666666;709;4;2;4;2;2;4;2;0;0;0;0;0;0;3;3;6;0;1;0;1;0;2;0;0;-11;6;80,0;25;77;52;19;52;33;6;25;19;12;17;5;22;32;54;10;15;6;1;7;20;20;0;60;77,48;78,36;38,96;87,76458440887971;105,92138846350178;-18,15680405462207;0,36363636363636365;0,4024621212121212;40,0;19,359834796076406;41,509433962264154;76,19047619047619;56,8421052631579;0,22077922077922077;0,3246753246753247;43,689330992556066;0,5;0,5;0,0;20,0;38,32131356947069;48,35784807576063;42,758518298567296;0,0;30,77317604821131;0,0;0,0;1,0
11_COV_J2;11;COV;2;68;BAX;83;False;True;False;17,566666666666666;1054;9;3;7;4;2;2;0;1;5;4;2;4;2;2;3;5;0;1;0;0;0;3;2;0;0;6;80,0;25;77;52;19;52;33;6;25;19;12;17;5;22;32;54;10;15;6;1;7;20;20;0;60;77,48;78,36;38,96;87,76458440887971;105,92138846350178;-18,15680405462207;0,36363636363636365;0,4024621212121212;40,0;19,359834796076406;41,509433962264154;76,19047619047619;56,8421052631579;0,22077922077922077;0,3246753246753247;57,36682735778542;0,5136986301369864;0,5;0,0;10,245901639344263;17,185206401489385;32,52914068853348;23,96884050734046;0,0;0,0;0,5714285714285714;0,7142857142857143;1,2857142857142858
13_COV_J2;13;COV;2;68;BAX;83;False;True;False;28,316666666666666;1699;14;4;10;6;1;5;4;3;5;2;3;4;1;2;2;4;0;1;0;0;0;2;4;0;-12;12;80,0;25;77;52;19;52;33;6;25;19;12;17;5;22;32;54;10;15;6;1;7;20;20;0;60;77,48;78,36;38,96;87,76458440887971;105,92138846350178;-18,15680405462207;0,36363636363636365;0,4024621212121212;40,0;19,359834796076406;41,509433962264154;76,19047619047619;56,8421052631579;0,22077922077922077;0,3246753246753247;46,52741461997598;0,5952380952380952;0,55;0,0;7,836990595611286;10,661099203749153;13,453291852350123;11,895542269446423;0,0;0,0;0,4;0,5;1,4
15_COV_J2;15;COV;2;68;BAX;83;False;False;False;6,116666666666666;367;0;0;1;1;0;1;1;0;0;0;0;0;0;3;1;4;0;1;0;0;0;1;1;0;-12;2;80,0;25;77;52;19;52;33;6;25;19;12;17;5;22;32;54;10;15;6;1;7;20;20;0;60;77,48;78,36;38,96;87,76458440887971;105,92138846350178;-18,15680405462207;0,36363636363636365;0,4024621212121212;40,0;19,359834796076406;41,509433962264154;76,19047619047619;56,8421052631579;0,22077922077922077;0,3246753246753247;33,76101980787166;0,0;0,0;0,0;50,0;74,03218343529896;31,140521603736865;55,069553993976776;0,0;0,0;0,0;0,0;0,0
16_COV_J2;16;COV;2;68;BAX;83;False;False;False;1,9666666666666666;118;0;0;0;0;0;0;0;0;0;0;0;0;0;0;0;0;0;0;0;0;0;0;0;0;0;0;80,0;25;77;52;19;52;33;6;25;19;12;17;5;22;32;54;10;15;6;1;7;20;20;0;60;77,48;78,36;38,96;87,76458440887971;105,92138846350178;-18,15680405462207;0,36363636363636365;0,4024621212121212;40,0;19,359834796076406;41,509433962264154;76,19047619047619;56,8421052631579;0,22077922077922077;0,3246753246753247;0,0;0,0;0,0;0,0;0,0;0,0;0,0;0,0;0,0;0,0;0,0;0,0;0,0
22_COV_J2;22;COV;2;68;BAX;83;False;False;False;14,116666666666667;847;0;0;3;3;0;1;1;0;2;2;0;0;0;1;1;2;1;0;1;0;0;1;0;0;-10;0;80,0;25;77;52;19;52;33;6;25;19;12;17;5;22;32;54;10;15;6;1;7;20;20;0;60;77,48;78,36;38,96;87,76458440887971;105,92138846350178;-18,15680405462207;0,36363636363636365;0,4024621212121212;40,0;19,359834796076406;41,509433962264154;76,19047619047619;56,8421052631579;0,22077922077922077;0,3246753246753247;21,94266989874067;0,0;0,0;22,668240850059032;0,0;10,69256643870709;13,493000505987519;11,930653078978436;7,232082966455791;0,0;0,0;0,6666666666666666;0,0
23_COV_J2;23;COV;2;68;BAX;83;False;False;False;17,416666666666668;1045;4;1;11;10;1;7;6;0;4;4;2;2;0;0;4;4;3;2;0;0;2;1;4;0;-8;0;80,0;25;77;52;19;52;33;6;25;19;12;17;5;22;32;54;10;15;6;1;7;20;20;0;60;77,48;78,36;38,96;87,76458440887971;105,92138846350178;-18,15680405462207;0,36363636363636365;0,4024621212121212;40,0;19,359834796076406;41,509433962264154;76,19047619047619;56,8421052631579;0,22077922077922077;0,3246753246753247;82,2857820385196;0,16835016835016833;0,09090909090909091;67,52637749120751;14,40922190201729;0,0;43,74572795625427;19,340216570133467;0,0;0,0;0,18181818181818182;0,36363636363636365;0,36363636363636365
29_COV_J2;29;COV;2;68;BAX;83;False;True;False;26,983333333333334;1619;10;4;10;6;4;9;5;0;1;1;2;2;0;1;3;4;0;0;1;0;2;1;6;0;-21;12;80,0;25;77;52;19;52;33;6;25;19;12;17;5;22;32;54;10;15;6;1;7;20;20;0;60;77,48;78,36;38,96;87,76458440887971;105,92138846350178;-18,15680405462207;0,36363636363636365;0,4024621212121212;40,0;19,359834796076406;41,509433962264154;76,19047619047619;56,8421052631579;0,22077922077922077;0,3246753246753247;41,63261323410724;0,45955882352941174;0,4;0,0;0,0;5,593949211602783;21,17709344392482;12,483339293260945;3,7835542140753886;0,0;0,2;0,1;1,0
35_COV_J2;35;COV;2;68;BAX;83;False;True;False;21,966666666666665;1318;10;5;9;4;5;9;4;0;0;0;0;0;0;3;10;13;0;3;0;0;1;3;0;0;10;12;80,0;25;77;52;19;52;33;6;25;19;12;17;5;22;32;54;10;15;6;1;7;20;20;0;60;77,48;78,36;38,96;87,76458440887971;105,92138846350178;-18,15680405462207;0,36363636363636365;0,4024621212121212;40,0;19,359834796076406;41,509433962264154;76,19047619047619;56,8421052631579;0,22077922077922077;0,3246753246753247;56,40498149994947;0,5555555555555556;0,5555555555555556;0,0;25,0;20,61442437083059;86,711467591589;49,83627505790273;0,0;0,0;0,0;0,0;1,1111111111111112
77_COV_J2;77;COV;2;68;BAX;83;False;False;False;13,116666666666667;787;9;3;7;4;2;5;3;1;2;1;2;3;1;0;2;2;2;1;1;0;1;1;2;0;4;8;80,0;25;77;52;19;52;33;6;25;19;12;17;5;22;32;54;10;15;6;1;7;20;20;0;60;77,48;78,36;38,96;87,76458440887971;105,92138846350178;-18,15680405462207;0,36363636363636365;0,4024621212121212;40,0;19,359834796076406;41,509433962264154;76,19047619047619;56,8421052631579;0,22077922077922077;0,3246753246753247;73,36565603026465;0,5408653846153846;0,5;181,9905213270141;10,729613733905579;0,0;29,043383554184064;12,840232729218215;7,783448885118239;0,0;0,42857142857142855;0,2857142857142857;1,2857142857142858
COV_COV_J2;COV;COV;2;68;BAX;83;False;False;False;200,0;12000;0;0;0;0;0;0;0;0;0;0;0;0;0;7;1;8;0;2;0;0;0;0;0;0;0;6;80,0;25;77;52;19;52;33;6;25;19;12;17;5;22;32;54;10;15;6;1;7;20;20;0;60;77,48;78,36;38,96;87,76458440887971;105,92138846350178;-18,15680405462207;0,36363636363636365;0,4024621212121212;40,0;19,359834796076406;41,509433962264154;76,19047619047619;56,8421052631579;0,22077922077922077;0,3246753246753247;1,0325245224574084;0,0;0,0;0,0;100,0;5,283018867924528;0,9523809523809523;3,3684210526315788;0,0;0,0;0,0;0,0;0,0
0_JOV_J2;0;JOV;2;89;CAZ;86;True;True;True;15,533333333333333;932;2;1;4;3;1;2;1;0;2;2;0;0;0;0;2;2;0;2;0;0;0;3;2;1;-5;-2;80,0;36;72;36;29;48;19;7;24;17;10;16;6;11;28;39;18;8;5;4;3;25;18;2;95;76,04;74,76;37,7;117,04366123093108;115,03477795612626;2,008883274804816;0,5486111111111112;0,5630060728744939;50,0;10,520778537611783;29,72972972972973;65,11627906976744;48,75;0,2222222222222222;0,3333333333333333;40,638200359873835;0,25;0,25;0,0;33,333333333333336;0,0;23,95448647569618;12,875536480686694;0,0;0,0;0,0;0,5;0,5
1_JOV_J2;1;JOV;2;89;CAZ;86;True;False;True;23,933333333333334;1436;8;3;4;1;2;3;1;1;1;0;1;2;1;1;2;3;0;0;0;1;0;2;1;0;3;9;80,0;36;72;36;29;48;19;7;24;17;10;16;6;11;28;39;18;8;5;4;3;25;18;2;95;76,04;74,76;37,7;117,04366123093108;115,03477795612626;2,008883274804816;0,5486111111111112;0,5630060728744939;50,0;10,520778537611783;29,72972972972973;65,11627906976744;48,75;0,2222222222222222;0,3333333333333333;21,451838132400624;0,819672131147541;0,875;0,0;0,0;9,034103741624634;15,547062253028436;12,534818941504177;0,0;25,7124491107778;0,5;0,25;2,0
9_JOV_J2;9;JOV;2;89;CAZ;86;True;False;True;19,383333333333333;1163;12;4;12;8;3;7;4;1;5;4;3;5;2;0;1;1;7;1;1;1;1;4;3;0;3;9;80,0;36;72;36;29;48;19;7;24;17;10;16;6;11;28;39;18;8;5;4;3;25;18;2;95;76,04;74,76;37,7;117,04366123093108;115,03477795612626;2,008883274804816;0,5486111111111112;0,5630060728744939;50,0;10,520778537611783;29,72972972972973;65,11627906976744;48,75;0,2222222222222222;0,3333333333333333;82,50171991661175;0,4225352112676057;0,375;148,22657490735838;6,578947368421053;0,0;9,598272310984022;5,159071367153913;5,52067562028241;31,748131490177922;0,4166666666666667;0,4166666666666667;1,0
12_JOV_J2;12;JOV;2;89;CAZ;86;True;True;True;18,833333333333332;1130;11;5;10;5;4;7;3;1;3;2;0;0;0;0;0;0;2;1;0;0;1;2;0;0;0;4;80,0;36;72;36;29;48;19;7;24;17;10;16;6;11;28;39;18;8;5;4;3;25;18;2;95;76,04;74,76;37,7;117,04366123093108;115,03477795612626;2,008883274804816;0,5486111111111112;0,5630060728744939;50,0;10,520778537611783;29,72972972972973;65,11627906976744;48,75;0,2222222222222222;0,3333333333333333;61,448794998440505;0,55;0,55;57,55395683453238;9,090909090909092;0,0;0,0;0,0;0,0;0,0;0,0;0,3;1,1
16_JOV_J2;16;JOV;2;89;CAZ;86;True;False;True;16,433333333333334;986;8;3;4;1;1;1;0;2;3;1;0;0;0;0;1;1;0;0;1;0;0;1;0;0;-4;8;80,0;36;72;36;29;48;19;7;24;17;10;16;6;11;28;39;18;8;5;4;3;25;18;2;95;76,04;74,76;37,7;117,04366123093108;115,03477795612626;2,008883274804816;0,5486111111111112;0,5630060728744939;50,0;10,520778537611783;29,72972972972973;65,11627906976744;48,75;0,2222222222222222;0,3333333333333333;25,608385892767018;1,0;1,0;0,0;0,0;0,0;11,321288740034907;6,085192697768762;6,511709681935541;0,0;0,0;0,75;2,0
17_JOV_J2;17;JOV;2;89;CAZ;86;True;False;True;16,25;975;2;1;4;3;1;1;0;0;3;3;0;0;0;1;2;3;0;0;1;0;0;1;0;1;1;2;80,0;36;72;36;29;48;19;7;24;17;10;16;6;11;28;39;18;8;5;4;3;25;18;2;95;76,04;74,76;37,7;117,04366123093108;115,03477795612626;2,008883274804816;0,5486111111111112;0,5630060728744939;50,0;10,520778537611783;29,72972972972973;65,11627906976744;48,75;0,2222222222222222;0,3333333333333333;25,89730101565977;0,25;0,25;0,0;0,0;13,305613305613306;22,898032200357783;18,46153846153846;6,585175124500966;0,0;0,0;0,75;0,5
21_JOV_J2;21;JOV;2;89;CAZ;86;True;False;True;3,6666666666666665;220;0;0;2;2;0;1;1;0;1;1;0;2;2;0;1;1;0;0;0;0;0;0;1;0;5;-2;80,0;36;72;36;29;48;19;7;24;17;10;16;6;11;28;39;18;8;5;4;3;25;18;2;95;76,04;74,76;37,7;117,04366123093108;115,03477795612626;2,008883274804816;0,5486111111111112;0,5630060728744939;50,0;10,520778537611783;29,72972972972973;65,11627906976744;48,75;0,2222222222222222;0,3333333333333333;82,63593324087799;0,0;0,0;0,0;0,0;0,0;50,73995771670191;27,272727272727273;0,0;0,0;1,0;0,5;0,0
24_JOV_J2;24;JOV;2;89;CAZ;86;True;True;True;25,9;1554;19;6;12;6;4;7;3;2;5;3;5;5;0;1;0;1;5;2;1;0;1;3;5;0;7;19;80,0;36;72;36;29;48;19;7;24;17;10;16;6;11;28;39;18;8;5;4;3;25;18;2;95;76,04;74,76;37,7;117,04366123093108;115,03477795612626;2,008883274804816;0,5486111111111112;0,5630060728744939;50,0;10,520778537611783;29,72972972972973;65,11627906976744;48,75;0,2222222222222222;0,3333333333333333;65,80564181826675;0,6690140845070423;0,5833333333333334;88,41732979664015;12,345679012345679;8,348116456224565;0,0;3,861003861003861;4,131625319426282;0,0;0,4166666666666667;0,4166666666666667;1,5833333333333333
35_JOV_J2;35;JOV;2;89;CAZ;86;True;True;True;18,416666666666668;1105;6;3;4;1;3;4;1;0;0;0;0;1;1;2;7;9;0;0;1;0;0;2;1;0;7;13;80,0;36;72;36;29;48;19;7;24;17;10;16;6;11;28;39;18;8;5;4;3;25;18;2;95;76,04;74,76;37,7;117,04366123093108;115,03477795612626;2,008883274804816;0,5486111111111112;0,5630060728744939;50,0;10,520778537611783;29,72972972972973;65,11627906976744;48,75;0,2222222222222222;0,3333333333333333;25,364121288866777;0,6756756756756757;0,75;0,0;0,0;23,48049406872936;70,71451120698725;48,86877828054298;5,810448639265559;0,0;0,25;0,0;1,5
44_JOV_J2;44;JOV;2;89;CAZ;86;True;False;True;21,583333333333332;1295;19;9;13;4;9;13;4;0;0;0;1;1;0;5;4;9;4;1;0;1;0;3;2;0;-4;27;80,0;36;72;36;29;48;19;7;24;17;10;16;6;11;28;39;18;8;5;4;3;25;18;2;95;76,04;74,76;37,7;117,04366123093108;115,03477795612626;2,008883274804816;0,5486111111111112;0,5630060728744939;50,0;10,520778537611783;29,72972972972973;65,11627906976744;48,75;0,2222222222222222;0,3333333333333333;70,38766428561273;0,7068452380952381;0,6923076923076923;561,4035087719309;6,9252077562326875;50,08869873734739;34,479662386639134;41,698841698841704;0,0;28,512028512028515;0,07692307692307693;0,0;1,4615384615384615
88_JOV_J2;88;JOV;2;89;CAZ;86;True;True;True;20,066666666666666;1204;2;1;3;2;1;2;1;0;1;1;0;0;0;1;3;4;0;0;0;1;0;4;3;0;2;4;80,0;36;72;36;29;48;19;7;24;17;10;16;6;11;28;39;18;8;5;4;3;25;18;2;95;76,04;74,76;37,7;117,04366123093108;115,03477795612626;2,008883274804816;0,5486111111111112;0,5630060728744939;50,0;10,520778537611783;29,72972972972973;65,11627906976744;48,75;0,2222222222222222;0,3333333333333333;15,728738677492696;0,3333333333333333;0,3333333333333333;0,0;0,0;10,774894495824729;27,8142625357336;19,93355481727575;0,0;30,667007411193456;0,0;0,3333333333333333;0,6666666666666666
JOV_JOV_J2;JOV;JOV;2;89;CAZ;86;True;False;True;200,0;12000;0;0;0;0;0;0;0;0;0;0;0;0;0;0;5;5;0;1;0;0;0;0;0;0;0;4;80,0;36;72;36;29;48;19;7;24;17;10;16;6;11;28;39;18;8;5;4;3;25;18;2;95;76,04;74,76;37,7;117,04366123093108;115,03477795612626;2,008883274804816;0,5486111111111112;0,5630060728744939;50,0;10,520778537611783;29,72972972972973;65,11627906976744;48,75;0,2222222222222222;0,3333333333333333;0,5260389268805891;0,0;0,0;0,0;100,0;0,0;4,651162790697675;2,5;0,0;0,0;0,0;0,0;0,0
00_CAZ_J2;00;CAZ;2;86;JOV;89;False;True;False;26,05;1563;11;3;10;7;2;8;6;1;2;1;4;6;2;0;3;3;1;2;0;0;0;4;3;1;11;3;80,0;27;69;42;18;41;23;9;28;19;23;29;6;15;26;41;19;8;4;4;3;18;24;3;101;74,76;76,04;37,7;115,03477795612626;117,04366123093108;-2,008883274804816;0,45652173913043476;0,5259295499021526;70,37037037037037;10,700909577314071;34,883720930232556;70,27027027027027;51,25;0,42028985507246375;0,4057971014492754;60,13870104102802;0,435126582278481;0,35;17,265565986835007;13,66120218579235;0,0;24,900140063287857;11,516314779270633;0,0;0,0;0,6;0,2;1,1
0_CAZ_J2;0;CAZ;2;86;JOV;89;False;False;False;13,283333333333333;797;5;2;5;3;1;2;1;1;3;2;0;0;0;0;0;0;1;0;1;0;1;0;0;0;-8;3;80,0;27;69;42;18;41;23;9;28;19;23;29;6;15;26;41;19;8;4;4;3;18;24;3;101;74,76;76,04;37,7;115,03477795612626;117,04366123093108;-2,008883274804816;0,45652173913043476;0,5259295499021526;70,37037037037037;10,700909577314071;34,883720930232556;70,27027027027027;51,25;0,42028985507246375;0,4057971014492754;40,27945888574933;0,5;0,5;40,27183488547696;0,0;0,0;0,0;0,0;7,920284971853286;0,0;0,0;0,6;1,0
2_CAZ_J2;2;CAZ;2;86;JOV;89;False;True;False;26,716666666666665;1603;15;4;11;7;4;8;4;0;3;3;7;7;0;2;0;2;8;3;1;0;0;2;6;0;5;20;80,0;27;69;42;18;41;23;9;28;19;23;29;6;15;26;41;19;8;4;4;3;18;24;3;101;74,76;76,04;37,7;115,03477795612626;117,04366123093108;-2,008883274804816;0,45652173913043476;0,5259295499021526;70,37037037037037;10,700909577314071;34,883720930232556;70,27027027027027;51,25;0,42028985507246375;0,4057971014492754;68,41105511435721;0,5326704545454546;0,36363636363636365;159,4618163697521;17,56440281030445;13,927374544821484;0,0;7,485963817841548;3,9379083734042855;0,0;0,6363636363636364;0,2727272727272727;1,3636363636363635
3_CAZ_J2;3;CAZ;2;86;JOV;89;False;False;False;18,033333333333335;1082;18;6;12;6;2;4;2;4;8;4;2;2;0;0;3;3;2;1;1;0;1;1;1;1;11;16;80,0;27;69;42;18;41;23;9;28;19;23;29;6;15;26;41;19;8;4;4;3;18;24;3;101;74,76;76,04;37,7;115,03477795612626;117,04366123093108;-2,008883274804816;0,45652173913043476;0,5259295499021526;70,37037037037037;10,700909577314071;34,883720930232556;70,27027027027027;51,25;0,42028985507246375;0,4057971014492754;82,36337796660959;0,6987577639751552;0,6666666666666666;2318,8405797101286;7,204610951008645;0,0;35,96942598791028;16,635859519408502;5,834073126217254;0,0;0,16666666666666666;0,6666666666666666;1,5
4_CAZ_J2;4;CAZ;2;86;JOV;89;False;True;False;27,9;1674;16;3;8;5;1;4;3;2;4;2;8;9;1;2;5;7;3;0;1;1;1;1;8;0;0;28;80,0;27;69;42;18;41;23;9;28;19;23;29;6;15;26;41;19;8;4;4;3;18;24;3;101;74,76;76,04;37,7;115,03477795612626;117,04366123093108;-2,008883274804816;0,45652173913043476;0,5259295499021526;70,37037037037037;10,700909577314071;34,883720930232556;70,27027027027027;51,25;0,42028985507246375;0,4057971014492754;45,8719994783786;0,6688963210702341;0,5;46,756282875511396;0,0;13,336667500208385;38,74842584520004;25,089605734767026;3,770888364735406;11,947431302270013;1,125;0,5;2,0
5_CAZ_J2;5;CAZ;2;86;JOV;89;False;False;False;0,0;0;0;0;0;0;0;0;0;0;0;0;0;0;0;0;0;0;0;0;0;0;0;0;0;0;0;0;80,0;27;69;42;18;41;23;9;28;19;23;29;6;15;26;41;19;8;4;4;3;18;24;3;101;74,76;76,04;37,7;115,03477795612626;117,04366123093108;-2,008883274804816;0,45652173913043476;0,5259295499021526;70,37037037037037;10,700909577314071;34,883720930232556;70,27027027027027;51,25;0,42028985507246375;0,4057971014492754;0,0;0,0;0,0;0,0;0,0;0,0;0,0;0,0;0,0;0,0;0,0;0,0;0,0
7_CAZ_J2;7;CAZ;2;86;JOV;89;False;False;False;18,383333333333333;1103;3;1;4;3;0;1;1;1;3;2;0;0;0;1;3;4;0;0;0;1;0;1;0;0;-13;4;80,0;27;69;42;18;41;23;9;28;19;23;29;6;15;26;41;19;8;4;4;3;18;24;3;101;74,76;76,04;37,7;115,03477795612626;117,04366123093108;-2,008883274804816;0,45652173913043476;0,5259295499021526;70,37037037037037;10,700909577314071;34,883720930232556;70,27027027027027;51,25;0,42028985507246375;0,4057971014492754;23,283937430239142;0,375;0,375;0,0;0,0;10,120390478399292;35,28460464090564;21,75883952855848;0,0;18,13236627379873;0,0;0,75;0,75
10_CAZ_J2;10;CAZ;2;86;JOV;89;False;False;False;0,0;0;0;0;0;0;0;0;0;0;0;0;0;0;0;0;0;0;0;0;0;0;0;0;0;0;0;0;80,0;27;69;42;18;41;23;9;28;19;23;29;6;15;26;41;19;8;4;4;3;18;24;3;101;74,76;76,04;37,7;115,03477795612626;117,04366123093108;-2,008883274804816;0,45652173913043476;0,5259295499021526;70,37037037037037;10,700909577314071;34,883720930232556;70,27027027027027;51,25;0,42028985507246375;0,4057971014492754;0,0;0,0;0,0;0,0;0,0;0,0;0,0;0,0;0,0;0,0;0,0;0,0;0,0
12_CAZ_J2;12;CAZ;2;86;JOV;89;False;False;False;15,75;945;4;2;6;4;2;6;4;0;0;0;0;2;2;4;3;7;0;1;0;0;0;3;2;0;-7;3;80,0;27;69;42;18;41;23;9;28;19;23;29;6;15;26;41;19;8;4;4;3;18;24;3;101;74,76;76,04;37,7;115,03477795612626;117,04366123093108;-2,008883274804816;0,45652173913043476;0,5259295499021526;70,37037037037037;10,700909577314071;34,883720930232556;70,27027027027027;51,25;0,42028985507246375;0,4057971014492754;53,53851902808564;0,29069767441860467;0,3333333333333333;0,0;12,690355329949238;47,249907715023994;41,184041184041185;44,44444444444444;0,0;0,0;0,3333333333333333;0,0;0,6666666666666666
14_CAZ_J2;14;CAZ;2;86;JOV;89;False;True;False;24,25;1455;8;3;6;3;3;4;1;0;2;2;2;3;1;2;2;4;3;1;0;1;0;1;3;0;4;13;80,0;27;69;42;18;41;23;9;28;19;23;29;6;15;26;41;19;8;4;4;3;18;24;3;101;74,76;76,04;37,7;115,03477795612626;117,04366123093108;-2,008883274804816;0,45652173913043476;0,5259295499021526;70,37037037037037;10,700909577314071;34,883720930232556;70,27027027027027;51,25;0,42028985507246375;0,4057971014492754;36,71404852917652;0,5464480874316939;0,5;57,86618444846294;12,019230769230768;15,344042196116039;17,832265254945668;16,49484536082474;0,0;13,745704467353951;0,5;0,3333333333333333;1,3333333333333333
15_CAZ_J2;15;CAZ;2;86;JOV;89;False;False;False;15,05;903;4;2;4;2;2;2;0;0;2;2;0;0;0;1;4;5;1;0;0;1;0;4;0;0;-10;5;80,0;27;69;42;18;41;23;9;28;19;23;29;6;15;26;41;19;8;4;4;3;18;24;3;101;74,76;76,04;37,7;115,03477795612626;117,04366123093108;-2,008883274804816;0,45652173913043476;0,5259295499021526;70,37037037037037;10,700909577314071;34,883720930232556;70,27027027027027;51,25;0,42028985507246375;0,4057971014492754;28,440955687213474;0,5;0,5;32,47412218388471;0,0;12,361894460326045;57,46610397773188;33,222591362126245;0,0;22,148394241417495;0,0;0,5;1,0
20_CAZ_J2;20;CAZ;2;86;JOV;89;False;True;False;14,583333333333334;875;2;1;3;2;1;2;1;0;1;1;0;0;0;1;1;2;0;0;0;0;0;1;1;1;-8;2;80,0;27;69;42;18;41;23;9;28;19;23;29;6;15;26;41;19;8;4;4;3;18;24;3;101;74,76;76,04;37,7;115,03477795612626;117,04366123093108;-2,008883274804816;0,45652173913043476;0,5259295499021526;70,37037037037037;10,700909577314071;34,883720930232556;70,27027027027027;51,25;0,42028985507246375;0,4057971014492754;22,01329970190323;0,3333333333333333;0,3333333333333333;0,0;0,0;12,757475083056478;14,826254826254825;13,714285714285714;0,0;0,0;0,0;0,3333333333333333;0,6666666666666666
CAZ_CAZ_J2;CAZ;CAZ;2;86;JOV;89;False;False;False;200,0;12000;0;0;0;0;0;0;0;0;0;0;0;0;0;2;2;4;0;0;0;0;0;0;0;0;0;4;80,0;27;69;42;18;41;23;9;28;19;23;29;6;15;26;41;19;8;4;4;3;18;24;3;101;74,76;76,04;37,7;115,03477795612626;117,04366123093108;-2,008883274804816;0,45652173913043476;0,5259295499021526;70,37037037037037;10,700909577314071;34,883720930232556;70,27027027027027;51,25;0,42028985507246375;0,4057971014492754;0,0;0,0;0,0;0,0;0,0;1,8604651162790697;2,1621621621621623;2,0;0,0;0,0;0,0;0,0;0,0
0_BAR_J2;0;BAR;2;86;HIO;91;True;False;False;19,4;1164;14;5;8;3;4;5;1;1;3;2;3;4;1;0;1;1;1;1;0;0;0;1;2;0;-14;12;80,0;29;67;38;21;42;21;8;25;17;20;28;8;10;24;34;16;14;9;4;5;24;26;0;86;83,32;81,0;41,08;103,21651464234279;112,34567901234568;-9,129164370002897;0,4925373134328358;0,5421079172970248;55,172413793103445;16,802688430148827;25,641025641025642;77,41935483870968;48,57142857142857;0,417910447761194;0,373134328358209;53,2538814457736;0,7172131147540983;0,6875;49,20049200492006;9,29368029739777;0,0;13,302294645826406;5,891016200294551;0,0;0,0;0,5;0,375;1,75
2_BAR_J2;2;BAR;2;86;HIO;91;True;False;False;12,7;762;3;1;3;2;0;1;1;1;2;1;0;0;0;0;1;1;1;0;0;1;0;3;0;0;-3;1;80,0;29;67;38;21;42;21;8;25;17;20;28;8;10;24;34;16;14;9;4;5;24;26;0;86;83,32;81,0;41,08;103,21651464234279;112,34567901234568;-9,129164370002897;0,4925373134328358;0,5421079172970248;55,172413793103445;16,802688430148827;25,641025641025642;77,41935483870968;48,57142857142857;0,417910447761194;0,373134328358209;22,68079428141574;0,5;0,5;27,74887270204648;0,0;0,0;20,32004064008128;8,998875140607424;0,0;33,15375051802735;0,0;0,6666666666666666;1,0
3_BAR_J2;3;BAR;2;86;HIO;91;True;False;False;18,316666666666666;1099;4;2;5;3;2;3;1;0;2;2;0;0;0;2;4;6;0;1;1;0;0;0;0;0;-3;7;80,0;29;67;38;21;42;21;8;25;17;20;28;8;10;24;34;16;14;9;4;5;24;26;0;86;83,32;81,0;41,08;103,21651464234279;112,34567901234568;-9,129164370002897;0,4925373134328358;0,5421079172970248;55,172413793103445;16,802688430148827;25,641025641025642;77,41935483870968;48,57142857142857;0,417910447761194;0,373134328358209;31,451802079051486;0,4;0,4;0,0;16,666666666666668;22,39798418142367;56,356218262936984;37,43663070323671;5,392107302935328;0,0;0,0;0,4;0,8
6_BAR_J2;6;BAR;2;86;HIO;91;True;False;False;4,4;264;0;0;2;2;0;1;1;0;1;1;0;0;0;0;1;1;0;2;2;0;0;1;0;0;2;-2;80,0;29;67;38;21;42;21;8;25;17;20;28;8;10;24;34;16;14;9;4;5;24;26;0;86;83,32;81,0;41,08;103,21651464234279;112,34567901234568;-9,129164370002897;0,4925373134328358;0,5421079172970248;55,172413793103445;16,802688430148827;25,641025641025642;77,41935483870968;48,57142857142857;0,417910447761194;0,373134328358209;87,28669314363026;0,0;0,0;0,0;50,0;0,0;58,651026392961874;25,974025974025974;44,893378226711555;0,0;0,0;0,5;0,0
8_BAR_J2;8;BAR;2;86;HIO;91;True;False;False;23,283333333333335;1397;10;4;13;9;2;7;5;2;6;4;0;0;0;0;1;1;5;0;1;1;0;2;3;0;10;10;80,0;29;67;38;21;42;21;8;25;17;20;28;8;10;24;34;16;14;9;4;5;24;26;0;86;83,32;81,0;41,08;103,21651464234279;112,34567901234568;-9,129164370002897;0,4925373134328358;0,5421079172970248;55,172413793103445;16,802688430148827;25,641025641025642;77,41935483870968;48,57142857142857;0,417910447761194;0,373134328358209;53,60915011970992;0,38461538461538464;0,38461538461538464;112,60732886031997;0,0;0,0;11,083658530953425;4,908477349422231;4,241894005673533;18,08386391892401;0,0;0,46153846153846156;0,7692307692307693
13_BAR_J2;13;BAR;2;86;HIO;91;True;False;False;23,483333333333334;1409;8;3;7;4;1;2;1;2;5;3;0;0;0;1;1;2;3;1;2;0;0;2;2;0;-1;10;80,0;29;67;38;21;42;21;8;25;17;20;28;8;10;24;34;16;14;9;4;5;24;26;0;86;83,32;81,0;41,08;103,21651464234279;112,34567901234568;-9,129164370002897;0,4925373134328358;0,5421079172970248;55,172413793103445;16,802688430148827;25,641025641025642;77,41935483870968;48,57142857142857;0,417910447761194;0,373134328358209;32,70927890691041;0,5714285714285714;0,5714285714285714;54,419712029023835;12,5;8,735054867063383;10,989262574692644;9,733346851870627;8,411534316431407;0,0;0,0;0,7142857142857143;1,1428571428571428
14_BAR_J2;14;BAR;2;86;HIO;91;True;False;False;20,283333333333335;1217;10;4;6;2;4;6;2;0;0;0;2;5;3;1;2;3;0;3;2;1;1;4;6;0;-7;9;80,0;29;67;38;21;42;21;8;25;17;20;28;8;10;24;34;16;14;9;4;5;24;26;0;86;83,32;81,0;41,08;103,21651464234279;112,34567901234568;-9,129164370002897;0,4925373134328358;0,5421079172970248;55,172413793103445;16,802688430148827;25,641025641025642;77,41935483870968;48,57142857142857;0,417910447761194;0,373134328358209;53,01752142298397;0,6097560975609757;0,6666666666666666;0,0;26,78571428571429;10,113140762277984;25,445967079280088;16,903392416950343;9,738579993304725;20,75855209099165;0,8333333333333334;0,0;1,6666666666666667
19_BAR_J2;19;BAR;2;86;HIO;91;True;False;False;14,766666666666667;886;2;0;3;3;0;3;3;0;0;0;2;2;0;4;2;6;0;1;0;0;1;4;1;0;-1;0;80,0;29;67;38;21;42;21;8;25;17;20;28;8;10;24;34;16;14;9;4;5;24;26;0;86;83,32;81,0;41,08;103,21651464234279;112,34567901234568;-9,129164370002897;0,4925373134328358;0,5421079172970248;55,172413793103445;16,802688430148827;25,641025641025642;77,41935483870968;48,57142857142857;0,417910447761194;0,373134328358209;31,730584794244283;0,2577319587628866;0,0;0,0;20,491803278688526;55,5652022920646;34,95230466758902;46,43663334408255;0,0;0,0;0,6666666666666666;0,0;0,6666666666666666
21_BAR_J2;21;BAR;2;86;HIO;91;True;False;False;22,05;1323;7;3;5;2;2;4;2;1;1;0;0;0;0;0;4;4;2;0;0;0;1;3;1;0;-3;8;80,0;29;67;38;21;42;21;8;25;17;20;28;8;10;24;34;16;14;9;4;5;24;26;0;86;83,32;81,0;41,08;103,21651464234279;112,34567901234568;-9,129164370002897;0,4925373134328358;0,5421079172970248;55,172413793103445;16,802688430148827;25,641025641025642;77,41935483870968;48,57142857142857;0,417910447761194;0,373134328358209;21,772191033558567;0,7;0,7;40,05507572912755;0,0;0,0;46,81442469460902;20,732102364755427;0,0;0,0;0,0;0,2;1,4
23_BAR_J2;23;BAR;2;86;HIO;91;True;False;False;23,65;1419;20;4;9;5;4;7;3;0;2;2;12;13;1;1;2;3;4;1;1;0;2;3;9;0;7;25;80,0;29;67;38;21;42;21;8;25;17;20;28;8;10;24;34;16;14;9;4;5;24;26;0;86;83,32;81,0;41,08;103,21651464234279;112,34567901234568;-9,129164370002897;0,4925373134328358;0,5421079172970248;55,172413793103445;16,802688430148827;25,641025641025642;77,41935483870968;48,57142857142857;0,417910447761194;0,373134328358209;63,82078214966826;0,6793478260869565;0,4444444444444444;87,4675413420801;6,361323155216286;8,67349704559007;21,823637727613722;14,497130776200544;4,176128207135959;0,0;1,4444444444444444;0,2222222222222222;2,2222222222222223
43_BAR_J2;43;BAR;2;86;HIO;91;True;False;False;0,7666666666666667;46;0;0;0;0;0;0;0;0;0;0;0;0;0;0;0;0;0;0;0;0;0;0;0;0;-1;0;80,0;29;67;38;21;42;21;8;25;17;20;28;8;10;24;34;16;14;9;4;5;24;26;0;86;83,32;81,0;41,08;103,21651464234279;112,34567901234568;-9,129164370002897;0,4925373134328358;0,5421079172970248;55,172413793103445;16,802688430148827;25,641025641025642;77,41935483870968;48,57142857142857;0,417910447761194;0,373134328358209;0,0;0,0;0,0;0,0;0,0;0,0;0,0;0,0;0,0;0,0;0,0;0,0;0,0
44_BAR_J2;44;BAR;2;86;HIO;91;True;False;False;16,9;1014;8;3;6;3;2;3;1;1;3;2;1;4;3;0;4;4;0;2;0;1;0;0;2;0;-11;7;80,0;29;67;38;21;42;21;8;25;17;20;28;8;10;24;34;16;14;9;4;5;24;26;0;86;83,32;81,0;41,08;103,21651464234279;112,34567901234568;-9,129164370002897;0,4925373134328358;0,5421079172970248;55,172413793103445;16,802688430148827;25,641025641025642;77,41935483870968;48,57142857142857;0,417910447761194;0,373134328358209;55,45029216508962;0,5154639175257733;0,5833333333333334;0,0;20,491803278688526;0,0;61,08035884710823;27,049873203719358;0,0;24,91435689816257;0,6666666666666666;0,5;1,3333333333333333
BAR_BAR_J2;BAR;BAR;2;86;HIO;91;True;False;False;200,0;12000;0;0;0;0;0;0;0;0;0;0;0;0;0;1;1;2;0;2;0;0;0;1;0;0;0;-1;80,0;29;67;38;21;42;21;8;25;17;20;28;8;10;24;34;16;14;9;4;5;24;26;0;86;83,32;81,0;41,08;103,21651464234279;112,34567901234568;-9,129164370002897;0,4925373134328358;0,5421079172970248;55,172413793103445;16,802688430148827;25,641025641025642;77,41935483870968;48,57142857142857;0,417910447761194;0,373134328358209;0,9601536245799328;0,0;0,0;0,0;100,0;1,0256410256410255;1,2903225806451613;1,1428571428571428;0,0;0,0;0,0;0,0;0,0
3_BAR_J2;3;BAR;2;86;HIO;91;True;True;False;18,316666666666666;1099;4;2;5;3;2;3;1;0;2;2;0;0;0;2;4;6;0;1;1;0;0;0;0;0;-3;7;80,0;29;67;38;21;42;21;8;25;17;20;28;8;10;24;34;16;14;9;4;5;24;26;0;86;83,32;81,0;41,08;103,21651464234279;112,34567901234568;-9,129164370002897;0,4925373134328358;0,5421079172970248;55,172413793103445;16,802688430148827;25,641025641025642;77,41935483870968;48,57142857142857;0,417910447761194;0,373134328358209;31,451802079051486;0,4;0,4;0,0;16,666666666666668;22,39798418142367;56,356218262936984;37,43663070323671;5,392107302935328;0,0;0,0;0,4;0,8
6_BAR_J2;6;BAR;2;86;HIO;91;True;True;False;4,4;264;0;0;2;2;0;1;1;0;1;1;0;0;0;0;1;1;0;2;2;0;0;1;0;0;2;-2;80,0;29;67;38;21;42;21;8;25;17;20;28;8;10;24;34;16;14;9;4;5;24;26;0;86;83,32;81,0;41,08;103,21651464234279;112,34567901234568;-9,129164370002897;0,4925373134328358;0,5421079172970248;55,172413793103445;16,802688430148827;25,641025641025642;77,41935483870968;48,57142857142857;0,417910447761194;0,373134328358209;87,28669314363026;0,0;0,0;0,0;50,0;0,0;58,651026392961874;25,974025974025974;44,893378226711555;0,0;0,0;0,5;0,0
8_BAR_J2;8;BAR;2;86;HIO;91;True;True;False;23,283333333333335;1397;10;4;13;9;2;7;5;2;6;4;0;0;0;0;1;1;5;0;1;1;0;2;3;0;10;10;80,0;29;67;38;21;42;21;8;25;17;20;28;8;10;24;34;16;14;9;4;5;24;26;0;86;83,32;81,0;41,08;103,21651464234279;112,34567901234568;-9,129164370002897;0,4925373134328358;0,5421079172970248;55,172413793103445;16,802688430148827;25,641025641025642;77,41935483870968;48,57142857142857;0,417910447761194;0,373134328358209;53,60915011970992;0,38461538461538464;0,38461538461538464;112,60732886031997;0,0;0,0;11,083658530953425;4,908477349422231;4,241894005673533;18,08386391892401;0,0;0,46153846153846156;0,7692307692307693
13_BAR_J2;13;BAR;2;86;HIO;91;True;True;False;23,483333333333334;1409;8;3;7;4;1;2;1;2;5;3;0;0;0;1;1;2;3;1;2;0;0;2;2;0;-1;10;80,0;29;67;38;21;42;21;8;25;17;20;28;8;10;24;34;16;14;9;4;5;24;26;0;86;83,32;81,0;41,08;103,21651464234279;112,34567901234568;-9,129164370002897;0,4925373134328358;0,5421079172970248;55,172413793103445;16,802688430148827;25,641025641025642;77,41935483870968;48,57142857142857;0,417910447761194;0,373134328358209;32,70927890691041;0,5714285714285714;0,5714285714285714;54,419712029023835;12,5;8,735054867063383;10,989262574692644;9,733346851870627;8,411534316431407;0,0;0,0;0,7142857142857143;1,1428571428571428
23_BAR_J2;23;BAR;2;86;HIO;91;True;True;False;23,65;1419;20;4;9;5;4;7;3;0;2;2;12;13;1;1;2;3;4;1;1;0;2;3;9;0;7;25;80,0;29;67;38;21;42;21;8;25;17;20;28;8;10;24;34;16;14;9;4;5;24;26;0;86;83,32;81,0;41,08;103,21651464234279;112,34567901234568;-9,129164370002897;0,4925373134328358;0,5421079172970248;55,172413793103445;16,802688430148827;25,641025641025642;77,41935483870968;48,57142857142857;0,417910447761194;0,373134328358209;63,82078214966826;0,6793478260869565;0,4444444444444444;87,4675413420801;6,361323155216286;8,67349704559007;21,823637727613722;14,497130776200544;4,176128207135959;0,0;1,4444444444444444;0,2222222222222222;2,2222222222222223
1_HIO_J2;1;HIO;2;91;BAR;86;False;False;True;20,116666666666667;1207;14;4;9;5;2;6;4;2;3;1;4;4;0;1;4;5;2;1;0;0;1;2;2;0;5;14;80,0;31;59;28;22;39;17;9;20;11;20;25;5;7;29;36;15;18;7;5;4;28;22;0;93;81,0;83,32;41,08;112,34567901234568;103,21651464234279;9,129164370002897;0,6016949152542372;0,65;48,38709677419355;22,22222222222222;22,580645161290324;74,35897435897436;51,42857142857143;0,423728813559322;0,3389830508474576;57,7372733130811;0,6505576208178439;0,5555555555555556;52,69802931327881;8,503401360544219;12,82839351097095;40,78771270154866;28,40572848857853;0,0;0,0;0,4444444444444444;0,3333333333333333;1,5555555555555556
2_HIO_J2;2;HIO;2;91;BAR;86;False;True;True;20,316666666666666;1219;3;1;4;3;0;1;1;1;3;2;0;0;0;0;3;3;1;0;0;0;1;0;1;0;7;4;80,0;31;59;28;22;39;17;9;20;11;20;25;5;7;29;36;15;18;7;5;4;28;22;0;93;81,0;83,32;41,08;112,34567901234568;103,21651464234279;9,129164370002897;0,6016949152542372;0,65;48,38709677419355;22,22222222222222;22,580645161290324;74,35897435897436;51,42857142857143;0,423728813559322;0,3389830508474576;19,445204022726582;0,375;0,375;14,550304647003546;0,0;0,0;30,289644727708712;16,87565920543771;0,0;0,0;0,0;0,75;0,75
3_HIO_J2;3;HIO;2;91;BAR;86;False;True;True;22,566666666666666;1354;10;4;9;5;4;8;4;0;1;1;2;2;0;1;1;2;0;1;1;0;1;4;2;0;-8;4;80,0;31;59;28;22;39;17;9;20;11;20;25;5;7;29;36;15;18;7;5;4;28;22;0;93;81,0;83,32;41,08;112,34567901234568;103,21651464234279;9,129164370002897;0,6016949152542372;0,65;48,38709677419355;22,22222222222222;22,580645161290324;74,35897435897436;51,42857142857143;0,423728813559322;0,3389830508474576;47,617484545106414;0,5060728744939271;0,4444444444444444;0,0;9,191176470588236;11,435650640872922;9,08987615043745;10,128719139058873;4,2547427972522875;0,0;0,2222222222222222;0,1111111111111111;1,1111111111111112
4_HIO_J2;4;HIO;2;91;BAR;86;False;False;True;19,683333333333334;1181;18;7;12;5;5;8;3;2;4;2;2;4;2;1;4;5;3;3;0;0;0;3;4;0;-2;17;80,0;31;59;28;22;39;17;9;20;11;20;25;5;7;29;36;15;18;7;5;4;28;22;0;93;81,0;83,32;41,08;112,34567901234568;103,21651464234279;9,129164370002897;0,6016949152542372;0,65;48,38709677419355;22,22222222222222;22,580645161290324;74,35897435897436;51,42857142857143;0,423728813559322;0,3389830508474576;84,0969674161884;0,6540697674418605;0,6666666666666666;478,24642975755586;17,899761336515514;13,110813689874627;41,685664039601384;29,031087456150964;0,0;0,0;0,3333333333333333;0,3333333333333333;1,5
5_HIO_J2;5;HIO;2;91;BAR;86;False;True;True;19,2;1152;4;1;3;2;1;1;0;0;2;2;2;3;1;1;3;4;1;7;1;1;0;4;1;0;1;-2;80,0;31;59;28;22;39;17;9;20;11;20;25;5;7;29;36;15;18;7;5;4;28;22;0;93;81,0;83,32;41,08;112,34567901234568;103,21651464234279;9,129164370002897;0,6016949152542372;0,65;48,38709677419355;22,22222222222222;22,580645161290324;74,35897435897436;51,42857142857143;0,423728813559322;0,3389830508474576;58,230452674897116;0,4629629629629629;0,3333333333333333;15,527950310559007;61,83745583038869;13,440860215053766;32,05128205128205;23,80952380952381;5,000800128020484;24,50980392156863;1,0;0,6666666666666666;1,3333333333333333
6_HIO_J2;6;HIO;2;91;BAR;86;False;True;True;19,566666666666666;1174;10;3;4;1;1;1;0;2;3;1;2;2;0;0;0;0;3;3;1;0;0;3;4;0;0;11;80,0;31;59;28;22;39;17;9;20;11;20;25;5;7;29;36;15;18;7;5;4;28;22;0;93;81,0;83,32;41,08;112,34567901234568;103,21651464234279;9,129164370002897;0,6016949152542372;0,65;48,38709677419355;22,22222222222222;22,580645161290324;74,35897435897436;51,42857142857143;0,423728813559322;0,3389830508474576;39,7753801501672;1,0245901639344261;1,0;65,47240156406292;38,07106598984772;0,0;0,0;0,0;4,907088370936624;0,0;0,5;0,75;2,5
7_HIO_J2;7;HIO;2;91;BAR;86;False;False;True;15,25;915;10;3;4;1;3;4;1;0;0;0;4;4;0;1;2;3;1;1;0;1;0;4;2;0;8;11;80,0;31;59;28;22;39;17;9;20;11;20;25;5;7;29;36;15;18;7;5;4;28;22;0;93;81,0;83,32;41,08;112,34567901234568;103,21651464234279;9,129164370002897;0,6016949152542372;0,65;48,38709677419355;22,22222222222222;22,580645161290324;74,35897435897436;51,42857142857143;0,423728813559322;0,3389830508474576;43,780611212305196;0,8680555555555556;0,75;34,371643394199786;14,792899408284024;16,922263352723427;26,902059688944934;22,482435597189696;0,0;30,85824493731919;1,0;0,0;2,5
12_HIO_J2;12;HIO;2;91;BAR;86;False;False;True;14,516666666666667;871;2;1;1;0;1;1;0;0;0;0;0;0;0;0;1;1;0;0;0;3;0;2;0;0;0;4;80,0;31;59;28;22;39;17;9;20;11;20;25;5;7;29;36;15;18;7;5;4;28;22;0;93;81,0;83,32;41,08;112,34567901234568;103,21651464234279;9,129164370002897;0,6016949152542372;0,65;48,38709677419355;22,22222222222222;22,580645161290324;74,35897435897436;51,42857142857143;0,423728813559322;0,3389830508474576;6,803588893141131;1,0;1,0;0,0;0,0;0,0;14,13053077806235;7,872724290634737;0,0;97,25130006078206;0,0;0,0;2,0
14_HIO_J2;14;HIO;2;91;BAR;86;False;False;True;22,25;1335;9;4;6;2;4;5;1;0;1;1;1;2;1;1;4;5;0;0;3;0;0;2;2;0;5;14;80,0;31;59;28;22;39;17;9;20;11;20;25;5;7;29;36;15;18;7;5;4;28;22;0;93;81,0;83,32;41,08;112,34567901234568;103,21651464234279;9,129164370002897;0,6016949152542372;0,65;48,38709677419355;22,22222222222222;22,580645161290324;74,35897435897436;51,42857142857143;0,423728813559322;0,3389830508474576;30,53960327368567;0,6540697674418605;0,6666666666666666;0,0;0,0;11,598405219282348;36,87698069720542;25,682182985553773;12,94589156736988;0,0;0,3333333333333333;0,16666666666666666;1,5
16_HIO_J2;16;HIO;2;91;BAR;86;False;False;True;16,3;978;7;2;5;3;0;2;2;2;3;1;1;2;1;1;5;6;1;0;0;0;1;2;3;0;12;10;80,0;31;59;28;22;39;17;9;20;11;20;25;5;7;29;36;15;18;7;5;4;28;22;0;93;81,0;83,32;41,08;112,34567901234568;103,21651464234279;9,129164370002897;0,6016949152542372;0,65;48,38709677419355;22,22222222222222;22,580645161290324;74,35897435897436;51,42857142857143;0,423728813559322;0,3389830508474576;35,62826630311293;0,5952380952380952;0,6;23,168259484506226;0,0;15,83217890362161;62,92276230926537;42,068361086766;0,0;0,0;0,4;0,6;1,4
22_HIO_J2;22;HIO;2;91;BAR;86;False;False;True;0,0;0;0;0;0;0;0;0;0;0;0;0;0;0;0;0;0;0;0;0;0;0;0;0;0;0;0;0;80,0;31;59;28;22;39;17;9;20;11;20;25;5;7;29;36;15;18;7;5;4;28;22;0;93;81,0;83,32;41,08;112,34567901234568;103,21651464234279;9,129164370002897;0,6016949152542372;0,65;48,38709677419355;22,22222222222222;22,580645161290324;74,35897435897436;51,42857142857143;0,423728813559322;0,3389830508474576;0,0;0,0;0,0;0,0;0,0;0,0;0,0;0,0;0,0;0,0;0,0;0,0;0,0
25_HIO_J2;25;HIO;2;91;BAR;86;False;True;True;10,233333333333333;614;4;1;2;1;1;2;1;0;0;0;2;2;0;0;1;1;3;0;1;0;0;0;1;0;-3;9;80,0;31;59;28;22;39;17;9;20;11;20;25;5;7;29;36;15;18;7;5;4;28;22;0;93;81,0;83,32;41,08;112,34567901234568;103,21651464234279;9,129164370002897;0,6016949152542372;0,65;48,38709677419355;22,22222222222222;22,580645161290324;74,35897435897436;51,42857142857143;0,423728813559322;0,3389830508474576;27,79587404994571;0,6944444444444444;0,5;101,16622172263595;0,0;0,0;20,045101478326234;11,16798510935319;9,382608709250158;0,0;1,0;0,0;2,0
HIO_HIO_J2;HIO;HIO;2;91;BAR;86;False;False;True;200,0;12000;0;0;0;0;0;0;0;0;0;0;0;0;0;0;1;1;0;2;0;0;0;2;0;0;0;-3;80,0;31;59;28;22;39;17;9;20;11;20;25;5;7;29;36;15;18;7;5;4;28;22;0;93;81,0;83,32;41,08;112,34567901234568;103,21651464234279;9,129164370002897;0,6016949152542372;0,65;48,38709677419355;22,22222222222222;22,580645161290324;74,35897435897436;51,42857142857143;0,423728813559322;0,3389830508474576;0,9876543209876543;0,0;0,0;0,0;100,0;0,0;1,0256410256410255;0,5714285714285714;0,0;0,0;0,0;0,0;0,0
0_BRE_J2;0;BRE;2;90;VBC;113;True;True;False;21,75;1305;3;1;5;4;0;2;2;1;3;2;0;0;0;1;3;4;2;1;0;0;2;3;0;0;-11;-1;80,0;28;70;42;13;37;24;15;33;18;19;27;8;18;17;35;17;15;5;3;5;21;26;2;85;78,88;77,12;39,0;114,09736308316431;146,52489626556016;-32,42753318239585;0,5071428571428571;0,5495847581827065;60,714285714285715;19,016227180527384;45,0;47,22222222222222;46,05263157894737;0,38571428571428573;0,4714285714285714;27,977897461005806;0,3;0,3;30,24574669187146;16,666666666666668;9,195402298850574;30,65134099616858;19,358741681790683;0,0;-0,0;0,0;0,6;0,6
1_BRE_J2;1;BRE;2;90;VBC;113;True;True;False;21,433333333333334;1286;10;3;7;4;1;3;2;2;4;2;2;2;0;0;0;0;2;4;1;0;0;3;1;0;-17;3;80,0;28;70;42;13;37;24;15;33;18;19;27;8;18;17;35;17;15;5;3;5;21;26;2;85;78,88;77,12;39,0;114,09736308316431;146,52489626556016;-32,42753318239585;0,5071428571428571;0,5495847581827065;60,714285714285715;19,016227180527384;45,0;47,22222222222222;46,05263157894737;0,38571428571428573;0,4714285714285714;56,21468837441127;0,6345177664974619;0,5714285714285714;44,42798963346908;33,670033670033675;0,0;0,0;0,0;4,839865000032265;-0,0;0,2857142857142857;0,5714285714285714;1,4285714285714286
4_BRE_J2;4;BRE;2;90;VBC;113;True;True;False;24,916666666666668;1495;7;2;10;8;2;7;5;0;3;3;3;4;1;0;2;2;4;1;0;0;1;4;2;0;-3;0;80,0;28;70;42;13;37;24;15;33;18;19;27;8;18;17;35;17;15;5;3;5;21;26;2;85;78,88;77,12;39,0;114,09736308316431;146,52489626556016;-32,42753318239585;0,5071428571428571;0,5495847581827065;60,714285714285715;19,016227180527384;45,0;47,22222222222222;46,05263157894737;0,38571428571428573;0,4714285714285714;51,937831988982886;0,2976190476190476;0,2;59,516429014259145;7,836990595611286;0,0;17,837235228539576;8,449216687202957;0,0;-0,0;0,4;0,3;0,7
8_BRE_J2;8;BRE;2;90;VBC;113;True;False;False;6,35;381;4;1;2;1;1;2;1;0;0;0;2;6;4;1;0;1;0;1;0;0;0;1;3;0;-8;1;80,0;28;70;42;13;37;24;15;33;18;19;27;8;18;17;35;17;15;5;3;5;21;26;2;85;78,88;77,12;39,0;114,09736308316431;146,52489626556016;-32,42753318239585;0,5071428571428571;0,5495847581827065;60,714285714285715;19,016227180527384;45,0;47,22222222222222;46,05263157894737;0,38571428571428573;0,4714285714285714;90,08001788823053;0,43103448275862066;0,5;0,0;17,730496453900706;31,496062992125985;0,0;16,576875259013676;0,0;-0,0;3,0;0,0;2,0
10_BRE_J2;10;BRE;2;90;VBC;113;True;False;False;19,016666666666666;1141;19;4;10;6;1;3;2;3;7;4;8;8;0;0;2;2;0;1;0;0;0;0;7;0;-5;21;80,0;28;70;42;13;37;24;15;33;18;19;27;8;18;17;35;17;15;5;3;5;21;26;2;85;78,88;77,12;39,0;114,09736308316431;146,52489626556016;-32,42753318239585;0,5071428571428571;0,5495847581827065;60,714285714285715;19,016227180527384;45,0;47,22222222222222;46,05263157894737;0,38571428571428573;0,4714285714285714;77,43821031691712;0,7026627218934911;0,55;0,0;6,887052341597796;0,0;23,37131171487;11,07062133862263;0,0;-0,0;0,8;0,7;1,9
17_BRE_J2;17;BRE;2;90;VBC;113;True;False;False;16,083333333333332;965;5;2;7;5;1;4;3;1;3;2;0;0;0;2;1;3;0;1;1;0;1;0;0;0;-3;2;80,0;28;70;42;13;37;24;15;33;18;19;27;8;18;17;35;17;15;5;3;5;21;26;2;85;78,88;77,12;39,0;114,09736308316431;146,52489626556016;-32,42753318239585;0,5071428571428571;0,5495847581827065;60,714285714285715;19,016227180527384;45,0;47,22222222222222;46,05263157894737;0,38571428571428573;0,4714285714285714;50,44719334937835;0,35714285714285715;0,35714285714285715;0,0;12,5;24,870466321243526;13,81692573402418;19,634578674665942;6,449809730612947;-0,0;0,0;0,42857142857142855;0,7142857142857143
18_BRE_J2;18;BRE;2;90;VBC;113;True;True;False;16,316666666666666;979;3;1;1;0;1;1;0;0;0;0;1;1;0;2;2;4;2;1;0;2;0;1;4;0;0;13;80,0;28;70;42;13;37;24;15;33;18;19;27;8;18;17;35;17;15;5;3;5;21;26;2;85;78,88;77,12;39,0;114,09736308316431;146,52489626556016;-32,42753318239585;0,5071428571428571;0,5495847581827065;60,714285714285715;19,016227180527384;45,0;47,22222222222222;46,05263157894737;0,38571428571428573;0,4714285714285714;15,166363822835324;1,0416666666666667;1,0;42,45533345126481;40,98360655737705;24,514811031664966;27,238678924072182;25,80506424385786;0,0;-163,43207354443308;1,0;0,0;3,0
19_BRE_J2;19;BRE;2;90;VBC;113;True;False;False;15,083333333333334;905;10;3;7;4;2;5;3;1;2;1;3;4;1;3;1;4;6;2;1;0;0;0;6;0;-20;20;80,0;28;70;42;13;37;24;15;33;18;19;27;8;18;17;35;17;15;5;3;5;21;26;2;85;78,88;77,12;39,0;114,09736308316431;146,52489626556016;-32,42753318239585;0,5071428571428571;0,5495847581827065;60,714285714285715;19,016227180527384;45,0;47,22222222222222;46,05263157894737;0,38571428571428573;0,4714285714285714;72,34991539004629;0,5707762557077626;0,5;263,25411334552103;18,58736059479554;39,77900552486187;14,732965009208103;27,915091596394298;6,877421425460214;-0,0;0,5714285714285714;0,2857142857142857;1,4285714285714286
22_BRE_J2;22;BRE;2;90;VBC;113;True;False;False;17,333333333333332;1040;6;3;4;1;3;4;1;0;0;0;0;0;0;2;1;3;0;1;0;1;0;3;1;2;-15;6;80,0;28;70;42;13;37;24;15;33;18;19;27;8;18;17;35;17;15;5;3;5;21;26;2;85;78,88;77,12;39,0;114,09736308316431;146,52489626556016;-32,42753318239585;0,5071428571428571;0,5495847581827065;60,714285714285715;19,016227180527384;45,0;47,22222222222222;46,05263157894737;0,38571428571428573;0,4714285714285714;29,25573412388829;0,75;0,75;0,0;20,0;23,07692307692308;12,820512820512821;18,21862348178138;0,0;-76,92307692307692;0,0;0,0;1,5
23_BRE_J2;23;BRE;2;90;VBC;113;True;False;False;0,0;0;0;0;0;0;0;0;0;0;0;0;0;0;0;0;0;0;0;0;0;0;0;0;0;0;0;0;80,0;28;70;42;13;37;24;15;33;18;19;27;8;18;17;35;17;15;5;3;5;21;26;2;85;78,88;77,12;39,0;114,09736308316431;146,52489626556016;-32,42753318239585;0,5071428571428571;0,5495847581827065;60,714285714285715;19,016227180527384;45,0;47,22222222222222;46,05263157894737;0,38571428571428573;0,4714285714285714;0,0;0,0;0,0;0,0;0,0;0,0;0,0;0,0;0,0;0,0;0,0;0,0;0,0
37_BRE_J2;37;BRE;2;90;VBC;113;True;False;False;18,25;1095;6;2;7;5;0;3;3;2;4;2;0;0;0;2;3;5;1;1;1;0;0;3;1;0;-12;5;80,0;28;70;42;13;37;24;15;33;18;19;27;8;18;17;35;17;15;5;3;5;21;26;2;85;78,88;77,12;39,0;114,09736308316431;146,52489626556016;-32,42753318239585;0,5071428571428571;0,5495847581827065;60,714285714285715;19,016227180527384;45,0;47,22222222222222;46,05263157894737;0,38571428571428573;0,4714285714285714;44,45802884214621;0,42857142857142855;0,42857142857142855;22,79202279202279;12,5;21,91780821917808;36,529680365296805;28,83922134102379;5,6840788950150625;-0,0;0,0;0,5714285714285714;0,8571428571428571
47_BRE_J2;47;BRE;2;90;VBC;113;True;True;False;23,466666666666665;1408;17;6;10;4;1;3;2;5;7;2;0;2;2;0;1;1;0;1;1;0;1;3;1;0;-21;9;80,0;28;70;42;13;37;24;15;33;18;19;27;8;18;17;35;17;15;5;3;5;21;26;2;85;78,88;77,12;39,0;114,09736308316431;146,52489626556016;-32,42753318239585;0,5071428571428571;0,5495847581827065;60,714285714285715;19,016227180527384;45,0;47,22222222222222;46,05263157894737;0,38571428571428573;0,4714285714285714;51,34381338742395;0,7812499999999999;0,85;0,0;8,417508417508417;0,0;9,46969696969697;4,4856459330143545;4,420501697472652;-0,0;0,2;0,7;1,7
BRE_BRE_J2;BRE;BRE;2;90;VBC;113;True;False;False;200,0;12000;0;0;0;0;0;0;0;0;0;0;0;0;0;5;1;6;0;0;0;0;0;0;0;0;0;6;80,0;28;70;42;13;37;24;15;33;18;19;27;8;18;17;35;17;15;5;3;5;21;26;2;85;78,88;77,12;39,0;114,09736308316431;146,52489626556016;-32,42753318239585;0,5071428571428571;0,5495847581827065;60,714285714285715;19,016227180527384;45,0;47,22222222222222;46,05263157894737;0,38571428571428573;0,4714285714285714;0,0;0,0;0,0;0,0;0,0;5,0;1,1111111111111112;3,1578947368421053;0,0;-0,0;0,0;0,0;0,0
0_VBC_J2;0;VBC;2;113;BRE;90;False;True;True;17,0;1020;15;6;9;3;3;3;0;3;6;3;0;0;0;1;1;2;3;0;0;0;0;2;0;0;2;15;80,0;38;72;34;19;33;14;19;39;20;18;23;5;19;22;41;28;14;8;5;3;26;21;6;134;77,12;78,88;39,0;146,52489626556016;114,09736308316431;32,42753318239585;0,6597222222222222;0,6880175353141743;73,6842105263158;18,153526970954356;52,77777777777778;55,0;53,94736842105263;0,3194444444444444;0,5416666666666666;54,9182328533073;0,8333333333333334;0,8333333333333334;144,57831325301208;0,0;13,071895424836601;11,764705882352942;12,38390092879257;0,0;0,0;0,0;0,6666666666666666;1,6666666666666667
1_VBC_J2;1;VBC;2;113;BRE;90;False;True;True;19,05;1143;2;1;4;3;1;3;2;0;1;1;0;0;0;1;2;3;4;1;1;1;0;2;0;0;-7;5;80,0;38;72;34;19;33;14;19;39;20;18;23;5;19;22;41;28;14;8;5;3;26;21;6;134;77,12;78,88;39,0;146,52489626556016;114,09736308316431;32,42753318239585;0,6597222222222222;0,6880175353141743;73,6842105263158;18,153526970954356;52,77777777777778;55,0;53,94736842105263;0,3194444444444444;0,5416666666666666;27,226887095544587;0,25;0,25;49,69715794378009;20,0;11,665208515602215;20,99737532808399;16,576875259013676;5,3238781257819445;104,98687664041995;0,0;0,25;0,5
2_VBC_J2;2;VBC;2;113;BRE;90;False;False;True;15,933333333333334;956;10;4;11;7;2;3;1;2;8;6;0;0;0;1;4;5;0;1;1;0;1;0;1;0;17;8;80,0;38;72;34;19;33;14;19;39;20;18;23;5;19;22;41;28;14;8;5;3;26;21;6;134;77,12;78,88;39,0;146,52489626556016;114,09736308316431;32,42753318239585;0,6597222222222222;0,6880175353141743;73,6842105263158;18,153526970954356;52,77777777777778;55,0;53,94736842105263;0,3194444444444444;0,5416666666666666;78,12635636035347;0,45454545454545453;0,45454545454545453;0,0;8,333333333333334;13,94700139470014;50,2092050209205;33,0323717242898;6,365264328210003;0,0;0,0;0,7272727272727273;0,9090909090909091
3_VBC_J2;3;VBC;2;113;BRE;90;False;True;True;17,6;1056;11;3;3;0;1;1;0;2;2;0;3;3;0;0;2;2;1;3;1;0;0;4;2;1;-2;10;80,0;38;72;34;19;33;14;19;39;20;18;23;5;19;22;41;28;14;8;5;3;26;21;6;134;77,12;78,88;39,0;146,52489626556016;114,09736308316431;32,42753318239585;0,6597222222222222;0,6880175353141743;73,6842105263158;18,153526970954356;52,77777777777778;55,0;53,94736842105263;0,3194444444444444;0,5416666666666666;43,14409656733308;1,2731481481481481;1,3333333333333333;18,656716417910445;40,983606557377044;0,0;22,727272727272727;11,961722488038276;5,762493085008298;0,0;1,0;0,6666666666666666;3,6666666666666665
4_VBC_J2;4;VBC;2;113;BRE;90;False;True;True;24,783333333333335;1487;22;8;9;1;4;5;1;4;4;0;2;3;1;3;2;5;3;1;0;0;0;1;2;1;12;28;80,0;38;72;34;19;33;14;19;39;20;18;23;5;19;22;41;28;14;8;5;3;26;21;6;134;77,12;78,88;39,0;146,52489626556016;114,09736308316431;32,42753318239585;0,6597222222222222;0,6880175353141743;73,6842105263158;18,153526970954356;52,77777777777778;55,0;53,94736842105263;0,3194444444444444;0,5416666666666666;47,38159484550753;1,065891472868217;1,1111111111111112;79,53164696785593;8,8339222614841;26,89979825151311;16,139878950907868;21,23668283014193;0,0;0,0;0,3333333333333333;0,4444444444444444;2,4444444444444446
5_VBC_J2;5;VBC;2;113;BRE;90;False;True;True;17,766666666666666;1066;10;3;6;3;1;3;2;2;3;1;2;2;0;1;5;6;4;4;0;0;0;3;4;0;2;14;80,0;38;72;34;19;33;14;19;39;20;18;23;5;19;22;41;28;14;8;5;3;26;21;6;134;77,12;78,88;39,0;146,52489626556016;114,09736308316431;32,42753318239585;0,6597222222222222;0,6880175353141743;73,6842105263158;18,153526970954356;52,77777777777778;55,0;53,94736842105263;0,3194444444444444;0,5416666666666666;63,52518041618334;0,7267441860465116;0,6666666666666666;73,5406771870691;36,76470588235294;12,507817385866169;56,285178236397755;35,54853362298805;0,0;0,0;0,3333333333333333;0,5;1,6666666666666667
10_VBC_J2;10;VBC;2;113;BRE;90;False;False;True;20,9;1254;14;4;9;5;0;3;3;4;6;2;2;2;0;1;1;2;2;2;0;1;1;1;2;0;25;12;80,0;38;72;34;19;33;14;19;39;20;18;23;5;19;22;41;28;14;8;5;3;26;21;6;134;77,12;78,88;39,0;146,52489626556016;114,09736308316431;32,42753318239585;0,6597222222222222;0,6880175353141743;73,6842105263158;18,153526970954356;52,77777777777778;55,0;53,94736842105263;0,3194444444444444;0,5416666666666666;58,96483948460364;0,7085020242914979;0,6666666666666666;33,741037536904265;16,835016835016834;10,63264221158958;9,569377990430622;10,073029463611181;0,0;95,69377990430623;0,2222222222222222;0,6666666666666666;1,5555555555555556
12_VBC_J2;12;VBC;2;113;BRE;90;False;False;True;19,616666666666667;1177;10;4;6;2;4;6;2;0;0;0;2;4;2;4;2;6;0;1;0;1;1;3;2;3;13;10;80,0;38;72;34;19;33;14;19;39;20;18;23;5;19;22;41;28;14;8;5;3;26;21;6;134;77,12;78,88;39,0;146,52489626556016;114,09736308316431;32,42753318239585;0,6597222222222222;0,6880175353141743;73,6842105263158;18,153526970954356;52,77777777777778;55,0;53,94736842105263;0,3194444444444444;0,5416666666666666;46,32355274151528;0,6443298969072165;0,6666666666666666;0,0;11,415525114155251;45,31294250920419;20,390824129141883;32,19603809864508;0,0;101,95412064570942;0,6666666666666666;0,0;1,6666666666666667
13_VBC_J2;13;VBC;2;113;BRE;90;False;False;True;21,35;1281;12;3;7;4;2;3;1;1;4;3;5;5;0;2;0;2;8;0;3;1;0;4;4;1;23;22;80,0;38;72;34;19;33;14;19;39;20;18;23;5;19;22;41;28;14;8;5;3;26;21;6;134;77,12;78,88;39,0;146,52489626556016;114,09736308316431;32,42753318239585;0,6597222222222222;0,6880175353141743;73,6842105263158;18,153526970954356;52,77777777777778;55,0;53,94736842105263;0,3194444444444444;0,5416666666666666;44,700554869931096;0,6521739130434783;0,5;112,02520567127601;0,0;20,817069997397866;0,0;9,860717367188462;14,251036762924503;93,67681498829039;0,7142857142857143;0,5714285714285714;1,7142857142857142
18_VBC_J2;18;VBC;2;113;BRE;90;False;False;True;3,283333333333333;197;2;1;4;3;1;2;1;0;2;2;0;0;0;0;0;0;2;1;1;0;0;1;0;0;4;0;80,0;38;72;34;19;33;14;19;39;20;18;23;5;19;22;41;28;14;8;5;3;26;21;6;134;77,12;78,88;39,0;146,52489626556016;114,09736308316431;32,42753318239585;0,6597222222222222;0,6880175353141743;73,6842105263158;18,153526970954356;52,77777777777778;55,0;53,94736842105263;0,3194444444444444;0,5416666666666666;157,97122817364198;0,25;0,25;357,40878629932985;20,0;0,0;0,0;0,0;30,8893030343592;0,0;0,0;0,5;0,5
24_VBC_J2;24;VBC;2;113;BRE;90;False;False;True;18,0;1080;5;1;3;2;0;0;0;1;3;2;2;4;2;3;2;5;1;0;1;1;0;3;3;0;23;9;80,0;38;72;34;19;33;14;19;39;20;18;23;5;19;22;41;28;14;8;5;3;26;21;6;134;77,12;78,88;39,0;146,52489626556016;114,09736308316431;32,42753318239585;0,6597222222222222;0,6880175353141743;73,6842105263158;18,153526970954356;52,77777777777778;55,0;53,94736842105263;0,3194444444444444;0,5416666666666666;27,431996311664356;0,5252100840336135;0,5;13,24503311258278;0,0;37,03703703703704;22,22222222222222;29,239766081871345;5,634437683119225;111,11111111111111;1,3333333333333333;1,0;1,6666666666666667
32_VBC_J2;32;VBC;2;113;BRE;90;False;False;True;4,716666666666667;283;0;0;1;1;0;1;1;0;0;0;0;0;0;0;0;0;0;0;0;0;0;2;1;0;3;-2;80,0;38;72;34;19;33;14;19;39;20;18;23;5;19;22;41;28;14;8;5;3;26;21;6;134;77,12;78,88;39,0;146,52489626556016;114,09736308316431;32,42753318239585;0,6597222222222222;0,6880175353141743;73,6842105263158;18,153526970954356;52,77777777777778;55,0;53,94736842105263;0,3194444444444444;0,5416666666666666;21,99316745597701;0,0;0,0;0,0;0,0;0,0;0,0;0,0;0,0;0,0;0,0;0,0;0,0
VBC_VBC_J2;VBC;VBC;2;113;BRE;90;False;False;True;200,0;12000;0;0;0;0;0;0;0;0;0;0;0;0;0;2;1;3;0;0;0;0;0;0;0;0;0;3;80,0;38;72;34;19;33;14;19;39;20;18;23;5;19;22;41;28;14;8;5;3;26;21;6;134;77,12;78,88;39,0;146,52489626556016;114,09736308316431;32,42753318239585;0,6597222222222222;0,6880175353141743;73,6842105263158;18,153526970954356;52,77777777777778;55,0;53,94736842105263;0,3194444444444444;0,5416666666666666;0,0;0,0;0,0;0,0;0,0;2,2222222222222223;1,0;1,5789473684210527;0,0;0,0;0,0;0,0;0,0
2_SBB_J2;2;SBB;2;95;BUR;85;True;True;True;20,55;1233;5;2;6;4;2;2;0;0;4;4;1;4;3;0;2;2;3;1;2;0;0;3;3;0;3;4;80,0;29;66;37;23;37;14;6;29;23;31;44;13;12;31;43;18;15;5;2;1;27;28;4;98;88,36;89,64;44,5;107,51471253961068;94,82373940205265;12,690973137558032;0,48484848484848486;0,5564667291471416;62,06896551724138;16,976007243096422;32,432432432432435;70,45454545454545;53,08641975308642;0,6666666666666666;0,4393939393939394;38,59460138187177;0,32216494845360827;0,3333333333333333;55,05218488358756;11,415525114155251;0,0;17,695200176952;9,612207503529483;8,68572967186399;0,0;0,6666666666666666;0,6666666666666666;0,8333333333333334
3_SBB_J2;3;SBB;2;95;BUR;85;True;True;True;19,633333333333333;1178;9;2;4;2;1;1;0;1;3;2;4;4;0;0;3;3;2;1;0;0;0;3;2;0;0;10;80,0;29;66;37;23;37;14;6;29;23;31;44;13;12;31;43;18;15;5;2;1;27;28;4;98;88,36;89,64;44,5;107,51471253961068;94,82373940205265;12,690973137558032;0,48484848484848486;0,5564667291471416;62,06896551724138;16,976007243096422;32,432432432432435;70,45454545454545;53,08641975308642;0,6666666666666666;0,4393939393939394;31,173598360158046;0,78125;0,625;39,084765084276526;14,792899408284024;0,0;27,782065133508258;15,091492171288436;0,0;0,0;1,0;0,75;2,25
7_SBB_J2;7;SBB;2;95;BUR;85;True;False;True;18,35;1101;12;3;7;4;2;4;2;1;3;2;5;5;0;0;1;1;2;1;0;0;0;2;2;0;7;10;80,0;29;66;37;23;37;14;6;29;23;31;44;13;12;31;43;18;15;5;2;1;27;28;4;98;88,36;89,64;44,5;107,51471253961068;94,82373940205265;12,690973137558032;0,48484848484848486;0,5564667291471416;62,06896551724138;16,976007243096422;32,432432432432435;70,45454545454545;53,08641975308642;0,6666666666666666;0,4393939393939394;50,32669177244934;0,6521739130434783;0,5;54,766387129899016;9,803921568627452;0,0;9,908347783007182;5,382312375954519;0,0;0,0;0,7142857142857143;0,42857142857142855;1,7142857142857142
10_SBB_J2;10;SBB;2;95;BUR;85;True;False;True;13,833333333333334;830;11;3;7;4;2;5;3;1;2;1;4;6;2;3;2;5;0;2;0;0;0;4;3;2;14;7;80,0;29;66;37;23;37;14;6;29;23;31;44;13;12;31;43;18;15;5;2;1;27;28;4;98;88,36;89,64;44,5;107,51471253961068;94,82373940205265;12,690973137558032;0,48484848484848486;0,5564667291471416;62,06896551724138;16,976007243096422;32,432432432432435;70,45454545454545;53,08641975308642;0,6666666666666666;0,4393939393939394;76,1834117820308;0,5705394190871369;0,5;0,0;17,18213058419244;46,890263757733635;26,28696604600219;35,698348951361;0,0;0,0;0,8571428571428571;0,2857142857142857;1,5714285714285714
11_SBB_J2;11;SBB;2;95;BUR;85;True;True;True;24,083333333333332;1445;13;3;13;10;3;6;3;0;7;7;7;7;0;3;3;6;6;3;1;0;1;4;5;0;0;13;80,0;29;66;37;23;37;14;6;29;23;31;44;13;12;31;43;18;15;5;2;1;27;28;4;98;88,36;89,64;44,5;107,51471253961068;94,82373940205265;12,690973137558032;0,48484848484848486;0,5564667291471416;62,06896551724138;16,976007243096422;32,432432432432435;70,45454545454545;53,08641975308642;0,6666666666666666;0,4393939393939394;71,7292109504841;0,40422885572139305;0,23076923076923078;104,70823486638793;15,723270440251573;26,933507902366035;22,64863164517144;24,605920799692427;3,7057109638091004;0,0;0,5384615384615384;0,5384615384615384;1,0
12_SBB_J2;12;SBB;2;95;BUR;85;True;False;True;0,0;0;0;0;0;0;0;0;0;0;0;0;0;0;0;0;0;0;0;0;0;0;0;0;0;0;0;0;80,0;29;66;37;23;37;14;6;29;23;31;44;13;12;31;43;18;15;5;2;1;27;28;4;98;88,36;89,64;44,5;107,51471253961068;94,82373940205265;12,690973137558032;0,48484848484848486;0,5564667291471416;62,06896551724138;16,976007243096422;32,432432432432435;70,45454545454545;53,08641975308642;0,6666666666666666;0,4393939393939394;0,0;0,0;0,0;0,0;0,0;0,0;0,0;0,0;0,0;0,0;0,0;0,0;0,0
18_SBB_J2;18;SBB;2;95;BUR;85;True;True;True;26,3;1578;14;5;12;7;3;6;3;2;6;4;2;2;0;1;2;3;0;2;0;0;0;1;2;0;3;9;80,0;29;66;37;23;37;14;6;29;23;31;44;13;12;31;43;18;15;5;2;1;27;28;4;98;88,36;89,64;44,5;107,51471253961068;94,82373940205265;12,690973137558032;0,48484848484848486;0,5564667291471416;62,06896551724138;16,976007243096422;32,432432432432435;70,45454545454545;53,08641975308642;0,6666666666666666;0,4393939393939394;51,224940487153326;0,5434782608695652;0,5;0,0;13,440860215053762;8,221148905559552;13,8264777048047;11,266018870581608;0,0;0,0;0,16666666666666666;0,5;1,1666666666666667
19_SBB_J2;19;SBB;2;95;BUR;85;True;False;True;22,55;1353;15;4;7;3;3;4;1;1;3;2;6;10;4;0;3;3;3;3;1;1;0;1;7;0;12;19;80,0;29;66;37;23;37;14;6;29;23;31;44;13;12;31;43;18;15;5;2;1;27;28;4;98;88,36;89,64;44,5;107,51471253961068;94,82373940205265;12,690973137558032;0,48484848484848486;0,5564667291471416;62,06896551724138;16,976007243096422;32,432432432432435;70,45454545454545;53,08641975308642;0,6666666666666666;0,4393939393939394;57,81629074367208;0,6578947368421052;0,6428571428571429;71,86704596496482;20,833333333333332;0,0;24,188671638782502;13,139525334647287;3,957688353809423;22,172949002217294;1,4285714285714286;0,42857142857142855;2,142857142857143
20_SBB_J2;20;SBB;2;95;BUR;85;True;False;True;16,0;960;8;4;4;0;4;4;0;0;0;0;0;2;2;1;3;4;0;0;1;0;0;1;1;2;19;11;80,0;29;66;37;23;37;14;6;29;23;31;44;13;12;31;43;18;15;5;2;1;27;28;4;98;88,36;89,64;44,5;107,51471253961068;94,82373940205265;12,690973137558032;0,48484848484848486;0,5564667291471416;62,06896551724138;16,976007243096422;32,432432432432435;70,45454545454545;53,08641975308642;0,6666666666666666;0,4393939393939394;27,61430511543685;0,819672131147541;1,0;0,0;0,0;13,513513513513514;34,09090909090909;24,691358024691358;5,577867023650156;0,0;0,5;0,0;2,0
22_SBB_J2;22;SBB;2;95;BUR;85;True;False;True;1,7333333333333334;104;0;0;0;0;0;0;0;0;0;0;0;0;0;0;0;0;0;0;0;0;0;0;0;0;-2;0;80,0;29;66;37;23;37;14;6;29;23;31;44;13;12;31;43;18;15;5;2;1;27;28;4;98;88,36;89,64;44,5;107,51471253961068;94,82373940205265;12,690973137558032;0,48484848484848486;0,5564667291471416;62,06896551724138;16,976007243096422;32,432432432432435;70,45454545454545;53,08641975308642;0,6666666666666666;0,4393939393939394;0,0;0,0;0,0;0,0;0,0;0,0;0,0;0,0;0,0;0,0;0,0;0,0;0,0
32_SBB_J2;32;SBB;2;95;BUR;85;True;True;True;19,516666666666666;1171;6;2;2;0;2;2;0;0;0;0;2;4;2;1;6;7;0;1;0;1;0;5;3;0;-12;9;80,0;29;66;37;23;37;14;6;29;23;31;44;13;12;31;43;18;15;5;2;1;27;28;4;98;88,36;89,64;44,5;107,51471253961068;94,82373940205265;12,690973137558032;0,48484848484848486;0,5564667291471416;62,06896551724138;16,976007243096422;32,432432432432435;70,45454545454545;53,08641975308642;0,6666666666666666;0,4393939393939394;22,081856731583663;0,797872340425532;1,0;0,0;21,008403361344538;11,07854224848247;55,8962813446161;35,42398076983901;0,0;25,619128949615714;2,0;0,0;3,0
73_SBB_J2;73;SBB;2;95;BUR;85;True;False;True;17,45;1047;2;1;4;3;1;3;2;0;1;1;0;0;0;1;3;4;2;0;0;0;0;3;0;0;6;2;80,0;29;66;37;23;37;14;6;29;23;31;44;13;12;31;43;18;15;5;2;1;27;28;4;98;88,36;89,64;44,5;107,51471253961068;94,82373940205265;12,690973137558032;0,48484848484848486;0,5564667291471416;62,06896551724138;16,976007243096422;32,432432432432435;70,45454545454545;53,08641975308642;0,6666666666666666;0,4393939393939394;20,753857947625047;0,25;0,25;37,5542776669405;0,0;12,390614109811818;31,25814014066163;22,639640595705544;0,0;0,0;0,0;0,25;0,5
SBB_SBB_J2;SBB;SBB;2;95;BUR;85;True;False;True;200,0;12000;0;0;0;0;0;0;0;0;0;0;0;0;0;2;3;5;0;1;0;0;0;0;0;0;0;4;80,0;29;66;37;23;37;14;6;29;23;31;44;13;12;31;43;18;15;5;2;1;27;28;4;98;88,36;89,64;44,5;107,51471253961068;94,82373940205265;12,690973137558032;0,48484848484848486;0,5564667291471416;62,06896551724138;16,976007243096422;32,432432432432435;70,45454545454545;53,08641975308642;0,6666666666666666;0,4393939393939394;0,4526935264825713;0,0;0,0;0,0;100,0;2,1621621621621623;2,727272727272727;2,4691358024691357;0,0;0,0;0,0;0,0;0,0
00_BUR_J2;00;BUR;2;85;SBB;95;False;True;False;16,133333333333333;968;4;1;4;3;1;3;2;0;1;1;2;2;0;2;2;4;3;1;0;0;0;5;2;0;-8;4;80,0;27;74;47;21;45;24;6;29;23;25;31;6;13;25;38;18;15;8;1;2;30;26;0;76;89,64;88,36;44,5;94,82373940205265;107,51471253961068;-12,690973137558032;0,40540540540540543;0,48493838429940667;66,66666666666667;16,733601070950467;29,545454545454547;67,56756756756756;46,91358024691358;0,4189189189189189;0,3918918918918919;32,526801420558265;0,4098360655737705;0,25;67,49156355455568;17,006802721088437;22,53944402704733;26,803663167299533;24,487297214569942;0,0;0,0;0,5;0,25;1,0
3_BUR_J2;3;BUR;2;85;SBB;95;False;False;False;3,4166666666666665;205;2;1;2;1;1;1;0;0;1;1;0;0;0;0;0;0;0;0;0;0;0;1;0;0;-8;0;80,0;27;74;47;21;45;24;6;29;23;25;31;6;13;25;38;18;15;8;1;2;30;26;0;76;89,64;88,36;44,5;94,82373940205265;107,51471253961068;-12,690973137558032;0,40540540540540543;0,48493838429940667;66,66666666666667;16,733601070950467;29,545454545454547;67,56756756756756;46,91358024691358;0,4189189189189189;0,3918918918918919;52,24148627028439;0,5;0,5;0,0;0,0;0,0;0,0;0,0;0,0;0,0;0,0;0,5;1,0
7_BUR_J2;7;BUR;2;85;SBB;95;False;False;False;16,616666666666667;997;1;0;2;2;0;0;0;0;2;2;1;2;1;1;1;2;0;0;1;0;0;1;2;0;11;2;80,0;27;74;47;21;45;24;6;29;23;25;31;6;13;25;38;18;15;8;1;2;30;26;0;76;89,64;88,36;44,5;94,82373940205265;107,51471253961068;-12,690973137558032;0,40540540540540543;0,48493838429940667;66,66666666666667;16,733601070950467;29,545454545454547;67,56756756756756;46,91358024691358;0,4189189189189189;0,3918918918918919;15,468091020048094;0,1736111111111111;0,0;0,0;0,0;10,941916659068113;13,01200899997289;11,887514395036963;5,448668322759133;0,0;1,0;1,0;0,5
8_BUR_J2;8;BUR;2;85;SBB;95;False;False;False;12,083333333333334;725;0;0;1;1;0;0;0;0;1;1;0;0;0;2;0;2;0;0;0;0;0;4;0;0;-9;-3;80,0;27;74;47;21;45;24;6;29;23;25;31;6;13;25;38;18;15;8;1;2;30;26;0;76;89,64;88,36;44,5;94,82373940205265;107,51471253961068;-12,690973137558032;0,40540540540540543;0,48493838429940667;66,66666666666667;16,733601070950467;29,545454545454547;67,56756756756756;46,91358024691358;0,4189189189189189;0,3918918918918919;7,385865300281585;0,0;0,0;0,0;0,0;30,094043887147333;0,0;16,347381864623244;0,0;0,0;0,0;1,0;0,0
10_BUR_J2;10;BUR;2;85;SBB;95;False;False;False;22,316666666666666;1339;20;6;11;5;6;8;2;0;3;3;8;9;1;0;1;1;4;0;0;0;0;2;7;0;-11;24;80,0;27;74;47;21;45;24;6;29;23;25;31;6;13;25;38;18;15;8;1;2;30;26;0;76;89,64;88,36;44,5;94,82373940205265;107,51471253961068;-12,690973137558032;0,40540540540540543;0,48493838429940667;66,66666666666667;16,733601070950467;29,545454545454547;67,56756756756756;46,91358024691358;0,4189189189189189;0,3918918918918919;59,82606052789701;0,6684491978609626;0,5454545454545454;261,11791105671165;0,0;0,0;9,688553377873767;4,425635493596658;0,0;0,0;0,8181818181818182;0,2727272727272727;1,8181818181818181
11_BUR_J2;11;BUR;2;85;SBB;95;False;False;False;23,866666666666667;1432;12;4;10;6;1;4;3;3;6;3;1;1;0;2;3;5;1;2;0;0;1;1;0;0;-2;8;80,0;27;74;47;21;45;24;6;29;23;25;31;6;13;25;38;18;15;8;1;2;30;26;0;76;89,64;88,36;44,5;94,82373940205265;107,51471253961068;-12,690973137558032;0,40540540540540543;0,48493838429940667;66,66666666666667;16,733601070950467;29,545454545454547;67,56756756756756;46,91358024691358;0,4189189189189189;0,3918918918918919;46,517541301144995;0,574712643678161;0,55;24,66091245376079;16,077170418006432;15,236160487557134;27,178016004831644;20,69108214359611;0,0;0,0;0,1;0,6;1,2
17_BUR_J2;17;BUR;2;85;SBB;95;False;True;False;8,35;501;3;1;2;1;0;1;1;1;1;0;0;0;0;0;1;1;1;2;0;0;0;1;1;0;-10;2;80,0;27;74;47;21;45;24;6;29;23;25;31;6;13;25;38;18;15;8;1;2;30;26;0;76;89,64;88,36;44,5;94,82373940205265;107,51471253961068;-12,690973137558032;0,40540540540540543;0,48493838429940667;66,66666666666667;16,733601070950467;29,545454545454547;67,56756756756756;46,91358024691358;0,4189189189189189;0,3918918918918919;42,75251371420479;0,75;0,75;55,00171880371262;50,0;0,0;25,894157630684578;11,828195460929992;0,0;0,0;0,0;0,5;1,5
19_BUR_J2;19;BUR;2;85;SBB;95;False;False;False;7,15;429;3;1;4;3;1;3;2;0;1;1;1;1;0;0;1;1;1;0;0;0;1;1;1;0;-9;1;80,0;27;74;47;21;45;24;6;29;23;25;31;6;13;25;38;18;15;8;1;2;30;26;0;76;89,64;88,36;44,5;94,82373940205265;107,51471253961068;-12,690973137558032;0,40540540540540543;0,48493838429940667;66,66666666666667;16,733601070950467;29,545454545454547;67,56756756756756;46,91358024691358;0,4189189189189189;0,3918918918918919;55,41981445595904;0,33783783783783783;0,25;70,76514816452895;0,0;0,0;30,24003024003024;13,813347146680481;0,0;0,0;0,25;0,25;0,75
22_BUR_J2;22;BUR;2;85;SBB;95;False;False;False;18,416666666666668;1105;10;3;3;0;3;3;0;0;0;0;4;6;2;2;4;6;1;0;0;1;0;4;4;0;1;16;80,0;27;74;47;21;45;24;6;29;23;25;31;6;13;25;38;18;15;8;1;2;30;26;0;76;89,64;88,36;44,5;94,82373940205265;107,51471253961068;-12,690973137558032;0,40540540540540543;0,48493838429940667;66,66666666666667;16,733601070950467;29,545454545454547;67,56756756756756;46,91358024691358;0,4189189189189189;0,3918918918918919;27,331043631539735;0,8865248226950354;1,0;31,098153547133137;0,0;19,74496092143151;46,96098813745872;32,17697335344394;0,0;54,29864253393665;2,0;0,0;3,3333333333333335
23_BUR_J2;23;BUR;2;85;SBB;95;False;True;False;25,916666666666668;1555;7;1;12;11;1;7;6;0;5;5;5;6;1;1;4;5;1;1;0;0;0;3;5;0;-6;2;80,0;27;74;47;21;45;24;6;29;23;25;31;6;13;25;38;18;15;8;1;2;30;26;0;76;89,64;88,36;44,5;94,82373940205265;107,51471253961068;-12,690973137558032;0,40540540540540543;0,48493838429940667;66,66666666666667;16,733601070950467;29,545454545454547;67,56756756756756;46,91358024691358;0,4189189189189189;0,3918918918918919;53,85744478449704;0,2390710382513661;0,08333333333333333;12,908430818878578;6,39386189258312;7,015492546039169;33,37099157034848;19,05442419911873;0,0;0,0;0,5;0,4166666666666667;0,5833333333333334
40_BUR_J2;40;BUR;2;85;SBB;95;False;True;False;18,166666666666668;1090;9;3;6;3;3;6;3;0;0;0;3;4;1;1;2;3;0;2;1;0;0;3;3;0;-3;7;80,0;27;74;47;21;45;24;6;29;23;25;31;6;13;25;38;18;15;8;1;2;30;26;0;76;89,64;88,36;44,5;94,82373940205265;107,51471253961068;-12,690973137558032;0,40540540540540543;0,48493838429940667;66,66666666666667;16,733601070950467;29,545454545454547;67,56756756756756;46,91358024691358;0,4189189189189189;0,3918918918918919;47,9471402429289;0,5798969072164949;0,5;0,0;20,491803278688526;10,008340283569641;23,80362013389536;16,309887869520896;4,98378194292739;0,0;0,6666666666666666;0,0;1,5
56_BUR_J2;56;BUR;2;85;SBB;95;False;True;False;27,566666666666666;1654;14;6;17;11;4;9;5;2;8;6;0;0;0;0;3;3;6;5;6;0;0;4;1;0;4;10;80,0;27;74;47;21;45;24;6;29;23;25;31;6;13;25;38;18;15;8;1;2;30;26;0;76;89,64;88,36;44,5;94,82373940205265;107,51471253961068;-12,690973137558032;0,40540540540540543;0,48493838429940667;66,66666666666667;16,733601070950467;29,545454545454547;67,56756756756756;46,91358024691358;0,4189189189189189;0,3918918918918919;71,22403357889438;0,4117647058823529;0,4117647058823529;181,61180476730982;22,727272727272727;0,0;23,53018072486029;10,748354158269514;19,706126908552076;0,0;0,0;0,47058823529411764;0,8235294117647058
BUR_BUR_J2;BUR;BUR;2;85;SBB;95;False;False;False;200,0;12000;0;0;0;0;0;0;0;0;0;0;0;0;0;2;3;5;0;2;0;0;0;0;0;0;0;3;80,0;27;74;47;21;45;24;6;29;23;25;31;6;13;25;38;18;15;8;1;2;30;26;0;76;89,64;88,36;44,5;94,82373940205265;107,51471253961068;-12,690973137558032;0,40540540540540543;0,48493838429940667;66,66666666666667;16,733601070950467;29,545454545454547;67,56756756756756;46,91358024691358;0,4189189189189189;0,3918918918918919;0,892458723784025;0,0;0,0;0,0;100,0;1,8181818181818181;3,2432432432432434;2,4691358024691357;0,0;0,0;0,0;0,0;0,0
1_BKN_J2;1;BKN;2;105;RMB;100;True;True;True;19,45;1167;7;3;4;1;3;3;0;0;1;1;1;2;1;1;0;1;1;1;0;0;0;5;3;1;-1;4;80,0;32;59;27;23;34;11;9;25;16;32;34;2;7;22;29;19;14;11;0;2;24;24;3;119;80,96000000000001;83,32;41,07;129,69367588932806;120,0192030724916;9,674472816836456;0,6186440677966102;0,7098431584640346;59,375;17,292490118577074;26,923076923076923;68,75;50,0;0,576271186440678;0,423728813559322;29,872887814097158;0,7172131147540983;0,75;20,920502092050214;17,006802721088437;15,819655922483687;0,0;7,091569896285791;0,0;0,0;0,5;0,25;1,75
3_BKN_J2;3;BKN;2;105;RMB;100;True;True;True;21,783333333333335;1307;9;4;6;2;3;3;0;1;3;2;0;0;0;2;3;5;3;5;0;0;0;1;1;0;1;10;80,0;32;59;27;23;34;11;9;25;16;32;34;2;7;22;29;19;14;11;0;2;24;24;3;119;80,96000000000001;83,32;41,07;129,69367588932806;120,0192030724916;9,674472816836456;0,6186440677966102;0,7098431584640346;59,375;17,292490118577074;26,923076923076923;68,75;50,0;0,576271186440678;0,423728813559322;49,89853963607331;0,75;0,75;63,64922206506363;45,45454545454545;28,250250132423048;34,429992348890586;31,65976307943962;0,0;0,0;0,0;0,5;1,5
4_BKN_J2;4;BKN;2;105;RMB;100;True;False;True;0,3;18;0;0;0;0;0;0;0;0;0;0;0;0;0;0;0;0;0;0;0;0;0;1;0;0;-1;-1;80,0;32;59;27;23;34;11;9;25;16;32;34;2;7;22;29;19;14;11;0;2;24;24;3;119;80,96000000000001;83,32;41,07;129,69367588932806;120,0192030724916;9,674472816836456;0,6186440677966102;0,7098431584640346;59,375;17,292490118577074;26,923076923076923;68,75;50,0;0,576271186440678;0,423728813559322;0,0;0,0;0,0;0,0;0,0;0,0;0,0;0,0;0,0;0,0;0,0;0,0;0,0
6_BKN_J2;6;BKN;2;105;RMB;100;True;True;True;14,766666666666667;886;9;4;9;5;3;8;5;1;1;0;0;0;0;0;1;1;2;0;3;0;0;4;0;0;5;6;80,0;32;59;27;23;34;11;9;25;16;32;34;2;7;22;29;19;14;11;0;2;24;24;3;119;80,96000000000001;83,32;41,07;129,69367588932806;120,0192030724916;9,674472816836456;0,6186440677966102;0,7098431584640346;59,375;17,292490118577074;26,923076923076923;68,75;50,0;0,576271186440678;0,423728813559322;60,22537674319007;0,5;0,5;104,89510489510486;0,0;0,0;16,93002257336343;9,340702109441892;19,50650704564198;0,0;0,0;0,1111111111111111;1,0
7_BKN_J2;7;BKN;2;105;RMB;100;True;False;True;4,4;264;0;0;1;1;0;1;1;0;0;0;0;0;0;0;0;0;0;0;0;0;0;2;0;0;-9;-3;80,0;32;59;27;23;34;11;9;25;16;32;34;2;7;22;29;19;14;11;0;2;24;24;3;119;80,96000000000001;83,32;41,07;129,69367588932806;120,0192030724916;9,674472816836456;0,6186440677966102;0,7098431584640346;59,375;17,292490118577074;26,923076923076923;68,75;50,0;0,576271186440678;0,423728813559322;22,45777937477542;0,0;0,0;0,0;0,0;0,0;0,0;0,0;0,0;0,0;0,0;0,0;0,0
8_BKN_J2;8;BKN;2;105;RMB;100;True;True;True;19,0;1140;7;3;5;2;2;2;0;1;3;2;0;0;0;0;1;1;0;0;0;0;0;2;0;1;1;4;80,0;32;59;27;23;34;11;9;25;16;32;34;2;7;22;29;19;14;11;0;2;24;24;3;119;80,96000000000001;83,32;41,07;129,69367588932806;120,0192030724916;9,674472816836456;0,6186440677966102;0,7098431584640346;59,375;17,292490118577074;26,923076923076923;68,75;50,0;0,576271186440678;0,423728813559322;26,003744539213642;0,7;0,7;0,0;0,0;0,0;13,157894736842104;7,259528130671506;0,0;0,0;0,0;0,6;1,4
9_BKN_J2;9;BKN;2;105;RMB;100;True;False;True;28,8;1728;22;7;13;6;4;5;1;3;8;5;5;5;0;1;2;3;3;2;3;0;0;4;2;0;7;21;80,0;32;59;27;23;34;11;9;25;16;32;34;2;7;22;29;19;14;11;0;2;24;24;3;119;80,96000000000001;83,32;41,07;129,69367588932806;120,0192030724916;9,674472816836456;0,6186440677966102;0,7098431584640346;59,375;17,292490118577074;26,923076923076923;68,75;50,0;0,576271186440678;0,423728813559322;59,014053579270964;0,7236842105263158;0,6538461538461539;66,3716814159292;11,627906976744187;10,683760683760683;17,36111111111111;14,367816091954023;10,001600256040966;0,0;0,38461538461538464;0,6153846153846154;1,6923076923076923
10_BKN_J2;10;BKN;2;105;RMB;100;True;False;True;22,816666666666666;1369;4;1;2;1;1;2;1;0;0;0;2;2;0;0;4;4;3;1;0;0;0;0;2;0;2;11;80,0;32;59;27;23;34;11;9;25;16;32;34;2;7;22;29;19;14;11;0;2;24;24;3;119;80,96000000000001;83,32;41,07;129,69367588932806;120,0192030724916;9,674472816836456;0,6186440677966102;0,7098431584640346;59,375;17,292490118577074;26,923076923076923;68,75;50,0;0,576271186440678;0,423728813559322;16,803471562578494;0,6944444444444444;0,5;36,915504511894994;25,77319587628866;0,0;43,82761139517896;24,180751114581497;0,0;0,0;1,0;0,0;2,0
11_BKN_J2;11;BKN;2;105;RMB;100;True;True;True;29,666666666666668;1780;26;3;6;3;2;3;1;1;3;2;19;19;0;0;4;4;7;3;3;0;1;1;11;1;13;43;80,0;32;59;27;23;34;11;9;25;16;32;34;2;7;22;29;19;14;11;0;2;24;24;3;119;80,96000000000001;83,32;41,07;129,69367588932806;120,0192030724916;9,674472816836456;0,6186440677966102;0,7098431584640346;59,375;17,292490118577074;26,923076923076923;68,75;50,0;0,576271186440678;0,423728813559322;57,822978194253224;0,9052924791086351;0,5833333333333334;78,94736842105263;17,28110599078341;0,0;33,70786516853932;18,5974428516079;9,709418675527411;0,0;3,1666666666666665;0,5;4,333333333333333
18_BKN_J2;18;BKN;2;105;RMB;100;True;False;True;4,616666666666666;277;2;1;1;0;1;1;0;0;0;0;0;0;0;0;0;0;0;0;0;0;0;0;0;0;-13;2;80,0;32;59;27;23;34;11;9;25;16;32;34;2;7;22;29;19;14;11;0;2;24;24;3;119;80,96000000000001;83,32;41,07;129,69367588932806;120,0192030724916;9,674472816836456;0,6186440677966102;0,7098431584640346;59,375;17,292490118577074;26,923076923076923;68,75;50,0;0,576271186440678;0,423728813559322;21,403804169461054;1,0;1,0;0,0;0,0;0,0;0,0;0,0;0,0;0,0;0,0;0,0;2,0
25_BKN_J2;25;BKN;2;105;RMB;100;True;False;True;13,366666666666667;802;2;1;4;3;1;2;1;0;2;2;0;0;0;1;0;1;0;0;1;0;1;1;0;0;7;-1;80,0;32;59;27;23;34;11;9;25;16;32;34;2;7;22;29;19;14;11;0;2;24;24;3;119;80,96000000000001;83,32;41,07;129,69367588932806;120,0192030724916;9,674472816836456;0,6186440677966102;0,7098431584640346;59,375;17,292490118577074;26,923076923076923;68,75;50,0;0,576271186440678;0,423728813559322;29,57034291741003;0,25;0,25;0,0;0,0;23,01937464032227;0,0;10,319030011178949;7,183194198852365;0,0;0,0;0,5;0,5
99_BKN_J2;99;BKN;2;105;RMB;100;True;False;True;21,033333333333335;1262;17;5;8;3;3;4;1;2;4;2;5;6;1;0;4;4;0;0;1;0;0;3;5;0;13;20;80,0;32;59;27;23;34;11;9;25;16;32;34;2;7;22;29;19;14;11;0;2;24;24;3;119;80,96000000000001;83,32;41,07;129,69367588932806;120,0192030724916;9,674472816836456;0,6186440677966102;0,7098431584640346;59,375;17,292490118577074;26,923076923076923;68,75;50,0;0,576271186440678;0,423728813559322;49,986532450530234;0,7988721804511277;0,75;0,0;0,0;0,0;47,543581616481774;26,230941581507185;4,564914221457684;0,0;0,75;0,5;2,125
BKN_BKN_J2;BKN;BKN;2;105;RMB;100;True;False;True;200,0;12000;0;0;0;0;0;0;0;0;0;0;0;0;0;2;3;5;0;2;0;0;0;0;0;0;0;3;80,0;32;59;27;23;34;11;9;25;16;32;34;2;7;22;29;19;14;11;0;2;24;24;3;119;80,96000000000001;83,32;41,07;129,69367588932806;120,0192030724916;9,674472816836456;0,6186440677966102;0,7098431584640346;59,375;17,292490118577074;26,923076923076923;68,75;50,0;0,576271186440678;0,423728813559322;0,9881422924901184;0,0;0,0;0,0;100,0;3,076923076923077;3,75;3,4482758620689653;0,0;0,0;0,0;0,0;0,0
0_RMB_J2;0;RMB;2;100;BKN;105;False;False;False;26,75;1605;24;7;9;2;3;4;1;4;5;1;6;6;0;1;4;5;1;0;1;0;0;2;3;1;-2;30;80,0;32;66;34;22;37;15;10;29;19;26;28;2;10;19;29;19;15;9;2;0;25;22;4;105;83,32;80,96000000000001;41,07;120,0192030724916;129,69367588932806;-9,674472816836456;0,5606060606060606;0,6384065372829418;59,375;18,00288046087374;31,25;73,07692307692308;50,0;0,42424242424242425;0,4393939393939394;41,780142766767916;1,0309278350515463;1,0;27,02702702702703;0,0;9,345794392523365;46,010064701653484;25,781501772478247;3,6939898784677325;0,0;0,6666666666666666;0,5555555555555556;2,6666666666666665
1_RMB_J2;1;RMB;2;100;BKN;105;False;True;False;20,833333333333332;1250;8;3;9;6;2;5;3;1;4;3;1;1;0;0;2;2;0;0;1;1;0;3;1;0;-2;4;80,0;32;66;34;22;37;15;10;29;19;26;28;2;10;19;29;19;15;9;2;0;25;22;4;105;83,32;80,96000000000001;41,07;120,0192030724916;129,69367588932806;-9,674472816836456;0,5606060606060606;0,6384065372829418;59,375;18,00288046087374;31,25;73,07692307692308;50,0;0,42424242424242425;0,4393939393939394;43,50648103696592;0,42372881355932207;0,3888888888888889;0,0;0,0;0,0;29,53846153846154;13,24137931034483;4,743083003952569;42,666666666666664;0,1111111111111111;0,4444444444444444;0,8888888888888888
7_RMB_J2;7;RMB;2;100;BKN;105;False;False;False;23,316666666666666;1399;18;6;11;5;4;5;1;2;6;4;4;4;0;0;0;0;7;3;1;0;0;1;4;0;-2;21;80,0;32;66;34;22;37;15;10;29;19;26;28;2;10;19;29;19;15;9;2;0;25;22;4;105;83,32;80,96000000000001;41,07;120,0192030724916;129,69367588932806;-9,674472816836456;0,5606060606060606;0,6384065372829418;59,375;18,00288046087374;31,25;73,07692307692308;50,0;0,42424242424242425;0,4393939393939394;64,89787472500247;0,7053291536050157;0,6363636363636364;210,42084168336677;19,03553299492386;0,0;0,0;0,0;4,237922626833961;0,0;0,36363636363636365;0,5454545454545454;1,6363636363636365
9_RMB_J2;9;RMB;2;100;BKN;105;False;False;False;11,083333333333334;665;2;0;1;1;0;0;0;0;1;1;2;2;0;0;2;2;1;1;1;0;0;4;1;0;13;1;80,0;32;66;34;22;37;15;10;29;19;26;28;2;10;19;29;19;15;9;2;0;25;22;4;105;83,32;80,96000000000001;41,07;120,0192030724916;129,69367588932806;-9,674472816836456;0,5606060606060606;0,6384065372829418;59,375;18,00288046087374;31,25;73,07692307692308;50,0;0,42424242424242425;0,4393939393939394;24,949555838708626;0,5319148936170213;0,0;22,55639097744361;34,72222222222222;0,0;55,52342394447657;24,889810733730876;8,91556955630182;0,0;2,0;1,0;2,0
11_RMB_J2;11;RMB;2;100;BKN;105;False;True;False;21,016666666666666;1261;15;5;12;7;3;6;3;2;6;4;3;3;0;0;2;2;1;2;1;0;0;1;2;2;-14;11;80,0;32;66;34;22;37;15;10;29;19;26;28;2;10;19;29;19;15;9;2;0;25;22;4;105;83,32;80,96000000000001;41,07;120,0192030724916;129,69367588932806;-9,674472816836456;0,5606060606060606;0,6384065372829418;59,375;18,00288046087374;31,25;73,07692307692308;50,0;0,42424242424242425;0,4393939393939394;69,98994541743649;0,5630630630630631;0,5;29,35420743639922;13,054830287206267;0,0;29,2807905813457;13,125871639913587;4,701707973783276;0,0;0,25;0,5;1,25
13_RMB_J2;13;RMB;2;100;BKN;105;False;False;False;0,0;0;0;0;0;0;0;0;0;0;0;0;0;0;0;0;0;0;0;0;0;0;0;0;0;0;0;0;80,0;32;66;34;22;37;15;10;29;19;26;28;2;10;19;29;19;15;9;2;0;25;22;4;105;83,32;80,96000000000001;41,07;120,0192030724916;129,69367588932806;-9,674472816836456;0,5606060606060606;0,6384065372829418;59,375;18,00288046087374;31,25;73,07692307692308;50,0;0,42424242424242425;0,4393939393939394;0,0;0,0;0,0;0,0;0,0;0,0;0,0;0,0;0,0;0,0;0,0;0,0;0,0
14_RMB_J2;14;RMB;2;100;BKN;105;False;True;False;23,083333333333332;1385;13;4;7;3;4;6;2;0;1;1;5;5;0;1;0;1;3;0;1;0;0;4;3;0;-4;14;80,0;32;66;34;22;37;15;10;29;19;26;28;2;10;19;29;19;15;9;2;0;25;22;4;105;83,32;80,96000000000001;41,07;120,0192030724916;129,69367588932806;-9,674472816836456;0,5606060606060606;0,6384065372829418;59,375;18,00288046087374;31,25;73,07692307692308;50,0;0,42424242424242425;0,4393939393939394;38,267494640297684;0,7065217391304348;0,5714285714285714;57,32484076433122;0,0;10,830324909747294;0,0;5,975351674343334;4,28076083389221;0,0;0,7142857142857143;0,14285714285714285;1,8571428571428572
16_RMB_J2;16;RMB;2;100;BKN;105;False;False;False;4,983333333333333;299;2;1;1;0;1;1;0;0;0;0;0;0;0;0;0;0;0;0;0;0;0;2;1;0;-5;1;80,0;32;66;34;22;37;15;10;29;19;26;28;2;10;19;29;19;15;9;2;0;25;22;4;105;83,32;80,96000000000001;41,07;120,0192030724916;129,69367588932806;-9,674472816836456;0,5606060606060606;0,6384065372829418;59,375;18,00288046087374;31,25;73,07692307692308;50,0;0,42424242424242425;0,4393939393939394;19,267296814313035;1,0;1,0;0,0;0,0;0,0;0,0;0,0;0,0;0,0;0,0;0,0;2,0
20_RMB_J2;20;RMB;2;100;BKN;105;False;False;False;14,983333333333333;899;7;3;5;2;3;5;2;0;0;0;1;2;1;3;3;6;0;2;1;0;0;0;2;1;-6;11;80,0;32;66;34;22;37;15;10;29;19;26;28;2;10;19;29;19;15;9;2;0;25;22;4;105;83,32;80,96000000000001;41,07;120,0192030724916;129,69367588932806;-9,674472816836456;0,5606060606060606;0,6384065372829418;59,375;18,00288046087374;31,25;73,07692307692308;50,0;0,42424242424242425;0,4393939393939394;50,49617727490459;0,5952380952380952;0,6;0,0;25,380710659898476;50,05561735261402;61,60691366475571;55,2337846649534;6,594942997709356;0,0;0,4;0,0;1,4
22_RMB_J2;22;RMB;2;100;BKN;105;False;True;False;18,4;1104;7;2;4;2;2;4;2;0;0;0;3;4;1;2;3;5;1;3;2;1;0;4;5;0;5;11;80,0;32;66;34;22;37;15;10;29;19;26;28;2;10;19;29;19;15;9;2;0;25;22;4;105;83,32;80,96000000000001;41,07;120,0192030724916;129,69367588932806;-9,674472816836456;0,5606060606060606;0,6384065372829418;59,375;18,00288046087374;31,25;73,07692307692308;50,0;0,42424242424242425;0,4393939393939394;45,71166169195768;0,607638888888889;0,5;18,65671641791045;34,24657534246575;27,17391304347826;50,16722408026756;37,48125937031485;10,740677092283898;48,309178743961354;1,0;0,0;1,75
23_RMB_J2;23;RMB;2;100;BKN;105;False;False;False;18,866666666666667;1132;4;1;5;4;0;0;0;1;5;4;1;1;0;1;0;1;2;1;0;0;0;2;0;0;-5;0;80,0;32;66;34;22;37;15;10;29;19;26;28;2;10;19;29;19;15;9;2;0;25;22;4;105;83,32;80,96000000000001;41,07;120,0192030724916;129,69367588932806;-9,674472816836456;0,5606060606060606;0,6384065372829418;59,375;18,00288046087374;31,25;73,07692307692308;50,0;0,42424242424242425;0,4393939393939394;32,77414845739276;0,3676470588235294;0,3;30,54989816700611;15,527950310559005;13,250883392226148;0,0;7,310832216400634;0,0;0,0;0,2;1,0;0,8
24_RMB_J2;24;RMB;2;100;BKN;105;False;True;False;16,683333333333334;1001;0;0;2;2;0;1;1;0;1;1;0;0;0;2;2;4;3;2;0;0;0;2;0;0;-3;1;80,0;32;66;34;22;37;15;10;29;19;26;28;2;10;19;29;19;15;9;2;0;25;22;4;105;83,32;80,96000000000001;41,07;120,0192030724916;129,69367588932806;-9,674472816836456;0,5606060606060606;0,6384065372829418;59,375;18,00288046087374;31,25;73,07692307692308;50,0;0,42424242424242425;0,4393939393939394;23,020666323594792;0,0;0,0;44,955044955044954;50,0;29,97002997002997;36,88619073234458;33,07037789796411;0,0;0,0;0,0;0,5;0,0
RMB_RMB_J2;RMB;RMB;2;100;BKN;105;False;False;False;200,0;12000;0;0;0;0;0;0;0;0;0;0;0;0;0;0;1;1;0;1;0;0;0;0;0;0;0;0;80,0;32;66;34;22;37;15;10;29;19;26;28;2;10;19;29;19;15;9;2;0;25;22;4;105;83,32;80,96000000000001;41,07;120,0192030724916;129,69367588932806;-9,674472816836456;0,5606060606060606;0,6384065372829418;59,375;18,00288046087374;31,25;73,07692307692308;50,0;0,42424242424242425;0,4393939393939394;0,4800768122899664;0,0;0,0;0,0;100,0;0,0;1,5384615384615385;0,6896551724137931;0,0;0,0;0,0;0,0;0,0
0_BAX_J3;0;BAX;3;80;DGC;87;True;False;False;23,483333333333334;1409;11;3;5;2;3;5;2;0;0;0;5;6;1;1;1;2;0;0;0;1;0;3;4;3;2;12;80,0;26;60;34;14;30;16;12;30;18;16;19;3;7;23;30;14;14;4;1;5;21;20;4;72;75,36;73,68;37,260000000000005;106,15711252653928;118,07817589576545;-11,921063369226175;0,5333333333333333;0,5851375073142189;53,84615384615385;18,577494692144374;21,21212121212121;79,3103448275862;48,38709677419355;0,31666666666666665;0,5;34,53684910018851;0,7198952879581151;0,6;0,0;0,0;10,323246661074908;11,747142752257654;10,989262574692644;0,0;56,777856635911995;1,2;0,0;2,2
2_BAX_J3;2;BAX;3;80;DGC;87;True;True;False;22,533333333333335;1352;16;6;11;5;3;7;4;3;4;1;1;2;1;1;1;2;3;2;2;0;1;3;1;0;2;12;80,0;26;60;34;14;30;16;12;30;18;16;19;3;7;23;30;14;14;4;1;5;21;20;4;72;75,36;73,68;37,260000000000005;106,15711252653928;118,07817589576545;-11,921063369226175;0,5333333333333333;0,5851375073142189;53,84615384615385;18,577494692144374;21,21212121212121;79,3103448275862;48,38709677419355;0,31666666666666665;0,5;65,39026872196888;0,6734006734006733;0,6818181818181818;226,70025188916878;14,40922190201729;10,758472296933835;12,242399510304018;11,45256728383279;9,637068018426072;0,0;0,18181818181818182;0,36363636363636365;1,4545454545454546
4_BAX_J3;4;BAX;3;80;DGC;87;True;False;False;0,0;0;0;0;0;0;0;0;0;0;0;0;0;0;0;0;0;0;0;0;0;0;0;0;0;0;0;0;80,0;26;60;34;14;30;16;12;30;18;16;19;3;7;23;30;14;14;4;1;5;21;20;4;72;75,36;73,68;37,260000000000005;106,15711252653928;118,07817589576545;-11,921063369226175;0,5333333333333333;0,5851375073142189;53,84615384615385;18,577494692144374;21,21212121212121;79,3103448275862;48,38709677419355;0,31666666666666665;0,5;0,0;0,0;0,0;0,0;0,0;0,0;0,0;0,0;0,0;0,0;0,0;0,0;0,0
8_BAX_J3;8;BAX;3;80;DGC;87;True;False;False;20,9;1254;10;3;6;3;1;1;0;2;5;3;2;3;1;0;5;5;1;3;0;0;0;2;3;0;-6;10;80,0;26;60;34;14;30;16;12;30;18;16;19;3;7;23;30;14;14;4;1;5;21;20;4;72;75,36;73,68;37,260000000000005;106,15711252653928;118,07817589576545;-11,921063369226175;0,5333333333333333;0,5851375073142189;53,84615384615385;18,577494692144374;21,21212121212121;79,3103448275862;48,38709677419355;0,31666666666666665;0,5;52,41824886477921;0,6830601092896175;0,6666666666666666;26,36783124588003;29,069767441860463;0,0;65,99571027883188;30,86896125945362;0,0;0,0;0,5;0,8333333333333334;1,6666666666666667
11_BAX_J3;11;BAX;3;80;DGC;87;True;True;False;19,316666666666666;1159;12;3;4;1;3;3;0;0;1;1;6;6;0;0;2;2;1;0;0;0;0;1;4;0;1;17;80,0;26;60;34;14;30;16;12;30;18;16;19;3;7;23;30;14;14;4;1;5;21;20;4;72;75,36;73,68;37,260000000000005;106,15711252653928;118,07817589576545;-11,921063369226175;0,5333333333333333;0,5851375073142189;53,84615384615385;18,577494692144374;21,21212121212121;79,3103448275862;48,38709677419355;0,31666666666666665;0,5;36,490934970296166;0,9036144578313252;0,75;30,507181899072076;0,0;0,0;28,562077891166584;13,359681594255338;0,0;0,0;1,5;0,25;3,0
12_BAX_J3;12;BAX;3;80;DGC;87;True;True;False;21,85;1311;3;1;3;2;0;0;0;1;3;2;0;0;0;1;1;2;0;0;0;0;0;1;1;0;-11;3;80,0;26;60;34;14;30;16;12;30;18;16;19;3;7;23;30;14;14;4;1;5;21;20;4;72;75,36;73,68;37,260000000000005;106,15711252653928;118,07817589576545;-11,921063369226175;0,5333333333333333;0,5851375073142189;53,84615384615385;18,577494692144374;21,21212121212121;79,3103448275862;48,38709677419355;0,31666666666666665;0,5;14,575347257648414;0,5;0,5;0,0;0,0;11,094931003397821;12,625266314211313;11,810733003617036;0,0;0,0;0,0;1,0;1,0
19_BAX_J3;19;BAX;3;80;DGC;87;True;False;False;22,866666666666667;1372;10;4;5;1;2;2;0;2;3;1;0;0;0;0;3;3;2;2;0;0;0;1;2;1;4;13;80,0;26;60;34;14;30;16;12;30;18;16;19;3;7;23;30;14;14;4;1;5;21;20;4;72;75,36;73,68;37,260000000000005;106,15711252653928;118,07817589576545;-11,921063369226175;0,5333333333333333;0,5851375073142189;53,84615384615385;18,577494692144374;21,21212121212121;79,3103448275862;48,38709677419355;0,31666666666666665;0,5;32,49707526322631;1,0;1,0;58,28071879553181;28,571428571428573;0,0;36,19181662812908;16,928430358318444;0,0;0,0;0,0;0,6;2,0
32_BAX_J3;32;BAX;3;80;DGC;87;True;False;False;17,3;1038;2;0;7;7;0;5;5;0;2;2;2;2;0;0;3;3;0;1;1;0;2;2;2;0;-3;-4;80,0;26;60;34;14;30;16;12;30;18;16;19;3;7;23;30;14;14;4;1;5;21;20;4;72;75,36;73,68;37,260000000000005;106,15711252653928;118,07817589576545;-11,921063369226175;0,5333333333333333;0,5851375073142189;53,84615384615385;18,577494692144374;21,21212121212121;79,3103448275862;48,38709677419355;0,31666666666666665;0,5;54,48989359743749;0,12690355329949238;0,0;0,0;11,261261261261263;0,0;47,83735299980067;22,375536080551928;6,276163757664764;0,0;0,2857142857142857;0,2857142857142857;0,2857142857142857
33_BAX_J3;33;BAX;3;80;DGC;87;True;True;False;11,583333333333334;695;4;2;5;3;2;5;3;0;0;0;0;0;0;1;4;5;1;3;0;0;1;2;0;0;-11;1;80,0;26;60;34;14;30;16;12;30;18;16;19;3;7;23;30;14;14;4;1;5;21;20;4;72;75,36;73,68;37,260000000000005;106,15711252653928;118,07817589576545;-11,921063369226175;0,5333333333333333;0,5851375073142189;53,84615384615385;18,577494692144374;21,21212121212121;79,3103448275862;48,38709677419355;0,31666666666666665;0,5;73,31714246437244;0,4;0,4;56,67060212514756;37,5;20,928711576193592;95,26172165715703;55,69737758180552;0,0;0,0;0,0;0,0;0,8
47_BAX_J3;47;BAX;3;80;DGC;87;True;False;False;0,0;0;0;0;0;0;0;0;0;0;0;0;0;0;0;0;0;0;0;0;0;0;0;0;0;0;0;0;80,0;26;60;34;14;30;16;12;30;18;16;19;3;7;23;30;14;14;4;1;5;21;20;4;72;75,36;73,68;37,260000000000005;106,15711252653928;118,07817589576545;-11,921063369226175;0,5333333333333333;0,5851375073142189;53,84615384615385;18,577494692144374;21,21212121212121;79,3103448275862;48,38709677419355;0,31666666666666665;0,5;0,0;0,0;0,0;0,0;0,0;0,0;0,0;0,0;0,0;0,0;0,0;0,0;0,0
55_BAX_J3;55;BAX;3;80;DGC;87;True;False;False;21,333333333333332;1280;6;2;6;4;0;0;0;2;6;4;0;0;0;1;2;3;6;3;0;0;0;4;3;0;-8;7;80,0;26;60;34;14;30;16;12;30;18;16;19;3;7;23;30;14;14;4;1;5;21;20;4;72;75,36;73,68;37,260000000000005;106,15711252653928;118,07817589576545;-11,921063369226175;0,5333333333333333;0,5851375073142189;53,84615384615385;18,577494692144374;21,21212121212121;79,3103448275862;48,38709677419355;0,31666666666666665;0,5;44,785031847133766;0,5;0,5;121,62162162162161;33,333333333333336;11,363636363636363;25,862068965517242;18,145161290322584;0,0;0,0;0,0;1,0;1,0
99_BAX_J3;99;BAX;3;80;DGC;87;True;True;False;18,833333333333332;1130;6;2;8;6;0;2;2;2;6;4;0;0;0;0;0;0;0;0;1;0;1;2;0;0;-5;-2;80,0;26;60;34;14;30;16;12;30;18;16;19;3;7;23;30;14;14;4;1;5;21;20;4;72;75,36;73,68;37,260000000000005;106,15711252653928;118,07817589576545;-11,921063369226175;0,5333333333333333;0,5851375073142189;53,84615384615385;18,577494692144374;21,21212121212121;79,3103448275862;48,38709677419355;0,31666666666666665;0,5;45,09328673693704;0,375;0,375;0,0;0,0;0,0;0,0;0,0;5,765184053500907;0,0;0,0;0,75;0,75
BAX_BAX_J3;BAX;BAX;3;80;DGC;87;True;False;False;200,0;12000;0;0;0;0;0;0;0;0;0;0;0;0;0;2;1;3;0;0;0;0;0;0;0;0;0;3;80,0;26;60;34;14;30;16;12;30;18;16;19;3;7;23;30;14;14;4;1;5;21;20;4;72;75,36;73,68;37,260000000000005;106,15711252653928;118,07817589576545;-11,921063369226175;0,5333333333333333;0,5851375073142189;53,84615384615385;18,577494692144374;21,21212121212121;79,3103448275862;48,38709677419355;0,31666666666666665;0,5;0,0;0,0;0,0;0,0;0,0;2,4242424242424243;1,3793103448275863;1,935483870967742;0,0;0,0;0,0;0,0;0,0
1_DGC_J3;1;DGC;3;87;BAX;80;False;False;True;0,5166666666666667;31;0;0;0;0;0;0;0;0;0;0;0;0;0;0;0;0;0;0;0;0;0;0;0;0;-1;0;80,0;31;58;27;19;32;13;12;26;14;13;22;9;6;26;32;16;12;8;6;1;20;21;1;101;73,68;75,36;37,260000000000005;118,07817589576545;106,15711252653928;11,921063369226175;0,6379310344827587;0,6427304964539007;51,61290322580645;16,286644951140065;20,689655172413794;78,78787878787878;51,61290322580645;0,3793103448275862;0,4482758620689655;0,0;0,0;0,0;0,0;0,0;0,0;0,0;0,0;0,0;0,0;0,0;0,0;0,0
2_DGC_J3;2;DGC;3;87;BAX;80;False;True;True;23,683333333333334;1421;19;6;10;4;6;8;2;0;2;2;7;7;0;0;2;2;1;2;1;2;0;2;5;0;17;22;80,0;31;58;27;19;32;13;12;26;14;13;22;9;6;26;32;16;12;8;6;1;20;21;1;101;73,68;75,36;37,260000000000005;118,07817589576545;106,15711252653928;11,921063369226175;0,6379310344827587;0,6427304964539007;51,61290322580645;16,286644951140065;20,689655172413794;78,78787878787878;51,61290322580645;0,3793103448275862;0,4482758620689655;69,13514591504354;0,7262996941896025;0,6;31,47334601009771;13,26259946949602;0,0;20,472138698739684;10,896460920296928;4,48235520872087;0,0;0,7;0,2;1,9
4_DGC_J3;4;DGC;3;87;BAX;80;False;False;True;6,2;372;6;2;3;1;0;0;0;2;3;1;0;0;0;0;0;0;0;0;0;0;0;0;0;0;2;5;80,0;31;58;27;19;32;13;12;26;14;13;22;9;6;26;32;16;12;8;6;1;20;21;1;101;73,68;75,36;37,260000000000005;118,07817589576545;106,15711252653928;11,921063369226175;0,6379310344827587;0,6427304964539007;51,61290322580645;16,286644951140065;20,689655172413794;78,78787878787878;51,61290322580645;0,3793103448275862;0,4482758620689655;52,537564358516335;1,0;1,0;0,0;0,0;0,0;0,0;0,0;0,0;0,0;0,0;1,0;2,0
5_DGC_J3;5;DGC;3;87;BAX;80;False;False;True;14,816666666666666;889;2;1;4;3;1;4;3;0;0;0;0;2;2;1;0;1;1;1;0;0;0;4;2;0;5;-4;80,0;31;58;27;19;32;13;12;26;14;13;22;9;6;26;32;16;12;8;6;1;20;21;1;101;73,68;75,36;37,260000000000005;118,07817589576545;106,15711252653928;11,921063369226175;0,6379310344827587;0,6427304964539007;51,61290322580645;16,286644951140065;20,689655172413794;78,78787878787878;51,61290322580645;0,3793103448275862;0,4482758620689655;43,089076406165844;0,20491803278688525;0,25;21,090557581616064;17,006802721088437;18,61836235987743;0,0;8,70858884574912;0,0;0,0;0,5;0,0;0,5
6_DGC_J3;6;DGC;3;87;BAX;80;False;True;True;24,416666666666668;1465;10;3;4;1;0;0;0;3;4;1;1;2;1;0;0;0;5;3;0;0;0;1;2;0;0;11;80,0;31;58;27;19;32;13;12;26;14;13;22;9;6;26;32;16;12;8;6;1;20;21;1;101;73,68;75,36;37,260000000000005;118,07817589576545;106,15711252653928;11,921063369226175;0,6379310344827587;0,6427304964539007;51,61290322580645;16,286644951140065;20,689655172413794;78,78787878787878;51,61290322580645;0,3793103448275862;0,4482758620689655;35,04130026347678;1,0245901639344261;1,125;77,38191197807511;38,07106598984772;0,0;0,0;0,0;0,0;0,0;0,5;1,0;2,5
9_DGC_J3;9;DGC;3;87;BAX;80;False;True;True;26,95;1617;15;6;8;2;4;4;0;2;4;2;1;1;0;1;0;1;1;1;3;0;0;2;1;0;3;16;80,0;31;58;27;19;32;13;12;26;14;13;22;9;6;26;32;16;12;8;6;1;20;21;1;101;73,68;75,36;37,260000000000005;118,07817589576545;106,15711252653928;11,921063369226175;0,6379310344827587;0,6427304964539007;51,61290322580645;16,286644951140065;20,689655172413794;78,78787878787878;51,61290322580645;0,3793103448275862;0,4482758620689655;38,032387962588054;0,8886255924170616;0,875;22,506681671121115;10,593220338983052;10,236069349369842;0,0;4,787838889221378;11,81711827753684;0,0;0,125;0,5;1,875
10_DGC_J3;10;DGC;3;87;BAX;80;False;False;True;10,566666666666666;634;2;0;3;3;0;2;2;0;1;1;2;4;2;0;5;5;2;0;0;0;0;2;2;0;5;4;80,0;31;58;27;19;32;13;12;26;14;13;22;9;6;26;32;16;12;8;6;1;20;21;1;101;73,68;75,36;37,260000000000005;118,07817589576545;106,15711252653928;11,921063369226175;0,6379310344827587;0,6427304964539007;51,61290322580645;16,286644951140065;20,689655172413794;78,78787878787878;51,61290322580645;0,3793103448275862;0,4482758620689655;48,91131228228814;0,21008403361344538;0,0;48,845018825684335;0,0;0,0;114,71178663607687;61,05627353210542;0,0;0,0;1,3333333333333333;0,3333333333333333;0,6666666666666666
13_DGC_J3;13;DGC;3;87;BAX;80;False;False;True;17,166666666666668;1030;11;4;6;2;1;2;1;3;4;1;0;0;0;0;2;2;2;1;0;0;0;1;1;0;-4;12;80,0;31;58;27;19;32;13;12;26;14;13;22;9;6;26;32;16;12;8;6;1;20;21;1;101;73,68;75,36;37,260000000000005;118,07817589576545;106,15711252653928;11,921063369226175;0,6379310344827587;0,6427304964539007;51,61290322580645;16,286644951140065;20,689655172413794;78,78787878787878;51,61290322580645;0,3793103448275862;0,4482758620689655;44,274374624458424;0,9166666666666666;0,9166666666666666;75,41241162608011;14,285714285714286;0,0;28,243601059135038;15,032884434700906;0,0;0,0;0,0;0,6666666666666666;1,8333333333333333
18_DGC_J3;18;DGC;3;87;BAX;80;False;True;True;25,6;1536;10;4;8;4;4;6;2;0;2;2;2;4;2;1;8;9;2;1;1;1;0;2;3;0;9;17;80,0;31;58;27;19;32;13;12;26;14;13;22;9;6;26;32;16;12;8;6;1;20;21;1;101;73,68;75,36;37,260000000000005;118,07817589576545;106,15711252653928;11,921063369226175;0,6379310344827587;0,6427304964539007;51,61290322580645;16,286644951140065;20,689655172413794;78,78787878787878;51,61290322580645;0,3793103448275862;0,4482758620689655;45,63653637350705;0,5122950819672131;0,5;33,78378378378378;9,29368029739777;10,775862068965516;75,75757575757575;45,36290322580645;4,1467622080679405;0,0;0,5;0,25;1,25
21_DGC_J3;21;DGC;3;87;BAX;80;False;True;True;23,316666666666666;1399;4;2;4;2;2;4;2;0;0;0;0;2;2;1;3;4;0;2;0;0;0;1;3;1;7;4;80,0;31;58;27;19;32;13;12;26;14;13;22;9;6;26;32;16;12;8;6;1;20;21;1;101;73,68;75,36;37,260000000000005;118,07817589576545;106,15711252653928;11,921063369226175;0,6379310344827587;0,6427304964539007;51,61290322580645;16,286644951140065;20,689655172413794;78,78787878787878;51,61290322580645;0,3793103448275862;0,4482758620689655;32,03777477164936;0,4098360655737705;0,5;0,0;29,069767441860467;11,831110892016467;31,19111053349795;22,135626830224357;0,0;0,0;0,5;0,0;1,0
23_DGC_J3;23;DGC;3;87;BAX;80;False;False;True;7,716666666666667;463;0;0;0;0;0;0;0;0;0;0;0;0;0;0;0;0;1;0;0;2;0;2;0;0;0;1;80,0;31;58;27;19;32;13;12;26;14;13;22;9;6;26;32;16;12;8;6;1;20;21;1;101;73,68;75,36;37,260000000000005;118,07817589576545;106,15711252653928;11,921063369226175;0,6379310344827587;0,6427304964539007;51,61290322580645;16,286644951140065;20,689655172413794;78,78787878787878;51,61290322580645;0,3793103448275862;0,4482758620689655;0,0;0,0;0,0;33,44248589145126;0,0;0,0;0,0;0,0;0,0;0,0;0,0;0,0;0,0
24_DGC_J3;24;DGC;3;87;BAX;80;False;False;True;19,05;1143;8;3;8;5;1;2;1;2;6;4;0;0;0;1;3;4;1;1;3;1;1;3;2;0;-8;9;80,0;31;58;27;19;32;13;12;26;14;13;22;9;6;26;32;16;12;8;6;1;20;21;1;101;73,68;75,36;37,260000000000005;118,07817589576545;106,15711252653928;11,921063369226175;0,6379310344827587;0,6427304964539007;51,61290322580645;16,286644951140065;20,689655172413794;78,78787878787878;51,61290322580645;0,3793103448275862;0,4482758620689655;51,296519531149805;0,5;0,5;22,821280844387392;11,11111111111111;14,480948502126887;38,1770460510618;27,09338752010837;16,717655515990437;0,0;0,0;0,75;1,0
DGC_DGC_J3;DGC;DGC;3;87;BAX;80;False;False;True;200,0;12000;0;0;0;0;0;0;0;0;0;0;0;0;0;1;3;4;0;0;0;0;0;0;0;0;0;4;80,0;31;58;27;19;32;13;12;26;14;13;22;9;6;26;32;16;12;8;6;1;20;21;1;101;73,68;75,36;37,260000000000005;118,07817589576545;106,15711252653928;11,921063369226175;0,6379310344827587;0,6427304964539007;51,61290322580645;16,286644951140065;20,689655172413794;78,78787878787878;51,61290322580645;0,3793103448275862;0,4482758620689655;0,0;0,0;0,0;0,0;0,0;1,3793103448275863;3,6363636363636362;2,5806451612903225;0,0;0,0;0,0;0,0;0,0
0_MBA_J3;0;MBA;3;115;GIR;113;True;True;True;26,4;1584;18;3;11;8;1;5;4;2;6;4;10;10;0;0;1;1;6;3;6;0;0;5;6;0;2;21;100,0;30;74;44;11;32;21;19;42;23;36;44;8;13;30;43;25;17;14;1;2;31;35;2;131;97,36;101,72;39,815999999999995;118,11832374691865;111,08926464805349;7,029059098865162;0,5337837837837838;0,6158954584404456;83,33333333333333;17,460969597370582;27,659574468085108;68,18181818181819;47,252747252747255;0,5945945945945946;0,5675675675675675;71,58686287692039;0,5844155844155844;0,36363636363636365;121,95121951219512;16,304347826086957;0,0;8,608815426997246;4,162504162504162;22,342973581668037;0,0;0,9090909090909091;0,5454545454545454;1,6363636363636365
00_MBA_J3;00;MBA;3;115;GIR;113;True;False;True;20,366666666666667;1222;10;2;4;2;2;4;2;0;0;0;6;8;2;2;3;5;1;0;2;0;1;5;7;2;8;15;100,0;30;74;44;11;32;21;19;42;23;36;44;8;13;30;43;25;17;14;1;2;31;35;2;131;97,36;101,72;39,815999999999995;118,11832374691865;111,08926464805349;7,029059098865162;0,5337837837837838;0,6158954584404456;83,33333333333333;17,460969597370582;27,659574468085108;68,18181818181819;47,252747252747255;0,5945945945945946;0,5675675675675675;37,924277858542446;0,6648936170212766;0,5;24,330900243309006;0,0;20,893547376118676;33,4771611367356;26,977932051581803;9,653919845434306;0,0;2,0;0,0;2,5
3_MBA_J3;3;MBA;3;115;GIR;113;True;True;True;31,1;1866;19;5;13;8;0;4;4;5;9;4;4;6;2;2;1;3;2;2;1;0;0;5;4;0;1;12;100,0;30;74;44;11;32;21;19;42;23;36;44;8;13;30;43;25;17;14;1;2;31;35;2;131;97,36;101,72;39,815999999999995;118,11832374691865;111,08926464805349;7,029059098865162;0,5337837837837838;0,6158954584404456;83,33333333333333;17,460969597370582;27,659574468085108;68,18181818181819;47,252747252747255;0,5945945945945946;0,5675675675675675;58,25827571356479;0,6074168797953964;0,5769230769230769;46,18937644341801;11,337868480725623;13,68269822809058;7,307804735457468;10,600332143740504;3,1610637864739344;0,0;0,46153846153846156;0,6923076923076923;1,4615384615384615
5_MBA_J3;5;MBA;3;115;GIR;113;True;False;True;24,2;1452;13;3;4;1;2;3;1;1;1;0;6;8;2;0;3;3;3;5;1;0;0;5;4;0;-2;11;100,0;30;74;44;11;32;21;19;42;23;36;44;8;13;30;43;25;17;14;1;2;31;35;2;131;97,36;101,72;39,815999999999995;118,11832374691865;111,08926464805349;7,029059098865162;0,5337837837837838;0,6158954584404456;83,33333333333333;17,460969597370582;27,659574468085108;68,18181818181819;47,252747252747255;0,5945945945945946;0,5675675675675675;53,138390704686365;0,8643617021276596;0,875;70,42253521126761;39,936102236421725;0,0;28,174305033809166;13,62274089546817;4,062358833030553;0,0;2,0;0,25;3,25
11_MBA_J3;11;MBA;3;115;GIR;113;True;True;True;34,28333333333333;2057;10;3;8;5;0;1;1;3;7;4;1;2;1;2;3;5;6;1;0;0;0;1;3;0;-1;16;100,0;30;74;44;11;32;21;19;42;23;36;44;8;13;30;43;25;17;14;1;2;31;35;2;131;97,36;101,72;39,815999999999995;118,11832374691865;111,08926464805349;7,029059098865162;0,5337837837837838;0,6158954584404456;83,33333333333333;17,460969597370582;27,659574468085108;68,18181818181819;47,252747252747255;0,5945945945945946;0,5675675675675675;29,600110890563883;0,563063063063063;0,5625;82,36101578586135;10,121457489878543;12,412209476721936;19,887744729747645;16,026753994668432;0,0;0,0;0,25;0,875;1,25
13_MBA_J3;13;MBA;3;115;GIR;113;True;False;True;14,85;891;3;1;3;2;0;0;0;1;3;2;0;0;0;1;0;1;1;1;1;0;0;0;1;0;-2;4;100,0;30;74;44;11;32;21;19;42;23;36;44;8;13;30;43;25;17;14;1;2;31;35;2;131;97,36;101,72;39,815999999999995;118,11832374691865;111,08926464805349;7,029059098865162;0,5337837837837838;0,6158954584404456;83,33333333333333;17,460969597370582;27,659574468085108;68,18181818181819;47,252747252747255;0,5945945945945946;0,5675675675675675;27,66642043552479;0,5;0,5;28,94356005788712;25,0;14,327673902141989;0,0;7,4000074000074;6,620140320494234;0,0;0,0;1,0;1,0
20_MBA_J3;20;MBA;3;115;GIR;113;True;False;True;0,55;33;0;0;0;0;0;0;0;0;0;0;0;0;0;0;0;0;0;0;0;0;0;0;0;0;1;0;100,0;30;74;44;11;32;21;19;42;23;36;44;8;13;30;43;25;17;14;1;2;31;35;2;131;97,36;101,72;39,815999999999995;118,11832374691865;111,08926464805349;7,029059098865162;0,5337837837837838;0,6158954584404456;83,33333333333333;17,460969597370582;27,659574468085108;68,18181818181819;47,252747252747255;0,5945945945945946;0,5675675675675675;0,0;0,0;0,0;0,0;0,0;0,0;0,0;0,0;0,0;0,0;0,0;0,0;0,0
22_MBA_J3;22;MBA;3;115;GIR;113;True;True;True;17,75;1065;8;2;4;2;2;4;2;0;0;0;4;4;0;0;4;4;1;0;0;0;0;1;4;0;5;14;100,0;30;74;44;11;32;21;19;42;23;36;44;8;13;30;43;25;17;14;1;2;31;35;2;131;97,36;101,72;39,815999999999995;118,11832374691865;111,08926464805349;7,029059098865162;0,5337837837837838;0,6158954584404456;83,33333333333333;17,460969597370582;27,659574468085108;68,18181818181819;47,252747252747255;0,5945945945945946;0,5675675675675675;33,33063293483167;0,6944444444444444;0,5;30,07518796992482;0,0;0,0;51,21638924455826;24,763968425940256;0,0;0,0;1,0;0,0;2,0
24_MBA_J3;24;MBA;3;115;GIR;113;True;False;True;35,516666666666666;2131;10;3;11;8;0;4;4;3;7;4;1;2;1;2;3;5;4;1;2;0;0;3;3;0;13;11;100,0;30;74;44;11;32;21;19;42;23;36;44;8;13;30;43;25;17;14;1;2;31;35;2;131;97,36;101,72;39,815999999999995;118,11832374691865;111,08926464805349;7,029059098865162;0,5337837837837838;0,6158954584404456;83,33333333333333;17,460969597370582;27,659574468085108;68,18181818181819;47,252747252747255;0,5945945945945946;0,5675675675675675;37,24801199339716;0,42087542087542085;0,4090909090909091;52,253429131286744;7,763975155279502;11,98118953243408;19,197133228104605;15,47021725341763;5,535940896818735;0,0;0,18181818181818182;0,6363636363636364;0,9090909090909091
32_MBA_J3;32;MBA;3;115;GIR;113;True;False;True;11,3;678;2;1;2;1;1;2;1;0;0;0;0;0;0;2;4;6;0;1;0;0;0;3;0;0;-6;3;100,0;30;74;44;11;32;21;19;42;23;36;44;8;13;30;43;25;17;14;1;2;31;35;2;131;97,36;101,72;39,815999999999995;118,11832374691865;111,08926464805349;7,029059098865162;0,5337837837837838;0,6158954584404456;83,33333333333333;17,460969597370582;27,659574468085108;68,18181818181819;47,252747252747255;0,5945945945945946;0,5675675675675675;27,268562619527195;0,5;0,5;0,0;33,333333333333336;37,65769158350593;80,45052292839902;58,3487309151026;0,0;0,0;0,0;0,0;1,0
35_MBA_J3;35;MBA;3;115;GIR;113;True;False;True;25,683333333333334;1541;20;7;13;6;3;4;1;4;9;5;2;2;0;2;2;4;1;0;1;1;1;3;1;0;-4;18;100,0;30;74;44;11;32;21;19;42;23;36;44;8;13;30;43;25;17;14;1;2;31;35;2;131;97,36;101,72;39,815999999999995;118,11832374691865;111,08926464805349;7,029059098865162;0,5337837837837838;0,6158954584404456;83,33333333333333;17,460969597370582;27,659574468085108;68,18181818181819;47,252747252747255;0,5945945945945946;0,5675675675675675;55,5082470538238;0,7204610951008645;0,6923076923076923;141,84397163120548;0,0;16,568406809615198;17,698070910270783;17,114618023118997;3,827738498092383;389,3575600259572;0,15384615384615385;0,6923076923076923;1,5384615384615385
99_MBA_J3;99;MBA;3;115;GIR;113;True;True;True;8,0;480;2;0;1;1;0;1;1;0;0;0;2;2;0;0;3;3;0;2;0;0;0;0;2;0;-5;4;100,0;30;74;44;11;32;21;19;42;23;36;44;8;13;30;43;25;17;14;1;2;31;35;2;131;97,36;101,72;39,815999999999995;118,11832374691865;111,08926464805349;7,029059098865162;0,5337837837837838;0,6158954584404456;83,33333333333333;17,460969597370582;27,659574468085108;68,18181818181819;47,252747252747255;0,5945945945945946;0,5675675675675675;49,8151191454396;0,5319148936170213;0,0;0,0;51,54639175257732;0,0;85,22727272727273;41,20879120879121;0,0;0,0;2,0;0,0;2,0
MBA_MBA_J3;MBA;MBA;3;115;GIR;113;True;False;True;250,0;15000;0;0;0;0;0;0;0;0;0;0;0;0;0;0;3;3;0;1;0;0;0;0;0;0;0;2;100,0;30;74;44;11;32;21;19;42;23;36;44;8;13;30;43;25;17;14;1;2;31;35;2;131;97,36;101,72;39,815999999999995;118,11832374691865;111,08926464805349;7,029059098865162;0,5337837837837838;0,6158954584404456;83,33333333333333;17,460969597370582;27,659574468085108;68,18181818181819;47,252747252747255;0,5945945945945946;0,5675675675675675;0,4108463434675431;0,0;0,0;0,0;100,0;0,0;2,727272727272727;1,3186813186813187;0,0;0,0;0,0;0,0;0,0
4_GIR_J3;4;GIR;3;113;MBA;115;False;False;False;33,483333333333334;2009;14;5;8;3;4;4;0;1;4;3;3;9;6;1;4;5;3;2;1;0;0;4;6;0;-10;14;100,0;39;79;40;27;40;13;12;39;27;23;38;15;14;34;48;28;20;6;2;1;36;31;3;116;101,72;97,36;39,815999999999995;111,08926464805349;118,11832374691865;-7,029059098865162;0,569620253164557;0,5902632678646051;71,7948717948718;19,661816751867875;31,818181818181817;72,34042553191489;52,747252747252745;0,4810126582278481;0,4936708860759494;40,9874009740282;0,5852842809364548;0,6875;37,227771917850724;14,326647564469914;6,787637449658356;25,417535981699373;16,409672955218003;3,067543629673045;-0,0;1,125;0,5;1,75
5_GIR_J3;5;GIR;3;113;MBA;115;False;False;False;20,15;1209;19;7;11;4;4;4;0;3;7;4;2;2;0;1;2;3;2;1;2;0;0;5;1;0;9;17;100,0;39;79;40;27;40;13;12;39;27;23;38;15;14;34;48;28;20;6;2;1;36;31;3;116;101,72;97,36;39,815999999999995;111,08926464805349;118,11832374691865;-7,029059098865162;0,569620253164557;0,5902632678646051;71,7948717948718;19,661816751867875;31,818181818181817;72,34042553191489;52,747252747252745;0,4810126582278481;0,4936708860759494;62,83975180249583;0,7996632996632996;0,7727272727272727;232,9644729178802;7,763975155279502;11,279043537108054;21,11820917586189;16,36081040547542;10,194698349070551;-0,0;0,18181818181818182;0,6363636363636364;1,7272727272727273
7_GIR_J3;7;GIR;3;113;MBA;115;False;True;False;6,616666666666666;397;0;0;1;1;0;0;0;0;1;1;0;0;0;0;0;0;1;2;0;0;0;1;0;0;4;-3;100,0;39;79;40;27;40;13;12;39;27;23;38;15;14;34;48;28;20;6;2;1;36;31;3;116;101,72;97,36;39,815999999999995;111,08926464805349;118,11832374691865;-7,029059098865162;0,569620253164557;0,5902632678646051;71,7948717948718;19,661816751867875;31,818181818181817;72,34042553191489;52,747252747252745;0,4810126582278481;0,4936708860759494;44,57338810247125;0,0;0,0;38,75217981011432;66,66666666666667;0,0;0,0;0,0;0,0;-0,0;0,0;1,0;0,0
8_GIR_J3;8;GIR;3;113;MBA;115;False;True;False;27,35;1641;10;3;9;6;1;4;3;2;5;3;2;2;0;2;6;8;2;2;0;0;0;3;2;0;-3;11;100,0;39;79;40;27;40;13;12;39;27;23;38;15;14;34;48;28;20;6;2;1;36;31;3;116;101,72;97,36;39,815999999999995;111,08926464805349;118,11832374691865;-7,029059098865162;0,569620253164557;0,5902632678646051;71,7948717948718;19,661816751867875;31,818181818181817;72,34042553191489;52,747252747252745;0,4810126582278481;0,4936708860759494;42,702446620144485;0,5060728744939271;0,4444444444444444;26,087523641818297;16,835016835016834;16,619577862722284;46,67626123147536;32,1433593828475;0,0;-0,0;0,2222222222222222;0,5555555555555556;1,1111111111111112
9_GIR_J3;9;GIR;3;113;MBA;115;False;False;False;6,033333333333333;362;0;0;1;1;0;0;0;0;1;1;0;0;0;0;0;0;0;0;0;0;0;0;1;0;-3;0;100,0;39;79;40;27;40;13;12;39;27;23;38;15;14;34;48;28;20;6;2;1;36;31;3;116;101,72;97,36;39,815999999999995;111,08926464805349;118,11832374691865;-7,029059098865162;0,569620253164557;0,5902632678646051;71,7948717948718;19,661816751867875;31,818181818181817;72,34042553191489;52,747252747252745;0,4810126582278481;0,4936708860759494;16,294323275028624;0,0;0,0;0,0;0,0;0,0;0,0;0,0;0,0;-0,0;0,0;1,0;0,0
10_GIR_J3;10;GIR;3;113;MBA;115;False;False;False;24,116666666666667;1447;13;5;14;9;2;5;3;3;9;6;0;2;2;1;1;2;4;2;0;0;1;1;1;0;9;5;100,0;39;79;40;27;40;13;12;39;27;23;38;15;14;34;48;28;20;6;2;1;36;31;3;116;101,72;97,36;39,815999999999995;111,08926464805349;118,11832374691865;-7,029059098865162;0,569620253164557;0,5902632678646051;71,7948717948718;19,661816751867875;31,818181818181817;72,34042553191489;52,747252747252745;0,4810126582278481;0,4936708860759494;68,80956463818862;0,4368279569892473;0,4642857142857143;90,79559641357395;11,848341232227487;9,423886410755795;8,822361746239467;9,113208836774835;0,0;-0,0;0,14285714285714285;0,6428571428571429;0,9285714285714286
11_GIR_J3;11;GIR;3;113;MBA;115;False;True;False;32,416666666666664;1945;13;2;11;9;1;6;5;1;5;4;8;10;2;0;3;3;10;8;1;0;0;2;7;0;-12;13;100,0;39;79;40;27;40;13;12;39;27;23;38;15;14;34;48;28;20;6;2;1;36;31;3;116;101,72;97,36;39,815999999999995;111,08926464805349;118,11832374691865;-7,029059098865162;0,569620253164557;0,5902632678646051;71,7948717948718;19,661816751867875;31,818181818181817;72,34042553191489;52,747252747252745;0,4810126582278481;0,4936708860759494;70,96450056458225;0,42207792207792205;0,22727272727272727;93,96288466055908;34,18803418803419;0,0;19,69042279713395;10,16977880731094;3,1684807979502043;-0,0;0,9090909090909091;0,45454545454545453;1,1818181818181819
12_GIR_J3;12;GIR;3;113;MBA;115;False;True;False;16,65;999;6;3;4;1;3;4;1;0;0;0;0;0;0;2;4;6;0;1;0;0;0;5;0;1;-7;5;100,0;39;79;40;27;40;13;12;39;27;23;38;15;14;34;48;28;20;6;2;1;36;31;3;116;101,72;97,36;39,815999999999995;111,08926464805349;118,11832374691865;-7,029059098865162;0,569620253164557;0,5902632678646051;71,7948717948718;19,661816751867875;31,818181818181817;72,34042553191489;52,747252747252745;0,4810126582278481;0,4936708860759494;29,52224737517699;0,75;0,75;0,0;20,0;27,300027300027303;51,11494473196601;39,6000396000396;0,0;-0,0;0,0;0,0;1,5
21_GIR_J3;21;GIR;3;113;MBA;115;False;False;False;23,666666666666668;1420;10;3;3;0;3;3;0;0;0;0;4;8;4;2;4;6;2;1;1;0;0;5;7;1;-6;16;100,0;39;79;40;27;40;13;12;39;27;23;38;15;14;34;48;28;20;6;2;1;36;31;3;116;101,72;97,36;39,815999999999995;111,08926464805349;118,11832374691865;-7,029059098865162;0,569620253164557;0,5902632678646051;71,7948717948718;19,661816751867875;31,818181818181817;72,34042553191489;52,747252747252745;0,4810126582278481;0,4936708860759494;31,23736520578445;0,7668711656441718;1,0;32,102728731942214;13,297872340425533;19,206145966709343;35,96044351213664;27,859464479182787;4,339926163389539;-0,0;2,6666666666666665;0,0;3,3333333333333335
23_GIR_J3;23;GIR;3;113;MBA;115;False;True;False;35,03333333333333;2102;11;4;7;3;3;3;0;1;4;3;2;2;0;1;4;5;2;0;0;1;0;1;2;0;-4;17;100,0;39;79;40;27;40;13;12;39;27;23;38;15;14;34;48;28;20;6;2;1;36;31;3;116;101,72;97,36;39,815999999999995;111,08926464805349;118,11832374691865;-7,029059098865162;0,569620253164557;0,5902632678646051;71,7948717948718;19,661816751867875;31,818181818181817;72,34042553191489;52,747252747252745;0,4810126582278481;0,4936708860759494;22,112528449769577;0,6979695431472082;0,6428571428571429;20,69750595053296;0,0;6,487328085805726;24,292973257485272;15,683650317332525;0,0;-28,544243577545195;0,2857142857142857;0,5714285714285714;1,5714285714285714
25_GIR_J3;25;GIR;3;113;MBA;115;False;False;False;9,066666666666666;544;8;3;4;1;3;4;1;0;0;0;2;3;1;1;3;4;1;0;0;1;0;4;4;0;13;12;100,0;39;79;40;27;40;13;12;39;27;23;38;15;14;34;48;28;20;6;2;1;36;31;3;116;101,72;97,36;39,815999999999995;111,08926464805349;118,11832374691865;-7,029059098865162;0,569620253164557;0,5902632678646051;71,7948717948718;19,661816751867875;31,818181818181817;72,34042553191489;52,747252747252745;0,4810126582278481;0,4936708860759494;57,684300617612365;0,7518796992481203;0,75;186,56716417910462;0,0;25,066844919786096;70,40050062578223;48,480930833872016;0,0;-110,29411764705884;0,75;0,0;2,0
29_GIR_J3;29;GIR;3;113;MBA;115;False;False;False;15,416666666666666;925;9;4;6;2;3;3;0;1;3;2;0;0;0;1;0;1;1;0;0;0;0;4;0;1;0;5;100,0;39;79;40;27;40;13;12;39;27;23;38;15;14;34;48;28;20;6;2;1;36;31;3;116;101,72;97,36;39,815999999999995;111,08926464805349;118,11832374691865;-7,029059098865162;0,569620253164557;0,5902632678646051;71,7948717948718;19,661816751867875;31,818181818181817;72,34042553191489;52,747252747252745;0,4810126582278481;0,4936708860759494;38,26083259822938;0,75;0,75;49,689440993788814;0,0;14,742014742014744;0,0;7,128007128007129;0,0;-0,0;0,0;0,5;1,5
GIR_GIR_J3;GIR;GIR;3;113;MBA;115;False;False;False;250,0;15000;0;0;0;0;0;0;0;0;0;0;0;0;0;2;3;5;0;1;1;0;0;1;0;0;0;4;100,0;39;79;40;27;40;13;12;39;27;23;38;15;14;34;48;28;20;6;2;1;36;31;3;116;101,72;97,36;39,815999999999995;111,08926464805349;118,11832374691865;-7,029059098865162;0,569620253164557;0,5902632678646051;71,7948717948718;19,661816751867875;31,818181818181817;72,34042553191489;52,747252747252745;0,4810126582278481;0,4936708860759494;0,39323633503735744;0,0;0,0;0,0;100,0;1,8181818181818181;2,5531914893617023;2,197802197802198;0,4108463434675431;-0,0;0,0;0,0;0,0
2_LLT_J3;2;LLT;3;96;UCM;80;True;False;True;0,0;0;0;0;0;0;0;0;0;0;0;0;0;0;0;0;0;0;0;0;0;0;0;0;0;0;0;0;80,0;36;59;23;27;43;16;9;16;7;15;17;2;7;24;31;19;11;6;1;0;19;22;1;120;70,48;70,8;35,32;136,2088535754824;112,99435028248588;23,214503292996525;0,6864406779661016;0,7220216606498194;52,77777777777778;15,60726447219069;29,166666666666668;72,72727272727273;54,3859649122807;0,288135593220339;0,2711864406779661;0,0;0,0;0,0;0,0;0,0;0,0;0,0;0,0;0,0;0,0;0,0;0,0;0,0
3_LLT_J3;3;LLT;3;96;UCM;80;True;False;True;19,4;1164;13;4;11;7;2;6;4;2;5;3;3;4;1;0;0;0;5;2;0;0;0;1;5;0;10;12;80,0;36;59;23;27;43;16;9;16;7;15;17;2;7;24;31;19;11;6;1;0;19;22;1;120;70,48;70,8;35,32;136,2088535754824;112,99435028248588;23,214503292996525;0,6864406779661016;0,7220216606498194;52,77777777777778;15,60726447219069;29,166666666666668;72,72727272727273;54,3859649122807;0,288135593220339;0,2711864406779661;86,35922159682649;0,5094043887147336;0,45454545454545453;105,70824524312896;13,550135501355014;0,0;0,0;0,0;0,0;0,0;0,36363636363636365;0,45454545454545453;1,1818181818181819
6_LLT_J3;6;LLT;3;96;UCM;80;True;False;True;14,4;864;5;2;3;1;1;1;0;1;2;1;0;0;0;0;0;0;1;0;0;0;0;3;1;0;9;3;80,0;36;59;23;27;43;16;9;16;7;15;17;2;7;24;31;19;11;6;1;0;19;22;1;120;70,48;70,8;35,32;136,2088535754824;112,99435028248588;23,214503292996525;0,6864406779661016;0,7220216606498194;52,77777777777778;15,60726447219069;29,166666666666668;72,72727272727273;54,3859649122807;0,288135593220339;0,2711864406779661;23,64737041241014;0,8333333333333334;0,8333333333333334;22,321428571428573;0,0;0,0;0,0;0,0;0,0;0,0;0,0;0,6666666666666666;1,6666666666666667
9_LLT_J3;9;LLT;3;96;UCM;80;True;True;True;28,65;1719;19;9;13;4;8;11;3;1;2;1;0;0;0;0;2;2;7;5;0;0;0;1;2;0;9;20;80,0;36;59;23;27;43;16;9;16;7;15;17;2;7;24;31;19;11;6;1;0;19;22;1;120;70,48;70,8;35,32;136,2088535754824;112,99435028248588;23,214503292996525;0,6864406779661016;0,7220216606498194;52,77777777777778;15,60726447219069;29,166666666666668;72,72727272727273;54,3859649122807;0,288135593220339;0,2711864406779661;71,31353590339393;0,7307692307692307;0,7307692307692307;179,83301220295448;27,77777777777778;0,0;16,92315828441483;9,797617954134902;0,0;0,0;0,0;0,15384615384615385;1,4615384615384615
11_LLT_J3;11;LLT;3;96;UCM;80;True;True;True;15,7;942;8;4;5;1;4;5;1;0;0;0;0;0;0;2;2;4;0;0;0;0;0;3;0;0;-6;8;80,0;36;59;23;27;43;16;9;16;7;15;17;2;7;24;31;19;11;6;1;0;19;22;1;120;70,48;70,8;35,32;136,2088535754824;112,99435028248588;23,214503292996525;0,6864406779661016;0,7220216606498194;52,77777777777778;15,60726447219069;29,166666666666668;72,72727272727273;54,3859649122807;0,288135593220339;0,2711864406779661;36,14884649030849;0,8;0,8;0,0;0,0;42,462845010615716;30,882069098629607;35,75818527209744;0,0;0,0;0,0;0,0;1,6
13_LLT_J3;13;LLT;3;96;UCM;80;True;False;True;0,0;0;0;0;0;0;0;0;0;0;0;0;0;0;0;0;0;0;0;0;0;0;0;0;0;0;0;0;80,0;36;59;23;27;43;16;9;16;7;15;17;2;7;24;31;19;11;6;1;0;19;22;1;120;70,48;70,8;35,32;136,2088535754824;112,99435028248588;23,214503292996525;0,6864406779661016;0,7220216606498194;52,77777777777778;15,60726447219069;29,166666666666668;72,72727272727273;54,3859649122807;0,288135593220339;0,2711864406779661;0,0;0,0;0,0;0,0;0,0;0,0;0,0;0,0;0,0;0,0;0,0;0,0;0,0
15_LLT_J3;15;LLT;3;96;UCM;80;True;True;True;17,583333333333332;1055;0;0;0;0;0;0;0;0;0;0;0;0;0;0;2;2;1;0;1;1;0;0;1;0;4;6;80,0;36;59;23;27;43;16;9;16;7;15;17;2;7;24;31;19;11;6;1;0;19;22;1;120;70,48;70,8;35,32;136,2088535754824;112,99435028248588;23,214503292996525;0,6864406779661016;0,7220216606498194;52,77777777777778;15,60726447219069;29,166666666666668;72,72727272727273;54,3859649122807;0,288135593220339;0,2711864406779661;0,0;0,0;0,0;12,638230647709321;0,0;0,0;27,574321413183974;15,964080818159143;6,42621897341152;26,763311959855034;0,0;0,0;0,0
19_LLT_J3;19;LLT;3;96;UCM;80;True;True;True;21,933333333333334;1316;13;5;8;3;5;8;3;0;0;0;3;3;0;0;4;4;3;1;0;0;0;2;4;0;6;18;80,0;36;59;23;27;43;16;9;16;7;15;17;2;7;24;31;19;11;6;1;0;19;22;1;120;70,48;70,8;35,32;136,2088535754824;112,99435028248588;23,214503292996525;0,6864406779661016;0,7220216606498194;52,77777777777778;15,60726447219069;29,166666666666668;72,72727272727273;54,3859649122807;0,288135593220339;0,2711864406779661;53,40711887914051;0,6974248927038627;0,625;61,60164271047227;9,689922480620154;0,0;44,211108040895276;25,595904655255158;0,0;0,0;0,375;0,0;1,625
21_LLT_J3;21;LLT;3;96;UCM;80;True;False;True;13,7;822;2;0;2;2;0;2;2;0;0;0;2;2;0;1;1;2;0;0;0;0;0;2;1;0;11;1;80,0;36;59;23;27;43;16;9;16;7;15;17;2;7;24;31;19;11;6;1;0;19;22;1;120;70,48;70,8;35,32;136,2088535754824;112,99435028248588;23,214503292996525;0,6864406779661016;0,7220216606498194;52,77777777777778;15,60726447219069;29,166666666666668;72,72727272727273;54,3859649122807;0,288135593220339;0,2711864406779661;23,86140500592392;0,3472222222222222;0,0;0,0;0,0;24,330900243309006;17,695200176952003;20,489179152260213;0,0;0,0;1,0;0,0;1,0
31_LLT_J3;31;LLT;3;96;UCM;80;True;False;True;24,3;1458;17;5;9;4;1;3;2;4;6;2;3;3;0;3;5;8;0;0;1;0;0;1;2;0;22;23;80,0;36;59;23;27;43;16;9;16;7;15;17;2;7;24;31;19;11;6;1;0;19;22;1;120;70,48;70,8;35,32;136,2088535754824;112,99435028248588;23,214503292996525;0,6864406779661016;0,7220216606498194;52,77777777777778;15,60726447219069;29,166666666666668;72,72727272727273;54,3859649122807;0,288135593220339;0,2711864406779661;48,20560249996496;0,8236434108527132;0,7777777777777778;0,0;0,0;41,15226337448559;49,88153136301285;46,20605010468558;4,64997326265374;0,0;0,3333333333333333;0,6666666666666666;1,8888888888888888
35_LLT_J3;35;LLT;3;96;UCM;80;True;False;True;17,816666666666666;1069;12;5;6;1;5;6;1;0;0;0;2;3;1;1;3;4;1;2;1;0;0;4;4;1;9;14;80,0;36;59;23;27;43;16;9;16;7;15;17;2;7;24;31;19;11;6;1;0;19;22;1;120;70,48;70,8;35,32;136,2088535754824;112,99435028248588;23,214503292996525;0,6864406779661016;0,7220216606498194;52,77777777777778;15,60726447219069;29,166666666666668;72,72727272727273;54,3859649122807;0,288135593220339;0,2711864406779661;59,37635712457886;0,819672131147541;0,8333333333333334;33,140016570008285;21,459227467811157;18,709073900841908;40,81979760183689;31,51001920141795;6,342058949437936;0,0;0,5;0,0;2,0
42_LLT_J3;42;LLT;3;96;UCM;80;True;True;True;26,516666666666666;1591;7;2;2;0;1;1;0;1;1;0;2;2;0;0;4;4;1;0;2;0;0;2;2;0;6;14;80,0;36;59;23;27;43;16;9;16;7;15;17;2;7;24;31;19;11;6;1;0;19;22;1;120;70,48;70,8;35,32;136,2088535754824;112,99435028248588;23,214503292996525;0,6864406779661016;0,7220216606498194;52,77777777777778;15,60726447219069;29,166666666666668;72,72727272727273;54,3859649122807;0,288135593220339;0,2711864406779661;12,328142624053715;1,215277777777778;1,25;10,067958721369243;0,0;0,0;36,56933889492029;21,171722518111746;8,52251542042634;0,0;1,0;0,5;3,5
LLT_LLT_J3;LLT;LLT;3;96;UCM;80;True;False;True;200,0;12000;0;0;0;0;0;0;0;0;0;0;0;0;0;0;1;1;0;1;1;0;0;0;0;0;0;1;80,0;36;59;23;27;43;16;9;16;7;15;17;2;7;24;31;19;11;6;1;0;19;22;1;120;70,48;70,8;35,32;136,2088535754824;112,99435028248588;23,214503292996525;0,6864406779661016;0,7220216606498194;52,77777777777778;15,60726447219069;29,166666666666668;72,72727272727273;54,3859649122807;0,288135593220339;0,2711864406779661;0,5675368898978433;0,0;0,0;0,0;100,0;0,0;1,2121212121212122;0,7017543859649122;0,5649717514124294;0,0;0,0;0,0;0,0
0_UCM_J3;0;UCM;3;80;LLT;96;False;True;False;20,766666666666666;1246;10;3;3;0;3;3;0;0;0;0;4;4;0;1;2;3;1;3;1;0;0;3;2;0;-1;11;80,0;30;61;31;26;39;13;4;22;18;16;20;4;9;17;26;9;10;9;0;1;22;19;2;75;70,8;70,48;35,32;112,99435028248588;136,2088535754824;-23,214503292996525;0,5245901639344263;0,5730659025787966;30,0;14,124293785310735;27,272727272727273;70,83333333333333;45,6140350877193;0,32786885245901637;0,36065573770491804;42,22324999319857;1,050420168067227;1,0;20,887728459530027;38,65979381443299;11,67371953888808;32,102728731942214;20,27540762017403;5,465844846528187;0,0;1,3333333333333333;0,0;3,3333333333333335
1_UCM_J3;1;UCM;3;80;LLT;96;False;False;False;16,283333333333335;977;5;1;7;6;0;1;1;1;6;5;2;2;0;0;1;1;0;2;1;0;0;3;2;0;-14;-2;80,0;30;61;31;26;39;13;4;22;18;16;20;4;9;17;26;9;10;9;0;1;22;19;2;75;70,8;70,48;35,32;112,99435028248588;136,2088535754824;-23,214503292996525;0,5245901639344263;0,5730659025787966;30,0;14,124293785310735;27,272727272727273;70,83333333333333;45,6140350877193;0,32786885245901637;0,36065573770491804;68,55992921950624;0,31725888324873097;0,21428571428571427;0,0;20,24291497975709;0,0;20,470829068577274;8,619296449927274;6,970770397926427;0,0;0,2857142857142857;0,8571428571428571;0,7142857142857143
2_UCM_J3;2;UCM;3;80;LLT;96;False;True;False;25,933333333333334;1556;5;2;8;6;2;5;3;0;3;3;1;2;1;0;4;4;0;1;0;0;0;3;1;1;4;-1;80,0;30;61;31;26;39;13;4;22;18;16;20;4;9;17;26;9;10;9;0;1;22;19;2;75;70,8;70,48;35,32;112,99435028248588;136,2088535754824;-23,214503292996525;0,5245901639344263;0,5730659025787966;30,0;14,124293785310735;27,272727272727273;70,83333333333333;45,6140350877193;0,32786885245901637;0,36065573770491804;43,048233192453495;0,2815315315315315;0,25;0,0;10,121457489878543;0,0;51,41388174807198;21,647950209714516;0,0;0,0;0,25;0,375;0,625
5_UCM_J3;5;UCM;3;80;LLT;96;False;True;False;27,266666666666666;1636;26;11;16;5;9;12;3;2;4;2;2;3;1;1;1;2;1;1;1;0;0;0;4;0;-6;27;80,0;30;61;31;26;39;13;4;22;18;16;20;4;9;17;26;9;10;9;0;1;22;19;2;75;70,8;70,48;35,32;112,99435028248588;136,2088535754824;-23,214503292996525;0,5245901639344263;0,5730659025787966;30,0;14,124293785310735;27,272727272727273;70,83333333333333;45,6140350877193;0,32786885245901637;0,36065573770491804;75,91894243918611;0,7505773672055427;0,75;-129,03225806451607;5,458515283842795;8,890864636585908;12,224938875305623;10,294685368678419;4,162862273089315;0,0;0,1875;0,25;1,625
8_UCM_J3;8;UCM;3;80;LLT;96;False;False;False;21,75;1305;13;4;11;7;4;7;3;0;4;4;5;5;0;0;4;4;3;1;2;0;0;3;4;0;-14;15;80,0;30;61;31;26;39;13;4;22;18;16;20;4;9;17;26;9;10;9;0;1;22;19;2;75;70,8;70,48;35,32;112,99435028248588;136,2088535754824;-23,214503292996525;0,5245901639344263;0,5730659025787966;30,0;14,124293785310735;27,272727272727273;70,83333333333333;45,6140350877193;0,32786885245901637;0,36065573770491804;73,77102409247354;0,49242424242424243;0,36363636363636365;72,18045112781955;7,042253521126761;0,0;61,30268199233716;25,811655575720913;10,437460044098268;0,0;0,45454545454545453;0,36363636363636365;1,1818181818181819
12_UCM_J3;12;UCM;3;80;LLT;96;False;False;False;21,616666666666667;1297;10;4;8;4;4;6;2;0;2;2;2;3;1;1;1;2;0;1;3;0;1;3;2;0;-14;7;80,0;30;61;31;26;39;13;4;22;18;16;20;4;9;17;26;9;10;9;0;1;22;19;2;75;70,8;70,48;35,32;112,99435028248588;136,2088535754824;-23,214503292996525;0,5245901639344263;0,5730659025787966;30,0;14,124293785310735;27,272727272727273;70,83333333333333;45,6140350877193;0,32786885245901637;0,36065573770491804;53,94456568613358;0,5364806866952789;0,5;0,0;9,689922480620154;11,214691245531647;15,420200462606015;12,985431968510326;15,752758701867664;0,0;0,375;0,25;1,25
13_UCM_J3;13;UCM;3;80;LLT;96;False;False;False;8,7;522;0;0;1;1;0;0;0;0;1;1;0;0;0;0;0;0;0;0;0;0;0;2;0;0;-11;-3;80,0;30;61;31;26;39;13;4;22;18;16;20;4;9;17;26;9;10;9;0;1;22;19;2;75;70,8;70,48;35,32;112,99435028248588;136,2088535754824;-23,214503292996525;0,5245901639344263;0,5730659025787966;30,0;14,124293785310735;27,272727272727273;70,83333333333333;45,6140350877193;0,32786885245901637;0,36065573770491804;12,987856354308724;0,0;0,0;0,0;0,0;0,0;0,0;0,0;0,0;0,0;0,0;1,0;0,0
15_UCM_J3;15;UCM;3;80;LLT;96;False;False;False;14,6;876;6;3;4;1;3;4;1;0;0;0;0;1;1;4;1;5;0;0;0;0;0;3;2;1;-4;8;80,0;30;61;31;26;39;13;4;22;18;16;20;4;9;17;26;9;10;9;0;1;22;19;2;75;70,8;70,48;35,32;112,99435028248588;136,2088535754824;-23,214503292996525;0,5245901639344263;0,5730659025787966;30,0;14,124293785310735;27,272727272727273;70,83333333333333;45,6140350877193;0,32786885245901637;0,36065573770491804;34,36266542837243;0,6756756756756757;0,75;0,0;0,0;66,417600664176;22,831050228310502;48,06536890170632;0,0;0,0;0,25;0,0;1,5
21_UCM_J3;21;UCM;3;80;LLT;96;False;False;False;4,633333333333334;278;0;0;0;0;0;0;0;0;0;0;0;0;0;0;0;0;1;0;0;0;0;0;0;0;-11;1;80,0;30;61;31;26;39;13;4;22;18;16;20;4;9;17;26;9;10;9;0;1;22;19;2;75;70,8;70,48;35,32;112,99435028248588;136,2088535754824;-23,214503292996525;0,5245901639344263;0,5730659025787966;30,0;14,124293785310735;27,272727272727273;70,83333333333333;45,6140350877193;0,32786885245901637;0,36065573770491804;0,0;0,0;0,0;57,553956834532364;0,0;0,0;0,0;0,0;0,0;0,0;0,0;0,0;0,0
24_UCM_J3;24;UCM;3;80;LLT;96;False;False;False;1,9166666666666667;115;0;0;0;0;0;0;0;0;0;0;0;0;0;0;0;0;0;0;0;0;0;0;0;0;-2;0;80,0;30;61;31;26;39;13;4;22;18;16;20;4;9;17;26;9;10;9;0;1;22;19;2;75;70,8;70,48;35,32;112,99435028248588;136,2088535754824;-23,214503292996525;0,5245901639344263;0,5730659025787966;30,0;14,124293785310735;27,272727272727273;70,83333333333333;45,6140350877193;0,32786885245901637;0,36065573770491804;0,0;0,0;0,0;0,0;0,0;0,0;0,0;0,0;0,0;0,0;0,0;0,0;0,0
31_UCM_J3;31;UCM;3;80;LLT;96;False;True;False;14,55;873;0;0;0;0;0;0;0;0;0;0;0;0;0;0;1;1;3;0;0;0;0;2;1;0;2;3;80,0;30;61;31;26;39;13;4;22;18;16;20;4;9;17;26;9;10;9;0;1;22;19;2;75;70,8;70,48;35,32;112,99435028248588;136,2088535754824;-23,214503292996525;0,5245901639344263;0,5730659025787966;30,0;14,124293785310735;27,272727272727273;70,83333333333333;45,6140350877193;0,32786885245901637;0,36065573770491804;0,0;0,0;0,0;54,9828178694158;0,0;0,0;22,909507445589917;9,646108398143124;0,0;0,0;0,0;0,0;0,0
99_UCM_J3;99;UCM;3;80;LLT;96;False;True;False;21,983333333333334;1319;5;2;3;1;1;1;0;1;2;1;0;0;0;2;0;2;0;0;0;0;0;0;1;0;-9;7;80,0;30;61;31;26;39;13;4;22;18;16;20;4;9;17;26;9;10;9;0;1;22;19;2;75;70,8;70,48;35,32;112,99435028248588;136,2088535754824;-23,214503292996525;0,5245901639344263;0,5730659025787966;30,0;14,124293785310735;27,272727272727273;70,83333333333333;45,6140350877193;0,32786885245901637;0,36065573770491804;15,420002313000346;0,8333333333333334;0,8333333333333334;0,0;0,0;22,05527603556413;0,0;12,76884402058976;0,0;0,0;0,0;0,6666666666666666;1,6666666666666667
UCM_UCM_J3;UCM;UCM;3;80;LLT;96;False;False;False;200,0;12000;0;0;0;0;0;0;0;0;0;0;0;0;0;0;2;2;0;1;1;0;0;0;0;0;0;2;80,0;30;61;31;26;39;13;4;22;18;16;20;4;9;17;26;9;10;9;0;1;22;19;2;75;70,8;70,48;35,32;112,99435028248588;136,2088535754824;-23,214503292996525;0,5245901639344263;0,5730659025787966;30,0;14,124293785310735;27,272727272727273;70,83333333333333;45,6140350877193;0,32786885245901637;0,36065573770491804;0,5649717514124294;0,0;0,0;0,0;100,0;0,0;3,3333333333333335;1,4035087719298245;0,5675368898978433;0,0;0,0;0,0;0,0
00_CAZ_J3;00;CAZ;3;84;BRE;88;True;True;False;27,45;1647;13;3;7;4;3;6;3;0;1;1;7;10;3;1;6;7;1;3;1;1;0;2;8;0;0;19;80,0;28;63;35;23;38;15;5;25;20;23;33;10;13;28;41;16;21;13;5;3;20;27;1;97;85,52;83,68;42,3;98,22263797942003;105,1625239005736;-6,939885921153575;0,48412698412698413;0,541795665634675;57,142857142857146;24,555659494855007;33,333333333333336;75,67567567567568;53,94736842105263;0,5238095238095238;0,3968253968253968;49,07298072351976;0,5701754385964912;0,42857142857142855;15,13431706394249;20,833333333333332;7,47279435804026;47,26037512922759;26,84306394401304;3,4827793972701975;20,817069997397866;1,4285714285714286;0,14285714285714285;1,8571428571428572
0_CAZ_J3;0;CAZ;3;84;BRE;88;True;False;False;13,016666666666667;781;0;0;2;2;0;0;0;0;2;2;0;0;0;0;3;3;2;1;0;0;0;3;1;0;2;0;80,0;28;63;35;23;38;15;5;25;20;23;33;10;13;28;41;16;21;13;5;3;20;27;1;97;85,52;83,68;42,3;98,22263797942003;105,1625239005736;-6,939885921153575;0,48412698412698413;0,541795665634675;57,142857142857146;24,555659494855007;33,333333333333336;75,67567567567568;53,94736842105263;0,5238095238095238;0,3968253968253968;21,559752254491315;0,0;0,0;43,89976220962136;33,333333333333336;0,0;49,83216250821884;24,260394905317067;0,0;0,0;0,0;1,0;0,0
2_CAZ_J3;2;CAZ;3;84;BRE;88;True;True;False;26,983333333333334;1619;11;3;9;6;2;5;3;1;4;3;4;8;4;0;3;3;5;3;2;0;3;1;6;0;-4;10;80,0;28;63;35;23;38;15;5;25;20;23;33;10;13;28;41;16;21;13;5;3;20;27;1;97;85,52;83,68;42,3;98,22263797942003;105,1625239005736;-6,939885921153575;0,48412698412698413;0,541795665634675;57,142857142857146;24,555659494855007;33,333333333333336;75,67567567567568;53,94736842105263;0,5238095238095238;0,3968253968253968;53,80447688840019;0,43929712460063897;0,3888888888888889;77,58955127376181;19,329896907216494;0,0;24,038862828238987;11,703130587432137;7,086025530949987;0,0;0,8888888888888888;0,4444444444444444;1,2222222222222223
3_CAZ_J3;3;CAZ;3;84;BRE;88;True;False;False;15,85;951;10;4;7;3;3;3;0;1;4;3;1;1;0;1;1;2;1;4;0;1;0;1;1;0;-8;7;80,0;28;63;35;23;38;15;5;25;20;23;33;10;13;28;41;16;21;13;5;3;20;27;1;97;85,52;83,68;42,3;98,22263797942003;105,1625239005736;-6,939885921153575;0,48412698412698413;0,541795665634675;57,142857142857146;24,555659494855007;33,333333333333336;75,67567567567568;53,94736842105263;0,5238095238095238;0,3968253968253968;67,51791969262821;0,6720430107526881;0,6428571428571429;64,62035541195479;34,96503496503496;12,941842594839441;13,641401654019953;13,282417399966794;0,0;36,05227579990987;0,14285714285714285;0,5714285714285714;1,4285714285714286
4_CAZ_J3;4;CAZ;3;84;BRE;88;True;True;False;26,633333333333333;1598;22;8;12;4;6;7;1;2;5;3;4;4;0;0;0;0;2;4;3;0;0;4;3;0;0;18;80,0;28;63;35;23;38;15;5;25;20;23;33;10;13;28;41;16;21;13;5;3;20;27;1;97;85,52;83,68;42,3;98,22263797942003;105,1625239005736;-6,939885921153575;0,48412698412698413;0,541795665634675;57,142857142857146;24,555659494855007;33,333333333333336;75,67567567567568;53,94736842105263;0,5238095238095238;0,3968253968253968;62,379190077400295;0,7994186046511628;0,75;151,3240857503154;22,522522522522525;0,0;0,0;0,0;10,768719024976248;0,0;0,3333333333333333;0,4166666666666667;1,8333333333333333
5_CAZ_J3;5;CAZ;3;84;BRE;88;True;False;False;0,0;0;0;0;0;0;0;0;0;0;0;0;0;0;0;0;0;0;0;0;0;0;0;0;0;0;0;0;80,0;28;63;35;23;38;15;5;25;20;23;33;10;13;28;41;16;21;13;5;3;20;27;1;97;85,52;83,68;42,3;98,22263797942003;105,1625239005736;-6,939885921153575;0,48412698412698413;0,541795665634675;57,142857142857146;24,555659494855007;33,333333333333336;75,67567567567568;53,94736842105263;0,5238095238095238;0,3968253968253968;0,0;0,0;0,0;0,0;0,0;0,0;0,0;0,0;0,0;0,0;0,0;0,0;0,0
7_CAZ_J3;7;CAZ;3;84;BRE;88;True;False;False;19,85;1191;8;2;4;2;1;1;0;1;3;2;3;4;1;2;2;4;2;2;2;1;0;0;2;0;8;14;80,0;28;63;35;23;38;15;5;25;20;23;33;10;13;28;41;16;21;13;5;3;20;27;1;97;85,52;83,68;42,3;98,22263797942003;105,1625239005736;-6,939885921153575;0,48412698412698413;0,541795665634675;57,142857142857146;24,555659494855007;33,333333333333336;75,67567567567568;53,94736842105263;0,5238095238095238;0,3968253968253968;36,569877448497024;0,6944444444444444;0,625;40,424456796361795;25,77319587628866;20,667829232060967;21,785009190550753;21,21171947500994;9,632472992953845;28,787333573227777;1,0;0,75;2,0
10_CAZ_J3;10;CAZ;3;84;BRE;88;True;False;False;6,866666666666666;412;0;0;1;1;0;0;0;0;1;1;0;0;0;0;0;0;0;1;2;1;0;1;0;0;2;0;80,0;28;63;35;23;38;15;5;25;20;23;33;10;13;28;41;16;21;13;5;3;20;27;1;97;85,52;83,68;42,3;98,22263797942003;105,1625239005736;-6,939885921153575;0,48412698412698413;0,541795665634675;57,142857142857146;24,555659494855007;33,333333333333336;75,67567567567568;53,94736842105263;0,5238095238095238;0,3968253968253968;27,246224127439675;0,0;0,0;0,0;50,0;0,0;0,0;0,0;27,845328482058328;83,21775312066575;0,0;1,0;0,0
12_CAZ_J3;12;CAZ;3;84;BRE;88;True;False;False;21,5;1290;13;5;10;5;5;10;5;0;0;0;3;4;1;2;4;6;1;1;2;0;0;3;2;1;-7;14;80,0;28;63;35;23;38;15;5;25;20;23;33;10;13;28;41;16;21;13;5;3;20;27;1;97;85,52;83,68;42,3;98,22263797942003;105,1625239005736;-6,939885921153575;0,48412698412698413;0,541795665634675;57,142857142857146;24,555659494855007;33,333333333333336;75,67567567567568;53,94736842105263;0,5238095238095238;0,3968253968253968;55,51808906389367;0,5527210884353742;0,5;39,60396039603961;7,836990595611286;19,08169350029815;40,226272784412316;29,37576499388005;8,893236693494597;0,0;0,4;0,0;1,3
14_CAZ_J3;14;CAZ;3;84;BRE;88;True;True;False;18,5;1110;3;1;4;3;1;2;1;0;2;2;1;2;1;2;4;6;1;1;1;0;0;3;4;0;3;7;80,0;28;63;35;23;38;15;5;25;20;23;33;10;13;28;41;16;21;13;5;3;20;27;1;97;85,52;83,68;42,3;98,22263797942003;105,1625239005736;-6,939885921153575;0,48412698412698413;0,541795665634675;57,142857142857146;24,555659494855007;33,333333333333336;75,67567567567568;53,94736842105263;0,5238095238095238;0,3968253968253968;29,732257982959574;0,3073770491803279;0,25;18,2648401826484;17,006802721088437;22,176022176022176;46,74945215485756;34,13940256045519;5,167691592165779;0,0;0,5;0,5;0,75
15_CAZ_J3;15;CAZ;3;84;BRE;88;True;False;False;6,5;390;0;0;2;2;0;1;1;0;1;1;0;0;0;0;0;0;1;0;0;0;0;1;0;0;-9;-2;80,0;28;63;35;23;38;15;5;25;20;23;33;10;13;28;41;16;21;13;5;3;20;27;1;97;85,52;83,68;42,3;98,22263797942003;105,1625239005736;-6,939885921153575;0,48412698412698413;0,541795665634675;57,142857142857146;24,555659494855007;33,333333333333336;75,67567567567568;53,94736842105263;0,5238095238095238;0,3968253968253968;28,78319061667986;0,0;0,0;43,956043956043956;0,0;0,0;0,0;0,0;0,0;0,0;0,0;0,5;0,0
20_CAZ_J3;20;CAZ;3;84;BRE;88;True;True;False;16,85;1011;4;2;5;3;2;3;1;0;2;2;0;0;0;2;2;4;0;1;0;1;0;1;0;0;-7;4;80,0;28;63;35;23;38;15;5;25;20;23;33;10;13;28;41;16;21;13;5;3;20;27;1;97;85,52;83,68;42,3;98,22263797942003;105,1625239005736;-6,939885921153575;0,48412698412698413;0,541795665634675;57,142857142857146;24,555659494855007;33,333333333333336;75,67567567567568;53,94736842105263;0,5238095238095238;0,3968253968253968;33,30992385906571;0,4;0,4;0,0;16,666666666666668;24,347561439549565;25,663645841687384;24,988286740590347;0,0;33,91267486222976;0,0;0,4;0,8
CAZ_CAZ_J3;CAZ;CAZ;3;84;BRE;88;True;False;False;200,0;12000;0;0;0;0;0;0;0;0;0;0;0;0;0;3;3;6;0;0;0;0;0;0;0;0;0;6;80,0;28;63;35;23;38;15;5;25;20;23;33;10;13;28;41;16;21;13;5;3;20;27;1;97;85,52;83,68;42,3;98,22263797942003;105,1625239005736;-6,939885921153575;0,48412698412698413;0,541795665634675;57,142857142857146;24,555659494855007;33,333333333333336;75,67567567567568;53,94736842105263;0,5238095238095238;0,3968253968253968;0,0;0,0;0,0;0,0;0,0;3,076923076923077;3,2432432432432434;3,1578947368421053;0,0;0,0;0,0;0,0;0,0
0_BRE_J3;0;BRE;3;88;CAZ;84;False;False;True;17,066666666666666;1024;4;2;4;2;2;3;1;0;1;1;0;2;2;1;2;3;0;1;5;0;0;5;1;2;2;3;80,0;32;66;34;23;40;17;9;26;17;15;22;7;9;26;35;19;17;14;3;5;27;20;3;89;83,68;85,52;42,3;105,1625239005736;98,22263797942003;6,939885921153575;0,553030303030303;0,5813953488372092;59,375;20,31548757170172;24,324324324324323;66,66666666666667;46,05263157894737;0,3333333333333333;0,3939393939393939;32,937978011472275;0,4098360655737705;0,5;0,0;17,006802721088437;12,668918918918918;24,038461538461537;18,503289473684212;27,40586997193639;0,0;0,5;0,25;1,0
1_BRE_J3;1;BRE;3;88;CAZ;84;False;True;True;14,633333333333333;878;2;1;4;3;1;2;1;0;2;2;0;0;0;0;5;5;1;3;0;0;0;1;2;0;-1;3;80,0;32;66;34;23;40;17;9;26;17;15;22;7;9;26;35;19;17;14;3;5;27;20;3;89;83,68;85,52;42,3;105,1625239005736;98,22263797942003;6,939885921153575;0,553030303030303;0,5813953488372092;59,375;20,31548757170172;24,324324324324323;66,66666666666667;46,05263157894737;0,3333333333333333;0,3939393939393939;45,7323048646106;0,25;0,25;20,604395604395602;42,857142857142854;0,0;70,08936393902226;35,966910442393;0,0;0,0;0,0;0,5;0,5
4_BRE_J3;4;BRE;3;88;CAZ;84;False;True;True;23,35;1401;16;6;15;9;6;13;7;0;2;2;4;6;2;0;1;1;6;2;0;0;1;4;4;0;9;9;80,0;32;66;34;23;40;17;9;26;17;15;22;7;9;26;35;19;17;14;3;5;27;20;3;89;83,68;85,52;42,3;105,1625239005736;98,22263797942003;6,939885921153575;0,553030303030303;0,5813953488372092;59,375;20,31548757170172;24,324324324324323;66,66666666666667;46,05263157894737;0,3333333333333333;0,3939393939393939;80,41237957591066;0,4535147392290249;0,4;179,64071856287427;10,183299389002036;0,0;8,784933838467028;4,508058153950186;0,0;0,0;0,4;0,13333333333333333;1,0666666666666667
8_BRE_J3;8;BRE;3;88;CAZ;84;False;False;True;11,35;681;2;0;2;2;0;2;2;0;0;0;2;2;0;0;1;1;1;1;0;0;2;0;1;0;-13;0;80,0;32;66;34;23;40;17;9;26;17;15;22;7;9;26;35;19;17;14;3;5;27;20;3;89;83,68;85,52;42,3;105,1625239005736;98,22263797942003;6,939885921153575;0,553030303030303;0,5813953488372092;59,375;20,31548757170172;24,324324324324323;66,66666666666667;46,05263157894737;0,3333333333333333;0,3939393939393939;32,68166541723873;0,3472222222222222;0,0;22,026431718061673;25,77319587628866;0,0;18,072969614819836;9,274287039183863;0,0;0,0;1,0;0,0;1,0
10_BRE_J3;10;BRE;3;88;CAZ;84;False;False;True;18,516666666666666;1111;12;4;7;3;2;2;0;2;5;3;2;2;0;1;2;3;3;2;0;0;0;2;2;0;3;13;80,0;32;66;34;23;40;17;9;26;17;15;22;7;9;26;35;19;17;14;3;5;27;20;3;89;83,68;85,52;42,3;105,1625239005736;98,22263797942003;6,939885921153575;0,553030303030303;0,5813953488372092;59,375;20,31548757170172;24,324324324324323;66,66666666666667;46,05263157894737;0,3333333333333333;0,3939393939393939;51,01083722138943;0,7614213197969544;0,7142857142857143;88,06262230919766;20,24291497975709;11,676843360011677;22,15606176002216;17,054337012648634;0,0;0,0;0,2857142857142857;0,7142857142857143;1,7142857142857142
17_BRE_J3;17;BRE;3;88;CAZ;84;False;False;True;22,7;1362;10;4;5;1;3;3;0;1;2;1;1;2;1;0;2;2;0;1;1;0;0;3;1;0;8;8;80,0;32;66;34;23;40;17;9;26;17;15;22;7;9;26;35;19;17;14;3;5;27;20;3;89;83,68;85,52;42,3;105,1625239005736;98,22263797942003;6,939885921153575;0,553030303030303;0,5813953488372092;59,375;20,31548757170172;24,324324324324323;66,66666666666667;46,05263157894737;0,3333333333333333;0,3939393939393939;28,975497174046712;0,8503401360544218;0,9;0,0;14,534883720930234;0,0;18,072969614819836;9,274287039183863;4,120941387850641;0,0;0,4;0,4;2,0
18_BRE_J3;18;BRE;3;88;CAZ;84;False;True;True;17,633333333333333;1058;8;3;4;1;3;4;1;0;0;0;2;4;2;2;5;7;0;2;1;2;0;4;3;0;14;12;80,0;32;66;34;23;40;17;9;26;17;15;22;7;9;26;35;19;17;14;3;5;27;20;3;89;83,68;85,52;42,3;105,1625239005736;98,22263797942003;6,939885921153575;0,553030303030303;0,5813953488372092;59,375;20,31548757170172;24,324324324324323;66,66666666666667;46,05263157894737;0,3333333333333333;0,3939393939393939;42,072238467182565;0,6944444444444444;0,75;0,0;25,77319587628866;24,523578398814696;58,16489748436819;41,786886876927674;5,305030406665948;69,79787698124183;1,0;0,0;2,0
19_BRE_J3;19;BRE;3;88;CAZ;84;False;False;True;16,65;999;7;2;5;3;1;3;2;1;2;1;2;2;0;0;1;1;4;2;2;0;0;1;3;0;-5;11;80,0;32;66;34;23;40;17;9;26;17;15;22;7;9;26;35;19;17;14;3;5;27;20;3;89;83,68;85,52;42,3;105,1625239005736;98,22263797942003;6,939885921153575;0,553030303030303;0,5813953488372092;59,375;20,31548757170172;24,324324324324323;66,66666666666667;46,05263157894737;0,3333333333333333;0,3939393939393939;45,246010829184826;0,5952380952380952;0,5;85,83690987124464;25,380710659898476;0,0;12,320012320012323;6,3221115852694805;11,236681021526673;0,0;0,4;0,4;1,4
22_BRE_J3;22;BRE;3;88;CAZ;84;False;False;True;11,016666666666667;661;8;4;7;3;4;6;2;0;1;1;0;0;0;1;1;2;1;0;1;1;2;3;0;1;3;5;80,0;32;66;34;23;40;17;9;26;17;15;22;7;9;26;35;19;17;14;3;5;27;20;3;89;83,68;85,52;42,3;105,1625239005736;98,22263797942003;6,939885921153575;0,553030303030303;0,5813953488372092;59,375;20,31548757170172;24,324324324324323;66,66666666666667;46,05263157894737;0,3333333333333333;0,3939393939393939;60,74578467644191;0,5714285714285714;0,5714285714285714;245,90163934426198;0,0;19,626282863801773;18,619806819504245;19,10980173580699;8,491258956509187;55,859420458512744;0,0;0,14285714285714285;1,1428571428571428
23_BRE_J3;23;BRE;3;88;CAZ;84;False;False;True;0,0;0;0;0;0;0;0;0;0;0;0;0;0;0;0;0;0;0;0;0;0;0;0;0;0;0;0;0;80,0;32;66;34;23;40;17;9;26;17;15;22;7;9;26;35;19;17;14;3;5;27;20;3;89;83,68;85,52;42,3;105,1625239005736;98,22263797942003;6,939885921153575;0,553030303030303;0,5813953488372092;59,375;20,31548757170172;24,324324324324323;66,66666666666667;46,05263157894737;0,3333333333333333;0,3939393939393939;0,0;0,0;0,0;0,0;0,0;0,0;0,0;0,0;0,0;0,0;0,0;0,0;0,0
37_BRE_J3;37;BRE;3;88;CAZ;84;False;True;True;22,933333333333334;1376;12;4;8;4;0;1;1;4;7;3;0;0;0;2;3;5;0;1;2;0;0;3;1;0;2;12;80,0;32;66;34;23;40;17;9;26;17;15;22;7;9;26;35;19;17;14;3;5;27;20;3;89;83,68;85,52;42,3;105,1625239005736;98,22263797942003;6,939885921153575;0,553030303030303;0,5813953488372092;59,375;20,31548757170172;24,324324324324323;66,66666666666667;46,05263157894737;0,3333333333333333;0,3939393939393939;37,51834230068033;0,75;0,75;0,0;11,11111111111111;18,856065367693276;26,833631484794275;22,949816401468787;8,158026410250832;0,0;0,0;0,875;1,5
47_BRE_J3;47;BRE;3;88;CAZ;84;False;True;True;24,15;1449;7;2;5;3;1;1;0;1;4;3;2;2;0;1;3;4;3;2;2;0;0;1;2;0;-2;12;80,0;32;66;34;23;40;17;9;26;17;15;22;7;9;26;35;19;17;14;3;5;27;20;3;89;83,68;85,52;42,3;105,1625239005736;98,22263797942003;6,939885921153575;0,553030303030303;0,5813953488372092;59,375;20,31548757170172;24,324324324324323;66,66666666666667;46,05263157894737;0,3333333333333333;0,3939393939393939;31,194454671052892;0,5952380952380952;0,5;39,164490861618795;25,380710659898476;8,953052431313301;25,4817646121994;17,43489157676801;7,74702853036932;0,0;0,4;0,8;1,4
BRE_BRE_J3;BRE;BRE;3;88;CAZ;84;False;False;True;200,0;12000;0;0;0;0;0;0;0;0;0;0;0;0;0;1;0;1;0;0;0;0;0;0;0;0;0;1;80,0;32;66;34;23;40;17;9;26;17;15;22;7;9;26;35;19;17;14;3;5;27;20;3;89;83,68;85,52;42,3;105,1625239005736;98,22263797942003;6,939885921153575;0,553030303030303;0,5813953488372092;59,375;20,31548757170172;24,324324324324323;66,66666666666667;46,05263157894737;0,3333333333333333;0,3939393939393939;0,0;0,0;0,0;0,0;0,0;1,0810810810810811;0,0;0,5263157894736842;0,0;0,0;0,0;0,0;0,0
0_JOV_J3;0;JOV;3;101;SBB;69;True;False;True;8,7;522;3;1;1;0;1;1;0;0;0;0;1;2;1;0;1;1;2;0;0;0;0;0;2;0;4;7;80,0;36;67;31;24;42;18;12;25;13;17;23;6;10;31;41;30;9;6;3;2;23;19;5;129;76,12;78,08;38,55;132,6852338413032;88,37090163934427;44,31433220195892;0,6268656716417911;0,6548236514522822;83,33333333333333;11,823436678928008;31,25;79,48717948717949;57,74647887323944;0,34328358208955223;0,373134328358209;22,710662535258905;0,797872340425532;1,0;68,6106346483705;0,0;0,0;23,577954612437374;12,951270843451516;0,0;0,0;2,0;0,0;3,0
1_JOV_J3;1;JOV;3;101;SBB;69;True;False;True;19,216666666666665;1153;7;3;11;8;2;6;4;1;5;4;0;0;0;1;5;6;2;1;0;0;0;4;1;1;3;3;80,0;36;67;31;24;42;18;12;25;13;17;23;6;10;31;41;30;9;6;3;2;23;19;5;129;76,12;78,08;38,55;132,6852338413032;88,37090163934427;44,31433220195892;0,6268656716417911;0,6548236514522822;83,33333333333333;11,823436678928008;31,25;79,48717948717949;57,74647887323944;0,34328358208955223;0,373134328358209;65,62878989170794;0,3181818181818182;0,3181818181818182;35,41389995573263;8,333333333333334;13,009540329575023;53,37247314697445;35,180728778569076;0,0;0,0;0,0;0,45454545454545453;0,6363636363636364
9_JOV_J3;9;JOV;3;101;SBB;69;True;False;True;20,15;1209;11;2;4;2;1;1;0;1;3;2;6;9;3;1;5;6;9;1;1;0;0;2;6;0;2;25;80,0;36;67;31;24;42;18;12;25;13;17;23;6;10;31;41;30;9;6;3;2;23;19;5;129;76,12;78,08;38,55;132,6852338413032;88,37090163934427;44,31433220195892;0,6268656716417911;0,6548236514522822;83,33333333333333;11,823436678928008;31,25;79,48717948717949;57,74647887323944;0,34328358208955223;0,373134328358209;46,73305437802921;0,6909547738693468;0,625;127,34347364697561;11,160714285714285;12,40694789081886;50,900299039256865;33,55118302869325;5,084814709351992;0,0;2,25;0,75;2,75
12_JOV_J3;12;JOV;3;101;SBB;69;True;True;True;22,516666666666666;1351;4;1;2;1;1;1;0;0;1;1;2;2;0;0;2;2;2;1;2;0;0;3;1;0;43;6;80,0;36;67;31;24;42;18;12;25;13;17;23;6;10;31;41;30;9;6;3;2;23;19;5;129;76,12;78,08;38,55;132,6852338413032;88,37090163934427;44,31433220195892;0,6268656716417911;0,6548236514522822;83,33333333333333;11,823436678928008;31,25;79,48717948717949;57,74647887323944;0,34328358208955223;0,373134328358209;18,110016013517164;0,6944444444444444;0,5;21,899808376676706;25,77319587628866;0,0;18,220121847064853;10,008235944162385;9,100726844717332;0,0;1,0;0,5;2,0
16_JOV_J3;16;JOV;3;101;SBB;69;True;False;True;12,683333333333334;761;3;1;1;0;0;0;0;1;1;0;0;0;0;0;0;0;2;2;1;0;0;1;0;0;-1;3;80,0;36;67;31;24;42;18;12;25;13;17;23;6;10;31;41;30;9;6;3;2;23;19;5;129;76,12;78,08;38,55;132,6852338413032;88,37090163934427;44,31433220195892;0,6268656716417911;0,6548236514522822;83,33333333333333;11,823436678928008;31,25;79,48717948717949;57,74647887323944;0,34328358208955223;0,373134328358209;24,85873677566992;1,5;1,5;42,48539564524695;66,66666666666667;0,0;0,0;0,0;8,078240451519786;0,0;0,0;1,0;3,0
17_JOV_J3;17;JOV;3;101;SBB;69;True;True;True;19,416666666666668;1165;13;5;9;4;2;4;2;3;5;2;0;0;0;0;1;1;1;0;0;0;0;3;0;0;32;8;80,0;36;67;31;24;42;18;12;25;13;17;23;6;10;31;41;30;9;6;3;2;23;19;5;129;76,12;78,08;38,55;132,6852338413032;88,37090163934427;44,31433220195892;0,6268656716417911;0,6548236514522822;83,33333333333333;11,823436678928008;31,25;79,48717948717949;57,74647887323944;0,34328358208955223;0,373134328358209;48,714588891720545;0,7222222222222222;0,7222222222222222;26,75585284280936;0,0;0,0;10,564542753383956;5,803058695520764;0,0;0,0;0,0;0,5555555555555556;1,4444444444444444
21_JOV_J3;21;JOV;3;101;SBB;69;True;False;True;11,2;672;7;2;2;0;2;2;0;0;0;0;3;3;0;0;0;0;1;1;0;1;0;1;2;0;-1;9;80,0;36;67;31;24;42;18;12;25;13;17;23;6;10;31;41;30;9;6;3;2;23;19;5;129;76,12;78,08;38,55;132,6852338413032;88,37090163934427;44,31433220195892;0,6268656716417911;0,6548236514522822;83,33333333333333;11,823436678928008;31,25;79,48717948717949;57,74647887323944;0,34328358208955223;0,373134328358209;40,53749718489603;1,0542168674698795;1,0;32,894736842105274;23,148148148148145;0,0;0,0;0,0;0,0;102,04081632653062;1,5;0,0;3,5
24_JOV_J3;24;JOV;3;101;SBB;69;True;True;True;23,283333333333335;1397;11;3;10;7;0;5;5;3;5;2;2;2;0;1;2;3;6;0;2;0;2;2;2;0;17;13;80,0;36;67;31;24;42;18;12;25;13;17;23;6;10;31;41;30;9;6;3;2;23;19;5;129;76,12;78,08;38,55;132,6852338413032;88,37090163934427;44,31433220195892;0,6268656716417911;0,6548236514522822;83,33333333333333;11,823436678928008;31,25;79,48717948717949;57,74647887323944;0,34328358208955223;0,373134328358209;49,11056685916935;0,5055147058823529;0,45;80,2407221664995;0,0;10,73729420186113;17,62017510049006;14,518031596882654;8,801060821197648;0,0;0,2;0,5;1,1
32_JOV_J3;32;JOV;3;101;SBB;69;True;False;True;3,6666666666666665;220;3;1;3;2;0;1;1;1;2;1;0;0;0;0;0;0;0;0;0;0;0;0;0;0;-1;1;80,0;36;67;31;24;42;18;12;25;13;17;23;6;10;31;41;30;9;6;3;2;23;19;5;129;76,12;78,08;38,55;132,6852338413032;88,37090163934427;44,31433220195892;0,6268656716417911;0,6548236514522822;83,33333333333333;11,823436678928008;31,25;79,48717948717949;57,74647887323944;0,34328358208955223;0,373134328358209;85,98863039220369;0,5;0,5;0,0;0,0;0,0;0,0;0,0;0,0;0,0;0,0;0,6666666666666666;1,0
35_JOV_J3;35;JOV;3;101;SBB;69;True;True;True;20,316666666666666;1219;12;6;8;2;6;8;2;0;0;0;0;0;0;3;1;4;3;1;0;1;0;3;0;3;19;14;80,0;36;67;31;24;42;18;12;25;13;17;23;6;10;31;41;30;9;6;3;2;23;19;5;129;76,12;78,08;38,55;132,6852338413032;88,37090163934427;44,31433220195892;0,6268656716417911;0,6548236514522822;83,33333333333333;11,823436678928008;31,25;79,48717948717949;57,74647887323944;0,34328358208955223;0,373134328358209;46,55660054048764;0,75;0,75;95,4653937947494;11,11111111111111;36,915504511894994;10,096548242569572;22,18396515268807;0,0;56,25219735145904;0,0;0,0;1,5
44_JOV_J3;44;JOV;3;101;SBB;69;True;False;True;19,0;1140;17;7;10;3;7;10;3;0;0;0;3;5;2;2;5;7;1;1;0;0;0;1;3;1;13;21;80,0;36;67;31;24;42;18;12;25;13;17;23;6;10;31;41;30;9;6;3;2;23;19;5;129;76,12;78,08;38,55;132,6852338413032;88,37090163934427;44,31433220195892;0,6268656716417911;0,6548236514522822;83,33333333333333;11,823436678928008;31,25;79,48717948717949;57,74647887323944;0,34328358208955223;0,373134328358209;73,01490721022208;0,6967213114754098;0,7;64,5161290322581;7,575757575757576;26,31578947368421;53,98110661268556;41,51223128243143;0,0;0,0;0,5;0,0;1,7
88_JOV_J3;88;JOV;3;101;SBB;69;True;True;True;19,85;1191;10;4;6;2;2;3;1;2;3;1;0;0;0;0;3;3;1;0;0;1;0;2;2;0;30;13;80,0;36;67;31;24;42;18;12;25;13;17;23;6;10;31;41;30;9;6;3;2;23;19;5;129;76,12;78,08;38,55;132,6852338413032;88,37090163934427;44,31433220195892;0,6268656716417911;0,6548236514522822;83,33333333333333;11,823436678928008;31,25;79,48717948717949;57,74647887323944;0,34328358208955223;0,373134328358209;31,767420128102117;0,8333333333333334;0,8333333333333334;20,273694880892037;0,0;0,0;31,00174384809145;17,02912690247277;0,0;57,57466714645555;0,0;0,5;1,6666666666666667
JOV_JOV_J3;JOV;JOV;3;101;SBB;69;True;False;True;200,0;12000;0;0;0;0;0;0;0;0;0;0;0;0;0;2;6;8;0;1;0;0;0;1;0;0;0;6;80,0;36;67;31;24;42;18;12;25;13;17;23;6;10;31;41;30;9;6;3;2;23;19;5;129;76,12;78,08;38,55;132,6852338413032;88,37090163934427;44,31433220195892;0,6268656716417911;0,6548236514522822;83,33333333333333;11,823436678928008;31,25;79,48717948717949;57,74647887323944;0,34328358208955223;0,373134328358209;0,5254860746190226;0,0;0,0;0,0;100,0;2,5;6,153846153846154;4,507042253521127;0,0;0,0;0,0;0,0;0,0
2_SBB_J3;2;SBB;3;69;JOV;101;False;True;False;25,566666666666666;1534;11;3;6;3;2;2;0;1;4;3;4;5;1;0;2;2;3;2;0;0;0;3;3;0;-13;10;80,0;20;57;37;12;32;20;8;25;17;21;32;11;8;22;30;18;15;5;2;2;22;22;3;59;78,08;76,12;38,55;88,37090163934427;132,6852338413032;-44,31433220195892;0,42105263157894735;0,48536859876195837;90,0;19,211065573770494;20,512820512820515;68,75;42,25352112676056;0,5614035087719298;0,43859649122807015;40,8767392651805;0,6707317073170732;0,5833333333333334;88,45208845208846;19,607843137254903;0,0;19,55671447196871;8,814293846521108;0,0;0,0;0,8333333333333334;0,6666666666666666;1,8333333333333333
3_SBB_J3;3;SBB;3;69;JOV;101;False;False;False;17,983333333333334;1079;7;2;6;4;1;2;1;1;4;3;2;2;0;0;1;1;0;0;2;0;0;3;2;0;-10;5;80,0;20;57;37;12;32;20;8;25;17;21;32;11;8;22;30;18;15;5;2;2;22;22;3;59;78,08;76,12;38,55;88,37090163934427;132,6852338413032;-44,31433220195892;0,42105263157894735;0,48536859876195837;90,0;19,211065573770494;20,512820512820515;68,75;42,25352112676056;0,5614035087719298;0,43859649122807015;39,198407754599735;0,5087209302325582;0,4166666666666667;0,0;0,0;0,0;13,901760889712696;6,265582372828257;11,6882908163638;0,0;0,3333333333333333;0,6666666666666666;1,1666666666666667
7_SBB_J3;7;SBB;3;69;JOV;101;False;False;False;22,033333333333335;1322;10;3;12;9;1;5;4;2;7;5;2;3;1;0;3;3;3;2;1;0;1;2;1;0;-11;3;80,0;20;57;37;12;32;20;8;25;17;21;32;11;8;22;30;18;15;5;2;2;22;22;3;59;78,08;76,12;38,55;88,37090163934427;132,6852338413032;-44,31433220195892;0,42105263157894735;0,48536859876195837;90,0;19,211065573770494;20,512820512820515;68,75;42,25352112676056;0,5614035087719298;0,43859649122807015;71,24079263907144;0,37537537537537535;0,3333333333333333;119,60132890365446;13,054830287206267;0,0;34,0393343419062;15,3416718160704;4,769918982926074;0,0;0,25;0,5833333333333334;0,8333333333333334
10_SBB_J3;10;SBB;3;69;JOV;101;False;False;False;15,266666666666667;916;7;2;4;2;1;3;2;1;1;0;2;2;0;0;1;1;0;1;1;1;1;3;1;1;-19;4;80,0;20;57;37;12;32;20;8;25;17;21;32;11;8;22;30;18;15;5;2;2;22;22;3;59;78,08;76,12;38,55;88,37090163934427;132,6852338413032;-44,31433220195892;0,42105263157894735;0,48536859876195837;90,0;19,211065573770494;20,512820512820515;68,75;42,25352112676056;0,5614035087719298;0,43859649122807015;39,46238098647004;0,7172131147540983;0,625;0,0;17,006802721088437;0,0;16,375545851528383;7,380527707731102;6,884097047410775;30,824556896994604;0,5;0,25;1,75
11_SBB_J3;11;SBB;3;69;JOV;101;False;True;False;18,566666666666666;1114;3;0;3;3;0;1;1;0;2;2;3;4;1;0;2;2;1;1;0;0;0;2;2;0;-25;1;80,0;20;57;37;12;32;20;8;25;17;21;32;11;8;22;30;18;15;5;2;2;22;22;3;59;78,08;76,12;38,55;88,37090163934427;132,6852338413032;-44,31433220195892;0,42105263157894735;0,48536859876195837;90,0;19,211065573770494;20,512820512820515;68,75;42,25352112676056;0,5614035087719298;0,43859649122807015;31,78620831739117;0,31512605042016806;0,0;21,54398563734291;17,36111111111111;0,0;26,929982046678635;12,137456697094596;0,0;0,0;1,3333333333333333;0,6666666666666666;1,0
13_SBB_J3;13;SBB;3;69;JOV;101;False;False;False;0,0;0;0;0;0;0;0;0;0;0;0;0;0;0;0;0;0;0;0;0;0;0;0;0;0;0;0;0;80,0;20;57;37;12;32;20;8;25;17;21;32;11;8;22;30;18;15;5;2;2;22;22;3;59;78,08;76,12;38,55;88,37090163934427;132,6852338413032;-44,31433220195892;0,42105263157894735;0,48536859876195837;90,0;19,211065573770494;20,512820512820515;68,75;42,25352112676056;0,5614035087719298;0,43859649122807015;0,0;0,0;0,0;0,0;0,0;0,0;0,0;0,0;0,0;0,0;0,0;0,0;0,0
18_SBB_J3;18;SBB;3;69;JOV;101;False;True;False;16,966666666666665;1018;2;1;6;5;1;4;3;0;2;2;0;2;2;1;1;2;0;0;0;0;0;0;1;0;-15;-2;80,0;20;57;37;12;32;20;8;25;17;21;32;11;8;22;30;18;15;5;2;2;22;22;3;59;78,08;76,12;38,55;88,37090163934427;132,6852338413032;-44,31433220195892;0,42105263157894735;0,48536859876195837;90,0;19,211065573770494;20,512820512820515;68,75;42,25352112676056;0,5614035087719298;0,43859649122807015;41,54723179490483;0,14534883720930233;0,16666666666666666;0,0;0,0;12,090071029167298;14,734774066797645;13,282049863028861;0,0;0,0;0,3333333333333333;0,3333333333333333;0,3333333333333333
19_SBB_J3;19;SBB;3;69;JOV;101;False;True;False;24,0;1440;10;2;4;2;1;3;2;1;1;0;5;6;1;0;4;4;7;1;1;0;0;1;5;0;-19;22;80,0;20;57;37;12;32;20;8;25;17;21;32;11;8;22;30;18;15;5;2;2;22;22;3;59;78,08;76,12;38,55;88,37090163934427;132,6852338413032;-44,31433220195892;0,42105263157894735;0,48536859876195837;90,0;19,211065573770494;20,512820512820515;68,75;42,25352112676056;0,5614035087719298;0,43859649122807015;32,61612021857924;0,753012048192771;0,625;175,0;13,089005235602093;0,0;41,666666666666664;18,779342723004696;4,379050621825188;0,0;1,5;0,25;2,5
20_SBB_J3;20;SBB;3;69;JOV;101;False;False;False;12,65;759;4;2;6;4;2;6;4;0;0;0;0;0;0;1;5;6;0;0;0;0;0;0;0;1;8;6;80,0;20;57;37;12;32;20;8;25;17;21;32;11;8;22;30;18;15;5;2;2;22;22;3;59;78,08;76,12;38,55;88,37090163934427;132,6852338413032;-44,31433220195892;0,42105263157894735;0,48536859876195837;90,0;19,211065573770494;20,512820512820515;68,75;42,25352112676056;0,5614035087719298;0,43859649122807015;48,597161925743535;0,3333333333333333;0,3333333333333333;0,0;0,0;16,21566838958143;98,81422924901186;53,443188776930356;0,0;0,0;0,0;0,0;0,6666666666666666
22_SBB_J3;22;SBB;3;69;JOV;101;False;False;False;9,016666666666667;541;3;1;3;2;0;0;0;1;3;2;0;0;0;1;0;1;0;0;0;0;0;1;0;0;-15;1;80,0;20;57;37;12;32;20;8;25;17;21;32;11;8;22;30;18;15;5;2;2;22;22;3;59;78,08;76,12;38,55;88,37090163934427;132,6852338413032;-44,31433220195892;0,42105263157894735;0,48536859876195837;90,0;19,211065573770494;20,512820512820515;68,75;42,25352112676056;0,5614035087719298;0,43859649122807015;34,08987606436168;0,5;0,5;0,0;0,0;22,749893359874875;0,0;12,496420296269296;0,0;0,0;0,0;1,0;1,0
32_SBB_J3;32;SBB;3;69;JOV;101;False;True;False;17,416666666666668;1045;8;3;5;2;3;5;2;0;0;0;2;6;4;3;1;4;1;3;0;1;0;2;5;1;-29;8;80,0;20;57;37;12;32;20;8;25;17;21;32;11;8;22;30;18;15;5;2;2;22;22;3;59;78,08;76,12;38,55;88,37090163934427;132,6852338413032;-44,31433220195892;0,42105263157894735;0,48536859876195837;90,0;19,211065573770494;20,512820512820515;68,75;42,25352112676056;0,5614035087719298;0,43859649122807015;62,59314456035767;0,5235602094240838;0,6;73,84615384615383;28,19548872180451;35,33308796466691;14,354066985645932;25,877754565671538;0,0;27,019420208274695;1,2;0,0;1,6
73_SBB_J3;73;SBB;3;69;JOV;101;False;False;False;20,533333333333335;1232;4;1;2;1;0;1;1;1;1;0;1;2;1;1;2;3;3;2;0;0;0;4;2;0;-12;4;80,0;20;57;37;12;32;20;8;25;17;21;32;11;8;22;30;18;15;5;2;2;22;22;3;59;78,08;76,12;38,55;88,37090163934427;132,6852338413032;-44,31433220195892;0,42105263157894735;0,48536859876195837;90,0;19,211065573770494;20,512820512820515;68,75;42,25352112676056;0,5614035087719298;0,43859649122807015;24,35064935064935;0,6944444444444444;0,75;72,5806451612903;40,98360655737705;9,99000999000999;24,35064935064935;16,46241082860801;0,0;0,0;1,0;0,5;2,0
SBB_SBB_J3;SBB;SBB;3;69;JOV;101;False;False;False;200,0;12000;0;0;0;0;0;0;0;0;0;0;0;0;0;1;0;1;0;3;0;0;0;1;0;0;0;-3;80,0;20;57;37;12;32;20;8;25;17;21;32;11;8;22;30;18;15;5;2;2;22;22;3;59;78,08;76,12;38,55;88,37090163934427;132,6852338413032;-44,31433220195892;0,42105263157894735;0,48536859876195837;90,0;19,211065573770494;20,512820512820515;68,75;42,25352112676056;0,5614035087719298;0,43859649122807015;1,5368852459016393;0,0;0,0;0,0;100,0;1,0256410256410255;0,0;0,5633802816901409;0,0;0,0;0,0;0,0;0,0
1_RMB_J3;1;RMB;3;90;BUR;80;True;False;True;14,783333333333333;887;11;3;4;1;2;2;0;1;2;1;4;4;0;0;0;0;0;0;0;0;0;2;3;1;11;11;80,0;29;65;36;21;35;14;8;30;22;24;26;2;12;21;33;17;15;10;3;1;19;23;2;103;79,44;78,8;39,56;113,29305135951662;101,52284263959392;11,770208719922707;0,5076923076923077;0,5886970172684458;58,62068965517241;18,882175226586103;32,432432432432435;63,63636363636363;47,142857142857146;0,4;0,46153846153846156;39,23745814841432;0,9548611111111112;0,875;0,0;0,0;0,0;0,0;0,0;0,0;0,0;1,0;0,5;2,75
6_RMB_J3;6;RMB;3;90;BUR;80;True;True;True;22,516666666666666;1351;6;1;3;2;1;1;0;0;2;2;4;4;0;1;1;2;0;2;0;0;0;0;4;0;18;8;80,0;29;65;36;21;35;14;8;30;22;24;26;2;12;21;33;17;15;10;3;1;19;23;2;103;79,44;78,8;39,56;113,29305135951662;101,52284263959392;11,770208719922707;0,5076923076923077;0,5886970172684458;58,62068965517241;18,882175226586103;32,432432432432435;63,63636363636363;47,142857142857146;0,4;0,46153846153846156;30,233842672206553;0,6302521008403361;0,3333333333333333;0,0;29,585798816568047;9,602496649128774;10,766435636901958;10,151210743364704;0,0;0,0;1,3333333333333333;0,6666666666666666;2,0
7_RMB_J3;7;RMB;3;90;BUR;80;True;False;True;22,366666666666667;1342;8;3;13;10;3;6;3;0;7;7;2;2;0;0;1;1;4;2;3;0;1;4;2;0;6;1;80,0;29;65;36;21;35;14;8;30;22;24;26;2;12;21;33;17;15;10;3;1;19;23;2;103;79,44;78,8;39,56;113,29305135951662;101,52284263959392;11,770208719922707;0,5076923076923077;0,5886970172684458;58,62068965517241;18,882175226586103;32,432432432432435;63,63636363636363;47,142857142857146;0,4;0,46153846153846156;71,49900270597612;0,2881844380403458;0,23076923076923078;78,30981319846641;12,594458438287154;0,0;10,838639750711286;5,109644453906749;13,617072783254027;0,0;0,15384615384615385;0,5384615384615384;0,6153846153846154
8_RMB_J3;8;RMB;3;90;BUR;80;True;False;True;16,65;999;4;1;4;3;1;2;1;0;2;2;2;2;0;0;3;3;1;0;1;0;0;0;1;0;0;7;80,0;29;65;36;21;35;14;8;30;22;24;26;2;12;21;33;17;15;10;3;1;19;23;2;103;79,44;78,8;39,56;113,29305135951662;101,52284263959392;11,770208719922707;0,5076923076923077;0,5886970172684458;58,62068965517241;18,882175226586103;32,432432432432435;63,63636363636363;47,142857142857146;0,4;0,46153846153846156;29,515920754591452;0,4098360655737705;0,25;19,858508129576766;0,0;0,0;43,68004368004369;20,592020592020592;6,097468026402038;0,0;0,5;0,5;1,0
9_RMB_J3;9;RMB;3;90;BUR;80;True;True;True;17,0;1020;10;4;6;2;3;3;0;1;3;2;1;2;1;1;1;2;2;1;0;1;0;2;1;1;-2;10;80,0;29;65;36;21;35;14;8;30;22;24;26;2;12;21;33;17;15;10;3;1;19;23;2;103;79,44;78,8;39,56;113,29305135951662;101,52284263959392;11,770208719922707;0,5076923076923077;0,5886970172684458;58,62068965517241;18,882175226586103;32,432432432432435;63,63636363636363;47,142857142857146;0,4;0,46153846153846156;46,67969906996031;0,7267441860465116;0,75;92,485549132948;12,690355329949238;12,718600953895072;14,260249554367201;13,445378151260504;0,0;20,460358056265985;0,3333333333333333;0,5;1,6666666666666667
11_RMB_J3;11;RMB;3;90;BUR;80;True;True;True;23,35;1401;17;6;13;7;2;5;3;4;8;4;1;2;1;1;5;6;5;2;2;0;0;1;2;0;10;21;80,0;29;65;36;21;35;14;8;30;22;24;26;2;12;21;33;17;15;10;3;1;19;23;2;103;79,44;78,8;39,56;113,29305135951662;101,52284263959392;11,770208719922707;0,5076923076923077;0,5886970172684458;58,62068965517241;18,882175226586103;32,432432432432435;63,63636363636363;47,142857142857146;0,4;0,46153846153846156;68,48798117874372;0,6123919308357348;0,6153846153846154;202,89119959421757;12,594458438287154;9,259795127032813;51,91097268185062;29,366778831446926;8,695746692898835;0,0;0,15384615384615385;0,6153846153846154;1,3076923076923077
12_RMB_J3;12;RMB;3;90;BUR;80;True;True;True;17,633333333333333;1058;7;1;2;1;0;0;0;1;2;1;4;4;0;0;0;0;1;4;1;0;0;2;3;0;4;5;80,0;29;65;36;21;35;14;8;30;22;24;26;2;12;21;33;17;15;10;3;1;19;23;2;103;79,44;78,8;39,56;113,29305135951662;101,52284263959392;11,770208719922707;0,5076923076923077;0,5886970172684458;58,62068965517241;18,882175226586103;32,432432432432435;63,63636363636363;47,142857142857146;0,4;0,46153846153846156;44,31778593824065;0,9308510638297873;0,75;18,54570744146511;51,54639175257732;0,0;0,0;0,0;5,757439091092282;0,0;2,0;1,0;3,5
13_RMB_J3;13;RMB;3;90;BUR;80;True;False;True;11,783333333333333;707;6;2;3;1;2;3;1;0;0;0;2;2;0;3;4;7;0;0;1;0;0;1;1;0;-3;13;80,0;29;65;36;21;35;14;8;30;22;24;26;2;12;21;33;17;15;10;3;1;19;23;2;103;79,44;78,8;39,56;113,29305135951662;101,52284263959392;11,770208719922707;0,5076923076923077;0,5886970172684458;58,62068965517241;18,882175226586103;32,432432432432435;63,63636363636363;47,142857142857146;0,4;0,46153846153846156;33,159984103718955;0,7731958762886598;0,6666666666666666;0,0;0,0;55,047975840055045;82,2939436800823;67,89250353606789;8,615799941125367;0,0;0,6666666666666666;0,0;2,0
14_RMB_J3;14;RMB;3;90;BUR;80;True;False;True;13,0;780;5;1;1;0;0;0;0;1;1;0;2;2;0;0;2;2;1;0;0;0;0;0;1;0;2;9;80,0;29;65;36;21;35;14;8;30;22;24;26;2;12;21;33;17;15;10;3;1;19;23;2;103;79,44;78,8;39,56;113,29305135951662;101,52284263959392;11,770208719922707;0,5076923076923077;0,5886970172684458;58,62068965517241;18,882175226586103;32,432432432432435;63,63636363636363;47,142857142857146;0,4;0,46153846153846156;14,563482841428458;1,3297872340425532;1,5;26,936026936026934;0,0;0,0;37,2960372960373;17,582417582417584;0,0;0,0;2,0;1,0;5,0
16_RMB_J3;16;RMB;3;90;BUR;80;True;False;True;18,483333333333334;1109;10;4;4;0;4;4;0;0;0;0;2;2;0;2;2;4;2;3;1;1;0;3;2;0;12;14;80,0;29;65;36;21;35;14;8;30;22;24;26;2;12;21;33;17;15;10;3;1;19;23;2;103;79,44;78,8;39,56;113,29305135951662;101,52284263959392;11,770208719922707;0,5076923076923077;0,5886970172684458;58,62068965517241;18,882175226586103;32,432432432432435;63,63636363636363;47,142857142857146;0,4;0,46153846153846156;42,93353746741165;1,0245901639344261;1,0;74,06835892292261;38,07106598984772;23,395803377769113;26,231658332650216;24,732706427927344;5,4926695747300585;18,81836358646646;0,5;0,0;2,5
20_RMB_J3;20;RMB;3;90;BUR;80;True;True;True;9,733333333333333;584;4;2;6;4;2;6;4;0;0;0;0;0;0;3;1;4;0;1;0;1;0;2;1;0;1;3;80,0;29;65;36;21;35;14;8;30;22;24;26;2;12;21;33;17;15;10;3;1;19;23;2;103;79,44;78,8;39,56;113,29305135951662;101,52284263959392;11,770208719922707;0,5076923076923077;0,5886970172684458;58,62068965517241;18,882175226586103;32,432432432432435;63,63636363636363;47,142857142857146;0,4;0,46153846153846156;72,4247816910152;0,3333333333333333;0,3333333333333333;0,0;14,285714285714286;66,64198445020362;24,906600249066003;46,966731898238756;0,0;35,7355568790947;0,0;0,0;0,6666666666666666
23_RMB_J3;23;RMB;3;90;BUR;80;True;False;True;12,7;762;2;1;6;5;1;3;2;0;3;3;0;0;0;1;1;2;1;0;1;0;0;2;2;0;-9;1;80,0;29;65;36;21;35;14;8;30;22;24;26;2;12;21;33;17;15;10;3;1;19;23;2;103;79,44;78,8;39,56;113,29305135951662;101,52284263959392;11,770208719922707;0,5076923076923077;0,5886970172684458;58,62068965517241;18,882175226586103;32,432432432432435;63,63636363636363;47,142857142857146;0,4;0,46153846153846156;47,577134429193336;0,16666666666666666;0,16666666666666666;27,74887270204648;0,0;17,024898914662696;19,0885230255309;17,99775028121485;7,99392461729086;0,0;0,0;0,5;0,3333333333333333
RMB_RMB_J3;RMB;RMB;3;90;BUR;80;True;False;True;200,0;12000;0;0;0;0;0;0;0;0;0;0;0;0;0;0;0;0;0;0;0;0;0;0;0;0;0;0;80,0;29;65;36;21;35;14;8;30;22;24;26;2;12;21;33;17;15;10;3;1;19;23;2;103;79,44;78,8;39,56;113,29305135951662;101,52284263959392;11,770208719922707;0,5076923076923077;0,5886970172684458;58,62068965517241;18,882175226586103;32,432432432432435;63,63636363636363;47,142857142857146;0,4;0,46153846153846156;0,0;0,0;0,0;0,0;0,0;0,0;0,0;0,0;0,0;0,0;0,0;0,0;0,0
00_BUR_J3;00;BUR;3;80;RMB;90;False;True;False;27,716666666666665;1663;16;6;10;4;4;6;2;2;4;2;2;2;0;1;5;6;0;4;1;0;0;1;1;2;-11;15;80,0;30;63;33;25;43;18;5;20;15;15;20;5;12;25;37;18;19;11;1;3;23;19;3;83;78,8;79,44;39,56;101,52284263959392;113,29305135951662;-11,770208719922707;0,5158730158730159;0,5571030640668524;60,0;24,111675126903553;36,36363636363637;67,56756756756756;52,857142857142854;0,31746031746031744;0,31746031746031744;54,503664406872794;0,7352941176470588;0,7;0,0;26,881720430107524;8,74651506040562;39,00472932343047;24,74014259943304;3,6333710598361715;0,0;0,2;0,4;1,6
3_BUR_J3;3;BUR;3;80;RMB;90;False;False;False;6,4;384;7;3;4;1;3;4;1;0;0;0;1;2;1;0;0;0;1;0;0;0;0;1;1;0;2;6;80,0;30;63;33;25;43;18;5;20;15;15;20;5;12;25;37;18;19;11;1;3;23;19;3;83;78,8;79,44;39,56;101,52284263959392;113,29305135951662;-11,770208719922707;0,5158730158730159;0,5571030640668524;60,0;24,111675126903553;36,36363636363637;67,56756756756756;52,857142857142854;0,31746031746031744;0,31746031746031744;77,41116751269035;0,7172131147540983;0,75;-166,66666666666663;0,0;0,0;0,0;0,0;0,0;0,0;0,5;0,0;1,75
7_BUR_J3;7;BUR;3;80;RMB;90;False;True;False;7,85;471;0;0;0;0;0;0;0;0;0;0;0;0;0;2;2;4;0;0;1;0;0;3;0;0;-9;2;80,0;30;63;33;25;43;18;5;20;15;15;20;5;12;25;37;18;19;11;1;3;23;19;3;83;78,8;79,44;39,56;101,52284263959392;113,29305135951662;-11,770208719922707;0,5158730158730159;0,5571030640668524;60,0;24,111675126903553;36,36363636363637;67,56756756756756;52,857142857142854;0,31746031746031744;0,31746031746031744;0,0;0,0;0,0;0,0;0,0;61,764138197259214;55,08693406782579;58,234758871701544;12,828654081757014;0,0;0,0;0,0;0,0
8_BUR_J3;8;BUR;3;80;RMB;90;False;False;False;5,116666666666666;307;0;0;0;0;0;0;0;0;0;0;0;0;0;0;0;0;0;0;0;0;0;0;0;0;-1;0;80,0;30;63;33;25;43;18;5;20;15;15;20;5;12;25;37;18;19;11;1;3;23;19;3;83;78,8;79,44;39,56;101,52284263959392;113,29305135951662;-11,770208719922707;0,5158730158730159;0,5571030640668524;60,0;24,111675126903553;36,36363636363637;67,56756756756756;52,857142857142854;0,31746031746031744;0,31746031746031744;0,0;0,0;0,0;0,0;0,0;0,0;0,0;0,0;0,0;0,0;0,0;0,0;0,0
10_BUR_J3;10;BUR;3;80;RMB;90;False;False;False;20,05;1203;6;1;2;1;1;1;0;0;1;1;4;4;0;0;1;1;2;0;1;0;0;0;4;0;-4;13;80,0;30;63;33;25;43;18;5;20;15;15;20;5;12;25;37;18;19;11;1;3;23;19;3;83;78,8;79,44;39,56;101,52284263959392;113,29305135951662;-11,770208719922707;0,5158730158730159;0,5571030640668524;60,0;24,111675126903553;36,36363636363637;67,56756756756756;52,857142857142854;0,31746031746031744;0,31746031746031744;19,038697672063492;0,797872340425532;0,5;30,68072866730585;0,0;0,0;10,783851182853676;5,700035625222657;5,022690002084417;0,0;2,0;0,5;3,0
11_BUR_J3;11;BUR;3;80;RMB;90;False;False;False;12,616666666666667;757;2;1;4;3;1;1;0;0;3;3;0;0;0;0;3;3;0;1;0;0;1;0;1;0;3;1;80,0;30;63;33;25;43;18;5;20;15;15;20;5;12;25;37;18;19;11;1;3;23;19;3;83;78,8;79,44;39,56;101,52284263959392;113,29305135951662;-11,770208719922707;0,5158730158730159;0,5571030640668524;60,0;24,111675126903553;36,36363636363637;67,56756756756756;52,857142857142854;0,31746031746031744;0,31746031746031744;40,23362323894078;0,25;0,25;0,0;20,0;0,0;51,412046128030276;27,174938667673143;0,0;0,0;0,0;0,75;0,5
17_BUR_J3;17;BUR;3;80;RMB;90;False;False;False;5,516666666666667;331;0;0;0;0;0;0;0;0;0;0;0;0;0;1;0;1;1;1;0;0;0;0;1;0;5;2;80,0;30;63;33;25;43;18;5;20;15;15;20;5;12;25;37;18;19;11;1;3;23;19;3;83;78,8;79,44;39,56;101,52284263959392;113,29305135951662;-11,770208719922707;0,5158730158730159;0,5571030640668524;60,0;24,111675126903553;36,36363636363637;67,56756756756756;52,857142857142854;0,31746031746031744;0,31746031746031744;18,402932200530618;0,0;0,0;48,33836858006042;100,0;43,943971436418565;0,0;20,71644367716875;0,0;0,0;0,0;0,0;0,0
19_BUR_J3;19;BUR;3;80;RMB;90;False;False;False;16,566666666666666;994;9;3;10;7;3;7;4;0;3;3;3;4;1;1;1;2;2;0;1;0;1;1;4;0;-8;8;80,0;30;63;33;25;43;18;5;20;15;15;20;5;12;25;37;18;19;11;1;3;23;19;3;83;78,8;79,44;39,56;101,52284263959392;113,29305135951662;-11,770208719922707;0,5158730158730159;0,5571030640668524;60,0;24,111675126903553;36,36363636363637;67,56756756756756;52,857142857142854;0,31746031746031744;0,31746031746031744;72,0669192821906;0,3826530612244898;0,3;62,25680933852139;0,0;14,633254069873788;13,051280656914459;13,797068123023857;6,078768684615244;0,0;0,4;0,3;0,9
22_BUR_J3;22;BUR;3;80;RMB;90;False;True;False;13,116666666666667;787;10;4;5;1;4;5;1;0;0;0;2;4;2;4;4;8;0;6;1;0;0;5;3;0;-9;8;80,0;30;63;33;25;43;18;5;20;15;15;20;5;12;25;37;18;19;11;1;3;23;19;3;83;78,8;79,44;39,56;101,52284263959392;113,29305135951662;-11,770208719922707;0,5158730158730159;0,5571030640668524;60,0;24,111675126903553;36,36363636363637;67,56756756756756;52,857142857142854;0,31746031746031744;0,31746031746031744;98,76224691851728;0,7396449704142012;0,8;0,0;47,02194357366771;73,92861268337761;65,93633023112058;69,70412053004175;7,677631604202735;0,0;0,8;0,0;2,0
23_BUR_J3;23;BUR;3;80;RMB;90;False;True;False;31,0;1860;3;1;7;6;0;4;4;1;3;2;0;0;0;1;4;5;4;4;1;0;1;5;0;0;-10;-3;80,0;30;63;33;25;43;18;5;20;15;15;20;5;12;25;37;18;19;11;1;3;23;19;3;83;78,8;79,44;39,56;101,52284263959392;113,29305135951662;-11,770208719922707;0,5158730158730159;0,5571030640668524;60,0;24,111675126903553;36,36363636363637;67,56756756756756;52,857142857142854;0,31746031746031744;0,31746031746031744;36,024234485017196;0,21428571428571427;0,21428571428571427;37,64705882352941;36,36363636363637;7,820136852394917;27,89886660854403;18,433179723502302;3,2485462755416954;0,0;0,0;0,42857142857142855;0,42857142857142855
40_BUR_J3;40;BUR;3;80;RMB;90;False;False;False;20,483333333333334;1229;13;6;10;4;6;10;4;0;0;0;1;2;1;1;1;2;1;2;0;1;0;4;1;1;-3;7;80,0;30;63;33;25;43;18;5;20;15;15;20;5;12;25;37;18;19;11;1;3;23;19;3;83;78,8;79,44;39,56;101,52284263959392;113,29305135951662;-11,770208719922707;0,5158730158730159;0,5571030640668524;60,0;24,111675126903553;36,36363636363637;67,56756756756756;52,857142857142854;0,31746031746031744;0,31746031746031744;63,83795996084474;0,5974264705882353;0,6;59,47955390334571;15,527950310559005;11,835194910866187;10,555714379961735;11,15889805881669;0,0;78,11228641171684;0,2;0,0;1,3
56_BUR_J3;56;BUR;3;80;RMB;90;False;True;False;33,56666666666667;2014;14;5;11;6;3;5;2;2;6;4;2;2;0;0;3;3;7;1;5;0;0;3;3;0;-5;22;80,0;30;63;33;25;43;18;5;20;15;15;20;5;12;25;37;18;19;11;1;3;23;19;3;83;78,8;79,44;39,56;101,52284263959392;113,29305135951662;-11,770208719922707;0,5158730158730159;0,5571030640668524;60,0;24,111675126903553;36,36363636363637;67,56756756756756;52,857142857142854;0,31746031746031744;0,31746031746031744;38,95573624224339;0,5892255892255892;0,5454545454545454;92,25700164744646;7,763975155279502;0,0;19,324190128559543;10,214214782238614;15,000735036016765;0,0;0,18181818181818182;0,5454545454545454;1,2727272727272727
BUR_BUR_J3;BUR;BUR;3;80;RMB;90;False;False;False;200,0;12000;0;0;0;0;0;0;0;0;0;0;0;0;0;1;1;2;0;0;0;0;0;0;0;0;0;2;80,0;30;63;33;25;43;18;5;20;15;15;20;5;12;25;37;18;19;11;1;3;23;19;3;83;78,8;79,44;39,56;101,52284263959392;113,29305135951662;-11,770208719922707;0,5158730158730159;0,5571030640668524;60,0;24,111675126903553;36,36363636363637;67,56756756756756;52,857142857142854;0,31746031746031744;0,31746031746031744;0,0;0,0;0,0;0,0;0,0;1,2121212121212122;1,0810810810810811;1,1428571428571428;0,0;0,0;0,0;0,0;0,0
1_HIO_J3;1;HIO;3;78;VBC;99;True;True;False;27,05;1623;24;8;14;6;6;9;3;2;5;3;6;7;1;1;0;1;1;2;1;0;0;4;5;0;1;19;80,0;28;66;38;21;42;21;7;24;17;15;23;8;12;18;30;13;18;9;0;0;30;20;1;56;82,12;82,84;41,24;94,98295177788602;119,50748430709801;-24,524532529211996;0,4772727272727273;0,512348922753547;46,42857142857143;21,919142717973696;30,0;56,25;41,666666666666664;0,3484848484848485;0,36363636363636365;68,71509436170682;0,7025761124121781;0,6428571428571429;68,1431005110732;10,482180293501049;7,393715341959335;0,0;4,1076196344218525;3,57011846545598;-0,0;0,5;0,35714285714285715;1,7142857142857142
2_HIO_J3;2;HIO;3;78;VBC;99;True;False;False;17,983333333333334;1079;4;1;4;3;1;1;0;0;3;3;2;2;0;0;1;1;0;1;0;0;0;4;1;0;-16;-2;80,0;28;66;38;21;42;21;7;24;17;15;23;8;12;18;30;13;18;9;0;0;30;20;1;56;82,12;82,84;41,24;94,98295177788602;119,50748430709801;-24,524532529211996;0,4772727272727273;0,512348922753547;46,42857142857143;21,919142717973696;30,0;56,25;41,666666666666664;0,3484848484848485;0,36363636363636365;31,85284131768559;0,4098360655737705;0,25;0,0;17,006802721088437;0,0;13,901760889712696;6,178560395427865;0,0;-0,0;0,5;0,75;1,0
3_HIO_J3;3;HIO;3;78;VBC;99;True;True;False;18,366666666666667;1102;7;3;8;5;2;5;3;1;3;2;0;0;0;1;3;4;0;3;0;0;0;5;0;0;2;-2;80,0;28;66;38;21;42;21;7;24;17;15;23;8;12;18;30;13;18;9;0;0;30;20;1;56;82,12;82,84;41,24;94,98295177788602;119,50748430709801;-24,524532529211996;0,4772727272727273;0,512348922753547;46,42857142857143;21,919142717973696;30,0;56,25;41,666666666666664;0,3484848484848485;0,36363636363636365;58,34496549248897;0,4375;0,4375;0,0;27,272727272727273;10,889292196007258;40,83484573502722;24,19842710223835;0,0;-0,0;0,0;0,375;0,875
4_HIO_J3;4;HIO;3;78;VBC;99;True;True;False;15,9;954;10;4;10;6;2;6;4;2;4;2;0;0;0;0;0;0;2;2;2;0;0;3;1;0;1;4;80,0;28;66;38;21;42;21;7;24;17;15;23;8;12;18;30;13;18;9;0;0;30;20;1;56;82,12;82,84;41,24;94,98295177788602;119,50748430709801;-24,524532529211996;0,4772727272727273;0,512348922753547;46,42857142857143;21,919142717973696;30,0;56,25;41,666666666666664;0,3484848484848485;0,36363636363636365;73,52332987160987;0,5;0,5;127,79552715654948;16,666666666666668;0,0;0,0;0,0;12,147384212652106;-0,0;0,0;0,4;1,0
5_HIO_J3;5;HIO;3;78;VBC;99;True;True;False;24,383333333333333;1463;8;3;7;4;2;2;0;1;5;4;1;4;3;1;3;4;2;1;1;0;0;0;3;0;-7;10;80,0;28;66;38;21;42;21;7;24;17;15;23;8;12;18;30;13;18;9;0;0;30;20;1;56;82,12;82,84;41,24;94,98295177788602;119,50748430709801;-24,524532529211996;0,4772727272727273;0,512348922753547;46,42857142857143;21,919142717973696;30,0;56,25;41,666666666666664;0,3484848484848485;0,36363636363636365;38,9940000779081;0,4566210045662101;0,5;36,1391356723385;10,245901639344263;8,202323991797677;30,758714969241286;18,227386648439282;3,960562043359573;-0,0;0,5714285714285714;0,7142857142857143;1,1428571428571428
6_HIO_J3;6;HIO;3;78;VBC;99;True;False;False;13,95;837;3;1;5;4;0;3;3;1;2;1;0;0;0;0;0;0;2;1;1;0;0;1;2;0;-22;2;80,0;28;66;38;21;42;21;7;24;17;15;23;8;12;18;30;13;18;9;0;0;30;20;1;56;82,12;82,84;41,24;94,98295177788602;119,50748430709801;-24,524532529211996;0,4772727272727273;0,512348922753547;46,42857142857143;21,919142717973696;30,0;56,25;41,666666666666664;0,3484848484848485;0,36363636363636365;41,900392292422836;0,3;0,3;51,513200257566;16,666666666666668;0,0;0,0;0,0;6,922702830866255;-0,0;0,0;0,4;0,6
7_HIO_J3;7;HIO;3;78;VBC;99;True;False;False;14,966666666666667;898;10;5;8;3;5;8;3;0;0;0;0;2;2;3;1;4;0;1;1;0;0;1;1;1;-3;9;80,0;28;66;38;21;42;21;7;24;17;15;23;8;12;18;30;13;18;9;0;0;30;20;1;56;82,12;82,84;41,24;94,98295177788602;119,50748430709801;-24,524532529211996;0,4772727272727273;0,512348922753547;46,42857142857143;21,919142717973696;30,0;56,25;41,666666666666664;0,3484848484848485;0,36363636363636365;64,30917002333487;0,563063063063063;0,625;0,0;10,121457489878543;40,0890868596882;16,703786191536746;29,695619896065335;6,452452415851955;-0,0;0,25;0,0;1,25
12_HIO_J3;12;HIO;3;78;VBC;99;True;True;False;12,283333333333333;737;7;1;1;0;1;1;0;0;0;0;5;6;1;2;1;3;0;0;0;0;0;2;4;0;4;11;80,0;28;66;38;21;42;21;7;24;17;15;23;8;12;18;30;13;18;9;0;0;30;20;1;56;82,12;82,84;41,24;94,98295177788602;119,50748430709801;-24,524532529211996;0,4772727272727273;0,512348922753547;46,42857142857143;21,919142717973696;30,0;56,25;41,666666666666664;0,3484848484848485;0,36363636363636365;28,86863120521909;0,9615384615384615;1,0;0,0;0,0;32,56445047489824;20,352781546811396;27,137042062415198;0,0;-0,0;6,0;0,0;7,0
14_HIO_J3;14;HIO;3;78;VBC;99;True;False;False;17,85;1071;1;0;3;3;0;2;2;0;1;1;1;2;1;0;3;3;2;2;1;0;0;4;1;0;-17;-2;80,0;28;66;38;21;42;21;7;24;17;15;23;8;12;18;30;13;18;9;0;0;30;20;1;56;82,12;82,84;41,24;94,98295177788602;119,50748430709801;-24,524532529211996;0,4772727272727273;0,512348922753547;46,42857142857143;21,919142717973696;30,0;56,25;41,666666666666664;0,3484848484848485;0,36363636363636365;32,09077103807913;0,1288659793814433;0,0;32,01280512204882;34,013605442176875;0,0;42,016806722689076;18,674136321195142;5,4101795232820304;-0,0;0,6666666666666666;0,3333333333333333;0,3333333333333333
16_HIO_J3;16;HIO;3;78;VBC;99;True;False;False;13,316666666666666;799;2;1;2;1;1;2;1;0;0;0;0;0;0;0;2;2;1;2;0;0;0;3;1;0;-7;0;80,0;28;66;38;21;42;21;7;24;17;15;23;8;12;18;30;13;18;9;0;0;30;20;1;56;82,12;82,84;41,24;94,98295177788602;119,50748430709801;-24,524532529211996;0,4772727272727273;0,512348922753547;46,42857142857143;21,919142717973696;30,0;56,25;41,666666666666664;0,3484848484848485;0,36363636363636365;29,26210125052809;0,5;0,5;27,31618483951742;50,0;0,0;37,546933667083856;16,68752607425949;0,0;-0,0;0,0;0,0;1,0
22_HIO_J3;22;HIO;3;78;VBC;99;True;False;False;11,2;672;0;0;2;2;0;1;1;0;1;1;0;0;0;2;2;4;3;0;0;0;0;0;0;0;-19;5;80,0;28;66;38;21;42;21;7;24;17;15;23;8;12;18;30;13;18;9;0;0;30;20;1;56;82,12;82,84;41,24;94,98295177788602;119,50748430709801;-24,524532529211996;0,4772727272727273;0,512348922753547;46,42857142857143;21,919142717973696;30,0;56,25;41,666666666666664;0,3484848484848485;0,36363636363636365;17,39614501426484;0,0;0,0;76,53061224489797;0,0;35,714285714285715;44,642857142857146;39,682539682539684;0,0;-0,0;0,0;0,5;0,0
25_HIO_J3;25;HIO;3;78;VBC;99;True;False;False;12,75;765;2;1;2;1;1;2;1;0;0;0;0;0;0;1;1;2;0;1;0;0;0;1;1;0;-22;2;80,0;28;66;38;21;42;21;7;24;17;15;23;8;12;18;30;13;18;9;0;0;30;20;1;56;82,12;82,84;41,24;94,98295177788602;119,50748430709801;-24,524532529211996;0,4772727272727273;0,512348922753547;46,42857142857143;21,919142717973696;30,0;56,25;41,666666666666664;0,3484848484848485;0,36363636363636365;22,92197931291367;0,5;0,5;0,0;33,333333333333336;15,686274509803921;19,607843137254903;17,429193899782135;0,0;-0,0;0,0;0,0;1,0
HIO_HIO_J3;HIO;HIO;3;78;VBC;99;True;False;False;200,0;12000;0;0;0;0;0;0;0;0;0;0;0;0;0;1;1;2;0;2;2;0;0;2;0;0;0;0;80,0;28;66;38;21;42;21;7;24;17;15;23;8;12;18;30;13;18;9;0;0;30;20;1;56;82,12;82,84;41,24;94,98295177788602;119,50748430709801;-24,524532529211996;0,4772727272727273;0,512348922753547;46,42857142857143;21,919142717973696;30,0;56,25;41,666666666666664;0,3484848484848485;0,36363636363636365;0,974184120798831;0,0;0,0;0,0;100,0;1,0;1,25;1,1111111111111112;0,9657170449058425;-0,0;0,0;0,0;0,0
0_VBC_J3;0;VBC;3;99;HIO;78;False;True;True;18,733333333333334;1124;13;4;7;3;3;5;2;1;2;1;4;4;0;0;3;3;1;1;1;0;0;1;3;0;15;16;80,0;30;63;33;18;31;13;12;32;20;27;36;9;14;28;42;17;18;8;0;0;21;28;0;113;82,84;82,12;41,24;119,50748430709801;94,98295177788602;24,524532529211996;0,5714285714285714;0,6278538812785388;56,666666666666664;21,728633510381457;43,75;70,0;58,333333333333336;0,5714285714285714;0,5079365079365079;50,31351436804816;0,7420091324200914;0,6428571428571429;33,05785123966942;10,245901639344263;0,0;32,02846975088968;17,79359430604982;5,200271107467069;0,0;0,5714285714285714;0,2857142857142857;1,8571428571428572
1_VBC_J3;1;VBC;3;99;HIO;78;False;True;True;18,716666666666665;1123;14;4;5;1;2;3;1;2;2;0;4;5;1;0;4;4;1;2;1;0;0;4;3;0;9;15;80,0;30;63;33;18;31;13;12;32;20;27;36;9;14;28;42;17;18;8;0;0;21;28;0;113;82,84;82,12;41,24;119,50748430709801;94,98295177788602;24,524532529211996;0,5714285714285714;0,6278538812785388;56,666666666666664;21,728633510381457;43,75;70,0;58,333333333333336;0,5714285714285714;0,5079365079365079;47,46890550205032;0,9722222222222222;1,0;33,126293995859214;21,73913043478261;0,0;42,7426536064114;23,745918670228555;5,204901803021359;0,0;1,0;0,4;2,8
2_VBC_J3;2;VBC;3;99;HIO;78;False;False;True;12,05;723;0;0;1;1;0;0;0;0;1;1;0;0;0;0;1;1;0;1;0;0;0;1;0;0;-11;-2;80,0;30;63;33;18;31;13;12;32;20;27;36;9;14;28;42;17;18;8;0;0;21;28;0;113;82,84;82,12;41,24;119,50748430709801;94,98295177788602;24,524532529211996;0,5714285714285714;0,6278538812785388;56,666666666666664;21,728633510381457;43,75;70,0;58,333333333333336;0,5714285714285714;0,5079365079365079;16,02849867063639;0,0;0,0;0,0;50,0;0,0;16,597510373443985;9,220839096357768;0,0;0,0;0,0;1,0;0,0
3_VBC_J3;3;VBC;3;99;HIO;78;False;True;True;20,55;1233;12;5;6;1;3;3;0;2;3;1;0;1;1;1;2;3;0;1;1;0;0;1;1;0;20;13;80,0;30;63;33;18;31;13;12;32;20;27;36;9;14;28;42;17;18;8;0;0;21;28;0;113;82,84;82,12;41,24;119,50748430709801;94,98295177788602;24,524532529211996;0,5714285714285714;0,6278538812785388;56,666666666666664;21,728633510381457;43,75;70,0;58,333333333333336;0,5714285714285714;0,5079365079365079;34,96318644330642;0,9316770186335404;1,0;0,0;13,440860215053762;12,165450121654501;19,464720194647203;16,220600162206;4,740555332354408;0,0;0,16666666666666666;0,5;2,0
4_VBC_J3;4;VBC;3;99;HIO;78;False;True;True;27,25;1635;16;5;10;5;2;4;2;3;6;3;3;4;1;5;3;8;3;1;0;0;0;1;6;0;12;25;80,0;30;63;33;18;31;13;12;32;20;27;36;9;14;28;42;17;18;8;0;0;21;28;0;113;82,84;82,12;41,24;119,50748430709801;94,98295177788602;24,524532529211996;0,5714285714285714;0,6278538812785388;56,666666666666664;21,728633510381457;43,75;70,0;58,333333333333336;0,5714285714285714;0,5079365079365079;45,22036511192129;0,6802721088435374;0,65;57,48502994011976;7,836990595611286;45,87155963302752;22,01834862385321;32,61977573904179;0,0;0,0;0,4;0,6;1,6
5_VBC_J3;5;VBC;3;99;HIO;78;False;True;True;19,066666666666666;1144;9;1;5;4;1;2;1;0;3;3;7;8;1;2;0;2;2;4;0;0;0;1;4;0;8;7;80,0;30;63;33;18;31;13;12;32;20;27;36;9;14;28;42;17;18;8;0;0;21;28;0;113;82,84;82,12;41,24;119,50748430709801;94,98295177788602;24,524532529211996;0,5714285714285714;0,6278538812785388;56,666666666666664;21,728633510381457;43,75;70,0;58,333333333333336;0,5714285714285714;0,5079365079365079;63,413168193467556;0,5281690140845071;0,2;32,52032520325203;31,94888178913738;26,223776223776223;0,0;11,655011655011656;0,0;0,0;1,6;0,6;1,8
6_VBC_J3;6;VBC;3;99;HIO;78;False;False;True;10,033333333333333;602;2;1;6;5;1;2;1;0;4;4;0;0;0;1;3;4;0;2;0;0;0;1;1;0;12;-1;80,0;30;63;33;18;31;13;12;32;20;27;36;9;14;28;42;17;18;8;0;0;21;28;0;113;82,84;82,12;41,24;119,50748430709801;94,98295177788602;24,524532529211996;0,5714285714285714;0,6278538812785388;56,666666666666664;21,728633510381457;43,75;70,0;58,333333333333336;0,5714285714285714;0,5079365079365079;77,00069461043263;0,16666666666666666;0,16666666666666666;0,0;25,0;24,916943521594686;59,800664451827245;44,296788482835;0,0;0,0;0,0;0,6666666666666666;0,3333333333333333
10_VBC_J3;10;VBC;3;99;HIO;78;False;False;True;17,383333333333333;1043;8;3;7;4;3;6;3;0;1;1;2;3;1;1;4;5;3;1;1;0;0;1;2;0;3;12;80,0;30;63;33;18;31;13;12;32;20;27;36;9;14;28;42;17;18;8;0;0;21;28;0;113;82,84;82,12;41,24;119,50748430709801;94,98295177788602;24,524532529211996;0,5714285714285714;0,6278538812785388;56,666666666666664;21,728633510381457;43,75;70,0;58,333333333333336;0,5714285714285714;0,5079365079365079;51,776507335699634;0,4807692307692307;0,42857142857142855;85,2575488454707;10,729613733905579;14,381591562799617;46,02109300095878;31,95909236177693;5,604127252917531;0,0;0,42857142857142855;0,14285714285714285;1,1428571428571428
12_VBC_J3;12;VBC;3;99;HIO;78;False;False;True;15,766666666666667;946;1;0;1;1;0;1;1;0;0;0;1;2;1;1;1;2;0;0;0;0;0;4;1;0;-2;-2;80,0;30;63;33;18;31;13;12;32;20;27;36;9;14;28;42;17;18;8;0;0;21;28;0;113;82,84;82,12;41,24;119,50748430709801;94,98295177788602;24,524532529211996;0,5714285714285714;0,6278538812785388;56,666666666666664;21,728633510381457;43,75;70,0;58,333333333333336;0,5714285714285714;0,5079365079365079;11,515103875832878;0,26595744680851063;0,0;0,0;0,0;15,856236786469344;12,684989429175474;14,09443269908386;0,0;0,0;2,0;0,0;1,0
13_VBC_J3;13;VBC;3;99;HIO;78;False;False;True;20,933333333333334;1256;14;4;6;2;3;3;0;1;3;2;5;7;2;0;2;2;6;2;1;0;0;1;6;0;13;22;80,0;30;63;33;18;31;13;12;32;20;27;36;9;14;28;42;17;18;8;0;0;21;28;0;113;82,84;82,12;41,24;119,50748430709801;94,98295177788602;24,524532529211996;0,5714285714285714;0,6278538812785388;56,666666666666664;21,728633510381457;43,75;70,0;58,333333333333336;0,5714285714285714;0,5079365079365079;51,11534167622644;0,7709251101321586;0,75;155,84415584415586;18,050541516245488;0,0;19,108280254777068;10,615711252653927;4,653745799994415;0,0;1,1666666666666667;0,5;2,3333333333333335
24_VBC_J3;24;VBC;3;99;HIO;78;False;False;True;12,883333333333333;773;10;3;8;5;0;2;2;3;6;3;1;2;1;1;1;2;0;0;2;0;0;2;1;0;15;7;80,0;30;63;33;18;31;13;12;32;20;27;36;9;14;28;42;17;18;8;0;0;21;28;0;113;82,84;82,12;41,24;119,50748430709801;94,98295177788602;24,524532529211996;0,5714285714285714;0,6278538812785388;56,666666666666664;21,728633510381457;43,75;70,0;58,333333333333336;0,5714285714285714;0,5079365079365079;66,56326539790855;0,563063063063063;0,5625;0,0;0,0;19,404915912031047;15,52393272962484;17,248814144027598;15,123168757549768;0,0;0,25;0,75;1,25
32_VBC_J3;32;VBC;3;99;HIO;78;False;False;True;6,633333333333334;398;0;0;1;1;0;0;0;0;1;1;0;0;0;1;1;2;1;0;1;0;0;2;0;0;11;1;80,0;30;63;33;18;31;13;12;32;20;27;36;9;14;28;42;17;18;8;0;0;21;28;0;113;82,84;82,12;41,24;119,50748430709801;94,98295177788602;24,524532529211996;0,5714285714285714;0,6278538812785388;56,666666666666664;21,728633510381457;43,75;70,0;58,333333333333336;0,5714285714285714;0,5079365079365079;14,558548415665967;0,0;0,0;40,20100502512563;0,0;37,688442211055275;30,15075376884422;33,50083752093802;14,686192775861771;0,0;0,0;1,0;0,0
VBC_VBC_J3;VBC;VBC;3;99;HIO;78;False;False;True;200,0;12000;0;0;0;0;0;0;0;0;0;0;0;0;0;1;3;4;0;3;0;0;0;1;0;0;0;0;80,0;30;63;33;18;31;13;12;32;20;27;36;9;14;28;42;17;18;8;0;0;21;28;0;113;82,84;82,12;41,24;119,50748430709801;94,98295177788602;24,524532529211996;0,5714285714285714;0,6278538812785388;56,666666666666664;21,728633510381457;43,75;70,0;58,333333333333336;0,5714285714285714;0,5079365079365079;1,448575567358764;0,0;0,0;0,0;100,0;1,25;3,0;2,2222222222222223;0,0;0,0;0,0;0,0;0,0
2_COV_J3;2;COV;3;80;BKN;83;True;True;False;26,566666666666666;1594;11;3;7;4;0;2;2;3;5;2;2;2;0;0;1;1;5;2;0;0;1;4;2;0;4;8;80,0;25;57;32;18;34;16;7;23;16;23;27;4;9;20;29;12;9;6;3;4;19;21;2;83;68,88;71,6;35,12;116,14401858304298;115,92178770949721;0,22223087354576876;0,5;0,5807200929152149;48,0;13,066202090592336;26,470588235294116;71,42857142857143;46,774193548387096;0,47368421052631576;0,40350877192982454;43,19333388709402;0,6979695431472082;0,6428571428571429;94,3025540275049;20,24291497975709;0,0;10,75461552249507;4,856923139191323;0,0;0,0;0,2857142857142857;0,7142857142857143;1,5714285714285714
3_COV_J3;3;COV;3;80;BKN;83;True;False;False;13,433333333333334;806;0;0;2;2;0;1;1;0;1;1;0;0;0;0;1;1;0;0;1;0;0;1;0;0;-7;-1;80,0;25;57;32;18;34;16;7;23;16;23;27;4;9;20;29;12;9;6;3;4;19;21;2;83;68,88;71,6;35,12;116,14401858304298;115,92178770949721;0,22223087354576876;0,5;0,5807200929152149;48,0;13,066202090592336;26,470588235294116;71,42857142857143;46,774193548387096;0,47368421052631576;0,40350877192982454;17,291913436681337;0,0;0,0;0,0;0,0;0,0;21,269053527118043;9,605379012246859;8,317506965912084;0,0;0,0;0,5;0,0
7_COV_J3;7;COV;3;80;BKN;83;True;False;False;13,683333333333334;821;9;3;3;0;3;3;0;0;0;0;3;4;1;2;0;2;1;0;0;0;0;0;2;0;-1;13;80,0;25;57;32;18;34;16;7;23;16;23;27;4;9;20;29;12;9;6;3;4;19;21;2;83;68,88;71,6;35,12;116,14401858304298;115,92178770949721;0,22223087354576876;0,5;0,5807200929152149;48,0;13,066202090592336;26,470588235294116;71,42857142857143;46,774193548387096;0,47368421052631576;0,40350877192982454;40,40284008199399;0,9453781512605043;1,0;78,3673469387755;0,0;34,391344844880706;0,0;18,859769753644258;0,0;0,0;1,3333333333333333;0,0;3,0
11_COV_J3;11;COV;3;80;BKN;83;True;True;False;29,616666666666667;1777;6;1;5;4;1;4;3;0;1;1;4;4;0;2;2;4;0;0;1;1;1;2;3;0;3;8;80,0;25;57;32;18;34;16;7;23;16;23;27;4;9;20;29;12;9;6;3;4;19;21;2;83;68,88;71,6;35,12;116,14401858304298;115,92178770949721;0,22223087354576876;0,5;0,5807200929152149;48,0;13,066202090592336;26,470588235294116;71,42857142857143;46,774193548387096;0,47368421052631576;0,40350877192982454;26,509855901678236;0,4437869822485207;0,2;0,0;0,0;15,889304511900427;19,294155478736233;17,42697914208434;3,7726002332724478;22,509848058525606;0,8;0,2;1,2
13_COV_J3;13;COV;3;80;BKN;83;True;True;False;29,766666666666666;1786;12;4;10;6;2;2;0;2;8;6;2;2;0;0;1;1;1;1;0;0;0;3;1;0;-2;5;80,0;25;57;32;18;34;16;7;23;16;23;27;4;9;20;29;12;9;6;3;4;19;21;2;83;68,88;71,6;35,12;116,14401858304298;115,92178770949721;0,22223087354576876;0,5;0,5807200929152149;48,0;13,066202090592336;26,470588235294116;71,42857142857143;46,774193548387096;0,47368421052631576;0,40350877192982454;46,353559040309655;0,551470588235294;0,5;18,860510805500986;8,417508417508417;0,0;9,598464245720685;4,334790304519019;0,0;0,0;0,2;0,8;1,2
15_COV_J3;15;COV;3;80;BKN;83;True;False;False;0,0;0;0;0;0;0;0;0;0;0;0;0;0;0;0;0;0;0;0;0;0;0;0;0;0;0;0;0;80,0;25;57;32;18;34;16;7;23;16;23;27;4;9;20;29;12;9;6;3;4;19;21;2;83;68,88;71,6;35,12;116,14401858304298;115,92178770949721;0,22223087354576876;0,5;0,5807200929152149;48,0;13,066202090592336;26,470588235294116;71,42857142857143;46,774193548387096;0,47368421052631576;0,40350877192982454;0,0;0,0;0,0;0,0;0,0;0,0;0,0;0,0;0,0;0,0;0,0;0,0;0,0
19_COV_J3;19;COV;3;80;BKN;83;True;False;False;0,35;21;0;0;0;0;0;0;0;0;0;0;0;0;0;0;0;0;0;0;0;0;0;0;0;0;-1;0;80,0;25;57;32;18;34;16;7;23;16;23;27;4;9;20;29;12;9;6;3;4;19;21;2;83;68,88;71,6;35,12;116,14401858304298;115,92178770949721;0,22223087354576876;0,5;0,5807200929152149;48,0;13,066202090592336;26,470588235294116;71,42857142857143;46,774193548387096;0,47368421052631576;0,40350877192982454;0,0;0,0;0,0;0,0;0,0;0,0;0,0;0,0;0,0;0,0;0,0;0,0;0,0
22_COV_J3;22;COV;3;80;BKN;83;True;False;False;0,0;0;0;0;0;0;0;0;0;0;0;0;0;0;0;0;0;0;0;0;0;0;0;0;0;0;0;0;80,0;25;57;32;18;34;16;7;23;16;23;27;4;9;20;29;12;9;6;3;4;19;21;2;83;68,88;71,6;35,12;116,14401858304298;115,92178770949721;0,22223087354576876;0,5;0,5807200929152149;48,0;13,066202090592336;26,470588235294116;71,42857142857143;46,774193548387096;0,47368421052631576;0,40350877192982454;0,0;0,0;0,0;0,0;0,0;0,0;0,0;0,0;0,0;0,0;0,0;0,0;0,0
23_COV_J3;23;COV;3;80;BKN;83;True;False;False;16,833333333333332;1010;14;5;11;6;3;5;2;2;6;4;2;2;0;0;1;1;2;1;0;1;1;0;2;0;-3;12;80,0;25;57;32;18;34;16;7;23;16;23;27;4;9;20;29;12;9;6;3;4;19;21;2;83;68,88;71,6;35,12;116,14401858304298;115,92178770949721;0,22223087354576876;0,5;0,5807200929152149;48,0;13,066202090592336;26,470588235294116;71,42857142857143;46,774193548387096;0,47368421052631576;0,40350877192982454;88,86742332769865;0,5892255892255892;0,5454545454545454;768,0000000000017;7,763975155279502;0,0;16,973125884016973;7,665282657297989;0,0;39,603960396039604;0,18181818181818182;0,5454545454545454;1,2727272727272727
29_COV_J3;29;COV;3;80;BKN;83;True;True;False;27,783333333333335;1667;15;5;11;6;5;10;5;0;1;1;5;6;1;3;4;7;2;2;2;0;1;3;6;0;-4;19;80,0;25;57;32;18;34;16;7;23;16;23;27;4;9;20;29;12;9;6;3;4;19;21;2;83;68,88;71,6;35,12;116,14401858304298;115,92178770949721;0,22223087354576876;0,5;0,5807200929152149;48,0;13,066202090592336;26,470588235294116;71,42857142857143;46,774193548387096;0,47368421052631576;0,40350877192982454;65,380652092578;0,5498533724340176;0,45454545454545453;54,31400282885432;12,78772378516624;25,40668336920851;41,134630216813775;32,509627106836696;8,043084120606046;0,0;0,5454545454545454;0,09090909090909091;1,3636363636363635
35_COV_J3;35;COV;3;80;BKN;83;True;True;False;26,316666666666666;1579;6;3;5;2;3;5;2;0;0;0;0;0;0;1;3;4;1;1;1;0;0;4;1;2;-2;6;80,0;25;57;32;18;34;16;7;23;16;23;27;4;9;20;29;12;9;6;3;4;19;21;2;83;68,88;71,6;35,12;116,14401858304298;115,92178770949721;0,22223087354576876;0,5;0,5807200929152149;48,0;13,066202090592336;26,470588235294116;71,42857142857143;46,774193548387096;0,47368421052631576;0,40350877192982454;26,47995357181474;0,6;0,6;19,142572283150546;16,666666666666668;8,94087844130686;32,570342893332125;19,61224948415698;4,24566853358147;0,0;0,0;0,0;1,2
77_COV_J3;77;COV;3;80;BKN;83;True;False;False;15,65;939;7;1;3;2;1;2;1;0;1;1;5;7;2;0;4;4;0;1;0;1;0;1;4;0;-2;10;80,0;25;57;32;18;34;16;7;23;16;23;27;4;9;20;29;12;9;6;3;4;19;21;2;83;68,88;71,6;35,12;116,14401858304298;115,92178770949721;0,22223087354576876;0,5;0,5807200929152149;48,0;13,066202090592336;26,470588235294116;71,42857142857143;46,774193548387096;0,47368421052631576;0,40350877192982454;52,543108726386215;0,5756578947368421;0,3333333333333333;0,0;14,124293785310734;0,0;73,0260155180283;32,97949087910955;0,0;42,59850905218317;2,3333333333333335;0,3333333333333333;2,3333333333333335
COV_COV_J3;COV;COV;3;80;BKN;83;True;False;False;200,0;12000;0;0;0;0;0;0;0;0;0;0;0;0;0;1;3;4;0;1;1;0;0;1;0;0;0;3;80,0;25;57;32;18;34;16;7;23;16;23;27;4;9;20;29;12;9;6;3;4;19;21;2;83;68,88;71,6;35,12;116,14401858304298;115,92178770949721;0,22223087354576876;0,5;0,5807200929152149;48,0;13,066202090592336;26,470588235294116;71,42857142857143;46,774193548387096;0,47368421052631576;0,40350877192982454;0,5807200929152149;0,0;0,0;0,0;100,0;1,1764705882352942;4,285714285714286;2,5806451612903225;0,558659217877095;0,0;0,0;0,0;0,0
1_BKN_J3;1;BKN;3;83;COV;80;False;True;True;23,566666666666666;1414;16;7;8;1;6;7;1;1;1;0;1;1;0;2;3;5;1;1;1;2;0;2;1;1;-5;22;80,0;32;62;30;22;37;15;10;25;15;9;15;6;8;25;33;16;11;3;5;3;21;18;3;87;71,6;68,88;35,12;115,92178770949721;116,14401858304298;-0,22223087354576876;0,5967741935483871;0,6049562682215744;50,0;15,363128491620113;28,571428571428573;73,52941176470588;53,225806451612904;0,24193548387096775;0,4032258064516129;44,75595205170956;0,9478672985781991;0,9375;41,208791208791226;10,593220338983052;24,24732269145282;29,95257508944172;27,376009490349958;4,928317620213988;61,72045776006172;0,125;0,125;2,0
3_BKN_J3;3;BKN;3;83;COV;80;False;True;True;17,05;1023;3;1;5;4;0;0;0;1;5;4;0;0;0;0;3;3;5;3;0;0;0;1;0;0;3;3;80,0;32;62;30;22;37;15;10;25;15;9;15;6;8;25;33;16;11;3;5;3;21;18;3;87;71,6;68,88;35,12;115,92178770949721;116,14401858304298;-0,22223087354576876;0,5967741935483871;0,6049562682215744;50,0;15,363128491620113;28,571428571428573;73,52941176470588;53,225806451612904;0,24193548387096775;0,4032258064516129;52,4254984518095;0,3;0,3;85,91065292096219;37,5;0,0;41,40072451267897;22,703623119856207;0,0;0,0;0,0;1,0;0,6
4_BKN_J3;4;BKN;3;83;COV;80;False;True;True;17,416666666666668;1045;4;2;2;0;2;2;0;0;0;0;0;0;0;0;0;0;1;0;0;0;0;3;2;0;-8;4;80,0;32;62;30;22;37;15;10;25;15;9;15;6;8;25;33;16;11;3;5;3;21;18;3;87;71,6;68,88;35,12;115,92178770949721;116,14401858304298;-0,22223087354576876;0,5967741935483871;0,6049562682215744;50,0;15,363128491620113;28,571428571428573;73,52941176470588;53,225806451612904;0,24193548387096775;0,4032258064516129;12,83045093689022;1,0;1,0;20,13422818791946;0,0;0,0;0,0;0,0;0,0;0,0;0,0;0,0;2,0
6_BKN_J3;6;BKN;3;83;COV;80;False;True;True;22,716666666666665;1363;10;5;11;6;5;10;5;0;1;1;0;0;0;2;3;5;1;1;0;1;0;4;0;0;-1;6;80,0;32;62;30;22;37;15;10;25;15;9;15;6;8;25;33;16;11;3;5;3;21;18;3;87;71,6;68,88;35,12;115,92178770949721;116,14401858304298;-0,22223087354576876;0,5967741935483871;0,6049562682215744;50,0;15,363128491620113;28,571428571428573;73,52941176470588;53,225806451612904;0,24193548387096775;0,4032258064516129;59,02195698774885;0,45454545454545453;0,45454545454545453;24,46982055464927;8,333333333333334;25,154595954302486;31,073324414138366;28,400350270986678;0,0;32,01494030547589;0,0;0,09090909090909091;0,9090909090909091
8_BKN_J3;8;BKN;3;83;COV;80;False;False;True;22,3;1338;10;4;6;2;3;3;0;1;3;2;1;1;0;0;4;4;0;0;0;0;0;1;1;1;7;12;80,0;32;62;30;22;37;15;10;25;15;9;15;6;8;25;33;16;11;3;5;3;21;18;3;87;71,6;68,88;35,12;115,92178770949721;116,14401858304298;-0,22223087354576876;0,5967741935483871;0,6049562682215744;50,0;15,363128491620113;28,571428571428573;73,52941176470588;53,225806451612904;0,24193548387096775;0,4032258064516129;32,26695392940352;0,7763975155279502;0,75;0,0;0,0;0,0;42,20522289633342;23,144799652828002;0,0;0,0;0,16666666666666666;0,5;1,6666666666666667
9_BKN_J3;9;BKN;3;83;COV;80;False;False;True;22,9;1374;15;4;11;7;0;3;3;4;8;4;3;5;2;0;2;2;1;1;1;0;0;2;3;0;9;10;80,0;32;62;30;22;37;15;10;25;15;9;15;6;8;25;33;16;11;3;5;3;21;18;3;87;71,6;68,88;35,12;115,92178770949721;116,14401858304298;-0,22223087354576876;0,5967741935483871;0,6049562682215744;50,0;15,363128491620113;28,571428571428573;73,52941176470588;53,225806451612904;0,24193548387096775;0,4032258064516129;69,28350125637336;0,5681818181818182;0,5454545454545454;19,37984496124031;7,042253521126761;0,0;20,549704597996406;11,269192844062545;5,071791204499694;0,0;0,45454545454545453;0,7272727272727273;1,3636363636363635
10_BKN_J3;10;BKN;3;83;COV;80;False;False;True;25,866666666666667;1552;14;6;9;3;6;9;3;0;0;0;2;2;0;0;1;1;2;1;1;0;2;1;6;1;-1;17;80,0;32;62;30;22;37;15;10;25;15;9;15;6;8;25;33;16;11;3;5;3;21;18;3;87;71,6;68,88;35,12;115,92178770949721;116,14401858304298;-0,22223087354576876;0,5967741935483871;0,6049562682215744;50,0;15,363128491620113;28,571428571428573;73,52941176470588;53,225806451612904;0,24193548387096775;0,4032258064516129;46,9964867822381;0,7085020242914979;0,6666666666666666;46,0122699386503;9,191176470588236;0,0;9,096422073984233;4,988360492184902;4,4901038112001155;0,0;0,2222222222222222;0,0;1,5555555555555556
18_BKN_J3;18;BKN;3;83;COV;80;False;False;True;16,433333333333334;986;1;0;1;1;0;1;1;0;0;0;1;2;1;1;3;4;3;1;0;2;1;2;3;0;8;7;80,0;32;62;30;22;37;15;10;25;15;9;15;6;8;25;33;16;11;3;5;3;21;18;3;87;71,6;68,88;35,12;115,92178770949721;116,14401858304298;-0,22223087354576876;0,5967741935483871;0,6049562682215744;50,0;15,363128491620113;28,571428571428573;73,52941176470588;53,225806451612904;0,24193548387096775;0,4032258064516129;19,58140220064138;0,26595744680851063;0,0;45,63894523326572;34,72222222222222;17,386264850767894;42,95430139601479;31,407446182032324;0,0;88,51189378572745;2,0;0,0;1,0
25_BKN_J3;25;BKN;3;83;COV;80;False;True;True;16,383333333333333;983;6;2;6;4;0;2;2;2;4;2;0;0;0;0;1;1;1;1;0;0;0;4;0;0;-7;-1;80,0;32;62;30;22;37;15;10;25;15;9;15;6;8;25;33;16;11;3;5;3;21;18;3;87;71,6;68,88;35,12;115,92178770949721;116,14401858304298;-0,22223087354576876;0,5967741935483871;0,6049562682215744;50,0;15,363128491620113;28,571428571428573;73,52941176470588;53,225806451612904;0,24193548387096775;0,4032258064516129;47,73893621737129;0,5;0,5;21,96193265007321;14,285714285714286;0,0;14,36179761833523;7,875824500377384;0,0;0,0;0,0;0,6666666666666666;1,0
77_BKN_J3;77;BKN;3;83;COV;80;False;False;True;15,366666666666667;922;4;1;3;2;0;0;0;1;3;2;1;4;3;1;3;4;1;1;0;0;0;1;2;0;10;4;80,0;32;62;30;22;37;15;10;25;15;9;15;6;8;25;33;16;11;3;5;3;21;18;3;87;71,6;68,88;35,12;115,92178770949721;116,14401858304298;-0,22223087354576876;0,5967741935483871;0,6049562682215744;50,0;15,363128491620113;28,571428571428573;73,52941176470588;53,225806451612904;0,24193548387096775;0,4032258064516129;41,88126370896399;0,42016806722689076;0,5;19,430051813471504;17,36111111111111;18,593120545398204;45,935944876866145;33,587572598138685;0,0;0,0;1,3333333333333333;1,0;1,3333333333333333
BKN_BKN_J3;BKN;BKN;3;83;COV;80;False;False;True;200,0;12000;0;0;0;0;0;0;0;0;0;0;0;0;0;2;2;4;0;1;0;0;0;0;0;0;0;3;80,0;32;62;30;22;37;15;10;25;15;9;15;6;8;25;33;16;11;3;5;3;21;18;3;87;71,6;68,88;35,12;115,92178770949721;116,14401858304298;-0,22223087354576876;0,5967741935483871;0,6049562682215744;50,0;15,363128491620113;28,571428571428573;73,52941176470588;53,225806451612904;0,24193548387096775;0,4032258064516129;0,558659217877095;0,0;0,0;0,0;100,0;2,857142857142857;2,3529411764705883;2,5806451612903225;0,0;0,0;0,0;0,0;0,0
0_UNI_J3;0;UNI;3;77;BAR;83;True;True;False;12,566666666666666;754;9;3;5;2;3;4;1;0;1;1;3;4;1;2;4;6;0;0;1;0;0;0;2;0;-15;15;80,0;28;73;45;23;40;17;5;33;28;16;20;4;16;24;40;11;12;11;1;2;29;20;2;68;77,8;76,52;38,58;98,97172236503856;108,46837428123366;-9,496651916195106;0,4178082191780822;0,47066014669926654;39,285714285714285;15,424164524421595;35,55555555555556;75,0;51,94805194805195;0,273972602739726;0,4520547945205479;55,31424519102916;0,6656804733727811;0,6;0,0;0,0;28,293545534924846;79,57559681697613;49,60556684694616;8,319456018502471;0,0;0,8;0,2;1,8
2_UNI_J3;2;UNI;3;77;BAR;83;True;True;False;16,233333333333334;974;4;1;3;2;1;3;2;0;0;0;2;2;0;0;0;0;0;1;0;0;0;1;2;0;-10;2;80,0;28;73;45;23;40;17;5;33;28;16;20;4;16;24;40;11;12;11;1;2;29;20;2;68;77,8;76,52;38,58;98,97172236503856;108,46837428123366;-9,496651916195106;0,4178082191780822;0,47066014669926654;39,285714285714285;15,424164524421595;35,55555555555556;75,0;51,94805194805195;0,273972602739726;0,4520547945205479;30,91167264031925;0,5154639175257733;0,3333333333333333;0,0;20,491803278688526;0,0;0,0;0,0;0,0;0,0;0,6666666666666666;0,0;1,3333333333333333
3_UNI_J3;3;UNI;3;77;BAR;83;True;True;False;20,116666666666667;1207;8;4;8;4;4;5;1;0;3;3;0;0;0;2;1;3;0;1;1;0;0;3;0;1;-4;4;80,0;28;73;45;23;40;17;5;33;28;16;20;4;16;24;40;11;12;11;1;2;29;20;2;68;77,8;76,52;38,58;98,97172236503856;108,46837428123366;-9,496651916195106;0,4178082191780822;0,47066014669926654;39,285714285714285;15,424164524421595;35,55555555555556;75,0;51,94805194805195;0,273972602739726;0,4520547945205479;46,0041361126079;0,5;0,5;0,0;11,11111111111111;17,67467550400442;12,427506213753107;15,494033721042834;5,197075259279919;0,0;0,0;0,375;1,0
4_UNI_J3;4;UNI;3;77;BAR;83;True;False;False;19,75;1185;3;1;8;7;1;4;3;0;4;4;1;1;0;2;1;3;2;0;2;0;1;4;1;0;-12;-1;80,0;28;73;45;23;40;17;5;33;28;16;20;4;16;24;40;11;12;11;1;2;29;20;2;68;77,8;76,52;38,58;98,97172236503856;108,46837428123366;-9,496651916195106;0,4178082191780822;0,47066014669926654;39,285714285714285;15,424164524421595;35,55555555555556;75,0;51,94805194805195;0,273972602739726;0,4520547945205479;43,94259867885848;0,17772511848341233;0,125;33,82663847780127;0,0;18,0028129395218;12,658227848101266;15,781686667762617;10,587122089368544;0,0;0,125;0,5;0,375
7_UNI_J3;7;UNI;3;77;BAR;83;True;False;False;12,583333333333334;755;6;2;4;2;1;1;0;1;3;2;1;2;1;1;2;3;0;0;0;0;0;2;1;0;1;5;80,0;28;73;45;23;40;17;5;33;28;16;20;4;16;24;40;11;12;11;1;2;29;20;2;68;77,8;76,52;38,58;98,97172236503856;108,46837428123366;-9,496651916195106;0,4178082191780822;0,47066014669926654;39,285714285714285;15,424164524421595;35,55555555555556;75,0;51,94805194805195;0,273972602739726;0,4520547945205479;39,878104836650266;0,6147540983606558;0,625;0,0;0,0;14,1280353200883;39,735099337748345;24,769932054700266;0,0;0,0;0,5;0,75;1,5
9_UNI_J3;9;UNI;3;77;BAR;83;True;False;False;18,616666666666667;1117;2;0;2;2;0;1;1;0;1;1;2;2;0;2;0;2;2;1;2;0;0;0;2;0;-4;7;80,0;28;73;45;23;40;17;5;33;28;16;20;4;16;24;40;11;12;11;1;2;29;20;2;68;77,8;76,52;38,58;98,97172236503856;108,46837428123366;-9,496651916195106;0,4178082191780822;0,47066014669926654;39,285714285714285;15,424164524421595;35,55555555555556;75,0;51,94805194805195;0,273972602739726;0,4520547945205479;21,43088929445149;0,3472222222222222;0,0;30,694462207443404;25,77319587628866;19,098776484631454;0,0;11,161622620888512;11,231638026769675;0,0;1,0;0,5;1,0
14_UNI_J3;14;UNI;3;77;BAR;83;True;False;False;14,666666666666666;880;11;4;10;6;4;7;3;0;3;3;3;4;1;0;2;2;0;2;0;0;0;1;2;0;4;5;80,0;28;73;45;23;40;17;5;33;28;16;20;4;16;24;40;11;12;11;1;2;29;20;2;68;77,8;76,52;38,58;98,97172236503856;108,46837428123366;-9,496651916195106;0,4178082191780822;0,47066014669926654;39,285714285714285;15,424164524421595;35,55555555555556;75,0;51,94805194805195;0,273972602739726;0,4520547945205479;96,47113811638233;0,467687074829932;0,4;0,0;14,534883720930234;0,0;34,09090909090909;14,167650531286895;0,0;0,0;0,4;0,3;1,1
19_UNI_J3;19;UNI;3;77;BAR;83;True;False;False;11,0;660;4;2;5;3;2;2;0;0;3;3;0;0;0;2;3;5;1;0;1;0;0;4;0;0;7;4;80,0;28;73;45;23;40;17;5;33;28;16;20;4;16;24;40;11;12;11;1;2;29;20;2;68;77,8;76,52;38,58;98,97172236503856;108,46837428123366;-9,496651916195106;0,4178082191780822;0,47066014669926654;39,285714285714285;15,424164524421595;35,55555555555556;75,0;51,94805194805195;0,273972602739726;0,4520547945205479;46,73989249824726;0,4;0,4;54,05405405405404;0,0;32,323232323232325;68,18181818181819;47,22550177095631;9,504348239319489;0,0;0,0;0,6;0,8
27_UNI_J3;27;UNI;3;77;BAR;83;True;True;False;12,833333333333334;770;2;1;7;6;1;3;2;0;4;4;0;0;0;0;1;1;1;1;1;0;1;3;2;1;-1;-4;80,0;28;73;45;23;40;17;5;33;28;16;20;4;16;24;40;11;12;11;1;2;29;20;2;68;77,8;76,52;38,58;98,97172236503856;108,46837428123366;-9,496651916195106;0,4178082191780822;0,47066014669926654;39,285714285714285;15,424164524421595;35,55555555555556;75,0;51,94805194805195;0,273972602739726;0,4520547945205479;64,10042399759622;0,14285714285714285;0,14285714285714285;28,63961813842482;12,5;0,0;19,48051948051948;8,09580030359251;8,14658420513099;0,0;0,0;0,5714285714285714;0,2857142857142857
33_UNI_J3;33;UNI;3;77;BAR;83;True;False;False;16,533333333333335;992;6;2;4;2;0;1;1;2;3;1;0;0;0;0;2;2;1;0;0;1;0;2;1;0;0;7;80,0;28;73;45;23;40;17;5;33;28;16;20;4;16;24;40;11;12;11;1;2;29;20;2;68;77,8;76,52;38,58;98,97172236503856;108,46837428123366;-9,496651916195106;0,4178082191780822;0,47066014669926654;39,285714285714285;15,424164524421595;35,55555555555556;75,0;51,94805194805195;0,273972602739726;0,4520547945205479;24,877684716809018;0,75;0,75;26,40845070422535;0,0;0,0;30,241935483870964;12,568077084206115;0,0;37,22084367245657;0,0;0,75;1,5
45_UNI_J3;45;UNI;3;77;BAR;83;True;False;False;23,666666666666668;1420;11;5;7;2;4;5;1;1;2;1;0;0;0;2;4;6;1;2;0;0;0;4;0;0;6;10;80,0;28;73;45;23;40;17;5;33;28;16;20;4;16;24;40;11;12;11;1;2;29;20;2;68;77,8;76,52;38,58;98,97172236503856;108,46837428123366;-9,496651916195106;0,4178082191780822;0,47066014669926654;39,285714285714285;15,424164524421595;35,55555555555556;75,0;51,94805194805195;0,273972602739726;0,4520547945205479;39,103515695716716;0,7857142857142857;0,7857142857142857;30,456852791878173;22,22222222222222;15,023474178403756;42,25352112676056;26,339857325772815;0,0;0,0;0,0;0,2857142857142857;1,5714285714285714
55_UNI_J3;55;UNI;3;77;BAR;83;True;True;False;21,433333333333334;1286;11;3;10;7;2;4;2;1;6;5;4;5;1;2;3;5;3;2;3;0;0;4;7;0;-2;15;80,0;28;73;45;23;40;17;5;33;28;16;20;4;16;24;40;11;12;11;1;2;29;20;2;68;77,8;76,52;38,58;98,97172236503856;108,46837428123366;-9,496651916195106;0,4178082191780822;0,47066014669926654;39,285714285714285;15,424164524421595;35,55555555555556;75,0;51,94805194805195;0,273972602739726;0,4520547945205479;68,12539230071124;0,45081967213114754;0,35;66,64198445020362;14,084507042253522;16,588906168999483;34,99222395023328;24,237038233927812;14,63344441201601;0,0;0,5;0,6;1,1
UNI_UNI_J3;UNI;UNI;3;77;BAR;83;True;False;False;200,0;12000;0;0;0;0;0;0;0;0;0;0;0;0;0;1;1;2;0;2;0;0;0;1;0;0;0;-1;80,0;28;73;45;23;40;17;5;33;28;16;20;4;16;24;40;11;12;11;1;2;29;20;2;68;77,8;76,52;38,58;98,97172236503856;108,46837428123366;-9,496651916195106;0,4178082191780822;0,47066014669926654;39,285714285714285;15,424164524421595;35,55555555555556;75,0;51,94805194805195;0,273972602739726;0,4520547945205479;1,0282776349614395;0,0;0,0;0,0;100,0;0,8888888888888888;1,25;1,0389610389610389;0,0;0,0;0,0;0,0;0,0
0_BAR_J3;0;BAR;3;83;UNI;77;False;True;True;28,966666666666665;1738;17;5;10;5;4;6;2;1;4;3;6;8;2;1;4;5;3;2;2;0;1;3;7;0;19;21;80,0;25;55;30;18;34;16;7;21;14;26;33;7;8;29;37;12;15;9;2;1;21;28;3;97;76,52;77,8;38,58;108,46837428123366;98,97172236503856;9,496651916195106;0,5181818181818182;0,5969505178365938;48,0;19,602718243596446;25,0;64,44444444444444;48,05194805194805;0,6;0,38181818181818183;56,015500509204486;0,628698224852071;0,55;74,03598971722367;12,88659793814433;8,630609896432683;24,54929037207518;17,933734849730246;7,099730506062874;0,0;0,8;0,4;1,7
2_BAR_J3;2;BAR;3;83;UNI;77;False;True;True;24,033333333333335;1442;11;4;6;2;1;1;0;3;5;2;0;0;0;0;2;2;3;2;1;0;0;3;1;0;18;11;80,0;25;55;30;18;34;16;7;21;14;26;33;7;8;29;37;12;15;9;2;1;21;28;3;97;76,52;77,8;38,58;108,46837428123366;98,97172236503856;9,496651916195106;0,5181818181818182;0,5969505178365938;48,0;19,602718243596446;25,0;64,44444444444444;48,05194805194805;0,6;0,38181818181818183;34,80094223551102;0,9166666666666666;0,9166666666666666;85,45994065281899;25,0;0,0;14,794267221451687;8,646000324225012;4,278547718286156;0,0;0,0;0,8333333333333334;1,8333333333333333
3_BAR_J3;3;BAR;3;83;UNI;77;False;False;True;16,416666666666668;985;4;1;1;0;1;1;0;0;0;0;2;2;0;1;2;3;0;2;1;0;0;3;1;0;-11;4;80,0;25;55;30;18;34;16;7;21;14;26;33;7;8;29;37;12;15;9;2;1;21;28;3;97;76,52;77,8;38,58;108,46837428123366;98,97172236503856;9,496651916195106;0,5181818181818182;0,5969505178365938;48,0;19,602718243596446;25,0;64,44444444444444;48,05194805194805;0,6;0,38181818181818183;24,70937560532928;1,0638297872340425;1,0;0,0;51,54639175257732;15,228426395939085;21,658206429780034;18,9860900520799;6,2636201114402414;0,0;2,0;0,0;4,0
6_BAR_J3;6;BAR;3;83;UNI;77;False;False;True;17,4;1044;6;2;5;3;2;5;3;0;0;0;2;2;0;0;3;3;1;0;0;0;0;1;1;0;-4;7;80,0;25;55;30;18;34;16;7;21;14;26;33;7;8;29;37;12;15;9;2;1;21;28;3;97;76,52;77,8;38,58;108,46837428123366;98,97172236503856;9,496651916195106;0,5181818181818182;0,5969505178365938;48,0;19,602718243596446;25,0;64,44444444444444;48,05194805194805;0,6;0,38181818181818183;35,329956558573826;0,5102040816326531;0,4;29,090909090909097;0,0;0,0;30,651340996168585;17,913121361397224;0,0;0,0;0,4;0,0;1,2
8_BAR_J3;8;BAR;3;83;UNI;77;False;False;True;6,433333333333334;386;0;0;2;2;0;1;1;0;1;1;0;0;0;0;0;0;0;1;0;0;0;1;0;0;-9;-4;80,0;25;55;30;18;34;16;7;21;14;26;33;7;8;29;37;12;15;9;2;1;21;28;3;97;76,52;77,8;38,58;108,46837428123366;98,97172236503856;9,496651916195106;0,5181818181818182;0,5969505178365938;48,0;19,602718243596446;25,0;64,44444444444444;48,05194805194805;0,6;0,38181818181818183;48,75287438821914;0,0;0,0;0,0;33,333333333333336;0,0;0,0;0,0;0,0;0,0;0,0;0,5;0,0
13_BAR_J3;13;BAR;3;83;UNI;77;False;False;True;15,233333333333333;914;5;1;3;2;0;1;1;1;2;1;2;4;2;1;3;4;1;2;0;0;0;1;3;0;-12;6;80,0;25;55;30;18;34;16;7;21;14;26;33;7;8;29;37;12;15;9;2;1;21;28;3;97;76,52;77,8;38,58;108,46837428123366;98,97172236503856;9,496651916195106;0,5181818181818182;0,5969505178365938;48,0;19,602718243596446;25,0;64,44444444444444;48,05194805194805;0,6;0,38181818181818183;46,39452965486633;0,5252100840336135;0,5;26,592797783933523;29,585798816568047;16,411378555798688;35,010940919037196;27,28125266418483;0,0;0,0;1,3333333333333333;0,6666666666666666;1,6666666666666667
14_BAR_J3;14;BAR;3;83;UNI;77;False;False;True;11,766666666666667;706;4;1;3;2;1;3;2;0;0;0;2;2;0;0;2;2;0;0;0;0;0;0;2;1;2;6;80,0;25;55;30;18;34;16;7;21;14;26;33;7;8;29;37;12;15;9;2;1;21;28;3;97;76,52;77,8;38,58;108,46837428123366;98,97172236503856;9,496651916195106;0,5181818181818182;0,5969505178365938;48,0;19,602718243596446;25,0;64,44444444444444;48,05194805194805;0,6;0,38181818181818183;34,47412885446082;0,5154639175257733;0,3333333333333333;0,0;0,0;0,0;30,217186024551463;17,65939442993267;0,0;0,0;0,6666666666666666;0,0;1,3333333333333333
19_BAR_J3;19;BAR;3;83;UNI;77;False;False;True;0,0;0;0;0;0;0;0;0;0;0;0;0;0;0;0;0;0;0;0;0;0;0;0;0;0;0;0;0;80,0;25;55;30;18;34;16;7;21;14;26;33;7;8;29;37;12;15;9;2;1;21;28;3;97;76,52;77,8;38,58;108,46837428123366;98,97172236503856;9,496651916195106;0,5181818181818182;0,5969505178365938;48,0;19,602718243596446;25,0;64,44444444444444;48,05194805194805;0,6;0,38181818181818183;0,0;0,0;0,0;0,0;0,0;0,0;0,0;0,0;0,0;0,0;0,0;0,0;0,0
21_BAR_J3;21;BAR;3;83;UNI;77;False;True;True;28,6;1716;11;4;13;9;2;5;3;2;8;6;1;2;1;1;5;6;3;2;3;0;0;1;2;1;11;12;80,0;25;55;30;18;34;16;7;21;14;26;33;7;8;29;37;12;15;9;2;1;21;28;3;97;76,52;77,8;38,58;108,46837428123366;98,97172236503856;9,496651916195106;0,5181818181818182;0,5969505178365938;48,0;19,602718243596446;25,0;64,44444444444444;48,05194805194805;0,6;0,38181818181818183;58,04963463092057;0,39625360230547546;0,38461538461538464;60,75949367088605;12,594458438287154;8,741258741258742;31,08003108003108;21,796385432749066;10,786129038057059;0,0;0,15384615384615385;0,6153846153846154;0,8461538461538461
23_BAR_J3;23;BAR;3;83;UNI;77;False;True;True;22,733333333333334;1364;18;5;6;1;5;6;1;0;0;0;8;8;0;0;0;0;1;3;0;0;0;3;7;0;13;19;80,0;25;55;30;18;34;16;7;21;14;26;33;7;8;29;37;12;15;9;2;1;21;28;3;97;76,52;77,8;38,58;108,46837428123366;98,97172236503856;9,496651916195106;0,5181818181818182;0,5969505178365938;48,0;19,602718243596446;25,0;64,44444444444444;48,05194805194805;0,6;0,38181818181818183;57,57795481755483;0,9453781512605043;0,8333333333333334;47,52475247524752;23,961661341853034;0,0;0,0;0,0;0,0;0,0;1,3333333333333333;0,0;3,0
41_BAR_J3;41;BAR;3;83;UNI;77;False;True;True;11,516666666666667;691;0;0;1;1;0;1;1;0;0;0;0;2;2;1;4;5;0;0;0;1;0;3;1;0;8;1;80,0;25;55;30;18;34;16;7;21;14;26;33;7;8;29;37;12;15;9;2;1;21;28;3;97;76,52;77,8;38,58;108,46837428123366;98,97172236503856;9,496651916195106;0,5181818181818182;0,5969505178365938;48,0;19,602718243596446;25,0;64,44444444444444;48,05194805194805;0,6;0,38181818181818183;17,066563379663705;0,0;0,0;0,0;0,0;21,707670043415337;61,746261456825856;45,106846843460445;0,0;99,23506305561297;2,0;0,0;0,0
44_BAR_J3;44;BAR;3;83;UNI;77;False;False;True;16,9;1014;7;2;5;3;2;4;2;0;1;1;3;3;0;2;3;5;0;0;1;1;0;2;3;1;-5;12;80,0;25;55;30;18;34;16;7;21;14;26;33;7;8;29;37;12;15;9;2;1;21;28;3;97;76,52;77,8;38,58;108,46837428123366;98,97172236503856;9,496651916195106;0,5181818181818182;0,5969505178365938;48,0;19,602718243596446;25,0;64,44444444444444;48,05194805194805;0,6;0,38181818181818183;39,097176899259814;0,5537974683544303;0,4;0,0;0,0;29,58579881656805;31,558185404339255;30,738492276953817;6,08448304710911;67,62468300929841;0,6;0,2;1,4
BAR_BAR_J3;BAR;BAR;3;83;UNI;77;False;False;True;200,0;12000;0;0;0;0;0;0;0;0;0;0;0;0;0;1;1;2;0;1;1;0;0;0;0;0;0;2;80,0;25;55;30;18;34;16;7;21;14;26;33;7;8;29;37;12;15;9;2;1;21;28;3;97;76,52;77,8;38,58;108,46837428123366;98,97172236503856;9,496651916195106;0,5181818181818182;0,5969505178365938;48,0;19,602718243596446;25,0;64,44444444444444;48,05194805194805;0,6;0,38181818181818183;0,5227391531625719;0,0;0,0;0,0;100,0;1,25;0,8888888888888888;1,0389610389610389;0,5141388174807198;0,0;0,0;0,0;0,0
1_HIO_J4;1;HIO;4;99;COV;90;True;True;True;28,016666666666666;1681;13;2;10;8;1;5;4;1;5;4;8;8;0;0;0;0;7;0;1;0;1;2;5;0;9;15;80,0;29;60;31;17;34;17;12;26;14;29;36;7;9;29;38;19;8;5;4;3;28;29;1;117;74,84;77,03999999999999;37,97;132,28220203099946;116,82242990654207;15,459772124457388;0,5833333333333334;0,6526898734177214;65,51724137931035;10,689470871191876;27,272727272727273;67,44186046511628;50,0;0,6;0,43333333333333335;51,58416877281885;0,4807692307692308;0,25;85,82594702291246;0,0;0,0;0,0;0,0;3,7064423527754773;0,0;0,8;0,5;1,3
2_HIO_J4;2;HIO;4;99;COV;90;True;False;True;17,633333333333333;1058;7;2;5;3;1;2;1;1;3;2;2;2;0;0;3;3;1;0;1;0;0;2;3;0;8;10;80,0;29;60;31;17;34;17;12;26;14;29;36;7;9;29;38;19;8;5;4;3;28;29;1;117;74,84;77,03999999999999;37,97;132,28220203099946;116,82242990654207;15,459772124457388;0,5833333333333334;0,6526898734177214;65,51724137931035;10,689470871191876;27,272727272727273;67,44186046511628;50,0;0,6;0,43333333333333335;35,645040863482926;0,5952380952380952;0,5;22,768238307560956;0,0;0,0;31,652525607772453;17,908665804397575;5,8889693714703;0,0;0,4;0,6;1,4
3_HIO_J4;3;HIO;4;99;COV;90;True;True;True;28,0;1680;15;4;5;1;2;3;1;2;2;0;5;6;1;2;6;8;0;2;2;0;0;3;5;0;7;23;80,0;29;60;31;17;34;17;12;26;14;29;36;7;9;29;38;19;8;5;4;3;28;29;1;117;74,84;77,03999999999999;37,97;132,28220203099946;116,82242990654207;15,459772124457388;0,5833333333333334;0,6526898734177214;65,51724137931035;10,689470871191876;27,272727272727273;67,44186046511628;50,0;0,6;0,43333333333333335;36,80232114224631;0,981675392670157;1,0;0,0;20,746887966804977;17,316017316017316;39,8671096345515;30,075187969924812;7,417297136923305;0,0;1,2;0,4;3,0
4_HIO_J4;4;HIO;4;99;COV;90;True;True;True;19,95;1197;16;5;9;4;4;7;3;1;2;1;5;6;1;1;3;4;3;2;0;0;0;4;5;0;-3;17;80,0;29;60;31;17;34;17;12;26;14;29;36;7;9;29;38;19;8;5;4;3;28;29;1;117;74,84;77,03999999999999;37,97;132,28220203099946;116,82242990654207;15,459772124457388;0,5833333333333334;0,6526898734177214;65,51724137931035;10,689470871191876;27,272727272727273;67,44186046511628;50,0;0,6;0,43333333333333335;73,08490360052991;0,6872852233676976;0,6111111111111112;134,4161299355923;14,662756598240469;12,15159109895952;27,976919041790524;21,1053950666139;0,0;0,0;0,6666666666666666;0,2222222222222222;1,7777777777777777
5_HIO_J4;5;HIO;4;99;COV;90;True;False;True;23,55;1413;19;7;10;3;4;5;1;3;5;2;2;2;0;1;2;3;2;0;0;0;0;2;2;0;11;21;80,0;29;60;31;17;34;17;12;26;14;29;36;7;9;29;38;19;8;5;4;3;28;29;1;117;74,84;77,03999999999999;37,97;132,28220203099946;116,82242990654207;15,459772124457388;0,5833333333333334;0,6526898734177214;65,51724137931035;10,689470871191876;27,272727272727273;67,44186046511628;50,0;0,6;0,43333333333333335;49,38490151956162;0,8731617647058822;0,85;130,1342008946726;0,0;10,294023032876536;15,800128376043055;13,40931947703654;0,0;0,0;0,2;0,5;1,9
6_HIO_J4;6;HIO;4;99;COV;90;True;False;True;14,4;864;0;0;4;4;0;2;2;0;2;2;0;0;0;0;2;2;1;2;0;0;1;3;1;0;4;-6;80,0;29;60;31;17;34;17;12;26;14;29;36;7;9;29;38;19;8;5;4;3;28;29;1;117;74,84;77,03999999999999;37,97;132,28220203099946;116,82242990654207;15,459772124457388;0,5833333333333334;0,6526898734177214;65,51724137931035;10,689470871191876;27,272727272727273;67,44186046511628;50,0;0,6;0,43333333333333335;44,53946196329948;0,0;0,0;19,157088122605366;33,333333333333336;0,0;25,839793281653744;14,61988304093567;0,0;0,0;0,0;0,5;0,0
7_HIO_J4;7;HIO;4;99;COV;90;True;False;True;4,083333333333333;245;2;1;2;1;1;1;0;0;1;1;0;0;0;0;0;0;0;0;0;0;0;0;0;1;0;1;80,0;29;60;31;17;34;17;12;26;14;29;36;7;9;29;38;19;8;5;4;3;28;29;1;117;74,84;77,03999999999999;37,97;132,28220203099946;116,82242990654207;15,459772124457388;0,5833333333333334;0,6526898734177214;65,51724137931035;10,689470871191876;27,272727272727273;67,44186046511628;50,0;0,6;0,43333333333333335;52,35659202216429;0,5;0,5;0,0;0,0;0,0;0,0;0,0;0,0;0,0;0,0;0,5;1,0
12_HIO_J4;12;HIO;4;99;COV;90;True;True;True;10,483333333333333;629;4;1;3;2;1;3;2;0;0;0;2;4;2;2;1;3;1;1;0;0;1;4;2;0;2;0;80,0;29;60;31;17;34;17;12;26;14;29;36;7;9;29;38;19;8;5;4;3;28;29;1;117;74,84;77,03999999999999;37,97;132,28220203099946;116,82242990654207;15,459772124457388;0,5833333333333334;0,6526898734177214;65,51724137931035;10,689470871191876;27,272727272727273;67,44186046511628;50,0;0,6;0,43333333333333335;58,73260942899701;0,42016806722689076;0,3333333333333333;35,71162859906257;17,36111111111111;46,2494580141639;17,746885051946613;30,123002259225174;0,0;0,0;1,3333333333333333;0,0;1,3333333333333333
14_HIO_J4;14;HIO;4;99;COV;90;True;False;True;2,433333333333333;146;0;0;0;0;0;0;0;0;0;0;0;0;0;0;0;0;0;0;0;0;0;0;0;0;-5;0;80,0;29;60;31;17;34;17;12;26;14;29;36;7;9;29;38;19;8;5;4;3;28;29;1;117;74,84;77,03999999999999;37,97;132,28220203099946;116,82242990654207;15,459772124457388;0,5833333333333334;0,6526898734177214;65,51724137931035;10,689470871191876;27,272727272727273;67,44186046511628;50,0;0,6;0,43333333333333335;0,0;0,0;0,0;0,0;0,0;0,0;0,0;0,0;0,0;0,0;0,0;0,0;0,0
16_HIO_J4;16;HIO;4;99;COV;90;True;True;True;8,566666666666666;514;5;1;2;1;0;1;1;1;1;0;2;2;0;1;0;1;0;1;0;0;0;1;1;0;2;4;80,0;29;60;31;17;34;17;12;26;14;29;36;7;9;29;38;19;8;5;4;3;28;29;1;117;74,84;77,03999999999999;37,97;132,28220203099946;116,82242990654207;15,459772124457388;0,5833333333333334;0,6526898734177214;65,51724137931035;10,689470871191876;27,272727272727273;67,44186046511628;50,0;0,6;0,43333333333333335;48,414568459406006;0,8680555555555556;0,75;0,0;25,77319587628866;28,29854969932791;0,0;12,287528158918699;0,0;0,0;1,0;0,5;2,5
22_HIO_J4;22;HIO;4;99;COV;90;True;False;True;20,016666666666666;1201;10;3;5;2;0;0;0;3;5;2;1;2;1;1;6;7;1;0;0;4;0;4;1;0;15;16;80,0;29;60;31;17;34;17;12;26;14;29;36;7;9;29;38;19;8;5;4;3;28;29;1;117;74,84;77,03999999999999;37,97;132,28220203099946;116,82242990654207;15,459772124457388;0,5833333333333334;0,6526898734177214;65,51724137931035;10,689470871191876;27,272727272727273;67,44186046511628;50,0;0,6;0,43333333333333335;31,40087696383425;0,8503401360544218;0,9;23,496010573204764;0,0;12,11111952161078;55,7674805878822;36,81142907226434;0,0;228,3811109789461;0,4;1,0;2,0
25_HIO_J4;25;HIO;4;99;COV;90;True;False;True;22,866666666666667;1372;8;3;5;2;3;5;2;0;0;0;2;4;2;0;4;4;3;0;1;0;0;3;4;0;-5;13;80,0;29;60;31;17;34;17;12;26;14;29;36;7;9;29;38;19;8;5;4;3;28;29;1;117;74,84;77,03999999999999;37,97;132,28220203099946;116,82242990654207;15,459772124457388;0,5833333333333334;0,6526898734177214;65,51724137931035;10,689470871191876;27,272727272727273;67,44186046511628;50,0;0,6;0,43333333333333335;31,600943041949154;0,591715976331361;0,6;56,719710099259494;0,0;0,0;32,544579293511426;18,413380389749882;4,541202328728555;0,0;0,8;0,0;1,6
HIO_HIO_J4;HIO;HIO;4;99;COV;90;True;False;True;200,0;12000;0;0;0;0;0;0;0;0;0;0;0;0;0;1;2;3;0;0;0;0;0;0;0;0;0;3;80,0;29;60;31;17;34;17;12;26;14;29;36;7;9;29;38;19;8;5;4;3;28;29;1;117;74,84;77,03999999999999;37,97;132,28220203099946;116,82242990654207;15,459772124457388;0,5833333333333334;0,6526898734177214;65,51724137931035;10,689470871191876;27,272727272727273;67,44186046511628;50,0;0,6;0,43333333333333335;0,0;0,0;0,0;0,0;0,0;1,2121212121212122;1,8604651162790697;1,5789473684210527;0,0;0,0;0,0;0,0;0,0
2_COV_J4;2;COV;4;90;HIO;99;False;True;False;21,0;1260;8;3;6;3;2;3;1;1;3;2;1;1;0;2;1;3;1;1;0;0;0;3;3;0;-10;8;80,0;24;65;41;14;36;22;10;29;19;32;41;9;14;24;38;15;8;7;3;4;29;28;0;90;77,03999999999999;74,84;37,97;116,82242990654207;132,28220203099946;-15,459772124457388;0,4461538461538462;0,5419075144508672;62,5;10,384215991692628;32,55813953488372;72,72727272727273;50,0;0,6307692307692307;0,4461538461538462;36,7897937991396;0,6211180124223602;0,5833333333333334;30,303030303030297;13,440860215053762;17,718715393133998;11,544011544011545;15,037593984962406;0,0;0,0;0,16666666666666666;0,5;1,3333333333333333
7_COV_J4;7;COV;4;90;HIO;99;False;False;False;17,433333333333334;1046;5;2;2;0;2;2;0;0;0;0;1;2;1;2;2;4;1;0;0;2;0;3;1;0;3;9;80,0;24;65;41;14;36;22;10;29;19;32;41;9;14;24;38;15;8;7;3;4;29;28;0;90;77,03999999999999;74,84;37,97;116,82242990654207;132,28220203099946;-15,459772124457388;0,4461538461538462;0,5419075144508672;62,5;10,384215991692628;32,55813953488372;72,72727272727273;50,0;0,6307692307692307;0,4461538461538462;17,154804238666213;0,8680555555555556;1,0;30,95975232198142;0,0;21,343768064387035;27,811576568746744;24,1521585991748;0,0;114,72275334608031;1,0;0,0;2,5
10_COV_J4;10;COV;4;90;HIO;99;False;False;False;21,0;1260;12;1;9;8;1;4;3;0;5;5;10;11;1;0;1;1;1;3;2;0;1;2;5;0;0;6;80,0;24;65;41;14;36;22;10;29;19;32;41;9;14;24;38;15;8;7;3;4;29;28;0;90;77,03999999999999;74,84;37,97;116,82242990654207;132,28220203099946;-15,459772124457388;0,4461538461538462;0,5419075144508672;62,5;10,384215991692628;32,55813953488372;72,72727272727273;50,0;0,6307692307692307;0,4461538461538462;83,27152252385898;0,43352601156069365;0,1111111111111111;18,867924528301884;17,81472684085511;0,0;11,544011544011545;5,012531328320802;10,180448448754166;0,0;1,2222222222222223;0,5555555555555556;1,3333333333333333
11_COV_J4;11;COV;4;90;HIO;99;False;True;False;32,333333333333336;1940;17;4;10;6;2;7;5;2;3;1;7;7;0;3;3;6;4;1;2;0;0;4;6;0;-7;24;80,0;24;65;41;14;36;22;10;29;19;32;41;9;14;24;38;15;8;7;3;4;29;28;0;90;77,03999999999999;74,84;37,97;116,82242990654207;132,28220203099946;-15,459772124457388;0,4461538461538462;0,5419075144508672;62,5;10,384215991692628;32,55813953488372;72,72727272727273;50,0;0,6307692307692307;0,4461538461538462;45,21951376176254;0,6498470948012233;0,5;70,17543859649123;7,1022727272727275;17,26204747063054;22,492970946579195;19,533369506239826;6,612043837850645;0,0;0,7;0,3;1,7
13_COV_J4;13;COV;4;90;HIO;99;False;True;False;26,766666666666666;1606;20;7;13;6;1;3;2;6;10;4;0;0;0;2;1;3;2;1;0;0;0;4;0;0;-2;14;80,0;24;65;41;14;36;22;10;29;19;32;41;9;14;24;38;15;8;7;3;4;29;28;0;90;77,03999999999999;74,84;37,97;116,82242990654207;132,28220203099946;-15,459772124457388;0,4461538461538462;0,5419075144508672;62,5;10,384215991692628;32,55813953488372;72,72727272727273;50,0;0,6307692307692307;0,4461538461538462;54,313458487059826;0,7692307692307693;0,7692307692307693;194,17475728155318;7,142857142857143;13,901358278548466;9,05694554511491;11,79786327587337;0,0;0,0;0,0;0,7692307692307693;1,5384615384615385
15_COV_J4;15;COV;4;90;HIO;99;False;False;False;0,9;54;0;0;0;0;0;0;0;0;0;0;0;0;0;0;0;0;0;0;0;0;0;0;0;0;-1;0;80,0;24;65;41;14;36;22;10;29;19;32;41;9;14;24;38;15;8;7;3;4;29;28;0;90;77,03999999999999;74,84;37,97;116,82242990654207;132,28220203099946;-15,459772124457388;0,4461538461538462;0,5419075144508672;62,5;10,384215991692628;32,55813953488372;72,72727272727273;50,0;0,6307692307692307;0,4461538461538462;0,0;0,0;0,0;0,0;0,0;0,0;0,0;0,0;0,0;0,0;0,0;0,0;0,0
16_COV_J4;16;COV;4;90;HIO;99;False;False;False;0,0;0;0;0;0;0;0;0;0;0;0;0;0;0;0;0;0;0;0;0;0;0;0;0;0;0;0;0;80,0;24;65;41;14;36;22;10;29;19;32;41;9;14;24;38;15;8;7;3;4;29;28;0;90;77,03999999999999;74,84;37,97;116,82242990654207;132,28220203099946;-15,459772124457388;0,4461538461538462;0,5419075144508672;62,5;10,384215991692628;32,55813953488372;72,72727272727273;50,0;0,6307692307692307;0,4461538461538462;0,0;0,0;0,0;0,0;0,0;0,0;0,0;0,0;0,0;0,0;0,0;0,0;0,0
22_COV_J4;22;COV;4;90;HIO;99;False;False;False;6,116666666666666;367;0;0;1;1;0;0;0;0;1;1;0;0;0;0;0;0;1;0;0;0;0;2;0;0;1;-2;80,0;24;65;41;14;36;22;10;29;19;32;41;9;14;24;38;15;8;7;3;4;29;28;0;90;77,03999999999999;74,84;37,97;116,82242990654207;132,28220203099946;-15,459772124457388;0,4461538461538462;0,5419075144508672;62,5;10,384215991692628;32,55813953488372;72,72727272727273;50,0;0,6307692307692307;0,4461538461538462;16,976919877426642;0,0;0,0;54,495912806539515;0,0;0,0;0,0;0,0;0,0;0,0;0,0;1,0;0,0
23_COV_J4;23;COV;4;90;HIO;99;False;False;False;12,783333333333333;767;0;0;6;6;0;1;1;0;5;5;0;0;0;0;1;1;1;0;0;0;0;2;0;0;-9;-6;80,0;24;65;41;14;36;22;10;29;19;32;41;9;14;24;38;15;8;7;3;4;29;28;0;90;77,03999999999999;74,84;37,97;116,82242990654207;132,28220203099946;-15,459772124457388;0,4461538461538462;0,5419075144508672;62,5;10,384215991692628;32,55813953488372;72,72727272727273;50,0;0,6307692307692307;0,4461538461538462;48,73947531954819;0,0;0,0;26,07561929595828;0,0;0,0;18,96408676069693;8,234406093460509;0,0;0,0;0,0;0,8333333333333334;0,0
29_COV_J4;29;COV;4;90;HIO;99;False;True;False;34,7;2082;21;6;14;8;6;13;7;0;1;1;9;14;5;4;7;11;4;1;1;0;2;4;9;0;-8;26;80,0;24;65;41;14;36;22;10;29;19;32;41;9;14;24;38;15;8;7;3;4;29;28;0;90;77,03999999999999;74,84;37,97;116,82242990654207;132,28220203099946;-15,459772124457388;0,4461538461538462;0,5419075144508672;62,5;10,384215991692628;32,55813953488372;72,72727272727273;50,0;0,6307692307692307;0,4461538461538462;63,32276956317464;0,5208333333333334;0,42857142857142855;90,70294784580499;4,725897920604915;21,446283761142013;48,9040258492708;33,36872440467162;3,080539155963076;0,0;1,0;0,07142857142857142;1,5
35_COV_J4;35;COV;4;90;HIO;99;False;True;False;16,233333333333334;974;1;0;3;3;0;3;3;0;0;0;1;2;1;0;2;2;0;0;2;1;1;3;1;0;-10;-1;80,0;24;65;41;14;36;22;10;29;19;32;41;9;14;24;38;15;8;7;3;4;29;28;0;90;77,03999999999999;74,84;37,97;116,82242990654207;132,28220203099946;-15,459772124457388;0,4461538461538462;0,5419075144508672;62,5;10,384215991692628;32,55813953488372;72,72727272727273;50,0;0,6307692307692307;0,4461538461538462;24,819768817926523;0,1288659793814433;0,0;0,0;0,0;0,0;29,867463132350192;12,968766886415217;13,169779307423253;61,60164271047228;0,6666666666666666;0,0;0,3333333333333333
77_COV_J4;77;COV;4;90;HIO;99;False;False;False;10,733333333333333;644;6;1;1;0;0;0;0;1;1;0;3;4;1;0;5;5;0;1;0;0;0;2;3;0;-2;10;80,0;24;65;41;14;36;22;10;29;19;32;41;9;14;24;38;15;8;7;3;4;29;28;0;90;77,03999999999999;74,84;37,97;116,82242990654207;132,28220203099946;-15,459772124457388;0,4461538461538462;0,5419075144508672;62,5;10,384215991692628;32,55813953488372;72,72727272727273;50,0;0,6307692307692307;0,4461538461538462;36,37700508891082;1,0869565217391306;1,5;0,0;26,595744680851066;0,0;112,93054771315641;49,03563255966002;0,0;0,0;4,0;1,0;6,0
COV_COV_J4;COV;COV;4;90;HIO;99;False;False;False;200,0;12000;0;0;0;0;0;0;0;0;0;0;0;0;0;1;1;2;0;0;0;0;0;0;0;0;0;2;80,0;24;65;41;14;36;22;10;29;19;32;41;9;14;24;38;15;8;7;3;4;29;28;0;90;77,03999999999999;74,84;37,97;116,82242990654207;132,28220203099946;-15,459772124457388;0,4461538461538462;0,5419075144508672;62,5;10,384215991692628;32,55813953488372;72,72727272727273;50,0;0,6307692307692307;0,4461538461538462;0,0;0,0;0,0;0,0;0,0;0,9302325581395349;1,2121212121212122;1,0526315789473684;0,0;0,0;0,0;0,0;0,0
0_BAR_J4;0;BAR;4;100;BRE;85;True;True;True;22,933333333333334;1376;10;4;8;4;4;4;0;0;4;4;2;2;0;0;2;2;2;2;1;0;0;2;2;0;14;9;80,0;37;63;26;24;32;8;13;31;18;13;19;6;11;24;35;17;15;5;5;0;22;20;2;113;75,36;72,36;36,93;132,6963906581741;117,46821448313986;15,228176175034235;0,6904761904761905;0,7006726457399103;45,945945945945944;19,904458598726116;40,74074074074074;66,66666666666667;55,55555555555556;0,30158730158730157;0,49206349206349204;50,36290919863725;0,563063063063063;0,5;30,272452068617554;18,38235294117647;0,0;19,37984496124031;11,07419712070875;4,820856955532416;0,0;0,25;0,5;1,25
2_BAR_J4;2;BAR;4;100;BRE;85;True;True;True;14,483333333333333;869;0;0;0;0;0;0;0;0;0;0;0;2;2;0;1;1;0;2;0;1;0;1;1;0;-8;-2;80,0;37;63;26;24;32;8;13;31;18;13;19;6;11;24;35;17;15;5;5;0;22;20;2;113;75,36;72,36;36,93;132,6963906581741;117,46821448313986;15,228176175034235;0,6904761904761905;0,7006726457399103;45,945945945945944;19,904458598726116;40,74074074074074;66,66666666666667;55,55555555555556;0,30158730158730157;0,49206349206349204;21,109262421848083;0,0;0,0;0,0;69,44444444444444;0,0;15,34330648254699;8,767603704312565;0,0;552,3590333716917;0,0;0,0;0,0
3_BAR_J4;3;BAR;4;100;BRE;85;True;True;True;26,45;1587;13;4;7;3;1;1;0;3;6;3;2;2;0;1;2;3;1;0;0;1;0;3;3;1;16;15;80,0;37;63;26;24;32;8;13;31;18;13;19;6;11;24;35;17;15;5;5;0;22;20;2;113;75,36;72,36;36,93;132,6963906581741;117,46821448313986;15,228176175034235;0,6904761904761905;0,7006726457399103;45,945945945945944;19,904458598726116;40,74074074074074;66,66666666666667;55,55555555555556;0,30158730158730157;0,49206349206349204;31,626391179929282;0,8248730964467005;0,7857142857142857;12,146056327336218;0,0;11,202128404396836;16,803192606595253;14,40273651993879;0,0;302,45746691871454;0,2857142857142857;0,8571428571428571;1,8571428571428572
6_BAR_J4;6;BAR;4;100;BRE;85;True;True;True;13,7;822;3;1;3;2;1;3;2;0;0;0;1;2;1;1;3;4;2;1;0;1;0;4;1;0;2;3;80,0;37;63;26;24;32;8;13;31;18;13;19;6;11;24;35;17;15;5;5;0;22;20;2;113;75,36;72,36;36,93;132,6963906581741;117,46821448313986;15,228176175034235;0,6904761904761905;0,7006726457399103;45,945945945945944;19,904458598726116;40,74074074074074;66,66666666666667;55,55555555555556;0,30158730158730157;0,49206349206349204;37,81362840361399;0,3865979381443299;0,3333333333333333;37,47950339658;20,491803278688526;21,627466882941338;48,661800486618006;37,07565751361372;0,0;583,9416058394161;0,6666666666666666;0,0;1,0
8_BAR_J4;8;BAR;4;100;BRE;85;True;False;True;15,2;912;8;3;8;5;1;2;1;2;6;4;0;0;0;1;1;2;2;2;1;0;0;2;1;0;1;5;80,0;37;63;26;24;32;8;13;31;18;13;19;6;11;24;35;17;15;5;5;0;22;20;2;113;75,36;72,36;36,93;132,6963906581741;117,46821448313986;15,228176175034235;0,6904761904761905;0,7006726457399103;45,945945945945944;19,904458598726116;40,74074074074074;66,66666666666667;55,55555555555556;0,30158730158730157;0,49206349206349204;69,84020560956532;0,5;0,5;49,62779156327543;20,0;19,49317738791423;14,619883040935674;16,70843776106934;7,273573652206803;0,0;0,0;0,75;1,0
13_BAR_J4;13;BAR;4;100;BRE;85;True;False;True;22,233333333333334;1334;5;2;2;0;1;1;0;1;1;0;0;0;0;0;3;3;1;0;1;0;0;3;3;0;20;10;80,0;37;63;26;24;32;8;13;31;18;13;19;6;11;24;35;17;15;5;5;0;22;20;2;113;75,36;72,36;36,93;132,6963906581741;117,46821448313986;15,228176175034235;0,6904761904761905;0,7006726457399103;45,945945945945944;19,904458598726116;40,74074074074074;66,66666666666667;55,55555555555556;0,30158730158730157;0,49206349206349204;9,5493654446662;1,25;1,25;12,07304190351627;0,0;0,0;29,98500749625187;17,134289997858215;4,972638059079912;0,0;0,0;0,5;2,5
14_BAR_J4;14;BAR;4;100;BRE;85;True;False;True;8,333333333333334;500;8;2;2;0;2;2;0;0;0;0;4;5;1;1;2;3;0;1;0;0;0;0;3;0;6;12;80,0;37;63;26;24;32;8;13;31;18;13;19;6;11;24;35;17;15;5;5;0;22;20;2;113;75,36;72,36;36,93;132,6963906581741;117,46821448313986;15,228176175034235;0,6904761904761905;0,7006726457399103;45,945945945945944;19,904458598726116;40,74074074074074;66,66666666666667;55,55555555555556;0,30158730158730157;0,49206349206349204;66,24203821656052;0,9523809523809523;1,0;0,0;19,23076923076923;35,55555555555555;53,333333333333336;45,714285714285715;0,0;0,0;2,5;0,0;4,0
19_BAR_J4;19;BAR;4;100;BRE;85;True;False;True;17,916666666666668;1075;11;5;5;0;5;5;0;0;0;0;1;1;0;1;3;4;1;0;0;0;0;3;1;0;7;14;80,0;37;63;26;24;32;8;13;31;18;13;19;6;11;24;35;17;15;5;5;0;22;20;2;113;75,36;72,36;36,93;132,6963906581741;117,46821448313986;15,228176175034235;0,6904761904761905;0,7006726457399103;45,945945945945944;19,904458598726116;40,74074074074074;66,66666666666667;55,55555555555556;0,30158730158730157;0,49206349206349204;32,232261887127834;1,0110294117647058;1,0;30,42789223454833;0,0;16,537467700258397;37,2093023255814;28,349944629014395;0,0;0,0;0,2;0,0;2,2
21_BAR_J4;21;BAR;4;100;BRE;85;True;False;True;17,383333333333333;1043;21;8;13;5;3;6;3;5;7;2;0;0;0;1;1;2;0;2;0;0;0;1;1;0;0;16;80,0;37;63;26;24;32;8;13;31;18;13;19;6;11;24;35;17;15;5;5;0;22;20;2;113;75,36;72,36;36,93;132,6963906581741;117,46821448313986;15,228176175034235;0,6904761904761905;0,7006726457399103;45,945945945945944;19,904458598726116;40,74074074074074;66,66666666666667;55,55555555555556;0,30158730158730157;0,49206349206349204;91,60249403057081;0,8076923076923077;0,8076923076923077;0,0;13,333333333333334;17,044849259614363;12,783636944710771;14,609870793955167;0,0;0,0;0,0;0,5384615384615384;1,6153846153846154
23_BAR_J4;23;BAR;4;100;BRE;85;True;True;True;20,966666666666665;1258;7;3;6;3;3;4;1;0;2;2;1;2;1;2;0;2;4;3;0;0;0;3;2;1;23;5;80,0;37;63;26;24;32;8;13;31;18;13;19;6;11;24;35;17;15;5;5;0;22;20;2;113;75,36;72,36;36,93;132,6963906581741;117,46821448313986;15,228176175034235;0,6904761904761905;0,7006726457399103;45,945945945945944;19,904458598726116;40,74074074074074;66,66666666666667;55,55555555555556;0,30158730158730157;0,49206349206349204;50,023796745415325;0,5087209302325582;0,5;59,72749331176507;30,36437246963563;28,263557675322385;0,0;12,11295328942388;0,0;0,0;0,3333333333333333;0,3333333333333333;1,1666666666666667
41_BAR_J4;41;BAR;4;100;BRE;85;True;False;True;0,0;0;0;0;0;0;0;0;0;0;0;0;0;0;0;0;0;0;0;0;0;0;0;0;0;0;0;0;80,0;37;63;26;24;32;8;13;31;18;13;19;6;11;24;35;17;15;5;5;0;22;20;2;113;75,36;72,36;36,93;132,6963906581741;117,46821448313986;15,228176175034235;0,6904761904761905;0,7006726457399103;45,945945945945944;19,904458598726116;40,74074074074074;66,66666666666667;55,55555555555556;0,30158730158730157;0,49206349206349204;0,0;0,0;0,0;0,0;0,0;0,0;0,0;0,0;0,0;0,0;0,0;0,0;0,0
44_BAR_J4;44;BAR;4;100;BRE;85;True;False;True;20,4;1224;14;5;9;4;3;4;1;2;5;3;2;3;1;3;2;5;4;1;1;2;0;0;2;0;-6;22;80,0;37;63;26;24;32;8;13;31;18;13;19;6;11;24;35;17;15;5;5;0;22;20;2;113;75,36;72,36;36,93;132,6963906581741;117,46821448313986;15,228176175034235;0,6904761904761905;0,7006726457399103;45,945945945945944;19,904458598726116;40,74074074074074;66,66666666666667;55,55555555555556;0,30158730158730157;0,49206349206349204;58,906789892177684;0,6782945736434108;0,6666666666666666;90,19165727170235;8,8339222614841;43,572984749455344;21,78649237472767;31,123560535325247;5,4195254663501675;784,3137254901961;0,3333333333333333;0,5555555555555556;1,5555555555555556
BAR_BAR_J4;BAR;BAR;4;100;BRE;85;True;False;True;200,0;12000;0;0;0;0;0;0;0;0;0;0;0;0;0;0;4;4;0;1;1;0;0;0;0;0;0;4;80,0;37;63;26;24;32;8;13;31;18;13;19;6;11;24;35;17;15;5;5;0;22;20;2;113;75,36;72,36;36,93;132,6963906581741;117,46821448313986;15,228176175034235;0,6904761904761905;0,7006726457399103;45,945945945945944;19,904458598726116;40,74074074074074;66,66666666666667;55,55555555555556;0,30158730158730157;0,49206349206349204;0,5307855626326964;0,0;0,0;0,0;100,0;0,0;4,444444444444445;2,5396825396825395;0,552791597567717;0,0;0,0;0,0;0,0
0_BRE_J4;0;BRE;4;85;BAR;100;False;True;False;21,65;1299;10;4;6;2;2;3;1;2;3;1;0;0;0;1;3;4;1;1;0;0;1;3;0;1;-6;8;80,0;30;65;35;20;33;13;10;32;22;15;19;4;12;16;28;14;11;8;0;4;20;21;1;82;72,36;75,36;36,93;117,46821448313986;132,6963906581741;-15,228176175034235;0,5384615384615384;0,5793347873500545;46,666666666666664;15,201768933112216;33,333333333333336;59,25925925925926;44,44444444444444;0,2923076923076923;0,49230769230769234;35,74633887273921;0,8333333333333334;0,8333333333333334;24,279210925644914;14,285714285714286;10,264305876315115;41,05722350526046;23,46127057443455;0,0;0,0;0,0;0,5;1,6666666666666667
1_BRE_J4;1;BRE;4;85;BAR;100;False;True;False;19,05;1143;12;3;5;2;2;2;0;1;3;2;5;5;0;1;2;3;0;1;0;0;0;2;4;0;-8;14;80,0;30;65;35;20;33;13;10;32;22;15;19;4;12;16;28;14;11;8;0;4;20;21;1;82;72,36;75,36;36,93;117,46821448313986;132,6963906581741;-15,228176175034235;0,5384615384615384;0,5793347873500545;46,666666666666664;15,201768933112216;33,333333333333336;59,25925925925926;44,44444444444444;0,2923076923076923;0,49230769230769234;47,589407874596105;0,8333333333333333;0,7;0,0;12,195121951219512;11,665208515602215;31,107222708272577;19,99750031246094;0,0;0,0;1,0;0,6;2,4
4_BRE_J4;4;BRE;4;85;BAR;100;False;True;False;22,383333333333333;1343;11;4;14;10;2;10;8;2;4;2;1;1;0;1;1;2;2;1;0;0;1;1;5;0;-5;7;80,0;30;65;35;20;33;13;10;32;22;15;19;4;12;16;28;14;11;8;0;4;20;21;1;82;72,36;75,36;36,93;117,46821448313986;132,6963906581741;-15,228176175034235;0,5384615384615384;0,5793347873500545;46,666666666666664;15,201768933112216;33,333333333333336;59,25925925925926;44,44444444444444;0,2923076923076923;0,49230769230769234;76,26301354977409;0,3808864265927978;0,35714285714285715;45,51920341394025;6,476683937823834;9,928021841648052;13,237362455530736;11,346310676169203;0,0;0,0;0,07142857142857142;0,2857142857142857;0,7857142857142857
8_BRE_J4;8;BRE;4;85;BAR;100;False;False;False;8,366666666666667;502;0;0;0;0;0;0;0;0;0;0;0;0;0;0;0;0;0;0;0;0;0;3;0;0;5;-3;80,0;30;65;35;20;33;13;10;32;22;15;19;4;12;16;28;14;11;8;0;4;20;21;1;82;72,36;75,36;36,93;117,46821448313986;132,6963906581741;-15,228176175034235;0,5384615384615384;0,5793347873500545;46,666666666666664;15,201768933112216;33,333333333333336;59,25925925925926;44,44444444444444;0,2923076923076923;0,49230769230769234;0,0;0,0;0,0;0,0;0,0;0,0;0,0;0,0;0,0;0,0;0,0;0,0;0,0
10_BRE_J4;10;BRE;4;85;BAR;100;False;False;False;21,4;1284;17;5;9;4;2;3;1;3;6;3;4;5;1;0;2;2;2;1;2;0;0;1;4;0;6;20;80,0;30;65;35;20;33;13;10;32;22;15;19;4;12;16;28;14;11;8;0;4;20;21;1;82;72,36;75,36;36,93;117,46821448313986;132,6963906581741;-15,228176175034235;0,5384615384615384;0,5793347873500545;46,666666666666664;15,201768933112216;33,333333333333336;59,25925925925926;44,44444444444444;0,2923076923076923;0,49230769230769234;63,0285746759453;0,7589285714285715;0,7222222222222222;66,11570247933888;8,196721311475411;0,0;27,691242644513675;11,86767541907729;9,921225469770027;0,0;0,5555555555555556;0,6666666666666666;1,8888888888888888
17_BRE_J4;17;BRE;4;85;BAR;100;False;False;False;20,95;1257;7;3;6;3;2;3;1;1;3;2;0;0;0;0;3;3;0;1;0;0;1;2;0;0;-7;3;80,0;30;65;35;20;33;13;10;32;22;15;19;4;12;16;28;14;11;8;0;4;20;21;1;82;72,36;75,36;36,93;117,46821448313986;132,6963906581741;-15,228176175034235;0,5384615384615384;0,5793347873500545;46,666666666666664;15,201768933112216;33,333333333333336;59,25925925925926;44,44444444444444;0,2923076923076923;0,49230769230769234;36,94072728376152;0,5833333333333334;0,5833333333333334;0,0;14,285714285714286;0,0;42,429063908777515;18,18388453233322;0,0;0,0;0,0;0,5;1,1666666666666667
18_BRE_J4;18;BRE;4;85;BAR;100;False;True;False;15,416666666666666;925;4;2;3;1;2;3;1;0;0;0;0;2;2;1;1;2;2;0;1;0;0;2;2;0;-14;6;80,0;30;65;35;20;33;13;10;32;22;15;19;4;12;16;28;14;11;8;0;4;20;21;1;82;72,36;75,36;36,93;117,46821448313986;132,6963906581741;-15,228176175034235;0,5384615384615384;0,5793347873500545;46,666666666666664;15,201768933112216;33,333333333333336;59,25925925925926;44,44444444444444;0,2923076923076923;0,49230769230769234;27,82483976513827;0,5154639175257733;0,6666666666666666;52,89256198347109;0,0;14,414414414414415;19,21921921921922;16,473616473616474;6,885866758478223;0,0;0,6666666666666666;0,0;1,3333333333333333
19_BRE_J4;19;BRE;4;85;BAR;100;False;False;False;17,616666666666667;1057;4;2;5;3;2;2;0;0;3;3;0;0;0;1;1;2;6;3;2;0;0;1;1;0;-10;8;80,0;30;65;35;20;33;13;10;32;22;15;19;4;12;16;28;14;11;8;0;4;20;21;1;82;72,36;75,36;36,93;117,46821448313986;132,6963906581741;-15,228176175034235;0,5384615384615384;0,5793347873500545;46,666666666666664;15,201768933112216;33,333333333333336;59,25925925925926;44,44444444444444;0,2923076923076923;0,49230769230769234;50,206237811259065;0,4;0,4;130,25780189959295;37,5;12,61431725007884;16,819089666771784;14,416362571518672;12,051895461858763;0,0;0,0;0,6;0,8
22_BRE_J4;22;BRE;4;85;BAR;100;False;False;False;16,216666666666665;973;15;5;7;2;4;4;0;1;3;2;4;4;0;2;0;2;0;0;2;0;0;2;2;0;-6;17;80,0;30;65;35;20;33;13;10;32;22;15;19;4;12;16;28;14;11;8;0;4;20;21;1;82;72,36;75,36;36,93;117,46821448313986;132,6963906581741;-15,228176175034235;0,5384615384615384;0,5793347873500545;46,666666666666664;15,201768933112216;33,333333333333336;59,25925925925926;44,44444444444444;0,2923076923076923;0,49230769230769234;59,72194525829231;0,8561643835616438;0,7857142857142857;0,0;0,0;27,406646111682086;0,0;15,660940635246906;13,092346868637938;0,0;0,5714285714285714;0,42857142857142855;2,142857142857143
23_BRE_J4;23;BRE;4;85;BAR;100;False;False;False;0,0;0;0;0;0;0;0;0;0;0;0;0;0;0;0;0;0;0;0;0;0;0;0;0;0;0;0;0;80,0;30;65;35;20;33;13;10;32;22;15;19;4;12;16;28;14;11;8;0;4;20;21;1;82;72,36;75,36;36,93;117,46821448313986;132,6963906581741;-15,228176175034235;0,5384615384615384;0,5793347873500545;46,666666666666664;15,201768933112216;33,333333333333336;59,25925925925926;44,44444444444444;0,2923076923076923;0,49230769230769234;0,0;0,0;0,0;0,0;0,0;0,0;0,0;0,0;0,0;0,0;0,0;0,0;0,0
37_BRE_J4;37;BRE;4;85;BAR;100;False;False;False;18,35;1101;5;2;4;2;2;3;1;0;1;1;1;2;1;2;1;3;1;0;0;0;1;2;2;0;-9;5;80,0;30;65;35;20;33;13;10;32;22;15;19;4;12;16;28;14;11;8;0;4;20;21;1;82;72,36;75,36;36,93;117,46821448313986;132,6963906581741;-15,228176175034235;0,5384615384615384;0,5793347873500545;46,666666666666664;15,201768933112216;33,333333333333336;59,25925925925926;44,44444444444444;0,2923076923076923;0,49230769230769234;29,40188551640827;0,5122950819672131;0,5;20,486555697823302;0,0;24,220405691795335;16,146937127863556;20,76034773582457;0,0;0,0;0,5;0,25;1,25
47_BRE_J4;47;BRE;4;85;BAR;100;False;True;False;18,6;1116;0;0;6;6;0;0;0;0;6;6;0;0;0;0;0;0;0;2;1;0;0;1;1;0;-21;-7;80,0;30;65;35;20;33;13;10;32;22;15;19;4;12;16;28;14;11;8;0;4;20;21;1;82;72,36;75,36;36,93;117,46821448313986;132,6963906581741;-15,228176175034235;0,5384615384615384;0,5793347873500545;46,666666666666664;15,201768933112216;33,333333333333336;59,25925925925926;44,44444444444444;0,2923076923076923;0,49230769230769234;47,55196538216919;0,0;0,0;0,0;25,0;0,0;0,0;0,0;5,707371641211789;0,0;0,0;1,0;0,0
BRE_BRE_J4;BRE;BRE;4;85;BAR;100;False;False;False;200,0;12000;0;0;0;0;0;0;0;0;0;0;0;0;0;3;2;5;0;1;0;0;0;0;0;0;0;4;80,0;30;65;35;20;33;13;10;32;22;15;19;4;12;16;28;14;11;8;0;4;20;21;1;82;72,36;75,36;36,93;117,46821448313986;132,6963906581741;-15,228176175034235;0,5384615384615384;0,5793347873500545;46,666666666666664;15,201768933112216;33,333333333333336;59,25925925925926;44,44444444444444;0,2923076923076923;0,49230769230769234;0,552791597567717;0,0;0,0;0,0;100,0;3,3333333333333335;2,962962962962963;3,1746031746031744;0,0;0,0;0,0;0,0;0,0
2_LLT_J4;2;LLT;4;95;UNI;79;True;False;True;0,0;0;0;0;0;0;0;0;0;0;0;0;0;0;0;0;0;0;0;0;0;0;0;0;0;0;0;0;80,0;30;58;28;16;30;14;14;28;14;21;25;4;5;22;27;24;6;5;0;2;23;24;1;112;70,0;67,56;34,39;135,71428571428572;116,93309650680875;18,78118920747697;0,6379310344827587;0,6884057971014492;80,0;8,571428571428571;18,51851851851852;59,45945945945946;42,1875;0,43103448275862066;0,4827586206896552;0,0;0,0;0,0;0,0;0,0;0,0;0,0;0,0;0,0;0,0;0,0;0,0;0,0
3_LLT_J4;3;LLT;4;95;UNI;79;True;False;True;14,566666666666666;874;8;3;4;1;1;1;0;2;3;1;0;0;0;0;1;1;3;1;0;0;0;2;2;0;-10;10;80,0;30;58;28;16;30;14;14;28;14;21;25;4;5;22;27;24;6;5;0;2;23;24;1;112;70,0;67,56;34,39;135,71428571428572;116,93309650680875;18,78118920747697;0,6379310344827587;0,6884057971014492;80,0;8,571428571428571;18,51851851851852;59,45945945945946;42,1875;0,43103448275862066;0,4827586206896552;39,22850604772802;1,0;1,0;121,82741116751272;20,0;0,0;14,843218504545735;8,581235697940503;0,0;0,0;0,0;0,75;2,0
6_LLT_J4;6;LLT;4;95;UNI;79;True;False;True;19,533333333333335;1172;5;1;4;3;0;0;0;1;4;3;2;2;0;0;0;0;2;0;1;0;0;5;3;0;9;3;80,0;30;58;28;16;30;14;14;28;14;21;25;4;5;22;27;24;6;5;0;2;23;24;1;112;70,0;67,56;34,39;135,71428571428572;116,93309650680875;18,78118920747697;0,6379310344827587;0,6884057971014492;80,0;8,571428571428571;18,51851851851852;59,45945945945946;42,1875;0,43103448275862066;0,4827586206896552;28,551925889809844;0,5122950819672131;0,375;31,62055335968379;0,0;0,0;0,0;0,0;6,062112403688188;0,0;0,5;1,0;1,25
9_LLT_J4;9;LLT;4;95;UNI;79;True;True;True;27,95;1677;19;7;14;7;5;11;6;2;3;1;3;4;1;1;1;2;6;2;2;0;0;2;3;0;19;20;80,0;30;58;28;16;30;14;14;28;14;21;25;4;5;22;27;24;6;5;0;2;23;24;1;112;70,0;67,56;34,39;135,71428571428572;116,93309650680875;18,78118920747697;0,6379310344827587;0,6884057971014492;80,0;8,571428571428571;18,51851851851852;59,45945945945946;42,1875;0,43103448275862066;0,4827586206896552;72,61947354970609;0,6027918781725888;0,5714285714285714;172,3518850987433;11,261261261261263;10,600940833498973;7,735821689310063;8,94454382826476;8,473220914874846;0,0;0,2857142857142857;0,21428571428571427;1,3571428571428572
11_LLT_J4;11;LLT;4;95;UNI;79;True;False;True;22,433333333333334;1346;10;3;5;2;2;4;2;1;1;0;3;5;2;1;1;2;1;0;0;0;0;1;4;0;7;12;80,0;30;58;28;16;30;14;14;28;14;21;25;4;5;22;27;24;6;5;0;2;23;24;1;112;70,0;67,56;34,39;135,71428571428572;116,93309650680875;18,78118920747697;0,6379310344827587;0,6884057971014492;80,0;8,571428571428571;18,51851851851852;59,45945945945946;42,1875;0,43103448275862066;0,4827586206896552;36,680110379961796;0,6944444444444444;0,7;18,475750577367208;0,0;13,207858675912167;9,638167141881853;11,144130757800891;0,0;0,0;1,0;0,2;2,0
15_LLT_J4;15;LLT;4;95;UNI;79;True;True;True;23,916666666666668;1435;9;3;5;2;0;0;0;3;5;2;0;0;0;0;4;4;1;0;1;0;0;1;0;0;12;12;80,0;30;58;28;16;30;14;14;28;14;21;25;4;5;22;27;24;6;5;0;2;23;24;1;112;70,0;67,56;34,39;135,71428571428572;116,93309650680875;18,78118920747697;0,6379310344827587;0,6884057971014492;80,0;8,571428571428571;18,51851851851852;59,45945945945946;42,1875;0,43103448275862066;0,4827586206896552;23,89248382279741;0,9;0,9;16,75392670157068;0,0;0,0;36,16159713720689;20,905923344947734;4,9510771687265205;0,0;0,0;1,0;1,8
19_LLT_J4;19;LLT;4;95;UNI;79;True;True;True;23,05;1383;15;5;6;1;5;6;1;0;0;0;5;5;0;3;5;8;2;2;0;0;1;3;4;1;1;22;80,0;30;58;28;16;30;14;14;28;14;21;25;4;5;22;27;24;6;5;0;2;23;24;1;112;70,0;67,56;34,39;135,71428571428572;116,93309650680875;18,78118920747697;0,6379310344827587;0,6884057971014492;80,0;8,571428571428571;18,51851851851852;59,45945945945946;42,1875;0,43103448275862066;0,4827586206896552;50,57328788348311;0,9146341463414634;0,8333333333333334;54,88850771869639;19,607843137254903;38,563509279344416;46,901565339743215;43,38394793926247;0,0;0,0;0,8333333333333334;0,0;2,5
21_LLT_J4;21;LLT;4;95;UNI;79;True;False;True;11,583333333333334;695;5;0;2;2;0;1;1;0;1;1;5;6;1;0;1;1;0;0;0;0;0;2;3;0;2;4;80,0;30;58;28;16;30;14;14;28;14;21;25;4;5;22;27;24;6;5;0;2;23;24;1;112;70,0;67,56;34,39;135,71428571428572;116,93309650680875;18,78118920747697;0,6379310344827587;0,6884057971014492;80,0;8,571428571428571;18,51851851851852;59,45945945945946;42,1875;0,43103448275862066;0,4827586206896552;45,780061664953756;0,5387931034482758;0,0;0,0;0,0;0,0;18,66614816255104;10,791366906474819;0,0;0,0;3,0;0,5;2,5
31_LLT_J4;31;LLT;4;95;UNI;79;True;True;True;14,016666666666667;841;6;2;6;4;0;2;2;2;4;2;0;0;0;0;4;4;2;0;0;0;1;1;0;0;8;6;80,0;30;58;28;16;30;14;14;28;14;21;25;4;5;22;27;24;6;5;0;2;23;24;1;112;70,0;67,56;34,39;135,71428571428572;116,93309650680875;18,78118920747697;0,6379310344827587;0,6884057971014492;80,0;8,571428571428571;18,51851851851852;59,45945945945946;42,1875;0,43103448275862066;0,4827586206896552;48,92135213181586;0,5;0,5;61,42034548944337;0,0;0,0;61,702606292380366;35,6718192627824;0,0;0,0;0,0;0,6666666666666666;1,0
33_LLT_J4;33;LLT;4;95;UNI;79;True;False;True;2,5166666666666666;151;0;0;0;0;0;0;0;0;0;0;0;0;0;0;0;0;0;0;0;0;0;0;0;0;0;0;80,0;30;58;28;16;30;14;14;28;14;21;25;4;5;22;27;24;6;5;0;2;23;24;1;112;70,0;67,56;34,39;135,71428571428572;116,93309650680875;18,78118920747697;0,6379310344827587;0,6884057971014492;80,0;8,571428571428571;18,51851851851852;59,45945945945946;42,1875;0,43103448275862066;0,4827586206896552;0,0;0,0;0,0;0,0;0,0;0,0;0,0;0,0;0,0;0,0;0,0;0,0;0,0
35_LLT_J4;35;LLT;4;95;UNI;79;True;False;True;16,95;1017;9;3;5;2;3;4;1;0;1;1;3;3;0;0;0;0;2;0;0;0;0;1;3;0;15;11;80,0;30;58;28;16;30;14;14;28;14;21;25;4;5;22;27;24;6;5;0;2;23;24;1;112;70,0;67,56;34,39;135,71428571428572;116,93309650680875;18,78118920747697;0,6379310344827587;0,6884057971014492;80,0;8,571428571428571;18,51851851851852;59,45945945945946;42,1875;0,43103448275862066;0,4827586206896552;42,612726506531814;0,7120253164556962;0,6;59,59031657355681;0,0;0,0;0,0;0,0;0,0;0,0;0,6;0,2;1,8
42_LLT_J4;42;LLT;4;95;UNI;79;True;True;True;23,483333333333334;1409;9;3;7;4;0;1;1;3;6;3;0;0;0;0;3;3;5;0;0;0;0;4;2;0;17;11;80,0;30;58;28;16;30;14;14;28;14;21;25;4;5;22;27;24;6;5;0;2;23;24;1;112;70,0;67,56;34,39;135,71428571428572;116,93309650680875;18,78118920747697;0,6379310344827587;0,6884057971014492;80,0;8,571428571428571;18,51851851851852;59,45945945945946;42,1875;0,43103448275862066;0,4827586206896552;34,066713981547196;0,6428571428571429;0,6428571428571429;86,11410118406889;0,0;0,0;27,621659985038267;15,968772178850248;0,0;0,0;0,0;0,8571428571428571;1,2857142857142858
LLT_LLT_J4;LLT;LLT;4;95;UNI;79;True;False;True;200,0;12000;0;0;0;0;0;0;0;0;0;0;0;0;0;0;2;2;0;1;1;0;0;1;0;0;0;1;80,0;30;58;28;16;30;14;14;28;14;21;25;4;5;22;27;24;6;5;0;2;23;24;1;112;70,0;67,56;34,39;135,71428571428572;116,93309650680875;18,78118920747697;0,6379310344827587;0,6884057971014492;80,0;8,571428571428571;18,51851851851852;59,45945945945946;42,1875;0,43103448275862066;0,4827586206896552;0,5714285714285714;0,0;0,0;0,0;100,0;0,0;2,1621621621621623;1,25;0,5920663114268798;0,0;0,0;0,0;0,0
0_UNI_J4;0;UNI;4;79;LLT;95;False;True;False;25,233333333333334;1514;11;5;9;4;5;8;3;0;1;1;1;2;1;6;6;12;1;1;1;1;0;1;2;2;-9;21;80,0;27;61;34;19;40;21;8;21;13;17;24;7;15;22;37;18;11;4;2;0;24;22;5;86;67,56;70,0;34,39;116,93309650680875;135,71428571428572;-18,78118920747697;0,5081967213114754;0,5519843487982112;66,66666666666667;16,281823564239193;40,54054054054054;81,48148148148148;57,8125;0,39344262295081966;0,3442622950819672;51,05692048870108;0,5566801619433198;0,5555555555555556;28,439388553146113;9,191176470588236;51,412046128030276;70,4535446939674;59,445178335535005;4,529156444612191;158,52047556142668;0,2222222222222222;0,1111111111111111;1,2222222222222223
2_UNI_J4;2;UNI;4;79;LLT;95;False;False;False;21,3;1278;18;7;9;2;7;9;2;0;0;0;4;8;4;3;1;4;0;4;0;1;0;5;6;3;-14;14;80,0;27;61;34;19;40;21;8;21;13;17;24;7;15;22;37;18;11;4;2;0;24;22;5;86;67,56;70,0;34,39;116,93309650680875;135,71428571428572;-18,78118920747697;0,5081967213114754;0,5519843487982112;66,66666666666667;16,281823564239193;40,54054054054054;81,48148148148148;57,8125;0,39344262295081966;0,3442622950819672;91,83976962227281;0,7188498402555911;0,7777777777777778;0,0;24,213075060532688;30,45298819946707;13,910624239262736;23,474178403755868;0,0;187,79342723004694;0,8888888888888888;0,0;2,0
3_UNI_J4;3;UNI;4;79;LLT;95;False;False;False;17,1;1026;10;4;6;2;2;3;1;2;3;1;0;0;0;1;2;3;0;1;1;0;0;4;1;0;-2;8;80,0;27;61;34;19;40;21;8;21;13;17;24;7;15;22;37;18;11;4;2;0;24;22;5;86;67,56;70,0;34,39;116,93309650680875;135,71428571428572;-18,78118920747697;0,5081967213114754;0,5519843487982112;66,66666666666667;16,281823564239193;40,54054054054054;81,48148148148148;57,8125;0,39344262295081966;0,3442622950819672;48,4732652630194;0,8333333333333334;0,8333333333333334;0,0;14,285714285714286;12,64422317053896;34,65453757851418;21,929824561403507;6,683375104427736;0,0;0,0;0,5;1,6666666666666667
4_UNI_J4;4;UNI;4;79;LLT;95;False;True;False;25,683333333333334;1541;8;3;6;3;1;4;3;2;2;0;0;0;0;2;1;3;2;1;1;0;0;3;1;0;-9;8;80,0;27;61;34;19;40;21;8;21;13;17;24;7;15;22;37;18;11;4;2;0;24;22;5;86;67,56;70,0;34,39;116,93309650680875;135,71428571428572;-18,78118920747697;0,5081967213114754;0,5519843487982112;66,66666666666667;16,281823564239193;40,54054054054054;81,48148148148148;57,8125;0,39344262295081966;0,3442622950819672;32,27356921470337;0,6666666666666666;0,6666666666666666;35,285036939023044;14,285714285714286;16,837083676798148;11,536520297065398;14,600908500973393;4,449800686010939;0,0;0,0;0,3333333333333333;1,3333333333333333
7_UNI_J4;7;UNI;4;79;LLT;95;False;False;False;18,916666666666668;1135;9;4;7;3;3;4;1;1;3;2;0;0;0;2;1;3;1;0;0;0;0;2;1;0;-9;9;80,0;27;61;34;19;40;21;8;21;13;17;24;7;15;22;37;18;11;4;2;0;24;22;5;86;67,56;70,0;34,39;116,93309650680875;135,71428571428572;-18,78118920747697;0,5081967213114754;0,5519843487982112;66,66666666666667;16,281823564239193;40,54054054054054;81,48148148148148;57,8125;0,39344262295081966;0,3442622950819672;43,81812348886158;0,6428571428571429;0,6428571428571429;41,9397116644823;0,0;22,859864269555896;15,663240332843856;19,823788546255507;0,0;0,0;0,0;0,42857142857142855;1,2857142857142858
9_UNI_J4;9;UNI;4;79;LLT;95;False;True;False;20,833333333333332;1250;9;2;6;4;0;2;2;2;4;2;3;3;0;1;1;2;4;0;0;0;0;1;1;0;-16;11;80,0;27;61;34;19;40;21;8;21;13;17;24;7;15;22;37;18;11;4;2;0;24;22;5;86;67,56;70,0;34,39;116,93309650680875;135,71428571428572;-18,78118920747697;0,5081967213114754;0,5519843487982112;66,66666666666667;16,281823564239193;40,54054054054054;81,48148148148148;57,8125;0,39344262295081966;0,3442622950819672;41,6056838365897;0,6147540983606558;0,5;79,50310559006212;0,0;10,378378378378379;14,222222222222221;12,0;0,0;0,0;0,5;0,6666666666666666;1,5
13_UNI_J4;13;UNI;4;79;LLT;95;False;False;False;18,966666666666665;1138;3;0;2;2;0;2;2;0;0;0;3;4;1;0;0;0;4;0;1;0;0;3;4;0;2;6;80,0;27;61;34;19;40;21;8;21;13;17;24;7;15;22;37;18;11;4;2;0;24;22;5;86;67,56;70,0;34,39;116,93309650680875;135,71428571428572;-18,78118920747697;0,5081967213114754;0,5519843487982112;66,66666666666667;16,281823564239193;40,54054054054054;81,48148148148148;57,8125;0,39344262295081966;0,3442622950819672;23,474544790492807;0,398936170212766;0,0;62,48779535247023;0,0;0,0;0,0;0,0;6,025608837559629;0,0;2,0;0,0;1,5
27_UNI_J4;27;UNI;4;79;LLT;95;False;True;False;21,6;1296;7;1;9;8;0;3;3;1;6;5;4;4;0;0;3;3;2;1;0;0;0;2;4;0;-17;5;80,0;27;61;34;19;40;21;8;21;13;17;24;7;15;22;37;18;11;4;2;0;24;22;5;86;67,56;70,0;34,39;116,93309650680875;135,71428571428572;-18,78118920747697;0,5081967213114754;0,5519843487982112;66,66666666666667;16,281823564239193;40,54054054054054;81,48148148148148;57,8125;0,39344262295081966;0,3442622950819672;64,4694427998158;0,3252788104089219;0,16666666666666666;31,796502384737675;8,503401360544219;0,0;41,15226337448559;17,36111111111111;0,0;0,0;0,4444444444444444;0,6666666666666666;0,7777777777777778
33_UNI_J4;33;UNI;4;79;LLT;95;False;False;False;0,0;0;0;0;0;0;0;0;0;0;0;0;0;0;0;0;0;0;0;0;0;0;0;0;0;0;0;0;80,0;27;61;34;19;40;21;8;21;13;17;24;7;15;22;37;18;11;4;2;0;24;22;5;86;67,56;70,0;34,39;116,93309650680875;135,71428571428572;-18,78118920747697;0,5081967213114754;0,5519843487982112;66,66666666666667;16,281823564239193;40,54054054054054;81,48148148148148;57,8125;0,39344262295081966;0,3442622950819672;0,0;0,0;0,0;0,0;0,0;0,0;0,0;0,0;0,0;0,0;0,0;0,0;0,0
45_UNI_J4;45;UNI;4;79;LLT;95;False;True;False;11,2;672;2;1;4;3;1;2;1;0;2;2;0;0;0;0;0;0;0;0;0;0;0;0;0;0;-6;-1;80,0;27;61;34;19;40;21;8;21;13;17;24;7;15;22;37;18;11;4;2;0;24;22;5;86;67,56;70,0;34,39;116,93309650680875;135,71428571428572;-18,78118920747697;0,5081967213114754;0,5519843487982112;66,66666666666667;16,281823564239193;40,54054054054054;81,48148148148148;57,8125;0,39344262295081966;0,3442622950819672;42,2904508162057;0,25;0,25;0,0;0,0;0,0;0,0;0,0;0,0;0,0;0,0;0,5;0,5
55_UNI_J4;55;UNI;4;79;LLT;95;False;False;False;19,166666666666668;1150;2;0;3;3;0;3;3;0;0;0;2;3;1;0;4;4;4;2;0;0;0;3;2;0;0;3;80,0;27;61;34;19;40;21;8;21;13;17;24;7;15;22;37;18;11;4;2;0;24;22;5;86;67,56;70,0;34,39;116,93309650680875;135,71428571428572;-18,78118920747697;0,5081967213114754;0,5519843487982112;66,66666666666667;16,281823564239193;40,54054054054054;81,48148148148148;57,8125;0,39344262295081966;0,3442622950819672;39,04548613792571;0,23148148148148145;0,0;61,83574879227053;31,645569620253163;0,0;61,83574879227053;26,08695652173913;0,0;0,0;1,0;0,0;0,6666666666666666
UNI_UNI_J4;UNI;UNI;4;79;LLT;95;False;False;False;200,0;12000;0;0;0;0;0;0;0;0;0;0;0;0;0;0;3;3;0;1;0;0;0;0;0;0;0;2;80,0;27;61;34;19;40;21;8;21;13;17;24;7;15;22;37;18;11;4;2;0;24;22;5;86;67,56;70,0;34,39;116,93309650680875;135,71428571428572;-18,78118920747697;0,5081967213114754;0,5519843487982112;66,66666666666667;16,281823564239193;40,54054054054054;81,48148148148148;57,8125;0,39344262295081966;0,3442622950819672;0,5920663114268798;0,0;0,0;0,0;100,0;0,0;4,444444444444445;1,875;0,0;0,0;0,0;0,0;0,0
00_BUR_J4;00;BUR;4;89;CAZ;102;True;True;False;14,683333333333334;881;7;2;6;4;2;5;3;0;1;1;3;7;4;1;1;2;0;1;0;0;0;3;3;0;-12;0;80,0;30;71;41;22;41;19;8;30;22;21;34;13;11;19;30;15;14;10;4;2;26;25;5;77;88,96000000000001;88,52;44,370000000000005;100,04496402877697;115,22819701762315;-15,183232988846171;0,4788732394366197;0,5176826430898092;50,0;15,737410071942445;25,58139534883721;55,88235294117647;38,96103896103896;0,4788732394366197;0,4225352112676056;61,73494802342008;0,3854625550660793;0,3333333333333333;0,0;9,920634920634921;12,670591030277434;16,024571008880283;14,15156920264752;0,0;0,0;1,1666666666666667;0,16666666666666666;1,1666666666666667
3_BUR_J4;3;BUR;4;89;CAZ;102;True;False;False;7,116666666666666;427;2;1;2;1;1;1;0;0;1;1;0;0;0;1;1;2;1;2;3;0;0;3;0;0;-4;2;80,0;30;71;41;22;41;19;8;30;22;21;34;13;11;19;30;15;14;10;4;2;26;25;5;77;88,96000000000001;88,52;44,370000000000005;100,04496402877697;115,22819701762315;-15,183232988846171;0,4788732394366197;0,5176826430898092;50,0;15,737410071942445;25,58139534883721;55,88235294117647;38,96103896103896;0,4788732394366197;0,4225352112676056;50,54504405843007;0,5;0,5;59,9250936329588;50,0;26,142366973476392;33,06240528998485;29,197968308038565;38,0972135063088;0,0;0,0;0,5;1,0
6_BUR_J4;6;BUR;4;89;CAZ;102;True;True;False;19,816666666666666;1189;2;1;5;4;1;4;3;0;1;1;0;0;0;1;1;2;1;1;0;0;0;5;3;0;-4;-2;80,0;30;71;41;22;41;19;8;30;22;21;34;13;11;19;30;15;14;10;4;2;26;25;5;77;88,96000000000001;88,52;44,370000000000005;100,04496402877697;115,22819701762315;-15,183232988846171;0,4788732394366197;0,5176826430898092;50,0;15,737410071942445;25,58139534883721;55,88235294117647;38,96103896103896;0,4788732394366197;0,4225352112676056;27,228007333409973;0,2;0,2;15,549076773566568;16,666666666666668;9,38838578441919;11,873546727353684;10,485729577403253;0,0;0,0;0,0;0,2;0,4
7_BUR_J4;7;BUR;4;89;CAZ;102;True;False;False;10,55;633;6;3;6;3;3;3;0;0;3;3;0;0;0;1;1;2;0;0;2;0;0;0;0;3;-3;7;80,0;30;71;41;22;41;19;8;30;22;21;34;13;11;19;30;15;14;10;4;2;26;25;5;77;88,96000000000001;88,52;44,370000000000005;100,04496402877697;115,22819701762315;-15,183232988846171;0,4788732394366197;0,5176826430898092;50,0;15,737410071942445;25,58139534883721;55,88235294117647;38,96103896103896;0,4788732394366197;0,4225352112676056;51,14391898803232;0,5;0,5;0,0;0,0;17,634740438664167;22,302759966545857;19,69594386655998;17,13271212974603;0,0;0,0;0,5;1,0
8_BUR_J4;8;BUR;4;89;CAZ;102;True;False;False;2,0833333333333335;125;0;0;0;0;0;0;0;0;0;0;0;0;0;0;0;0;0;0;1;0;0;0;0;0;2;1;80,0;30;71;41;22;41;19;8;30;22;21;34;13;11;19;30;15;14;10;4;2;26;25;5;77;88,96000000000001;88,52;44,370000000000005;100,04496402877697;115,22819701762315;-15,183232988846171;0,4788732394366197;0,5176826430898092;50,0;15,737410071942445;25,58139534883721;55,88235294117647;38,96103896103896;0,4788732394366197;0,4225352112676056;0,0;0,0;0,0;0,0;0,0;0,0;0,0;0,0;43,38002711251694;0,0;0,0;0,0;0,0
10_BUR_J4;10;BUR;4;89;CAZ;102;True;False;False;25,566666666666666;1534;17;4;8;4;1;3;2;3;5;2;6;7;1;1;1;2;0;1;0;1;0;0;4;0;-13;18;80,0;30;71;41;22;41;19;8;30;22;21;34;13;11;19;30;15;14;10;4;2;26;25;5;77;88,96000000000001;88,52;44,370000000000005;100,04496402877697;115,22819701762315;-15,183232988846171;0,4788732394366197;0,5176826430898092;50,0;15,737410071942445;25,58139534883721;55,88235294117647;38,96103896103896;0,4788732394366197;0,4225352112676056;42,4901278455723;0,7671480144404332;0,6875;0,0;8,278145695364238;7,276917012825567;9,203159751514686;8,1274657545844;0,0;24,06980242703841;0,875;0,625;2,125
11_BUR_J4;11;BUR;4;89;CAZ;102;True;False;False;20,333333333333332;1220;8;2;6;4;1;2;1;1;4;3;3;3;0;2;3;5;2;0;0;0;0;0;1;0;-3;12;80,0;30;71;41;22;41;19;8;30;22;21;34;13;11;19;30;15;14;10;4;2;26;25;5;77;88,96000000000001;88,52;44,370000000000005;100,04496402877697;115,22819701762315;-15,183232988846171;0,4788732394366197;0,5176826430898092;50,0;15,737410071942445;25,58139534883721;55,88235294117647;38,96103896103896;0,4788732394366197;0,4225352112676056;32,374100719424455;0,5464480874316939;0,4166666666666667;35,55555555555556;0,0;18,299656881433474;34,715525554484095;25,54822226953375;0,0;0,0;0,5;0,6666666666666666;1,3333333333333333
19_BUR_J4;19;BUR;4;89;CAZ;102;True;False;False;19,266666666666666;1156;13;5;12;7;3;6;3;2;6;4;1;1;0;0;0;0;6;1;1;0;0;3;2;0;0;11;80,0;30;71;41;22;41;19;8;30;22;21;34;13;11;19;30;15;14;10;4;2;26;25;5;77;88,96000000000001;88,52;44,370000000000005;100,04496402877697;115,22819701762315;-15,183232988846171;0,4788732394366197;0,5176826430898092;50,0;15,737410071942445;25,58139534883721;55,88235294117647;38,96103896103896;0,4788732394366197;0,4225352112676056;62,73182146324462;0,522508038585209;0,5;269,6629213483146;7,440476190476191;0,0;0,0;0,0;4,690746876353477;0,0;0,08333333333333333;0,5;1,0833333333333333
22_BUR_J4;22;BUR;4;89;CAZ;102;True;True;False;15,966666666666667;958;3;1;2;1;1;2;1;0;0;0;1;4;3;1;3;4;0;1;0;0;1;0;3;0;-17;4;80,0;30;71;41;22;41;19;8;30;22;21;34;13;11;19;30;15;14;10;4;2;26;25;5;77;88,96000000000001;88,52;44,370000000000005;100,04496402877697;115,22819701762315;-15,183232988846171;0,4788732394366197;0,5176826430898092;50,0;15,737410071942445;25,58139534883721;55,88235294117647;38,96103896103896;0,4788732394366197;0,4225352112676056;26,809450143434304;0,398936170212766;0,5;0,0;21,008403361344538;11,652182356653881;44,20975070612796;26,028251497980097;0,0;0,0;2,0;0,0;1,5
23_BUR_J4;23;BUR;4;89;CAZ;102;True;True;False;28,233333333333334;1694;17;6;12;6;5;8;3;1;4;3;4;4;0;1;5;6;2;2;1;0;1;3;4;2;-14;18;80,0;30;71;41;22;41;19;8;30;22;21;34;13;11;19;30;15;14;10;4;2;26;25;5;77;88,96000000000001;88,52;44,370000000000005;100,04496402877697;115,22819701762315;-15,183232988846171;0,4788732394366197;0,5176826430898092;50,0;15,737410071942445;25,58139534883721;55,88235294117647;38,96103896103896;0,4788732394366197;0,4225352112676056;50,19833011984745;0,6177325581395349;0,5416666666666666;43,596730245231605;12,690355329949238;6,589604898272975;41,669560386137924;22,079455373434122;3,201005542541097;0,0;0,3333333333333333;0,3333333333333333;1,4166666666666667
40_BUR_J4;40;BUR;4;89;CAZ;102;True;False;False;16,916666666666668;1015;5;2;3;1;2;3;1;0;0;0;1;3;2;1;1;2;1;1;0;3;0;4;2;0;8;5;80,0;30;71;41;22;41;19;8;30;22;21;34;13;11;19;30;15;14;10;4;2;26;25;5;77;88,96000000000001;88,52;44,370000000000005;100,04496402877697;115,22819701762315;-15,183232988846171;0,4788732394366197;0,5176826430898092;50,0;15,737410071942445;25,58139534883721;55,88235294117647;38,96103896103896;0,4788732394366197;0,4225352112676056;28,280823616968487;0,5787037037037037;0,6666666666666666;23,021582733812945;18,796992481203006;10,99782334746248;13,909011880614313;12,28328321924381;0,0;109,13224706328154;1,0;0,0;1,6666666666666667
56_BUR_J4;56;BUR;4;89;CAZ;102;True;True;False;19,466666666666665;1168;9;3;9;6;2;4;2;1;5;4;2;5;3;0;0;0;2;3;2;0;0;5;3;0;-5;-1;80,0;30;71;41;22;41;19;8;30;22;21;34;13;11;19;30;15;14;10;4;2;26;25;5;77;88,96000000000001;88,52;44,370000000000005;100,04496402877697;115,22819701762315;-15,183232988846171;0,4788732394366197;0,5176826430898092;50,0;15,737410071942445;25,58139534883721;55,88235294117647;38,96103896103896;0,4788732394366197;0,4225352112676056;65,59820636641372;0,4017857142857143;0,3888888888888889;46,51162790697675;21,126760563380284;0,0;0,0;0,0;9,285108542918868;0,0;0,5555555555555556;0,5555555555555556;1,0
BUR_BUR_J4;BUR;BUR;4;89;CAZ;102;True;False;False;200,0;12000;0;0;0;0;0;0;0;0;0;0;0;0;0;1;2;3;0;1;0;0;0;0;0;0;0;2;80,0;30;71;41;22;41;19;8;30;22;21;34;13;11;19;30;15;14;10;4;2;26;25;5;77;88,96000000000001;88,52;44,370000000000005;100,04496402877697;115,22819701762315;-15,183232988846171;0,4788732394366197;0,5176826430898092;50,0;15,737410071942445;25,58139534883721;55,88235294117647;38,96103896103896;0,4788732394366197;0,4225352112676056;0,44964028776978415;0,0;0,0;0,0;100,0;0,9302325581395349;2,3529411764705883;1,5584415584415585;0,0;0,0;0,0;0,0;0,0
00_CAZ_J4;00;CAZ;4;102;BUR;89;False;True;True;32,4;1944;24;8;9;1;8;8;0;0;1;1;8;9;1;3;6;9;1;0;0;0;0;3;7;2;9;36;80,0;32;65;33;22;39;17;10;26;16;28;33;5;15;32;47;20;24;8;2;4;28;26;2;111;88,52;88,96000000000001;44,370000000000005;115,22819701762315;100,04496402877697;15,183232988846171;0,5692307692307692;0,6413480885311872;62,5;27,11251694532309;44,11764705882353;74,4186046511628;61,03896103896104;0,5076923076923077;0,4;36,15002259376413;0,9259259259259258;0,8888888888888888;20,161290322580648;0,0;21,786492374727672;34,45305770887166;28,860028860028862;0,0;0,0;1,0;0,1111111111111111;2,6666666666666665
0_CAZ_J4;0;CAZ;4;102;BUR;89;False;False;True;22,566666666666666;1354;5;0;5;5;0;1;1;0;4;4;5;6;1;0;1;1;7;3;1;0;0;1;4;0;6;8;80,0;32;65;33;22;39;17;10;26;16;28;33;5;15;32;47;20;24;8;2;4;28;26;2;111;88,52;88,96000000000001;44,370000000000005;115,22819701762315;100,04496402877697;15,183232988846171;0,5692307692307692;0,6413480885311872;62,5;27,11251694532309;44,11764705882353;74,4186046511628;61,03896103896104;0,5076923076923077;0,4;42,611104918498924;0,32722513089005234;0,0;77,5480059084195;28,19548872180451;0,0;8,244306275978152;4,603963245026761;3,984995164872533;0,0;1,2;0,8;1,0
2_CAZ_J4;2;CAZ;4;102;BUR;89;False;True;True;23,2;1392;9;2;10;8;2;9;7;0;1;1;5;6;1;2;1;3;6;6;1;0;2;3;5;0;8;4;80,0;32;65;33;22;39;17;10;26;16;28;33;5;15;32;47;20;24;8;2;4;28;26;2;111;88,52;88,96000000000001;44,370000000000005;115,22819701762315;100,04496402877697;15,183232988846171;0,5692307692307692;0,6413480885311872;62,5;27,11251694532309;44,11764705882353;74,4186046511628;61,03896103896104;0,5076923076923077;0,4;72,61168331333656;0,3560126582278481;0,2;82,41758241758242;32,188841201716734;20,28397565922921;8,019246190858059;13,43484102104792;3,876209377325725;0,0;0,6;0,1;0,9
3_CAZ_J4;3;CAZ;4;102;BUR;89;False;False;True;7,2;432;2;1;2;1;1;1;0;0;1;1;0;0;0;1;0;1;0;0;0;0;0;1;0;0;0;1;80,0;32;65;33;22;39;17;10;26;16;28;33;5;15;32;47;20;24;8;2;4;28;26;2;111;88,52;88,96000000000001;44,370000000000005;115,22819701762315;100,04496402877697;15,183232988846171;0,5692307692307692;0,6413480885311872;62,5;27,11251694532309;44,11764705882353;74,4186046511628;61,03896103896104;0,5076923076923077;0,4;25,10418235678064;0,5;0,5;0,0;0,0;32,6797385620915;0,0;14,430014430014431;0,0;0,0;0,0;0,5;1,0
4_CAZ_J4;4;CAZ;4;102;BUR;89;False;True;True;28,116666666666667;1687;16;5;10;5;4;6;2;1;4;3;5;6;1;1;6;7;2;3;3;0;0;4;5;0;14;20;80,0;32;65;33;22;39;17;10;26;16;28;33;5;15;32;47;20;24;8;2;4;28;26;2;111;88,52;88,96000000000001;44,370000000000005;115,22819701762315;100,04496402877697;15,183232988846171;0,5692307692307692;0,6413480885311872;62,5;27,11251694532309;44,11764705882353;74,4186046511628;61,03896103896104;0,5076923076923077;0,4;50,27145999109107;0,6329113924050632;0,55;32,017075773746;19,18158567774936;8,368492625265874;39,701685943121824;25,86624993263997;9,595169152170852;0,0;0,6;0,4;1,6
7_CAZ_J4;7;CAZ;4;102;BUR;89;False;False;True;16,516666666666666;991;3;1;3;2;0;1;1;1;2;1;0;0;0;0;1;1;0;0;2;1;1;3;0;0;-2;1;80,0;32;65;33;22;39;17;10;26;16;28;33;5;15;32;47;20;24;8;2;4;28;26;2;111;88,52;88,96000000000001;44,370000000000005;115,22819701762315;100,04496402877697;15,183232988846171;0,5692307692307692;0,6413480885311872;62,5;27,11251694532309;44,11764705882353;74,4186046511628;61,03896103896104;0,5076923076923077;0,4;16,41524739373749;0,5;0,5;0,0;0,0;0,0;11,264168211578628;6,290379650621831;10,889371247704158;44,03265755435281;0,0;0,6666666666666666;1,0
10_CAZ_J4;10;CAZ;4;102;BUR;89;False;False;True;0,0;0;0;0;0;0;0;0;0;0;0;0;0;0;0;0;0;0;0;0;0;0;0;0;0;0;0;0;80,0;32;65;33;22;39;17;10;26;16;28;33;5;15;32;47;20;24;8;2;4;28;26;2;111;88,52;88,96000000000001;44,370000000000005;115,22819701762315;100,04496402877697;15,183232988846171;0,5692307692307692;0,6413480885311872;62,5;27,11251694532309;44,11764705882353;74,4186046511628;61,03896103896104;0,5076923076923077;0,4;0,0;0,0;0,0;0,0;0,0;0,0;0,0;0,0;0,0;0,0;0,0;0,0;0,0
12_CAZ_J4;12;CAZ;4;102;BUR;89;False;False;True;20,666666666666668;1240;7;2;4;2;2;4;2;0;0;0;3;4;1;3;6;9;0;3;0;0;0;1;3;0;-5;12;80,0;32;65;33;22;39;17;10;26;16;28;33;5;15;32;47;20;24;8;2;4;28;26;2;111;88,52;88,96000000000001;44,370000000000005;115,22819701762315;100,04496402877697;15,183232988846171;0,5692307692307692;0,6413480885311872;62,5;27,11251694532309;44,11764705882353;74,4186046511628;61,03896103896104;0,5076923076923077;0,4;38,30736265177907;0,607638888888889;0,5;0,0;34,24657534246575;34,155597722960145;54,01350337584395;45,245077503142014;0,0;0,0;1,0;0,0;1,75
14_CAZ_J4;14;CAZ;4;102;BUR;89;False;True;True;19,233333333333334;1154;5;2;9;7;1;4;3;1;5;4;0;0;0;3;4;7;4;0;0;1;1;3;0;0;18;6;80,0;32;65;33;22;39;17;10;26;16;28;33;5;15;32;47;20;24;8;2;4;28;26;2;111;88,52;88,96000000000001;44,370000000000005;115,22819701762315;100,04496402877697;15,183232988846171;0,5692307692307692;0,6413480885311872;62,5;27,11251694532309;44,11764705882353;74,4186046511628;61,03896103896104;0,5076923076923077;0,4;42,28988778299962;0,2777777777777778;0,2777777777777778;70,2576112412178;0,0;36,70098888775614;38,69251541654911;37,81314006617299;0,0;37,813140066173;0,0;0,5555555555555556;0,5555555555555556
15_CAZ_J4;15;CAZ;4;102;BUR;89;False;False;True;17,25;1035;20;7;9;2;3;4;1;4;5;1;2;2;0;0;3;3;0;3;0;0;0;4;1;0;2;15;80,0;32;65;33;22;39;17;10;26;16;28;33;5;15;32;47;20;24;8;2;4;28;26;2;111;88,52;88,96000000000001;44,370000000000005;115,22819701762315;100,04496402877697;15,183232988846171;0,5692307692307692;0,6413480885311872;62,5;27,11251694532309;44,11764705882353;74,4186046511628;61,03896103896104;0,5076923076923077;0,4;67,48004217502637;1,0121457489878543;1,0;-0,0;23,291925465838506;0,0;32,355915065722954;18,068887634105025;0,0;0,0;0,2222222222222222;0,5555555555555556;2,2222222222222223
20_CAZ_J4;20;CAZ;4;102;BUR;89;False;True;True;12,85;771;11;4;4;0;1;1;0;3;3;0;0;0;0;0;2;2;0;3;0;0;0;4;1;0;15;7;80,0;32;65;33;22;39;17;10;26;16;28;33;5;15;32;47;20;24;8;2;4;28;26;2;111;88,52;88,96000000000001;44,370000000000005;115,22819701762315;100,04496402877697;15,183232988846171;0,5692307692307692;0,6413480885311872;62,5;27,11251694532309;44,11764705882353;74,4186046511628;61,03896103896104;0,5076923076923077;0,4;49,2315482794453;1,375;1,375;0,0;42,857142857142854;0,0;28,956655506289025;16,170599828187378;0,0;0,0;0,0;0,75;2,75
23_CAZ_J4;23;CAZ;4;102;BUR;89;False;False;True;0,0;0;0;0;0;0;0;0;0;0;0;0;0;0;0;0;0;0;0;0;0;0;0;0;0;0;0;0;80,0;32;65;33;22;39;17;10;26;16;28;33;5;15;32;47;20;24;8;2;4;28;26;2;111;88,52;88,96000000000001;44,370000000000005;115,22819701762315;100,04496402877697;15,183232988846171;0,5692307692307692;0,6413480885311872;62,5;27,11251694532309;44,11764705882353;74,4186046511628;61,03896103896104;0,5076923076923077;0,4;0,0;0,0;0,0;0,0;0,0;0,0;0,0;0,0;0,0;0,0;0,0;0,0;0,0
CAZ_CAZ_J4;CAZ;CAZ;4;102;BUR;89;False;False;True;200,0;12000;0;0;0;0;0;0;0;0;0;0;0;0;0;2;2;4;0;3;1;0;0;1;0;0;0;1;80,0;32;65;33;22;39;17;10;26;16;28;33;5;15;32;47;20;24;8;2;4;28;26;2;111;88,52;88,96000000000001;44,370000000000005;115,22819701762315;100,04496402877697;15,183232988846171;0,5692307692307692;0,6413480885311872;62,5;27,11251694532309;44,11764705882353;74,4186046511628;61,03896103896104;0,5076923076923077;0,4;1,3556258472661546;0,0;0,0;0,0;100,0;2,3529411764705883;1,8604651162790697;2,0779220779220777;0,44964028776978415;0,0;0,0;0,0;0,0
2_GIR_J4;2;GIR;4;85;DGC;81;True;False;True;11,316666666666666;679;4;0;4;4;0;4;4;0;0;0;4;6;2;0;2;2;0;1;0;0;1;3;3;0;-2;-2;80,0;28;62;34;16;32;16;12;30;18;17;27;10;10;32;42;14;14;6;4;4;24;23;3;88;77,88;78,68;39,14;109,14227015921932;102,94865277071682;6,193617388502503;0,5483870967741935;0,5752571737953438;50,0;17,9763739085773;27,027027027027028;78,04878048780488;53,84615384615385;0,43548387096774194;0,4838709677419355;69,34878855200365;0,3012048192771084;0,0;0,0;13,089005235602093;0,0;34,48399727001688;18,126203693214006;0,0;0,0;1,5;0,0;1,0
4_GIR_J4;4;GIR;4;85;DGC;81;True;True;True;25,966666666666665;1558;13;4;10;6;3;5;2;1;5;4;4;7;3;1;2;3;0;1;1;0;2;1;3;1;4;7;80,0;28;62;34;16;32;16;12;30;18;17;27;10;10;32;42;14;14;6;4;4;24;23;3;88;77,88;78,68;39,14;109,14227015921932;102,94865277071682;6,193617388502503;0,5483870967741935;0,5752571737953438;50,0;17,9763739085773;27,027027027027028;78,04878048780488;53,84615384615385;0,43548387096774194;0,4838709677419355;55,69939731511501;0,4969418960244648;0,45;0,0;7,1022727272727275;8,326683551330534;15,028648360938039;11,849511207662685;3,915700195719748;0,0;0,7;0,5;1,3
5_GIR_J4;5;GIR;4;85;DGC;81;True;True;True;21,1;1266;9;3;7;4;0;1;1;3;6;3;0;0;0;0;1;1;1;2;1;0;0;5;3;0;15;4;80,0;28;62;34;16;32;16;12;30;18;17;27;10;10;32;42;14;14;6;4;4;24;23;3;88;77,88;78,68;39,14;109,14227015921932;102,94865277071682;6,193617388502503;0,5483870967741935;0,5752571737953438;50,0;17,9763739085773;27,027027027027028;78,04878048780488;53,84615384615385;0,43548387096774194;0,4838709677419355;43,815129364169444;0,6428571428571429;0,6428571428571429;22,805017103762818;22,22222222222222;0,0;9,247485839787307;4,860857941426661;4,818847476249104;0,0;0,0;0,8571428571428571;1,2857142857142858
7_GIR_J4;7;GIR;4;85;DGC;81;True;False;True;3,65;219;0;0;0;0;0;0;0;0;0;0;0;0;0;0;1;1;0;0;0;0;0;1;0;0;-9;0;80,0;28;62;34;16;32;16;12;30;18;17;27;10;10;32;42;14;14;6;4;4;24;23;3;88;77,88;78,68;39,14;109,14227015921932;102,94865277071682;6,193617388502503;0,5483870967741935;0,5752571737953438;50,0;17,9763739085773;27,027027027027028;78,04878048780488;53,84615384615385;0,43548387096774194;0,4838709677419355;0,0;0,0;0,0;0,0;0,0;0,0;53,45806882726361;28,09975412715139;0,0;0,0;0,0;0,0;0,0
8_GIR_J4;8;GIR;4;85;DGC;81;True;False;True;19,016666666666666;1141;13;5;7;2;2;3;1;3;4;1;0;0;0;0;3;3;1;0;1;0;0;2;2;1;-2;16;80,0;28;62;34;16;32;16;12;30;18;17;27;10;10;32;42;14;14;6;4;4;24;23;3;88;77,88;78,68;39,14;109,14227015921932;102,94865277071682;6,193617388502503;0,5483870967741935;0,5752571737953438;50,0;17,9763739085773;27,027027027027028;78,04878048780488;53,84615384615385;0,43548387096774194;0,4838709677419355;37,81182943083744;0,9285714285714286;0,9285714285714286;60,392551585304496;0,0;0,0;30,781727624462924;16,180138879525384;5,346766787845195;0,0;0,0;0,5714285714285714;1,8571428571428572
9_GIR_J4;9;GIR;4;85;DGC;81;True;False;True;0,0;0;0;0;0;0;0;0;0;0;0;0;0;0;0;0;0;0;0;0;0;0;0;0;0;0;0;0;80,0;28;62;34;16;32;16;12;30;18;17;27;10;10;32;42;14;14;6;4;4;24;23;3;88;77,88;78,68;39,14;109,14227015921932;102,94865277071682;6,193617388502503;0,5483870967741935;0,5752571737953438;50,0;17,9763739085773;27,027027027027028;78,04878048780488;53,84615384615385;0,43548387096774194;0,4838709677419355;0,0;0,0;0,0;0,0;0,0;0,0;0,0;0,0;0,0;0,0;0,0;0,0;0,0
10_GIR_J4;10;GIR;4;85;DGC;81;True;False;True;17,633333333333333;1058;7;3;6;3;2;2;0;1;4;3;0;0;0;1;2;3;4;2;1;0;0;0;0;0;2;10;80,0;28;62;34;16;32;16;12;30;18;17;27;10;10;32;42;14;14;6;4;4;24;23;3;88;77,88;78,68;39,14;109,14227015921932;102,94865277071682;6,193617388502503;0,5483870967741935;0,5752571737953438;50,0;17,9763739085773;27,027027027027028;78,04878048780488;53,84615384615385;0,43548387096774194;0,4838709677419355;46,60361585804539;0,5833333333333334;0,5833333333333334;126,11665790856546;25,0;12,261789199407348;22,13103416478399;17,449469245310457;5,76622013698617;0,0;0,0;0,6666666666666666;1,1666666666666667
11_GIR_J4;11;GIR;4;85;DGC;81;True;True;True;25,566666666666666;1534;14;4;9;5;0;2;2;4;7;3;2;4;2;1;2;3;3;2;1;0;0;1;4;0;5;15;80,0;28;62;34;16;32;16;12;30;18;17;27;10;10;32;42;14;14;6;4;4;24;23;3;88;77,88;78,68;39,14;109,14227015921932;102,94865277071682;6,193617388502503;0,5483870967741935;0,5752571737953438;50,0;17,9763739085773;27,027027027027028;78,04878048780488;53,84615384615385;0,43548387096774194;0,4838709677419355;51,267319293748486;0,6505576208178439;0,6666666666666666;60,62647356012124;15,673981191222571;8,456957609499982;15,263777148853627;12,034901213519205;3,9769627802681664;0,0;0,4444444444444444;0,7777777777777778;1,5555555555555556
12_GIR_J4;12;GIR;4;85;DGC;81;True;False;True;18,55;1113;3;0;3;3;0;1;1;0;2;2;3;4;1;1;3;4;1;1;0;0;0;2;3;0;1;4;80,0;28;62;34;16;32;16;12;30;18;17;27;10;10;32;42;14;14;6;4;4;24;23;3;88;77,88;78,68;39,14;109,14227015921932;102,94865277071682;6,193617388502503;0,5483870967741935;0,5752571737953438;50,0;17,9763739085773;27,027027027027028;78,04878048780488;53,84615384615385;0,43548387096774194;0,4838709677419355;31,896469376482163;0,31512605042016806;0,0;15,402387370042357;17,36111111111111;11,655860712464486;31,556110709355067;22,11624853134287;0,0;0,0;1,3333333333333333;0,6666666666666666;1,0
21_GIR_J4;21;GIR;4;85;DGC;81;True;False;True;19,85;1191;6;3;6;3;3;5;2;0;1;1;0;0;0;2;7;9;1;2;0;2;0;3;2;0;0;12;80,0;28;62;34;16;32;16;12;30;18;17;27;10;10;32;42;14;14;6;4;4;24;23;3;88;77,88;78,68;39,14;109,14227015921932;102,94865277071682;6,193617388502503;0,5483870967741935;0,5752571737953438;50,0;17,9763739085773;27,027027027027028;78,04878048780488;53,84615384615385;0,43548387096774194;0,4838709677419355;41,399349771462646;0,5;0,5;25,332488917036095;25,0;21,785009190550753;68,80874854088592;46,502615772137176;0,0;89,56059333893087;0,0;0,16666666666666666;1,0
23_GIR_J4;23;GIR;4;85;DGC;81;True;True;True;24,466666666666665;1468;10;4;7;3;4;6;2;0;1;1;2;2;0;3;6;9;3;0;1;1;1;3;1;1;13;18;80,0;28;62;34;16;32;16;12;30;18;17;27;10;10;32;42;14;14;6;4;4;24;23;3;88;77,88;78,68;39,14;109,14227015921932;102,94865277071682;6,193617388502503;0,5483870967741935;0,5752571737953438;50,0;17,9763739085773;27,027027027027028;78,04878048780488;53,84615384615385;0,43548387096774194;0,4838709677419355;33,08380530936297;0,6345177664974619;0,5714285714285714;65,74141709276846;0,0;26,51152514912733;47,85006978135177;37,727939635296586;4,155763559217553;36,33060853769301;0,2857142857142857;0,14285714285714285;1,4285714285714286
25_GIR_J4;25;GIR;4;85;DGC;81;True;True;True;12,883333333333333;773;6;2;3;1;2;3;1;0;0;0;2;4;2;1;1;2;0;1;0;1;0;1;2;0;-7;6;80,0;28;62;34;16;32;16;12;30;18;17;27;10;10;32;42;14;14;6;4;4;24;23;3;88;77,88;78,68;39,14;109,14227015921932;102,94865277071682;6,193617388502503;0,5483870967741935;0,5752571737953438;50,0;17,9763739085773;27,027027027027028;78,04878048780488;53,84615384615385;0,43548387096774194;0,4838709677419355;45,925964315685185;0,6302521008403361;0,6666666666666666;0,0;17,36111111111111;16,7826299779728;15,145300224024231;15,921982286794707;0,0;68,99525657611039;1,3333333333333333;0,0;2,0
GIR_GIR_J4;GIR;GIR;4;85;DGC;81;True;False;True;200,0;12000;0;0;0;0;0;0;0;0;0;0;0;0;0;0;2;2;0;2;0;0;0;2;0;0;0;-2;80,0;28;62;34;16;32;16;12;30;18;17;27;10;10;32;42;14;14;6;4;4;24;23;3;88;77,88;78,68;39,14;109,14227015921932;102,94865277071682;6,193617388502503;0,5483870967741935;0,5752571737953438;50,0;17,9763739085773;27,027027027027028;78,04878048780488;53,84615384615385;0,43548387096774194;0,4838709677419355;1,027221366204417;0,0;0,0;0,0;100,0;0,0;1,951219512195122;1,0256410256410255;0,0;0,0;0,0;0,0;0,0
1_DGC_J4;1;DGC;4;81;GIR;85;False;False;False;0,0;0;0;0;0;0;0;0;0;0;0;0;0;0;0;0;0;0;0;0;0;0;0;0;0;0;0;0;80,0;27;67;40;18;38;20;9;29;20;18;22;4;9;27;36;16;11;6;5;4;23;22;1;84;78,68;77,88;39,14;102,94865277071682;109,14227015921932;-6,193617388502503;0,4701492537313433;0,528169014084507;59,25925925925926;13,980681240467716;21,951219512195124;72,97297297297297;46,15384615384615;0,3283582089552239;0,43283582089552236;0,0;0,0;0,0;0,0;0,0;0,0;0,0;0,0;0,0;0,0;0,0;0,0;0,0
2_DGC_J4;2;DGC;4;81;GIR;85;False;True;False;27,883333333333333;1673;16;4;14;10;4;8;4;0;6;6;8;8;0;0;2;2;5;0;1;0;0;2;3;0;-2;15;80,0;27;67;40;18;38;20;9;29;20;18;22;4;9;27;36;16;11;6;5;4;23;22;1;84;78,68;77,88;39,14;102,94865277071682;109,14227015921932;-6,193617388502503;0,4701492537313433;0,528169014084507;59,25925925925926;13,980681240467716;21,951219512195124;72,97297297297297;46,15384615384615;0,3283582089552239;0,43283582089552236;63,887375406095366;0,4566210045662101;0,2857142857142857;92,41076585422202;0,0;0,0;15,50863475549668;7,356660076325348;3,683997726973403;0,0;0,5714285714285714;0,42857142857142855;1,1428571428571428
4_DGC_J4;4;DGC;4;81;GIR;85;False;False;False;10,533333333333333;632;0;0;4;4;0;2;2;0;2;2;0;0;0;0;0;0;0;0;1;0;1;3;0;0;7;-7;80,0;27;67;40;18;38;20;9;29;20;18;22;4;9;27;36;16;11;6;5;4;23;22;1;84;78,68;77,88;39,14;102,94865277071682;109,14227015921932;-6,193617388502503;0,4701492537313433;0,528169014084507;59,25925925925926;13,980681240467716;21,951219512195124;72,97297297297297;46,15384615384615;0,3283582089552239;0,43283582089552236;38,61177787931245;0,0;0,0;0,0;0,0;0,0;0,0;0,0;9,752101577890036;0,0;0,0;0,5;0,0
5_DGC_J4;5;DGC;4;81;GIR;85;False;False;False;14,033333333333333;842;6;2;6;4;0;1;1;2;5;3;0;0;0;1;2;3;0;2;2;0;0;3;2;0;4;4;80,0;27;67;40;18;38;20;9;29;20;18;22;4;9;27;36;16;11;6;5;4;23;22;1;84;78,68;77,88;39,14;102,94865277071682;109,14227015921932;-6,193617388502503;0,4701492537313433;0,528169014084507;59,25925925925926;13,980681240467716;21,951219512195124;72,97297297297297;46,15384615384615;0,3283582089552239;0,43283582089552236;57,96352403735265;0,5;0,5;0,0;25,0;13,90417704652106;30,814662643641267;21,92581765028321;14,639734435217346;0,0;0,0;0,8333333333333334;1,0
6_DGC_J4;6;DGC;4;81;GIR;85;False;True;False;25,966666666666665;1558;6;2;4;2;1;1;0;1;3;2;1;2;1;0;0;0;6;2;0;0;0;0;1;0;-8;8;80,0;27;67;40;18;38;20;9;29;20;18;22;4;9;27;36;16;11;6;5;4;23;22;1;84;78,68;77,88;39,14;102,94865277071682;109,14227015921932;-6,193617388502503;0,4701492537313433;0,528169014084507;59,25925925925926;13,980681240467716;21,951219512195124;72,97297297297297;46,15384615384615;0,3283582089552239;0,43283582089552236;26,940017346551866;0,6147540983606558;0,625;88,70818702642765;29,069767441860467;0,0;0,0;0,0;0,0;0,0;0,5;0,75;1,5
9_DGC_J4;9;DGC;4;81;GIR;85;False;True;False;29,8;1788;19;6;11;5;3;5;2;3;6;3;4;5;1;1;6;7;2;2;0;1;1;2;4;0;-2;22;80,0;27;67;40;18;38;20;9;29;20;18;22;4;9;27;36;16;11;6;5;4;23;22;1;84;78,68;77,88;39,14;102,94865277071682;109,14227015921932;-6,193617388502503;0,4701492537313433;0,528169014084507;59,25925925925926;13,980681240467716;21,951219512195124;72,97297297297297;46,15384615384615;0,3283582089552239;0,43283582089552236;51,86244169740312;0,7196969696969697;0,6818181818181818;49,29143561306224;13,157894736842106;6,547716483876249;43,533466352258294;24,092238857339527;0,0;134,2281879194631;0,45454545454545453;0,5454545454545454;1,7272727272727273
10_DGC_J4;10;DGC;4;81;GIR;85;False;False;False;11,966666666666667;718;11;5;8;3;4;6;2;1;2;1;0;0;0;2;4;6;1;0;0;0;0;2;3;0;-6;16;80,0;27;67;40;18;38;20;9;29;20;18;22;4;9;27;36;16;11;6;5;4;23;22;1;84;78,68;77,88;39,14;102,94865277071682;109,14227015921932;-6,193617388502503;0,4701492537313433;0,528169014084507;59,25925925925926;13,980681240467716;21,951219512195124;72,97297297297297;46,15384615384615;0,3283582089552239;0,43283582089552236;67,97393765940242;0,6875;0,6875;-104,03120936280888;0,0;32,61091106732795;72,27282993299707;51,4248982215556;0,0;0,0;0,0;0,25;1,375
13_DGC_J4;13;DGC;4;81;GIR;85;False;False;False;17,25;1035;11;4;7;3;3;5;2;1;2;1;2;2;0;1;3;4;1;0;0;0;1;3;2;0;7;11;80,0;27;67;40;18;38;20;9;29;20;18;22;4;9;27;36;16;11;6;5;4;23;22;1;84;78,68;77,88;39,14;102,94865277071682;109,14227015921932;-6,193617388502503;0,4701492537313433;0,528169014084507;59,25925925925926;13,980681240467716;21,951219512195124;72,97297297297297;46,15384615384615;0,3283582089552239;0,43283582089552236;46,44754389454993;0,6979695431472082;0,6428571428571429;54,88850771869639;0,0;11,311417462000707;37,60282021151586;23,782980304719434;0,0;0,0;0,2857142857142857;0,2857142857142857;1,5714285714285714
18_DGC_J4;18;DGC;4;81;GIR;85;False;True;False;24,7;1482;2;1;5;4;1;4;3;0;1;1;0;0;0;0;3;3;0;0;1;0;1;3;0;0;-9;-2;80,0;27;67;40;18;38;20;9;29;20;18;22;4;9;27;36;16;11;6;5;4;23;22;1;84;78,68;77,88;39,14;102,94865277071682;109,14227015921932;-6,193617388502503;0,4701492537313433;0,528169014084507;59,25925925925926;13,980681240467716;21,951219512195124;72,97297297297297;46,15384615384615;0,3283582089552239;0,43283582089552236;20,58252666980893;0,2;0,2;0,0;0,0;0,0;26,261078892657842;12,457178449081283;4,158790956293187;0,0;0,0;0,2;0,4
21_DGC_J4;21;DGC;4;81;GIR;85;False;True;False;12,05;723;0;0;0;0;0;0;0;0;0;0;0;0;0;2;0;2;0;0;0;0;0;2;1;0;-16;1;80,0;27;67;40;18;38;20;9;29;20;18;22;4;9;27;36;16;11;6;5;4;23;22;1;84;78,68;77,88;39,14;102,94865277071682;109,14227015921932;-6,193617388502503;0,4701492537313433;0,528169014084507;59,25925925925926;13,980681240467716;21,951219512195124;72,97297297297297;46,15384615384615;0,3283582089552239;0,43283582089552236;0,0;0,0;0,0;0,0;0,0;32,38538609452485;0,0;17,02308756250665;0,0;0,0;0,0;0,0;0,0
23_DGC_J4;23;DGC;4;81;GIR;85;False;False;False;15,316666666666666;919;3;1;3;2;1;3;2;0;0;0;1;2;1;0;3;3;1;3;0;4;0;1;3;1;5;7;80,0;27;67;40;18;38;20;9;29;20;18;22;4;9;27;36;16;11;6;5;4;23;22;1;84;78,68;77,88;39,14;102,94865277071682;109,14227015921932;-6,193617388502503;0,4701492537313433;0,528169014084507;59,25925925925926;13,980681240467716;21,951219512195124;72,97297297297297;46,15384615384615;0,3283582089552239;0,43283582089552236;45,67197717728815;0,3865979381443299;0,3333333333333333;23,984410133413277;43,604651162790695;0,0;42,34920448195747;20,088725202979827;0,0;1044,613710554951;0,6666666666666666;0,0;1,0
24_DGC_J4;24;DGC;4;81;GIR;85;False;False;False;10,5;630;7;2;5;3;1;3;2;1;2;1;2;3;1;0;3;3;0;2;1;0;0;2;3;0;0;6;80,0;27;67;40;18;38;20;9;29;20;18;22;4;9;27;36;16;11;6;5;4;23;22;1;84;78,68;77,88;39,14;102,94865277071682;109,14227015921932;-6,193617388502503;0,4701492537313433;0,528169014084507;59,25925925925926;13,980681240467716;21,951219512195124;72,97297297297297;46,15384615384615;0,3283582089552239;0,43283582089552236;80,56745830004598;0,5537974683544303;0,5;0,0;24,038461538461537;0,0;61,77606177606177;29,304029304029303;9,783060630518257;0,0;0,6;0,4;1,4
DGC_DGC_J4;DGC;DGC;4;81;GIR;85;False;False;False;200,0;12000;0;0;0;0;0;0;0;0;0;0;0;0;0;2;1;3;0;0;0;0;0;0;0;0;0;3;80,0;27;67;40;18;38;20;9;29;20;18;22;4;9;27;36;16;11;6;5;4;23;22;1;84;78,68;77,88;39,14;102,94865277071682;109,14227015921932;-6,193617388502503;0,4701492537313433;0,528169014084507;59,25925925925926;13,980681240467716;21,951219512195124;72,97297297297297;46,15384615384615;0,3283582089552239;0,43283582089552236;0,0;0,0;0,0;0,0;0,0;1,951219512195122;1,0810810810810811;1,5384615384615385;0,0;0,0;0,0;0,0;0,0
0_UCM_J4;0;UCM;4;89;BKN;84;True;True;True;13,583333333333334;815;4;2;2;0;2;2;0;0;0;0;0;0;0;0;0;0;1;2;0;0;0;4;1;1;-9;0;80,0;34;68;34;26;44;18;8;24;16;13;20;7;9;31;40;14;14;5;4;2;20;21;2;96;81,8;83,92;41,43;108,80195599022005;100,09532888465205;8,706627105568003;0,5588235294117647;0,5794270833333334;41,1764705882353;17,114914425427873;23,076923076923077;70,45454545454545;48,19277108433735;0,29411764705882354;0,35294117647058826;28,799856000719995;1,0;1,0;26,504693539480947;50,0;0,0;0,0;0,0;0,0;0,0;0,0;0,0;2,0
1_UCM_J4;1;UCM;4;89;BKN;84;True;False;True;15,733333333333333;944;11;3;10;7;1;6;5;2;4;2;3;4;1;0;2;2;2;1;1;0;0;1;3;0;-3;9;80,0;34;68;34;26;44;18;8;24;16;13;20;7;9;31;40;14;14;5;4;2;20;21;2;96;81,8;83,92;41,43;108,80195599022005;100,09532888465205;8,706627105568003;0,5588235294117647;0,5794270833333334;41,1764705882353;17,114914425427873;23,076923076923077;70,45454545454545;48,19277108433735;0,29411764705882354;0,35294117647058826;79,31706104181345;0,467687074829932;0,4;54,249547920434;7,836990595611286;0,0;23,112480739599384;12,252399428221361;6,059039278731964;0,0;0,4;0,4;1,1
2_UCM_J4;2;UCM;4;89;BKN;84;True;True;True;24,083333333333332;1445;5;2;4;2;1;2;1;1;2;1;0;0;0;1;6;7;3;3;2;4;1;3;0;1;10;12;80,0;34;68;34;26;44;18;8;24;16;13;20;7;9;31;40;14;14;5;4;2;20;21;2;96;81,8;83,92;41,43;108,80195599022005;100,09532888465205;8,706627105568003;0,5588235294117647;0,5794270833333334;41,1764705882353;17,114914425427873;23,076923076923077;70,45454545454545;48,19277108433735;0,29411764705882354;0,35294117647058826;28,426155447077438;0,625;0,625;36,42802934480142;42,857142857142854;8,517434122970455;45,29726329034288;28,0151748863968;7,916585576640795;51,10460473782273;0,0;0,5;1,25
5_UCM_J4;5;UCM;4;89;BKN;84;True;True;True;23,566666666666666;1414;25;10;16;6;8;10;2;2;6;4;3;4;1;1;3;4;4;1;0;0;0;1;6;0;11;30;80,0;34;68;34;26;44;18;8;24;16;13;20;7;9;31;40;14;14;5;4;2;20;21;2;96;81,8;83,92;41,43;108,80195599022005;100,09532888465205;8,706627105568003;0,5588235294117647;0,5794270833333334;41,1764705882353;17,114914425427873;23,076923076923077;70,45454545454545;48,19277108433735;0,29411764705882354;0,35294117647058826;77,85228400590672;0,7038288288288288;0,6875;25263,157894737145;5,330490405117271;8,704167120008703;23,145171660023145;16,35963940628142;0,0;0,0;0,25;0,375;1,5625
8_UCM_J4;8;UCM;4;89;BKN;84;True;False;True;17,633333333333333;1058;10;4;7;3;3;5;2;1;2;1;1;2;1;1;3;4;1;0;0;0;0;0;2;0;-9;13;80,0;34;68;34;26;44;18;8;24;16;13;20;7;9;31;40;14;14;5;4;2;20;21;2;96;81,8;83,92;41,43;108,80195599022005;100,09532888465205;8,706627105568003;0,5588235294117647;0,5794270833333334;41,1764705882353;17,114914425427873;23,076923076923077;70,45454545454545;48,19277108433735;0,29411764705882354;0,35294117647058826;43,70473421734971;0,6345177664974619;0,6428571428571429;28,619127116622952;0,0;11,632979496873638;30,933150025777625;21,86439519894322;0,0;0,0;0,2857142857142857;0,2857142857142857;1,4285714285714286
12_UCM_J4;12;UCM;4;89;BKN;84;True;False;True;12,466666666666667;748;2;1;3;2;1;2;1;0;1;1;0;0;0;1;0;1;1;0;0;0;0;2;1;0;-10;1;80,0;34;68;34;26;44;18;8;24;16;13;20;7;9;31;40;14;14;5;4;2;20;21;2;96;81,8;83,92;41,43;108,80195599022005;100,09532888465205;8,706627105568003;0,5588235294117647;0,5794270833333334;41,1764705882353;17,114914425427873;23,076923076923077;70,45454545454545;48,19277108433735;0,29411764705882354;0,35294117647058826;23,534641685080345;0,3333333333333333;0,3333333333333333;23,26483132997286;0,0;16,454134101192924;0,0;7,73146060176535;0,0;0,0;0,0;0,3333333333333333;0,6666666666666666
13_UCM_J4;13;UCM;4;89;BKN;84;True;False;True;15,4;924;0;0;3;3;0;1;1;0;2;2;0;0;0;1;3;4;0;1;0;0;0;1;0;0;3;-1;80,0;34;68;34;26;44;18;8;24;16;13;20;7;9;31;40;14;14;5;4;2;20;21;2;96;81,8;83,92;41,43;108,80195599022005;100,09532888465205;8,706627105568003;0,5588235294117647;0,5794270833333334;41,1764705882353;17,114914425427873;23,076923076923077;70,45454545454545;48,19277108433735;0,29411764705882354;0,35294117647058826;25,40247039024545;0,0;0,0;0,0;25,0;13,32001332001332;35,41912632821724;25,035205758097323;0,0;0,0;0,0;0,6666666666666666;0,0
15_UCM_J4;15;UCM;4;89;BKN;84;True;False;True;26,2;1572;12;6;9;3;6;9;3;0;0;0;0;2;2;2;4;6;0;2;1;0;1;3;2;0;15;10;80,0;34;68;34;26;44;18;8;24;16;13;20;7;9;31;40;14;14;5;4;2;20;21;2;96;81,8;83,92;41,43;108,80195599022005;100,09532888465205;8,706627105568003;0,5588235294117647;0,5794270833333334;41,1764705882353;17,114914425427873;23,076923076923077;70,45454545454545;48,19277108433735;0,29411764705882354;0,35294117647058826;44,34573246981094;0,6072874493927125;0,6666666666666666;0,0;16,835016835016834;15,658641612840087;27,75850104094379;22,073024924123978;3,6385070477881514;0,0;0,2222222222222222;0,0;1,3333333333333333
21_UCM_J4;21;UCM;4;89;BKN;84;True;False;True;0,0;0;0;0;0;0;0;0;0;0;0;0;0;0;0;0;0;0;0;0;0;0;0;0;0;0;0;0;80,0;34;68;34;26;44;18;8;24;16;13;20;7;9;31;40;14;14;5;4;2;20;21;2;96;81,8;83,92;41,43;108,80195599022005;100,09532888465205;8,706627105568003;0,5588235294117647;0,5794270833333334;41,1764705882353;17,114914425427873;23,076923076923077;70,45454545454545;48,19277108433735;0,29411764705882354;0,35294117647058826;0,0;0,0;0,0;0,0;0,0;0,0;0,0;0,0;0,0;0,0;0,0;0,0;0,0
24_UCM_J4;24;UCM;4;89;BKN;84;True;False;True;0,0;0;0;0;0;0;0;0;0;0;0;0;0;0;0;0;0;0;0;0;0;0;0;0;0;0;0;0;80,0;34;68;34;26;44;18;8;24;16;13;20;7;9;31;40;14;14;5;4;2;20;21;2;96;81,8;83,92;41,43;108,80195599022005;100,09532888465205;8,706627105568003;0,5588235294117647;0,5794270833333334;41,1764705882353;17,114914425427873;23,076923076923077;70,45454545454545;48,19277108433735;0,29411764705882354;0,35294117647058826;0,0;0,0;0,0;0,0;0,0;0,0;0,0;0,0;0,0;0,0;0,0;0,0;0,0
31_UCM_J4;31;UCM;4;89;BKN;84;True;True;True;27,533333333333335;1652;7;3;8;5;3;6;3;0;2;2;1;2;1;1;5;6;1;3;0;0;0;1;4;0;15;8;80,0;34;68;34;26;44;18;8;24;16;13;20;7;9;31;40;14;14;5;4;2;20;21;2;96;81,8;83,92;41,43;108,80195599022005;100,09532888465205;8,706627105568003;0,5588235294117647;0,5794270833333334;41,1764705882353;17,114914425427873;23,076923076923077;70,45454545454545;48,19277108433735;0,29411764705882354;0,35294117647058826;42,198239371999264;0,3941441441441441;0,375;11,492051331162614;25,252525252525253;7,450176941702366;33,01782962799912;21,00411330552233;0,0;0,0;0,25;0,25;0,875
99_UCM_J4;99;UCM;4;89;BKN;84;True;True;True;23,8;1428;13;3;6;3;1;1;0;2;5;3;5;6;1;1;3;4;1;0;1;0;0;3;2;0;2;14;80,0;34;68;34;26;44;18;8;24;16;13;20;7;9;31;40;14;14;5;4;2;20;21;2;96;81,8;83,92;41,43;108,80195599022005;100,09532888465205;8,706627105568003;0,5588235294117647;0,5794270833333334;41,1764705882353;17,114914425427873;23,076923076923077;70,45454545454545;48,19277108433735;0,29411764705882354;0,35294117647058826;35,50368802777835;0,7523148148148148;0,6666666666666666;14,054813773717498;0,0;8,618832148243913;22,918258212375857;16,19925078465121;4,005415321514688;0,0;1,0;0,8333333333333334;2,1666666666666665
UCM_UCM_J4;UCM;UCM;4;89;BKN;84;True;False;True;200,0;12000;0;0;0;0;0;0;0;0;0;0;0;0;0;0;2;2;0;1;0;0;0;1;0;0;0;0;80,0;34;68;34;26;44;18;8;24;16;13;20;7;9;31;40;14;14;5;4;2;20;21;2;96;81,8;83,92;41,43;108,80195599022005;100,09532888465205;8,706627105568003;0,5588235294117647;0,5794270833333334;41,1764705882353;17,114914425427873;23,076923076923077;70,45454545454545;48,19277108433735;0,29411764705882354;0,35294117647058826;0,4889975550122249;0,0;0,0;0,0;100,0;0,0;1,8181818181818181;0,963855421686747;0,0;0,0;0,0;0,0;0,0
1_BKN_J4;1;BKN;4;84;UCM;89;False;True;False;17,916666666666668;1075;0;0;0;0;0;0;0;0;0;0;0;0;0;2;2;4;3;0;0;2;0;3;0;0;7;6;80,0;33;76;43;27;51;24;6;25;19;13;18;5;13;30;43;9;13;9;3;1;21;18;1;84;83,92;81,8;41,43;100,09532888465205;108,80195599022005;-8,706627105568003;0,47368421052631576;0,5004766444232602;27,272727272727273;15,490943755958055;29,545454545454547;76,92307692307692;51,80722891566265;0,23684210526315788;0,32894736842105265;0,0;0,0;0,0;40,59196617336152;0,0;20,29598308668076;22,898032200357783;21,518632670215744;0,0;44,65116279069767;0,0;0,0;0,0
2_BKN_J4;2;BKN;4;84;UCM;89;False;True;False;31,116666666666667;1867;23;10;19;9;7;10;3;3;9;6;0;0;0;2;2;4;2;3;1;0;0;4;0;0;13;14;80,0;33;76;43;27;51;24;6;25;19;13;18;5;13;30;43;9;13;9;3;1;21;18;1;84;83,92;81,8;41,43;100,09532888465205;108,80195599022005;-8,706627105568003;0,47368421052631576;0,5004766444232602;27,272727272727273;15,490943755958055;29,545454545454547;76,92307692307692;51,80722891566265;0,23684210526315788;0,32894736842105265;67,39910430675171;0,6052631578947368;0,6052631578947368;70,53118800969803;13,636363636363637;11,686224862443394;13,184458819166908;12,390214311988178;3,1429944617818424;0,0;0,0;0,47368421052631576;1,2105263157894737
3_BKN_J4;3;BKN;4;84;UCM;89;False;False;False;4,783333333333333;287;0;0;2;2;0;1;1;0;1;1;0;0;0;0;0;0;0;1;0;0;0;0;1;0;-7;-2;80,0;33;76;43;27;51;24;6;25;19;13;18;5;13;30;43;9;13;9;3;1;21;18;1;84;83,92;81,8;41,43;100,09532888465205;108,80195599022005;-8,706627105568003;0,47368421052631576;0,5004766444232602;27,272727272727273;15,490943755958055;29,545454545454547;76,92307692307692;51,80722891566265;0,23684210526315788;0,32894736842105265;59,78815065285339;0,0;0,0;0,0;33,333333333333336;0,0;0,0;0,0;0,0;0,0;0,0;0,5;0,0
4_BKN_J4;4;BKN;4;84;UCM;89;False;True;False;9,383333333333333;563;2;1;1;0;1;1;0;0;0;0;0;0;0;0;0;0;0;0;1;0;0;2;2;0;-4;3;80,0;33;76;43;27;51;24;6;25;19;13;18;5;13;30;43;9;13;9;3;1;21;18;1;84;83,92;81,8;41,43;100,09532888465205;108,80195599022005;-8,706627105568003;0,47368421052631576;0,5004766444232602;27,272727272727273;15,490943755958055;29,545454545454547;76,92307692307692;51,80722891566265;0,23684210526315788;0,32894736842105265;10,159383799507946;1,0;1,0;0,0;0,0;0,0;0,0;0,0;10,422683232942628;0,0;0,0;0,0;2,0
6_BKN_J4;6;BKN;4;84;UCM;89;False;True;False;24,033333333333335;1442;16;7;11;4;7;9;2;0;2;2;2;7;5;1;12;13;2;6;0;1;0;3;5;1;2;19;80,0;33;76;43;27;51;24;6;25;19;13;18;5;13;30;43;9;13;9;3;1;21;18;1;84;83,92;81,8;41,43;100,09532888465205;108,80195599022005;-8,706627105568003;0,47368421052631576;0,5004766444232602;27,272727272727273;15,490943755958055;29,545454545454547;76,92307692307692;51,80722891566265;0,23684210526315788;0,32894736842105265;79,64787810595652;0,5681818181818182;0,6363636363636364;68,64006864006863;29,880478087649404;7,565250283696885;102,42184999466552;52,13642364186287;0,0;16,643550624133148;0,6363636363636364;0,18181818181818182;1,4545454545454546
7_BKN_J4;7;BKN;4;84;UCM;89;False;True;False;24,416666666666668;1465;15;4;7;3;2;4;2;2;3;1;5;5;0;0;0;0;1;0;3;0;0;2;4;0;11;18;80,0;33;76;43;27;51;24;6;25;19;13;18;5;13;30;43;9;13;9;3;1;21;18;1;84;83,92;81,8;41,43;100,09532888465205;108,80195599022005;-8,706627105568003;0,47368421052631576;0,5004766444232602;27,272727272727273;15,490943755958055;29,545454545454547;76,92307692307692;51,80722891566265;0,23684210526315788;0,32894736842105265;35,91914288595998;0,8152173913043479;0,7142857142857143;16,46937725167267;0,0;0,0;0,0;0,0;12,016322170948872;0,0;0,7142857142857143;0,42857142857142855;2,142857142857143
8_BKN_J4;8;BKN;4;84;UCM;89;False;False;False;17,766666666666666;1066;0;0;0;0;0;0;0;0;0;0;0;0;0;1;2;3;0;0;0;0;0;2;0;0;-2;1;80,0;33;76;43;27;51;24;6;25;19;13;18;5;13;30;43;9;13;9;3;1;21;18;1;84;83,92;81,8;41,43;100,09532888465205;108,80195599022005;-8,706627105568003;0,47368421052631576;0,5004766444232602;27,272727272727273;15,490943755958055;29,545454545454547;76,92307692307692;51,80722891566265;0,23684210526315788;0,32894736842105265;0,0;0,0;0,0;0,0;0,0;10,233668770254136;23,09135517390677;16,275232261127062;0,0;0,0;0,0;0,0;0,0
9_BKN_J4;9;BKN;4;84;UCM;89;False;False;False;29,666666666666668;1780;8;3;19;16;2;10;8;1;9;8;1;1;0;6;6;12;0;2;2;0;1;2;3;0;-1;4;80,0;33;76;43;27;51;24;6;25;19;13;18;5;13;30;43;9;13;9;3;1;21;18;1;84;83,92;81,8;41,43;100,09532888465205;108,80195599022005;-8,706627105568003;0,47368421052631576;0,5004766444232602;27,272727272727273;15,490943755958055;29,545454545454547;76,92307692307692;51,80722891566265;0,23684210526315788;0,32894736842105265;68,89386360471717;0,20576131687242796;0,18421052631578946;0,0;9,328358208955223;36,77221654749744;41,48660328435609;38,98741031541898;6,593225460838989;0,0;0,05263157894736842;0,47368421052631576;0,42105263157894735
10_BKN_J4;10;BKN;4;84;UCM;89;False;False;False;22,983333333333334;1379;17;6;13;7;6;12;6;0;1;1;5;5;0;0;2;2;0;0;1;0;0;1;3;0;6;15;80,0;33;76;43;27;51;24;6;25;19;13;18;5;13;30;43;9;13;9;3;1;21;18;1;84;83,92;81,8;41,43;100,09532888465205;108,80195599022005;-8,706627105568003;0,47368421052631576;0,5004766444232602;27,272727272727273;15,490943755958055;29,545454545454547;76,92307692307692;51,80722891566265;0,23684210526315788;0,32894736842105265;63,045643801790575;0,5592105263157895;0,46153846153846156;0,0;0,0;0,0;17,850170134434094;8,38742934027626;4,255236156741624;0,0;0,38461538461538464;0,07692307692307693;1,3076923076923077
18_BKN_J4;18;BKN;4;84;UCM;89;False;False;False;9,3;558;4;2;3;1;2;3;1;0;0;0;0;0;0;1;2;3;1;0;1;0;0;1;0;0;-14;7;80,0;33;76;43;27;51;24;6;25;19;13;18;5;13;30;43;9;13;9;3;1;21;18;1;84;83,92;81,8;41,43;100,09532888465205;108,80195599022005;-8,706627105568003;0,47368421052631576;0,5004766444232602;27,272727272727273;15,490943755958055;29,545454545454547;76,92307692307692;51,80722891566265;0,23684210526315788;0,32894736842105265;30,751253113564374;0,6666666666666666;0,6666666666666666;54,45881552076242;0,0;19,55034213098729;44,11359250068927;31,092110376991833;10,516076451875804;0,0;0,0;0,0;1,3333333333333333
25_BKN_J4;25;BKN;4;84;UCM;89;False;False;False;5,733333333333333;344;0;0;0;0;0;0;0;0;0;0;0;0;0;0;0;0;0;0;0;0;0;0;0;0;-4;0;80,0;33;76;43;27;51;24;6;25;19;13;18;5;13;30;43;9;13;9;3;1;21;18;1;84;83,92;81,8;41,43;100,09532888465205;108,80195599022005;-8,706627105568003;0,47368421052631576;0,5004766444232602;27,272727272727273;15,490943755958055;29,545454545454547;76,92307692307692;51,80722891566265;0,23684210526315788;0,32894736842105265;0,0;0,0;0,0;0,0;0,0;0,0;0,0;0,0;0,0;0,0;0,0;0,0;0,0
77_BKN_J4;77;BKN;4;84;UCM;89;False;False;False;2,9;174;0;0;1;1;0;1;1;0;0;0;0;0;0;0;0;0;0;1;0;0;0;1;0;0;-2;-3;80,0;33;76;43;27;51;24;6;25;19;13;18;5;13;30;43;9;13;9;3;1;21;18;1;84;83,92;81,8;41,43;100,09532888465205;108,80195599022005;-8,706627105568003;0,47368421052631576;0,5004766444232602;27,272727272727273;15,490943755958055;29,545454545454547;76,92307692307692;51,80722891566265;0,23684210526315788;0,32894736842105265;65,74405838072384;0,0;0,0;0,0;50,0;0,0;0,0;0,0;0,0;0,0;0,0;0,0;0,0
BKN_BKN_J4;BKN;BKN;4;84;UCM;89;False;False;False;200,0;12000;0;0;0;0;0;0;0;0;0;0;0;0;0;0;2;2;0;0;0;0;0;0;0;0;0;2;80,0;33;76;43;27;51;24;6;25;19;13;18;5;13;30;43;9;13;9;3;1;21;18;1;84;83,92;81,8;41,43;100,09532888465205;108,80195599022005;-8,706627105568003;0,47368421052631576;0,5004766444232602;27,272727272727273;15,490943755958055;29,545454545454547;76,92307692307692;51,80722891566265;0,23684210526315788;0,32894736842105265;0,0;0,0;0,0;0,0;0,0;0,0;2,051282051282051;0,963855421686747;0,0;0,0;0,0;0,0;0,0
2_SBB_J4;2;SBB;4;81;MBA;71;True;False;True;13,9;834;5;1;4;3;0;0;0;1;4;3;2;2;0;1;0;1;1;0;0;0;0;2;1;0;-6;3;80,0;27;62;35;17;31;14;10;31;21;17;22;5;15;22;37;14;12;7;1;3;19;21;3;87;68,68;70,8;34,870000000000005;117,93826441467675;100,28248587570621;17,655778538970537;0,5161290322580645;0,5650111607142857;51,851851851851855;17,472335468841;41,666666666666664;70,96774193548387;55,223880597014926;0,3548387096774194;0,5;40,89448301580052;0,5122950819672131;0,375;27,09109380291229;0,0;15,987210231814547;0,0;8,590142811124235;0,0;0,0;0,5;1,0;1,25
3_SBB_J4;3;SBB;4;81;MBA;71;True;False;True;21,233333333333334;1274;13;4;7;3;2;2;0;2;5;3;3;4;1;0;1;1;3;4;0;0;0;1;2;0;-5;10;80,0;27;62;35;17;31;14;10;31;21;17;22;5;15;22;37;14;12;7;1;3;19;21;3;87;68,68;70,8;34,870000000000005;117,93826441467675;100,28248587570621;17,655778538970537;0,5161290322580645;0,5650111607142857;51,851851851851855;17,472335468841;41,666666666666664;70,96774193548387;55,223880597014926;0,3548387096774194;0,5;69,99905826763302;0,7420091324200914;0,7142857142857143;94,74930911962099;31,347962382445143;0,0;12,153744872638882;5,623374493310527;0,0;0,0;0,5714285714285714;0,7142857142857143;1,8571428571428572
5_SBB_J4;5;SBB;4;81;MBA;71;True;False;True;0,0;0;0;0;0;0;0;0;0;0;0;0;0;0;0;0;0;0;0;0;0;0;0;0;0;0;0;0;80,0;27;62;35;17;31;14;10;31;21;17;22;5;15;22;37;14;12;7;1;3;19;21;3;87;68,68;70,8;34,870000000000005;117,93826441467675;100,28248587570621;17,655778538970537;0,5161290322580645;0,5650111607142857;51,851851851851855;17,472335468841;41,666666666666664;70,96774193548387;55,223880597014926;0,3548387096774194;0,5;0,0;0,0;0,0;0,0;0,0;0,0;0,0;0,0;0,0;0,0;0,0;0,0;0,0
7_SBB_J4;7;SBB;4;81;MBA;71;True;True;True;23,483333333333334;1409;20;7;15;8;2;5;3;5;10;5;1;1;0;0;0;0;0;0;2;0;1;2;3;0;16;14;80,0;27;62;35;17;31;14;10;31;21;17;22;5;15;22;37;14;12;7;1;3;19;21;3;87;68,68;70,8;34,870000000000005;117,93826441467675;100,28248587570621;17,655778538970537;0,5161290322580645;0,5650111607142857;51,851851851851855;17,472335468841;41,666666666666664;70,96774193548387;55,223880597014926;0,3548387096774194;0,5;76,5856237441888;0,6476683937823834;0,6333333333333333;0,0;0,0;0,0;0,0;0,0;9,623365531510508;0,0;0,06666666666666667;0,6666666666666666;1,3333333333333333
10_SBB_J4;10;SBB;4;81;MBA;71;True;True;True;21,533333333333335;1292;10;3;6;3;2;4;2;1;2;1;3;4;1;1;5;6;2;0;0;0;0;3;4;2;8;15;80,0;27;62;35;17;31;14;10;31;21;17;22;5;15;22;37;14;12;7;1;3;19;21;3;87;68,68;70,8;34,870000000000005;117,93826441467675;100,28248587570621;17,655778538970537;0,5161290322580645;0,5650111607142857;51,851851851851855;17,472335468841;41,666666666666664;70,96774193548387;55,223880597014926;0,3548387096774194;0,5;41,976880259506544;0,6443298969072165;0,5833333333333334;46,86584651435266;0,0;10,319917440660474;59,922101268351135;33,27018159974123;0,0;0,0;0,6666666666666666;0,3333333333333333;1,6666666666666667
11_SBB_J4;11;SBB;4;81;MBA;71;True;True;True;20,966666666666665;1258;12;5;9;4;4;4;0;1;5;4;1;3;2;0;2;2;1;3;2;0;0;1;2;0;13;9;80,0;27;62;35;17;31;14;10;31;21;17;22;5;15;22;37;14;12;7;1;3;19;21;3;87;68,68;70,8;34,870000000000005;117,93826441467675;100,28248587570621;17,655778538970537;0,5161290322580645;0,5650111607142857;51,851851851851855;17,472335468841;41,666666666666664;70,96774193548387;55,223880597014926;0,3548387096774194;0,5;74,00047963273835;0,5813953488372093;0,6111111111111112;48,1637567730283;22,52252252252252;0,0;24,61664700753885;11,389791899010511;10,778475384656842;0,0;0,3333333333333333;0,5555555555555556;1,3333333333333333
13_SBB_J4;13;SBB;4;81;MBA;71;True;False;True;13,05;783;2;1;1;0;1;1;0;0;0;0;0;0;0;1;1;2;1;0;1;0;0;1;2;0;11;7;80,0;27;62;35;17;31;14;10;31;21;17;22;5;15;22;37;14;12;7;1;3;19;21;3;87;68,68;70,8;34,870000000000005;117,93826441467675;100,28248587570621;17,655778538970537;0,5161290322580645;0,5650111607142857;51,851851851851855;17,472335468841;41,666666666666664;70,96774193548387;55,223880597014926;0,3548387096774194;0,5;8,925841874248276;1,0;1,0;29,373967321461347;0,0;17,02852277564921;19,775058707205538;18,299308057414077;8,65857090287248;0,0;0,0;0,0;2,0
18_SBB_J4;18;SBB;4;81;MBA;71;True;False;True;22,133333333333333;1328;2;1;6;5;1;2;1;0;4;4;0;0;0;1;1;2;1;1;1;0;0;3;0;0;-3;-3;80,0;27;62;35;17;31;14;10;31;21;17;22;5;15;22;37;14;12;7;1;3;19;21;3;87;68,68;70,8;34,870000000000005;117,93826441467675;100,28248587570621;17,655778538970537;0,5161290322580645;0,5650111607142857;51,851851851851855;17,472335468841;41,666666666666664;70,96774193548387;55,223880597014926;0,3548387096774194;0,5;36,83926153068886;0,16666666666666666;0,16666666666666666;15,45595054095827;14,285714285714286;10,040160642570282;11,65954139137194;10,789426362165077;5,105166428425567;0,0;0,0;0,6666666666666666;0,3333333333333333
19_SBB_J4;19;SBB;4;81;MBA;71;True;True;True;18,766666666666666;1126;6;1;6;5;1;6;5;0;0;0;4;4;0;2;2;4;4;2;1;0;0;3;2;0;15;7;80,0;27;62;35;17;31;14;10;31;21;17;22;5;15;22;37;14;12;7;1;3;19;21;3;87;68,68;70,8;34,870000000000005;117,93826441467675;100,28248587570621;17,655778538970537;0,5161290322580645;0,5650111607142857;51,851851851851855;17,472335468841;41,666666666666664;70,96774193548387;55,223880597014926;0,3548387096774194;0,5;60,57903878361924;0,3865979381443299;0,16666666666666666;74,99414108272792;20,491803278688526;23,682652457075196;27,50243511144216;25,450014580737523;6,0210133365445415;0,0;0,6666666666666666;0,0;1,0
22_SBB_J4;22;SBB;4;81;MBA;71;True;False;True;2,0;120;0;0;0;0;0;0;0;0;0;0;0;0;0;0;0;0;0;0;0;0;0;0;0;0;0;0;80,0;27;62;35;17;31;14;10;31;21;17;22;5;15;22;37;14;12;7;1;3;19;21;3;87;68,68;70,8;34,870000000000005;117,93826441467675;100,28248587570621;17,655778538970537;0,5161290322580645;0,5650111607142857;51,851851851851855;17,472335468841;41,666666666666664;70,96774193548387;55,223880597014926;0,3548387096774194;0,5;0,0;0,0;0,0;0,0;0,0;0,0;0,0;0,0;0,0;0,0;0,0;0,0;0,0
32_SBB_J4;32;SBB;4;81;MBA;71;True;True;True;23,283333333333335;1397;9;3;6;3;3;6;3;0;0;0;3;4;1;4;6;10;0;2;0;1;2;1;4;1;4;15;80,0;27;62;35;17;31;14;10;31;21;17;22;5;15;22;37;14;12;7;1;3;19;21;3;87;68,68;70,8;34,870000000000005;117,93826441467675;100,28248587570621;17,655778538970537;0,5161290322580645;0,5650111607142857;51,851851851851855;17,472335468841;41,666666666666664;70,96774193548387;55,223880597014926;0,3548387096774194;0,5;48,82748580555137;0,5798969072164949;0,5;0,0;20,491803278688526;38,177046051061794;66,50195118572054;51,282599173068085;0,0;38,177046051061794;0,6666666666666666;0,0;1,5
73_SBB_J4;73;SBB;4;81;MBA;71;True;False;True;19,65;1179;2;1;2;1;1;1;0;0;1;1;0;0;0;3;2;5;1;0;0;0;0;2;1;0;-3;6;80,0;27;62;35;17;31;14;10;31;21;17;22;5;15;22;37;14;12;7;1;3;19;21;3;87;68,68;70,8;34,870000000000005;117,93826441467675;100,28248587570621;17,655778538970537;0,5161290322580645;0,5650111607142857;51,851851851851855;17,472335468841;41,666666666666664;70,96774193548387;55,223880597014926;0,3548387096774194;0,5;11,855698367322137;0,5;0,5;17,756075907224506;0,0;33,92705682782019;26,26610851186079;30,382438950286737;0,0;0,0;0,0;0,5;1,0
SBB_SBB_J4;SBB;SBB;4;81;MBA;71;True;False;True;200,0;12000;0;0;0;0;0;0;0;0;0;0;0;0;0;2;2;4;0;0;0;0;0;0;0;0;0;4;80,0;27;62;35;17;31;14;10;31;21;17;22;5;15;22;37;14;12;7;1;3;19;21;3;87;68,68;70,8;34,870000000000005;117,93826441467675;100,28248587570621;17,655778538970537;0,5161290322580645;0,5650111607142857;51,851851851851855;17,472335468841;41,666666666666664;70,96774193548387;55,223880597014926;0,3548387096774194;0,5;0,0;0,0;0,0;0,0;0,0;2,2222222222222223;2,5806451612903225;2,388059701492537;0,0;0,0;0,0;0,0;0,0
0_MBA_J4;0;MBA;4;71;SBB;81;False;True;False;22,816666666666666;1369;9;3;10;7;2;5;3;1;5;4;2;4;2;0;1;1;7;3;2;0;0;1;2;0;-23;8;80,0;24;57;33;17;33;16;7;24;17;16;20;4;9;21;30;17;14;9;3;1;22;19;1;75;70,8;68,68;34,870000000000005;100,28248587570621;117,93826441467675;-17,655778538970537;0,4824561403508772;0,5395136778115501;70,83333333333333;19,774011299435028;29,032258064516128;58,333333333333336;44,776119402985074;0,3508771929824561;0,42105263157894735;73,09554171670526;0,3826530612244898;0,35;182,05461638491545;20,32520325203252;0,0;9,739469198928658;5,2331476292751;10,21027638792754;0,0;0,4;0,5;0,9
00_MBA_J4;00;MBA;4;71;SBB;81;False;False;False;20,066666666666666;1204;14;6;10;4;6;10;4;0;0;0;2;3;1;1;3;4;1;1;0;0;1;3;4;1;4;13;80,0;24;57;33;17;33;16;7;24;17;16;20;4;9;21;30;17;14;9;3;1;22;19;1;75;70,8;68,68;34,870000000000005;100,28248587570621;117,93826441467675;-17,655778538970537;0,4824561403508772;0,5395136778115501;70,83333333333333;19,774011299435028;29,032258064516128;58,333333333333336;44,776119402985074;0,3508771929824561;0,42105263157894735;69,37327552227039;0,6183745583038869;0,6;4999,9999999998845;8,116883116883116;12,860357946629517;33,222591362126245;23,801259483314325;0,0;0,0;0,3;0,0;1,4
3_MBA_J4;3;MBA;4;71;SBB;81;False;True;False;26,5;1590;3;0;5;5;0;3;3;0;2;2;3;3;0;1;2;3;1;3;2;0;0;3;1;0;-12;-1;80,0;24;57;33;17;33;16;7;24;17;16;20;4;9;21;30;17;14;9;3;1;22;19;1;75;70,8;68,68;34,870000000000005;100,28248587570621;117,93826441467675;-17,655778538970537;0,4824561403508772;0,5395136778115501;70,83333333333333;19,774011299435028;29,032258064516128;58,333333333333336;44,776119402985074;0,3508771929824561;0,42105263157894735;39,73989979746296;0,23734177215189872;0,0;12,578616352201259;32,188841201716734;9,73828362751065;16,771488469601678;13,517319065052098;8,791112185580378;0,0;0,6;0,4;0,6
5_MBA_J4;5;MBA;4;71;SBB;81;False;False;False;17,183333333333334;1031;6;0;0;0;0;0;0;0;0;0;6;6;0;0;2;2;6;2;0;0;0;5;5;0;13;12;80,0;24;57;33;17;33;16;7;24;17;16;20;4;9;21;30;17;14;9;3;1;22;19;1;75;70,8;68,68;34,870000000000005;100,28248587570621;117,93826441467675;-17,655778538970537;0,4824561403508772;0,5395136778115501;70,83333333333333;19,774011299435028;29,032258064516128;58,333333333333336;44,776119402985074;0,3508771929824561;0,42105263157894735;30,511762481711035;1,1363636363636362;0,0;116,3918525703201;43,103448275862064;0,0;25,864856126737795;13,8975346352621;0,0;0,0;0,0;0,0;0,0
11_MBA_J4;11;MBA;4;71;SBB;81;False;True;False;30,416666666666668;1825;8;3;11;8;1;6;5;2;5;3;0;0;0;3;2;5;1;0;4;1;0;1;1;0;2;11;80,0;24;57;33;17;33;16;7;24;17;16;20;4;9;21;30;17;14;9;3;1;22;19;1;75;70,8;68,68;34,870000000000005;100,28248587570621;117,93826441467675;-17,655778538970537;0,4824561403508772;0,5395136778115501;70,83333333333333;19,774011299435028;29,032258064516128;58,333333333333336;44,776119402985074;0,3508771929824561;0,42105263157894735;40,863710239145576;0,36363636363636365;0,36363636363636365;16,3265306122449;0,0;25,45293857711003;14,61187214611872;19,627887957472907;15,318211917888;0,0;0,0;0,45454545454545453;0,7272727272727273
13_MBA_J4;13;MBA;4;71;SBB;81;False;False;False;9,583333333333334;575;3;1;2;1;0;0;0;1;2;1;0;0;0;0;0;0;0;0;1;0;0;0;0;0;-12;3;80,0;24;57;33;17;33;16;7;24;17;16;20;4;9;21;30;17;14;9;3;1;22;19;1;75;70,8;68,68;34,870000000000005;100,28248587570621;117,93826441467675;-17,655778538970537;0,4824561403508772;0,5395136778115501;70,83333333333333;19,774011299435028;29,032258064516128;58,333333333333336;44,776119402985074;0,3508771929824561;0,42105263157894735;23,581429624170966;0,75;0,75;0,0;0,0;0,0;0,0;0,0;12,154668152237218;0,0;0,0;1,0;1,5
20_MBA_J4;20;MBA;4;71;SBB;81;False;False;False;0,0;0;0;0;0;0;0;0;0;0;0;0;0;0;0;0;0;0;0;0;0;0;0;0;0;0;0;0;80,0;24;57;33;17;33;16;7;24;17;16;20;4;9;21;30;17;14;9;3;1;22;19;1;75;70,8;68,68;34,870000000000005;100,28248587570621;117,93826441467675;-17,655778538970537;0,4824561403508772;0,5395136778115501;70,83333333333333;19,774011299435028;29,032258064516128;58,333333333333336;44,776119402985074;0,3508771929824561;0,42105263157894735;0,0;0,0;0,0;0,0;0,0;0,0;0,0;0,0;0,0;0,0;0,0;0,0;0,0
22_MBA_J4;22;MBA;4;71;SBB;81;False;True;False;11,133333333333333;668;0;0;3;3;0;0;0;0;3;3;0;0;0;1;3;4;0;0;0;0;0;0;0;0;-11;1;80,0;24;57;33;17;33;16;7;24;17;16;20;4;9;21;30;17;14;9;3;1;22;19;1;75;70,8;68,68;34,870000000000005;100,28248587570621;117,93826441467675;-17,655778538970537;0,4824561403508772;0,5395136778115501;70,83333333333333;19,774011299435028;29,032258064516128;58,333333333333336;44,776119402985074;0,3508771929824561;0,42105263157894735;30,44757941743632;0,0;0,0;0,0;0,0;23,179447556499905;59,88023952095809;42,89927607471624;0,0;0,0;0,0;1,0;0,0
24_MBA_J4;24;MBA;4;71;SBB;81;False;False;False;24,8;1488;10;4;7;3;2;3;1;2;4;2;0;0;0;0;0;0;1;2;0;1;0;1;3;0;17;9;80,0;24;57;33;17;33;16;7;24;17;16;20;4;9;21;30;17;14;9;3;1;22;19;1;75;70,8;68,68;34,870000000000005;100,28248587570621;117,93826441467675;-17,655778538970537;0,4824561403508772;0,5395136778115501;70,83333333333333;19,774011299435028;29,032258064516128;58,333333333333336;44,776119402985074;0,3508771929824561;0,42105263157894735;41,00601421541826;0,7142857142857143;0,7142857142857143;29,06976744186047;22,22222222222222;0,0;0,0;0,0;0,0;0,0;0,0;0,5714285714285714;1,4285714285714286
32_MBA_J4;32;MBA;4;71;SBB;81;False;False;False;2,9166666666666665;175;0;0;0;0;0;0;0;0;0;0;0;0;0;0;0;0;0;0;0;0;0;0;0;0;-10;0;80,0;24;57;33;17;33;16;7;24;17;16;20;4;9;21;30;17;14;9;3;1;22;19;1;75;70,8;68,68;34,870000000000005;100,28248587570621;117,93826441467675;-17,655778538970537;0,4824561403508772;0,5395136778115501;70,83333333333333;19,774011299435028;29,032258064516128;58,333333333333336;44,776119402985074;0,3508771929824561;0,42105263157894735;0,0;0,0;0,0;0,0;0,0;0,0;0,0;0,0;0,0;0,0;0,0;0,0;0,0
35_MBA_J4;35;MBA;4;71;SBB;81;False;False;False;22,166666666666668;1330;9;3;5;2;2;2;0;1;3;2;2;2;0;1;3;4;0;0;0;0;0;3;1;0;-3;9;80,0;24;57;33;17;33;16;7;24;17;16;20;4;9;21;30;17;14;9;3;1;22;19;1;75;70,8;68,68;34,870000000000005;100,28248587570621;117,93826441467675;-17,655778538970537;0,4824561403508772;0,5395136778115501;70,83333333333333;19,774011299435028;29,032258064516128;58,333333333333336;44,776119402985074;0,3508771929824561;0,42105263157894735;29,97323818019625;0,7653061224489796;0,7;0,0;0,0;11,642008246422506;30,075187969924812;21,546403321737177;0,0;0,0;0,4;0,6;1,8
99_MBA_J4;99;MBA;4;71;SBB;81;False;True;False;12,416666666666666;745;9;4;4;0;4;4;0;0;0;0;1;2;1;1;1;2;0;2;0;1;0;4;2;0;-15;7;80,0;24;57;33;17;33;16;7;24;17;16;20;4;9;21;30;17;14;9;3;1;22;19;1;75;70,8;68,68;34,870000000000005;100,28248587570621;117,93826441467675;-17,655778538970537;0,4824561403508772;0,5395136778115501;70,83333333333333;19,774011299435028;29,032258064516128;58,333333333333336;44,776119402985074;0,3508771929824561;0,42105263157894735;62,60948697531567;0,9221311475409836;1,0;-0,0;29,069767441860467;20,783719419787836;17,89709172259508;19,232695582490233;0,0;0,0;0,5;0,0;2,25
MBA_MBA_J4;MBA;MBA;4;71;SBB;81;False;False;False;200,0;12000;0;0;0;0;0;0;0;0;0;0;0;0;0;1;4;5;0;1;0;0;0;1;0;0;0;3;80,0;24;57;33;17;33;16;7;24;17;16;20;4;9;21;30;17;14;9;3;1;22;19;1;75;70,8;68,68;34,870000000000005;100,28248587570621;117,93826441467675;-17,655778538970537;0,4824561403508772;0,5395136778115501;70,83333333333333;19,774011299435028;29,032258064516128;58,333333333333336;44,776119402985074;0,3508771929824561;0,42105263157894735;0,5649717514124294;0,0;0,0;0,0;100,0;1,2903225806451613;4,444444444444445;2,985074626865672;0,0;0,0;0,0;0,0;0,0
0_VBC_J4;0;VBC;4;102;JOV;90;True;False;True;15,1;906;2;0;3;3;0;1;1;0;2;2;2;2;0;0;1;1;1;3;1;0;0;1;1;0;0;-1;80,0;33;58;25;21;26;5;12;32;20;24;27;3;8;28;36;22;13;7;6;0;21;23;4;134;74,88;78,92;38,45;136,21794871794873;114,03953370501773;22,178415012930998;0,6724137931034483;0,7298225529479108;66,66666666666667;17,36111111111111;30,76923076923077;77,77777777777777;58,064516129032256;0,46551724137931033;0,5517241379310345;48,67832682402219;0,2577319587628866;0,0;16,05458559100943;43,604651162790695;0,0;14,716703458425313;8,545182653279214;6,713144000295379;0,0;0,6666666666666666;0,6666666666666666;0,6666666666666666
1_VBC_J4;1;VBC;4;102;JOV;90;True;True;True;19,283333333333335;1157;17;6;8;2;3;5;2;3;3;0;2;2;0;0;2;2;1;0;1;1;0;0;2;0;16;22;80,0;33;58;25;21;26;5;12;32;20;24;27;3;8;28;36;22;13;7;6;0;21;23;4;134;74,88;78,92;38,45;136,21794871794873;114,03953370501773;22,178415012930998;0,6724137931034483;0,7298225529479108;66,66666666666667;17,36111111111111;30,76923076923077;77,77777777777777;58,064516129032256;0,46551724137931033;0,5517241379310345;49,19885645901204;0,9572072072072071;0,9375;51,16725295810679;0,0;0,0;23,048112935753384;13,382775253018092;5,256792103947807;46,09622587150677;0,25;0,375;2,125
3_VBC_J4;3;VBC;4;102;JOV;90;True;False;True;18,65;1119;13;3;8;5;1;1;0;2;7;5;5;6;1;0;2;2;1;0;1;1;0;3;4;1;6;13;80,0;33;58;25;21;26;5;12;32;20;24;27;3;8;28;36;22;13;7;6;0;21;23;4;134;74,88;78,92;38,45;136,21794871794873;114,03953370501773;22,178415012930998;0,6724137931034483;0,7298225529479108;66,66666666666667;17,36111111111111;30,76923076923077;77,77777777777777;58,064516129032256;0,46551724137931033;0,5517241379310345;60,951857198506005;0,6109022556390977;0,5;21,30776401651352;0,0;0,0;23,830801310694074;13,83723947072559;5,4353069385769555;47,66160262138815;0,75;0,875;1,625
4_VBC_J4;4;VBC;4;102;JOV;90;True;True;True;25,033333333333335;1502;12;4;5;1;3;3;0;1;2;1;3;4;1;1;2;3;3;1;1;0;0;1;4;0;0;19;80,0;33;58;25;21;26;5;12;32;20;24;27;3;8;28;36;22;13;7;6;0;21;23;4;134;74,88;78,92;38,45;136,21794871794873;114,03953370501773;22,178415012930998;0,6724137931034483;0,7298225529479108;66,66666666666667;17,36111111111111;30,76923076923077;77,77777777777777;58,064516129032256;0,46551724137931033;0,5517241379310345;33,11823551503977;0,8875739644970414;0,9;47,421458209839955;12,88659793814433;12,29130390248899;17,75410563692854;15,463253296679694;4,049339856369915;0,0;0,8;0,4;2,4
5_VBC_J4;5;VBC;4;102;JOV;90;True;True;True;15,116666666666667;907;10;3;4;1;1;1;0;2;3;1;2;2;0;0;1;1;3;3;0;0;0;2;1;0;11;9;80,0;33;58;25;21;26;5;12;32;20;24;27;3;8;28;36;22;13;7;6;0;21;23;4;134;74,88;78,92;38,45;136,21794871794873;114,03953370501773;22,178415012930998;0,6724137931034483;0,7298225529479108;66,66666666666667;17,36111111111111;30,76923076923077;77,77777777777777;58,064516129032256;0,46551724137931033;0,5517241379310345;55,6921946117095;1,0245901639344261;1,0;92,7177902259996;38,07106598984772;0,0;14,700477765527378;8,535761283209446;0,0;0,0;0,5;0,75;2,5
6_VBC_J4;6;VBC;4;102;JOV;90;True;False;True;9,966666666666667;598;6;0;2;2;0;0;0;0;2;2;6;6;0;1;1;2;1;0;1;0;0;1;3;0;6;10;80,0;33;58;25;21;26;5;12;32;20;24;27;3;8;28;36;22;13;7;6;0;21;23;4;134;74,88;78,92;38,45;136,21794871794873;114,03953370501773;22,178415012930998;0,6724137931034483;0,7298225529479108;66,66666666666667;17,36111111111111;30,76923076923077;77,77777777777777;58,064516129032256;0,46551724137931033;0,5517241379310345;49,73844438727383;0,6465517241379309;0,0;24,32350258437215;0,0;30,87213789554927;22,29654403567447;25,892760815621962;10,170749940246843;0,0;3,0;1,0;3,0
8_VBC_J4;8;VBC;4;102;JOV;90;True;False;True;17,716666666666665;1063;16;6;9;3;4;5;1;2;4;2;2;3;1;1;1;2;2;4;0;0;0;0;4;0;-3;16;80,0;33;58;25;21;26;5;12;32;20;24;27;3;8;28;36;22;13;7;6;0;21;23;4;134;74,88;78,92;38,45;136,21794871794873;114,03953370501773;22,178415012930998;0,6724137931034483;0,7298225529479108;66,66666666666667;17,36111111111111;30,76923076923077;77,77777777777777;58,064516129032256;0,46551724137931033;0,5517241379310345;86,3545360252792;0,7751937984496123;0,7777777777777778;152,89058767319642;27,932960893854748;17,36739272016789;12,543116964565696;14,56620034594726;0,0;0,0;0,3333333333333333;0,4444444444444444;1,7777777777777777
10_VBC_J4;10;VBC;4;102;JOV;90;True;True;True;13,583333333333334;815;2;0;2;2;0;1;1;0;1;1;2;2;0;0;1;1;4;0;0;1;0;1;1;0;13;6;80,0;33;58;25;21;26;5;12;32;20;24;27;3;8;28;36;22;13;7;6;0;21;23;4;134;74,88;78,92;38,45;136,21794871794873;114,03953370501773;22,178415012930998;0,6724137931034483;0,7298225529479108;66,66666666666667;17,36111111111111;30,76923076923077;77,77777777777777;58,064516129032256;0,46551724137931033;0,5517241379310345;22,65219443133553;0,3472222222222222;0,0;71,38873396542108;0,0;0,0;16,359918200409;9,499307342172965;0,0;65,439672801636;1,0;0,5;1,0
12_VBC_J4;12;VBC;4;102;JOV;90;True;False;True;15,266666666666667;916;10;5;5;0;5;5;0;0;0;0;0;0;0;0;5;5;1;0;1;2;0;4;0;3;-2;15;80,0;33;58;25;21;26;5;12;32;20;24;27;3;8;28;36;22;13;7;6;0;21;23;4;134;74,88;78,92;38,45;136,21794871794873;114,03953370501773;22,178415012930998;0,6724137931034483;0,7298225529479108;66,66666666666667;17,36111111111111;30,76923076923077;77,77777777777777;58,064516129032256;0,46551724137931033;0,5517241379310345;34,990482588735865;1,0;1,0;77,07129094412329;0,0;0,0;72,78020378457059;42,25947316523454;6,639856402038878;116,44832605531295;0,0;0,0;2,0
13_VBC_J4;13;VBC;4;102;JOV;90;True;False;True;20,45;1227;7;3;5;2;2;2;0;1;3;2;0;0;0;2;1;3;3;0;1;0;0;2;1;0;0;11;80,0;33;58;25;21;26;5;12;32;20;24;27;3;8;28;36;22;13;7;6;0;21;23;4;134;74,88;78,92;38,45;136,21794871794873;114,03953370501773;22,178415012930998;0,6724137931034483;0,7298225529479108;66,66666666666667;17,36111111111111;30,76923076923077;77,77777777777777;58,064516129032256;0,46551724137931033;0,5517241379310345;26,12166426347356;0,7;0,7;55,19144532597448;0,0;30,09215723152154;10,866612333605;18,92893761337645;4,956893613910035;0,0;0,0;0,6;1,4
24_VBC_J4;24;VBC;4;102;JOV;90;True;True;True;21,05;1263;5;2;4;2;1;1;0;1;3;2;0;0;0;1;7;8;1;1;0;1;0;2;2;0;20;12;80,0;33;58;25;21;26;5;12;32;20;24;27;3;8;28;36;22;13;7;6;0;21;23;4;134;74,88;78,92;38,45;136,21794871794873;114,03953370501773;22,178415012930998;0,6724137931034483;0,7298225529479108;66,66666666666667;17,36111111111111;30,76923076923077;77,77777777777777;58,064516129032256;0,46551724137931033;0,5517241379310345;25,377103761901864;0,625;0,625;14,963059945758907;20,0;14,61721176685547;73,89812615465821;49,038387862999;0,0;42,2275006598047;0,0;0,75;1,25
32_VBC_J4;32;VBC;4;102;JOV;90;True;False;True;8,783333333333333;527;2;1;3;2;1;1;0;0;2;2;0;0;0;1;1;2;1;0;0;0;0;3;0;0;-7;0;80,0;33;58;25;21;26;5;12;32;20;24;27;3;8;28;36;22;13;7;6;0;21;23;4;134;74,88;78,92;38,45;136,21794871794873;114,03953370501773;22,178415012930998;0,6724137931034483;0,7298225529479108;66,66666666666667;17,36111111111111;30,76923076923077;77,77777777777777;58,064516129032256;0,46551724137931033;0,5517241379310345;36,49102320829076;0,3333333333333333;0,3333333333333333;38,12246842983083;0,0;35,03138227995913;25,30044275774826;29,38115933157863;0,0;0,0;0,0;0,6666666666666666;0,6666666666666666
VBC_VBC_J4;VBC;VBC;4;102;JOV;90;True;False;True;200,0;12000;0;0;0;0;0;0;0;0;0;0;0;0;0;1;3;4;0;1;0;0;0;1;0;0;0;2;80,0;33;58;25;21;26;5;12;32;20;24;27;3;8;28;36;22;13;7;6;0;21;23;4;134;74,88;78,92;38,45;136,21794871794873;114,03953370501773;22,178415012930998;0,6724137931034483;0,7298225529479108;66,66666666666667;17,36111111111111;30,76923076923077;77,77777777777777;58,064516129032256;0,46551724137931033;0,5517241379310345;0,5341880341880342;0,0;0,0;0,0;100,0;1,5384615384615385;3,3333333333333335;2,5806451612903225;0,0;0,0;0,0;0,0;0,0
0_JOV_J4;0;JOV;4;90;VBC;102;False;False;False;9,683333333333334;581;3;1;3;2;1;1;0;0;2;2;1;2;1;0;1;1;0;1;0;0;0;2;1;0;3;-1;80,0;31;67;36;18;38;20;13;29;16;15;18;3;8;18;26;19;12;8;0;6;23;20;1;83;78,92;74,88;38,45;114,03953370501773;136,21794871794873;-22,178415012930998;0,5597014925373134;0,6006406833956219;61,29032258064516;15,205271160669032;22,22222222222222;69,23076923076923;41,935483870967744;0,26865671641791045;0,43283582089552236;51,08552376183468;0,3865979381443299;0,3333333333333333;0,0;20,491803278688526;0,0;31,77545346220045;13,32519016156793;0,0;-0,0;0,6666666666666666;0,6666666666666666;1,0
1_JOV_J4;1;JOV;4;90;VBC;102;False;False;False;17,716666666666665;1063;0;0;2;2;0;1;1;0;1;1;0;0;0;2;3;5;2;0;1;0;1;3;0;0;-3;2;80,0;31;67;36;18;38;20;13;29;16;15;18;3;8;18;26;19;12;8;0;6;23;20;1;83;78,92;74,88;38,45;114,03953370501773;136,21794871794873;-22,178415012930998;0,5597014925373134;0,6006406833956219;61,29032258064516;15,205271160669032;22,22222222222222;69,23076923076923;41,935483870967744;0,26865671641791045;0,43283582089552236;11,443289678772555;0,0;0,0;29,13240069189452;0,0;25,086233929131392;52,10217816050366;36,41550086486815;6,030344694502738;-0,0;0,0;0,5;0,0
9_JOV_J4;9;JOV;4;90;VBC;102;False;False;False;21,9;1314;13;3;8;5;2;6;4;1;2;1;6;7;1;0;3;3;7;3;0;0;0;1;5;0;1;18;80,0;31;67;36;18;38;20;13;29;16;15;18;3;8;18;26;19;12;8;0;6;23;20;1;83;78,92;74,88;38,45;114,03953370501773;136,21794871794873;-22,178415012930998;0,5597014925373134;0,6006406833956219;61,29032258064516;15,205271160669032;22,22222222222222;69,23076923076923;41,935483870967744;0,26865671641791045;0,43283582089552236;65,17206025638356;0,5866425992779783;0,4375;127,59170653907496;21,306818181818183;0,0;42,149631190727085;17,675651789659746;0,0;-0,0;0,875;0,25;1,625
12_JOV_J4;12;JOV;4;90;VBC;102;False;False;False;16,266666666666666;976;5;1;3;2;0;1;1;1;2;1;2;2;0;0;0;0;1;1;1;0;1;1;2;0;-4;4;80,0;31;67;36;18;38;20;13;29;16;15;18;3;8;18;26;19;12;8;0;6;23;20;1;83;78,92;74,88;38,45;114,03953370501773;136,21794871794873;-22,178415012930998;0,5597014925373134;0,6006406833956219;61,29032258064516;15,205271160669032;22,22222222222222;69,23076923076923;41,935483870967744;0,26865671641791045;0,43283582089552236;30,410542321338067;0,6443298969072165;0,5;18,856065367693276;20,491803278688526;0,0;0,0;0,0;6,567885666246323;-0,0;0,6666666666666666;0,6666666666666666;1,6666666666666667
16_JOV_J4;16;JOV;4;90;VBC;102;False;True;False;12,883333333333333;773;3;1;2;1;0;1;1;1;1;0;0;0;0;0;0;0;2;1;0;0;0;0;1;0;-18;4;80,0;31;67;36;18;38;20;13;29;16;15;18;3;8;18;26;19;12;8;0;6;23;20;1;83;78,92;74,88;38,45;114,03953370501773;136,21794871794873;-22,178415012930998;0,5597014925373134;0,6006406833956219;61,29032258064516;15,205271160669032;22,22222222222222;69,23076923076923;41,935483870967744;0,26865671641791045;0,43283582089552236;23,604560663393066;0,75;0,75;50,09654020769191;33,333333333333336;0,0;0,0;0,0;0,0;-0,0;0,0;0,5;1,5
17_JOV_J4;17;JOV;4;90;VBC;102;False;True;False;18,016666666666666;1081;3;1;6;5;0;2;2;1;4;3;0;0;0;1;0;1;0;0;2;0;0;2;0;0;-11;-1;80,0;31;67;36;18;38;20;13;29;16;15;18;3;8;18;26;19;12;8;0;6;23;20;1;83;78,92;74,88;38,45;114,03953370501773;136,21794871794873;-22,178415012930998;0,5597014925373134;0,6006406833956219;61,29032258064516;15,205271160669032;22,22222222222222;69,23076923076923;41,935483870967744;0,26865671641791045;0,43283582089552236;33,75823384422357;0,25;0,25;0,0;0,0;12,33425840271354;0,0;7,161827459640119;11,859863848763018;-0,0;0,0;0,6666666666666666;0,5
21_JOV_J4;21;JOV;4;90;VBC;102;False;False;False;10,4;624;7;3;4;1;3;3;0;0;1;1;1;1;0;0;0;0;0;0;2;0;0;5;1;1;0;4;80,0;31;67;36;18;38;20;13;29;16;15;18;3;8;18;26;19;12;8;0;6;23;20;1;83;78,92;74,88;38,45;114,03953370501773;136,21794871794873;-22,178415012930998;0,5597014925373134;0,6006406833956219;61,29032258064516;15,205271160669032;22,22222222222222;69,23076923076923;41,935483870967744;0,26865671641791045;0,43283582089552236;43,27654099575033;0,7882882882882882;0,75;0,0;0,0;0,0;0,0;0,0;20,5456936226167;-0,0;0,25;0,25;1,75
24_JOV_J4;24;JOV;4;90;VBC;102;False;True;False;28,95;1737;28;10;15;5;3;5;2;7;10;3;1;1;0;1;0;1;2;2;0;0;0;3;1;0;-3;22;80,0;31;67;36;18;38;20;13;29;16;15;18;3;8;18;26;19;12;8;0;6;23;20;1;83;78,92;74,88;38,45;114,03953370501773;136,21794871794873;-22,178415012930998;0,5597014925373134;0,6006406833956219;61,29032258064516;15,205271160669032;22,22222222222222;69,23076923076923;41,935483870967744;0,26865671641791045;0,43283582089552236;61,06618976213422;0,9067357512953368;0,9;164,18676244227802;11,467889908256883;7,676069852235655;0,0;4,457072817427155;0,0;-0,0;0,06666666666666667;0,6666666666666666;1,8666666666666667
35_JOV_J4;35;JOV;4;90;VBC;102;False;True;False;18,8;1128;5;2;4;2;2;4;2;0;0;0;1;2;1;1;1;2;2;0;0;0;1;4;1;0;-6;2;80,0;31;67;36;18;38;20;13;29;16;15;18;3;8;18;26;19;12;8;0;6;23;20;1;83;78,92;74,88;38,45;114,03953370501773;136,21794871794873;-22,178415012930998;0,5597014925373134;0,6006406833956219;61,29032258064516;15,205271160669032;22,22222222222222;69,23076923076923;41,935483870967744;0,26865671641791045;0,43283582089552236;26,31266782413648;0,5122950819672131;0,5;37,842951750236516;0,0;11,820330969267138;16,366612111292962;13,726835964310224;0,0;-0,0;0,5;0,0;1,25
44_JOV_J4;44;JOV;4;90;VBC;102;False;False;False;21,083333333333332;1265;13;5;12;7;5;12;7;0;0;0;3;3;0;1;3;4;1;1;0;0;2;0;6;0;-6;14;80,0;31;67;36;18;38;20;13;29;16;15;18;3;8;18;26;19;12;8;0;6;23;20;1;83;78,92;74,88;38,45;114,03953370501773;136,21794871794873;-22,178415012930998;0,5597014925373134;0,6006406833956219;61,29032258064516;15,205271160669032;22,22222222222222;69,23076923076923;41,935483870967744;0,26865671641791045;0,43283582089552236;68,85042941368555;0,487987987987988;0,4166666666666667;31,54781465658889;6,983240223463687;10,540184453227932;43,78230465186987;24,480428407497133;0,0;-0,0;0,25;0,0;1,0833333333333333
88_JOV_J4;88;JOV;4;90;VBC;102;False;True;False;24,3;1458;10;4;8;4;2;2;0;2;6;4;0;0;0;1;5;6;2;3;2;0;1;2;2;0;-13;12;80,0;31;67;36;18;38;20;13;29;16;15;18;3;8;18;26;19;12;8;0;6;23;20;1;83;78,92;74,88;38,45;114,03953370501773;136,21794871794873;-22,178415012930998;0,5597014925373134;0,6006406833956219;61,29032258064516;15,205271160669032;22,22222222222222;69,23076923076923;41,935483870967744;0,26865671641791045;0,43283582089552236;45,88696372218363;0,625;0,625;36,92591737825987;27,272727272727273;9,144947416552354;63,311174422285525;31,859816806053363;8,793218669761881;-0,0;0,0;0,75;1,25
JOV_JOV_J4;JOV;JOV;4;90;VBC;102;False;False;False;200,0;12000;0;0;0;0;0;0;0;0;0;0;0;0;0;1;2;3;0;0;0;0;0;0;0;0;0;3;80,0;31;67;36;18;38;20;13;29;16;15;18;3;8;18;26;19;12;8;0;6;23;20;1;83;78,92;74,88;38,45;114,03953370501773;136,21794871794873;-22,178415012930998;0,5597014925373134;0,6006406833956219;61,29032258064516;15,205271160669032;22,22222222222222;69,23076923076923;41,935483870967744;0,26865671641791045;0,43283582089552236;0,0;0,0;0,0;0,0;0,0;1,1111111111111112;3,076923076923077;1,935483870967742;0,0;-0,0;0,0;0,0;0,0
0_RMB_J4;0;RMB;4;87;BAX;75;True;True;True;22,133333333333333;1328;12;3;7;4;3;4;1;0;3;3;6;6;0;1;3;4;0;1;1;0;0;2;6;0;16;16;80,0;27;62;35;21;42;21;6;20;14;27;31;4;18;27;45;11;22;9;8;2;23;28;2;102;79,64;81,16;40,2;109,24158714213962;92,41005421389848;16,831532928241145;0,4838709677419355;0,5750925436277102;40,74074074074074;27,624309392265193;50,0;61,36363636363637;56,25;0,5;0,3225806451612903;48,28959232207585;0,6224066390041494;0,42857142857142855;0,0;9,398496240601503;10,040160642570282;24,644030668127055;18,072289156626507;4,453496588621613;0,0;0,8571428571428571;0,42857142857142855;1,7142857142857142
1_RMB_J4;1;RMB;4;87;BAX;75;True;False;True;9,3;558;0;0;1;1;0;1;1;0;0;0;0;0;0;0;1;1;0;2;1;0;0;3;0;0;4;-4;80,0;27;62;35;21;42;21;6;20;14;27;31;4;18;27;45;11;22;9;8;2;23;28;2;102;79,64;81,16;40,2;109,24158714213962;92,41005421389848;16,831532928241145;0,4838709677419355;0,5750925436277102;40,74074074074074;27,624309392265193;50,0;61,36363636363637;56,25;0,5;0,3225806451612903;32,40388198506181;0,0;0,0;0,0;66,66666666666667;0,0;19,55034213098729;10,75268817204301;10,599002633852155;0,0;0,0;0,0;0,0
6_RMB_J4;6;RMB;4;87;BAX;75;True;True;True;21,516666666666666;1291;9;3;5;2;1;3;2;2;2;0;1;2;1;0;1;1;1;1;1;0;1;2;1;0;14;6;80,0;27;62;35;21;42;21;6;20;14;27;31;4;18;27;45;11;22;9;8;2;23;28;2;102;79,64;81,16;40,2;109,24158714213962;92,41005421389848;16,831532928241145;0,4838709677419355;0,5750925436277102;40,74074074074074;27,624309392265193;50,0;61,36363636363637;56,25;0,5;0,3225806451612903;32,11975189670326;0,7653061224489796;0,8;23,463851004546125;14,534883720930234;0,0;8,450109147243152;4,647560030983734;4,581133593872582;0,0;0,4;0,4;1,8
7_RMB_J4;7;RMB;4;87;BAX;75;True;False;True;23,15;1389;12;5;9;4;3;5;2;2;4;2;0;1;1;1;2;3;3;2;0;0;0;3;4;0;11;12;80,0;27;62;35;21;42;21;6;20;14;27;31;4;18;27;45;11;22;9;8;2;23;28;2;102;79,64;81,16;40,2;109,24158714213962;92,41005421389848;16,831532928241145;0,4838709677419355;0,5750925436277102;40,74074074074074;27,624309392265193;50,0;61,36363636363637;56,25;0,5;0,3225806451612903;49,64022767681348;0,6355932203389831;0,6666666666666666;106,6429682292824;17,482517482517483;9,599232061435085;15,707834282348323;12,958963282937365;0,0;0,0;0,1111111111111111;0,4444444444444444;1,3333333333333333
8_RMB_J4;8;RMB;4;87;BAX;75;True;False;True;16,433333333333334;986;6;2;4;2;0;1;1;2;3;1;0;0;0;0;5;5;0;1;0;0;0;1;1;0;-4;8;80,0;27;62;35;21;42;21;6;20;14;27;31;4;18;27;45;11;22;9;8;2;23;28;2;102;79,64;81,16;40,2;109,24158714213962;92,41005421389848;16,831532928241145;0,4838709677419355;0,5750925436277102;40,74074074074074;27,624309392265193;50,0;61,36363636363637;56,25;0,5;0,3225806451612903;30,563499235403125;0,75;0,75;0,0;20,0;0,0;55,31993361607966;30,425963488843813;0,0;0,0;0,0;0,75;1,5
9_RMB_J4;9;RMB;4;87;BAX;75;True;False;True;12,516666666666667;751;0;0;1;1;0;0;0;0;1;1;0;0;0;0;0;0;1;1;0;0;0;0;0;0;5;-1;80,0;27;62;35;21;42;21;6;20;14;27;31;4;18;27;45;11;22;9;8;2;23;28;2;102;79,64;81,16;40,2;109,24158714213962;92,41005421389848;16,831532928241145;0,4838709677419355;0,5750925436277102;40,74074074074074;27,624309392265193;50,0;61,36363636363637;56,25;0,5;0,3225806451612903;16,05092423228095;0,0;0,0;23,67214084923805;50,0;0,0;0,0;0,0;0,0;0,0;0,0;1,0;0,0
11_RMB_J4;11;RMB;4;87;BAX;75;True;True;True;24,316666666666666;1459;8;3;10;7;3;6;3;0;4;4;2;2;0;1;3;4;0;4;1;0;1;2;2;0;3;1;80,0;27;62;35;21;42;21;6;20;14;27;31;4;18;27;45;11;22;9;8;2;23;28;2;102;79,64;81,16;40,2;109,24158714213962;92,41005421389848;16,831532928241145;0,4838709677419355;0,5750925436277102;40,74074074074074;27,624309392265193;50,0;61,36363636363637;56,25;0,5;0,3225806451612903;61,4692091106346;0,3676470588235294;0,3;0,0;26,881720430107524;9,138679460817912;22,43130413109851;16,449623029472242;4,053628149204594;0,0;0,2;0,4;0,8
12_RMB_J4;12;RMB;4;87;BAX;75;True;True;True;16,85;1011;8;1;7;6;1;5;4;0;2;2;6;8;2;1;0;1;4;2;1;0;0;4;6;0;1;6;80,0;27;62;35;21;42;21;6;20;14;27;31;4;18;27;45;11;22;9;8;2;23;28;2;102;79,64;81,16;40,2;109,24158714213962;92,41005421389848;16,831532928241145;0,4838709677419355;0,5750925436277102;40,74074074074074;27,624309392265193;50,0;61,36363636363637;56,25;0,5;0,3225806451612903;74,63854407146698;0,3802281368821293;0,14285714285714285;85,34471262835044;15,97444089456869;13,188262446422684;0,0;5,9347181008902075;5,849894628772999;0,0;1,1428571428571428;0,2857142857142857;1,1428571428571428
13_RMB_J4;13;RMB;4;87;BAX;75;True;False;True;6,766666666666667;406;2;1;2;1;1;2;1;0;0;0;0;0;0;0;0;0;0;0;0;1;0;0;0;0;-4;2;80,0;27;62;35;21;42;21;6;20;14;27;31;4;18;27;45;11;22;9;8;2;23;28;2;102;79,64;81,16;40,2;109,24158714213962;92,41005421389848;16,831532928241145;0,4838709677419355;0,5750925436277102;40,74074074074074;27,624309392265193;50,0;61,36363636363637;56,25;0,5;0,3225806451612903;29,690256400105895;0,5;0,5;0,0;0,0;0,0;0,0;0,0;0,0;30,314513073133764;0,0;0,0;1,0
16_RMB_J4;16;RMB;4;87;BAX;75;True;False;True;12,283333333333333;737;12;6;8;2;6;8;2;0;0;0;0;0;0;8;1;9;0;3;1;2;0;4;1;1;-1;16;80,0;27;62;35;21;42;21;6;20;14;27;31;4;18;27;45;11;22;9;8;2;23;28;2;102;79,64;81,16;40,2;109,24158714213962;92,41005421389848;16,831532928241145;0,4838709677419355;0,5750925436277102;40,74074074074074;27,624309392265193;50,0;61,36363636363637;56,25;0,5;0,3225806451612903;89,95704551076861;0,75;0,75;-0,0;27,272727272727273;144,7308909995477;14,802022943135562;73,27001356852104;8,024753690216421;33,39943638451101;0,0;0,0;1,5
22_RMB_J4;22;RMB;4;87;BAX;75;True;True;True;20,95;1257;16;3;4;1;3;4;1;0;0;0;10;10;0;4;10;14;1;3;1;5;0;0;6;1;17;39;80,0;27;62;35;21;42;21;6;20;14;27;31;4;18;27;45;11;22;9;8;2;23;28;2;102;79,64;81,16;40,2;109,24158714213962;92,41005421389848;16,831532928241145;0,4838709677419355;0,5750925436277102;40,74074074074074;27,624309392265193;50,0;61,36363636363637;56,25;0,5;0,3225806451612903;54,661250088404984;0,9523809523809523;0,75;24,5662521111623;26,31578947368421;42,429063908777515;86,78672163159037;66,82577565632458;4,705046515266112;48,95661220243559;2,5;0,0;4,0
23_RMB_J4;23;RMB;4;87;BAX;75;True;False;True;13,783333333333333;827;2;0;4;4;0;3;3;0;1;1;2;2;0;0;0;0;1;2;0;0;0;2;1;0;-2;-4;80,0;27;62;35;21;42;21;6;20;14;27;31;4;18;27;45;11;22;9;8;2;23;28;2;102;79,64;81,16;40,2;109,24158714213962;92,41005421389848;16,831532928241145;0,4838709677419355;0,5750925436277102;40,74074074074074;27,624309392265193;50,0;61,36363636363637;56,25;0,5;0,3225806451612903;50,14099117127436;0,20491803278688525;0,0;21,496708316539028;29,069767441860467;0,0;0,0;0,0;0,0;0,0;0,5;0,25;0,5
RMB_RMB_J4;RMB;RMB;4;87;BAX;75;True;False;True;200,0;12000;0;0;0;0;0;0;0;0;0;0;0;0;0;2;1;3;0;0;2;0;0;0;0;0;0;5;80,0;27;62;35;21;42;21;6;20;14;27;31;4;18;27;45;11;22;9;8;2;23;28;2;102;79,64;81,16;40,2;109,24158714213962;92,41005421389848;16,831532928241145;0,4838709677419355;0,5750925436277102;40,74074074074074;27,624309392265193;50,0;61,36363636363637;56,25;0,5;0,3225806451612903;0,0;0,0;0,0;0,0;0,0;2,2222222222222223;0,9090909090909091;1,5;0,9857072449482503;0,0;0,0;0,0;0,0
0_BAX_J4;0;BAX;4;75;RMB;87;False;True;False;18,95;1137;5;2;3;1;2;3;1;0;0;0;1;1;0;2;2;4;0;0;0;3;0;1;2;1;3;12;80,0;30;75;45;26;57;31;4;18;14;11;14;3;17;18;35;12;17;8;4;8;28;23;1;56;81,16;79,64;40,2;92,41005421389848;109,24158714213962;-16,831532928241145;0,4266666666666667;0,46205027106949237;40,0;20,946278955150323;38,63636363636363;50,0;43,75;0,18666666666666668;0,24;17,893577428084335;0,7267441860465116;0,6666666666666666;0,0;0,0;19,189254017750063;23,453532688361186;21,108179419525065;0,0;57,567762053250185;0,3333333333333333;0,0;1,6666666666666667
2_BAX_J4;2;BAX;4;75;RMB;87;False;False;False;19,983333333333334;1199;10;5;8;3;5;7;2;0;1;1;0;0;0;0;1;1;2;1;1;0;1;2;1;0;-4;8;80,0;30;75;45;26;57;31;4;18;14;11;14;3;17;18;35;12;17;8;4;8;28;23;1;56;81,16;79,64;40,2;92,41005421389848;109,24158714213962;-16,831532928241145;0,4266666666666667;0,46205027106949237;40,0;20,946278955150323;38,63636363636363;50,0;43,75;0,18666666666666668;0,24;44,3938208733991;0,625;0,625;80,20050125313283;11,11111111111111;0,0;11,120378092855155;5,004170141784821;5,0267906999345255;0,0;0,0;0,125;1,25
4_BAX_J4;4;BAX;4;75;RMB;87;False;False;False;0,4666666666666667;28;0;0;0;0;0;0;0;0;0;0;0;0;0;0;0;0;0;0;0;0;0;0;0;0;-2;0;80,0;30;75;45;26;57;31;4;18;14;11;14;3;17;18;35;12;17;8;4;8;28;23;1;56;81,16;79,64;40,2;92,41005421389848;109,24158714213962;-16,831532928241145;0,4266666666666667;0,46205027106949237;40,0;20,946278955150323;38,63636363636363;50,0;43,75;0,18666666666666668;0,24;0,0;0,0;0,0;0,0;0,0;0,0;0,0;0,0;0,0;0,0;0,0;0,0;0,0
8_BAX_J4;8;BAX;4;75;RMB;87;False;True;False;29,85;1791;13;6;15;9;5;9;4;1;6;5;0;0;0;0;5;5;0;0;1;0;2;3;3;0;-8;8;80,0;30;75;45;26;57;31;4;18;14;11;14;3;17;18;35;12;17;8;4;8;28;23;1;56;81,16;79,64;40,2;92,41005421389848;109,24158714213962;-16,831532928241145;0,4266666666666667;0,46205027106949237;40,0;20,946278955150323;38,63636363636363;50,0;43,75;0,18666666666666668;0,24;49,53302738433418;0,43333333333333335;0,43333333333333335;0,0;0,0;0,0;37,22315280104225;16,75041876046901;3,36522727483054;0,0;0,0;0,4;0,8666666666666667
11_BAX_J4;11;BAX;4;75;RMB;87;False;False;False;18,25;1095;7;2;5;3;1;3;2;1;2;1;2;2;0;0;1;1;1;2;1;0;0;2;4;0;-1;7;80,0;30;75;45;26;57;31;4;18;14;11;14;3;17;18;35;12;17;8;4;8;28;23;1;56;81,16;79,64;40,2;92,41005421389848;109,24158714213962;-16,831532928241145;0,4266666666666667;0,46205027106949237;40,0;20,946278955150323;38,63636363636363;50,0;43,75;0,18666666666666668;0,24;42,56094843940939;0,5952380952380952;0,5;20,64516129032258;25,380710659898476;0,0;12,1765601217656;5,47945205479452;5,504221049517349;0,0;0,4;0,4;1,4
12_BAX_J4;12;BAX;4;75;RMB;87;False;False;False;9,35;561;0;0;2;2;0;1;1;0;1;1;0;0;0;0;0;0;0;1;0;0;0;5;0;0;-19;-8;80,0;30;75;45;26;57;31;4;18;14;11;14;3;17;18;35;12;17;8;4;8;28;23;1;56;81,16;79,64;40,2;92,41005421389848;109,24158714213962;-16,831532928241145;0,4266666666666667;0,46205027106949237;40,0;20,946278955150323;38,63636363636363;50,0;43,75;0,18666666666666668;0,24;31,626970426147075;0,0;0,0;0,0;33,333333333333336;0,0;0,0;0,0;0,0;0,0;0,0;0,5;0,0
18_BAX_J4;18;BAX;4;75;RMB;87;False;False;False;12,85;771;0;0;0;0;0;0;0;0;0;0;0;0;0;0;2;2;0;2;0;0;0;2;0;0;-8;-2;80,0;30;75;45;26;57;31;4;18;14;11;14;3;17;18;35;12;17;8;4;8;28;23;1;56;81,16;79,64;40,2;92,41005421389848;109,24158714213962;-16,831532928241145;0,4266666666666667;0,46205027106949237;40,0;20,946278955150323;38,63636363636363;50,0;43,75;0,18666666666666668;0,24;15,34174700308561;0,0;0,0;0,0;100,0;0,0;34,58711629917856;15,56420233463035;0,0;0,0;0,0;0,0;0,0
19_BAX_J4;19;BAX;4;75;RMB;87;False;True;False;23,333333333333332;1400;9;3;7;4;2;5;3;1;2;1;2;2;0;2;3;5;0;0;2;1;1;2;3;0;11;13;80,0;30;75;45;26;57;31;4;18;14;11;14;3;17;18;35;12;17;8;4;8;28;23;1;56;81,16;79,64;40,2;92,41005421389848;109,24158714213962;-16,831532928241145;0,4266666666666667;0,46205027106949237;40,0;20,946278955150323;38,63636363636363;50,0;43,75;0,18666666666666668;0,24;33,28874181510949;0,5710659898477157;0,5;0,0;0,0;15,584415584415586;28,571428571428573;21,42857142857143;8,61017435603071;15,584415584415586;0,2857142857142857;0,2857142857142857;1,2857142857142858
32_BAX_J4;32;BAX;4;75;RMB;87;False;True;False;23,816666666666666;1429;11;3;12;9;2;7;5;1;5;4;4;6;2;1;0;1;0;3;1;0;2;4;4;0;-7;-3;80,0;30;75;45;26;57;31;4;18;14;11;14;3;17;18;35;12;17;8;4;8;28;23;1;56;81,16;79,64;40,2;92,41005421389848;109,24158714213962;-16,831532928241145;0,4266666666666667;0,46205027106949237;40,0;20,946278955150323;38,63636363636363;50,0;43,75;0,18666666666666668;0,24;73,00717621086271;0,3756830601092896;0,2916666666666667;0,0;17,006802721088434;7,634073414339334;0,0;4,198740377886634;4,217720118419522;0,0;0,5;0,4166666666666667;0,9166666666666666
33_BAX_J4;33;BAX;4;75;RMB;87;False;False;False;19,366666666666667;1162;18;8;13;5;8;13;5;0;0;0;2;3;1;4;1;5;2;2;1;0;0;3;3;0;-12;18;80,0;30;75;45;26;57;31;4;18;14;11;14;3;17;18;35;12;17;8;4;8;28;23;1;56;81,16;79,64;40,2;92,41005421389848;109,24158714213962;-16,831532928241145;0,4266666666666667;0,46205027106949237;40,0;20,946278955150323;38,63636363636363;50,0;43,75;0,18666666666666668;0,24;83,06407351577683;0,6284916201117319;0,6153846153846154;-271,1864406779662;12,254901960784313;37,552808637145986;11,474469305794607;25,817555938037863;5,1868520217052465;0,0;0,23076923076923078;0,0;1,3846153846153846
47_BAX_J4;47;BAX;4;75;RMB;87;False;False;False;2,5;150;0;0;2;2;0;2;2;0;0;0;0;0;0;2;0;2;0;0;0;0;1;0;0;0;-5;-1;80,0;30;75;45;26;57;31;4;18;14;11;14;3;17;18;35;12;17;8;4;8;28;23;1;56;81,16;79,64;40,2;92,41005421389848;109,24158714213962;-16,831532928241145;0,4266666666666667;0,46205027106949237;40,0;20,946278955150323;38,63636363636363;50,0;43,75;0,18666666666666668;0,24;78,85657959586004;0,0;0,0;0,0;0,0;145,45454545454547;0,0;80,0;0,0;0,0;0,0;0,0;0,0
55_BAX_J4;55;BAX;4;75;RMB;87;False;True;False;21,283333333333335;1277;2;1;8;7;1;7;6;0;1;1;0;0;0;0;3;3;7;4;1;0;1;4;3;0;-8;0;80,0;30;75;45;26;57;31;4;18;14;11;14;3;17;18;35;12;17;8;4;8;28;23;1;56;81,16;79,64;40,2;92,41005421389848;109,24158714213962;-16,831532928241145;0,4266666666666667;0,46205027106949237;40,0;20,946278955150323;38,63636363636363;50,0;43,75;0,18666666666666668;0,24;55,576289456753344;0,125;0,125;100,26857654431512;33,333333333333336;0,0;31,323414252153484;14,095536413469068;4,719751017401329;0,0;0,0;0,125;0,25
BAX_BAX_J4;BAX;BAX;4;75;RMB;87;False;False;False;200,0;12000;0;0;0;0;0;0;0;0;0;0;0;0;0;6;0;6;0;2;0;0;0;0;0;0;0;4;80,0;30;75;45;26;57;31;4;18;14;11;14;3;17;18;35;12;17;8;4;8;28;23;1;56;81,16;79,64;40,2;92,41005421389848;109,24158714213962;-16,831532928241145;0,4266666666666667;0,46205027106949237;40,0;20,946278955150323;38,63636363636363;50,0;43,75;0,18666666666666668;0,24;0,9857072449482503;0,0;0,0;0,0;100,0;5,454545454545454;0,0;3,0;0,0;0,0;0,0;0,0;0,0
