EQUIPO,JORNADA,RIVAL,RESULTADO,LOCAL,CUARTO,TITULAR,JUGADOR,MIN,PTS,T2,T2%,T3,T3%,TL,TL%,RO,RD,RT,ASI,PER,REC,TAP,TR,MAT,FP,FR,+/-,VAL
UNI,1,SBB,86,1,1,1,0 T. Pérez,4:54,0,0/1,0%,0/1,0%,0/0,0%,1,2,3,0,0,0,0,0,0,1,0,-4,0
UNI,1,SBB,86,1,1,1,2 O. Balcerowski,4:54,2,0/1,0%,0/0,0%,2/2,100%,0,0,0,0,0,0,0,0,0,1,1,-4,1
UNI,1,SBB,86,1,1,,4 T. Kalinoski,4:36,3,0/0,0%,1/1,100%,0/0,0%,0,0,0,1,1,0,0,0,0,0,0,2,3
UNI,1,SBB,86,1,1,,7 J. Barreiro,6:06,2,1/1,100%,0/0,0%,0/1,0%,0,0,0,0,0,1,0,0,0,0,2,-2,4
UNI,1,SBB,86,1,1,,9 A. Díaz,5:06,2,1/1,100%,0/0,0%,0/0,0%,0,0,0,0,0,0,0,0,0,0,1,1,3
UNI,1,SBB,86,1,1,,13 X. Castañeda,1:36,0,0/0,0%,0/0,0%,0/0,0%,0,0,0,0,0,0,0,0,0,0,0,-4,0
UNI,1,SBB,86,1,1,1,14 N. Djedovic,3:51,0,0/0,0%,0/1,0%,0/0,0%,0,1,1,0,2,0,0,0,0,0,0,-1,-2
UNI,1,SBB,86,1,1,,19 E. Sulejmanovic,1:33,0,0/0,0%,0/0,0%,0/0,0%,0,0,0,0,1,0,0,0,0,1,0,-4,-2
UNI,1,SBB,86,1,1,1,27 C. Duarte,3:51,2,1/1,100%,0/0,0%,0/0,0%,0,0,0,1,0,0,0,0,0,0,0,-1,3
UNI,1,SBB,86,1,1,,33 K. Tillie,3:33,0,0/0,0%,0/1,0%,0/0,0%,0,1,1,2,1,1,0,0,0,0,0,5,2
UNI,1,SBB,86,1,1,,45 D. Kravish,5:06,2,1/2,50%,0/0,0%,0/0,0%,0,1,1,1,1,0,0,0,1,0,0,1,2
UNI,1,SBB,86,1,1,1,55 K. Perry,4:54,2,1/1,100%,0/0,0%,0/0,0%,0,0,0,1,0,1,0,0,0,1,0,-4,3
UNI,1,SBB,86,1,1,,Equipo,,0,0/0,0%,0/0,0%,0/0,0%,0,0,0,0,0,0,0,0,0,0,0,0,0
UNI,1,SBB,86,1,2,1,0 T. Pérez,4:26,4,2/2,100%,0/0,0%,0/0,0%,0,0,0,0,0,0,0,0,1,0,0,8,4
UNI,1,SBB,86,1,2,1,2 O. Balcerowski,3:41,6,1/2,50%,1/1,100%,1/1,100%,0,3,3,0,0,0,0,1,0,1,2,8,8
UNI,1,SBB,86,1,2,,4 T. Kalinoski,5:50,0,0/2,0%,0/0,0%,0/0,0%,1,0,1,0,0,0,0,0,0,1,0,9,-2
UNI,1,SBB,86,1,2,,7 J. Barreiro,1:09,2,0/0,0%,0/1,0%,2/2,100%,0,0,0,0,0,0,0,0,0,0,1,2,2
UNI,1,SBB,86,1,2,,9 A. Díaz,3:50,3,0/0,0%,1/1,100%,0/0,0%,0,0,0,1,0,0,0,0,0,0,0,8,4
UNI,1,SBB,86,1,2,,13 X. Castañeda,4:04,0,0/0,0%,0/1,0%,0/0,0%,0,0,0,2,0,0,0,0,0,0,0,7,1
UNI,1,SBB,86,1,2,1,14 N. Djedovic,5:56,5,1/3,33%,1/1,100%,0/0,0%,0,0,0,0,0,1,0,0,0,1,0,8,3
UNI,1,SBB,86,1,2,,19 E. Sulejmanovic,3:15,2,1/1,100%,0/0,0%,0/0,0%,0,2,2,0,0,0,0,0,0,1,0,4,3
UNI,1,SBB,86,1,2,1,27 C. Duarte,5:14,3,0/0,0%,1/1,100%,0/0,0%,0,1,1,1,1,0,0,0,0,0,0,8,4
UNI,1,SBB,86,1,2,,33 K. Tillie,2:19,0,0/0,0%,0/0,0%,0/0,0%,0,1,1,0,0,0,0,0,0,0,0,3,1
UNI,1,SBB,86,1,2,,45 D. Kravish,6:19,3,0/0,0%,1/1,100%,0/0,0%,1,2,3,2,0,0,0,0,0,1,0,7,7
UNI,1,SBB,86,1,2,1,55 K. Perry,3:57,3,0/1,0%,1/1,100%,0/0,0%,0,0,0,2,0,0,0,0,0,1,1,3,4
UNI,1,SBB,86,1,2,,Equipo,,0,0/0,0%,0/0,0%,0/0,0%,0,0,0,0,0,0,0,0,0,0,0,0,0
UNI,1,SBB,86,1,3,1,0 T. Pérez,3:04,2,0/0,0%,0/1,0%,2/2,100%,0,0,0,0,0,0,0,0,0,1,1,-1,1
UNI,1,SBB,86,1,3,1,2 O. Balcerowski,5:58,4,2/2,100%,0/0,0%,0/0,0%,0,0,0,0,1,0,0,0,0,1,1,-9,3
UNI,1,SBB,86,1,3,,4 T. Kalinoski,1:35,0,0/0,0%,0/0,0%,0/0,0%,0,0,0,0,0,0,0,0,0,1,0,0,-1
UNI,1,SBB,86,1,3,,7 J. Barreiro,2:13,0,0/0,0%,0/0,0%,0/0,0%,0,0,0,0,0,0,0,0,0,1,0,-7,-1
UNI,1,SBB,86,1,3,,9 A. Díaz,5:11,0,0/0,0%,0/0,0%,0/0,0%,1,0,1,1,1,0,0,0,0,0,1,-7,2
UNI,1,SBB,86,1,3,,13 X. Castañeda,2:13,2,1/2,50%,0/1,0%,0/0,0%,0,0,0,0,1,0,0,1,0,0,0,-7,-2
UNI,1,SBB,86,1,3,1,14 N. Djedovic,6:12,4,2/2,100%,0/0,0%,0/0,0%,0,0,0,0,0,0,0,0,0,0,0,4,4
UNI,1,SBB,86,1,3,,19 E. Sulejmanovic,3:53,2,1/2,50%,0/0,0%,0/0,0%,0,0,0,0,1,0,0,0,0,1,0,6,-1
UNI,1,SBB,86,1,3,1,27 C. Duarte,7:47,2,1/2,50%,0/0,0%,0/0,0%,0,1,1,4,0,0,0,0,0,0,0,4,6
UNI,1,SBB,86,1,3,,33 K. Tillie,3:03,0,0/0,0%,0/0,0%,0/0,0%,0,0,0,0,0,0,0,0,0,0,0,-8,0
UNI,1,SBB,86,1,3,,45 D. Kravish,4:02,2,1/1,100%,0/0,0%,0/0,0%,0,1,1,1,1,0,0,0,0,0,0,6,3
UNI,1,SBB,86,1,3,1,55 K. Perry,4:49,2,0/0,0%,0/1,0%,2/2,100%,0,0,0,1,0,1,0,0,0,1,2,4,4
UNI,1,SBB,86,1,3,,Equipo,,0,0/0,0%,0/0,0%,0/0,0%,1,0,1,0,0,0,0,0,0,0,0,0,1
UNI,1,SBB,86,1,4,1,0 T. Pérez,0:00,0,0/0,0%,0/0,0%,0/0,0%,0,0,0,0,0,0,0,0,0,0,0,0,0
UNI,1,SBB,86,1,4,1,2 O. Balcerowski,5:56,5,1/1,100%,0/0,0%,3/4,75%,0,1,1,0,0,0,0,0,1,1,2,8,6
UNI,1,SBB,86,1,4,,4 T. Kalinoski,4:26,3,1/1,100%,0/0,0%,1/2,50%,1,1,2,1,0,0,0,0,0,0,2,6,7
UNI,1,SBB,86,1,4,,7 J. Barreiro,4:08,0,0/0,0%,0/0,0%,0/0,0%,0,1,1,0,0,0,0,0,0,0,0,1,1
UNI,1,SBB,86,1,4,,9 A. Díaz,3:31,1,0/0,0%,0/0,0%,1/2,50%,0,0,0,0,0,0,0,0,0,0,1,5,1
UNI,1,SBB,86,1,4,,13 X. Castañeda,5:34,0,0/2,0%,0/0,0%,0/0,0%,0,1,1,0,1,1,0,0,0,2,0,3,-3
UNI,1,SBB,86,1,4,1,14 N. Djedovic,4:12,2,1/1,100%,0/0,0%,0/2,0%,0,0,0,0,0,0,0,0,0,1,1,5,0
UNI,1,SBB,86,1,4,,19 E. Sulejmanovic,4:06,5,2/2,100%,0/0,0%,1/2,50%,3,1,4,1,0,0,0,0,1,0,2,5,11
UNI,1,SBB,86,1,4,1,27 C. Duarte,5:48,2,1/2,50%,0/2,0%,0/0,0%,0,1,1,0,3,1,0,1,0,3,1,4,-5
UNI,1,SBB,86,1,4,,33 K. Tillie,5:54,2,1/2,50%,0/1,0%,0/0,0%,2,3,5,2,0,0,0,0,0,0,0,4,7
UNI,1,SBB,86,1,4,,45 D. Kravish,4:04,0,0/2,0%,0/0,0%,0/0,0%,0,0,0,0,0,0,0,0,0,2,0,1,-4
UNI,1,SBB,86,1,4,1,55 K. Perry,2:21,0,0/0,0%,0/0,0%,0/0,0%,0,0,0,1,0,0,0,0,0,0,0,3,1
UNI,1,SBB,86,1,4,,Equipo,,0,0/0,0%,0/0,0%,0/0,0%,0,1,1,0,1,0,0,0,0,0,0,0,0
SBB,1,UNI,68,0,1,1,2 M. Normantas,6:05,0,0/0,0%,0/1,0%,0/0,0%,0,1,1,0,0,0,0,0,0,0,0,1,0
SBB,1,UNI,68,0,1,1,3 H. Frey,5:13,2,1/1,100%,0/0,0%,0/0,0%,0,1,1,0,1,1,0,0,0,0,0,5,3
SBB,1,UNI,68,0,1,,7 J. Jaworski,3:55,2,1/3,33%,0/0,0%,0/0,0%,0,0,0,0,0,0,0,0,0,0,0,2,0
SBB,1,UNI,68,0,1,,10 M. Krampelj,3:13,3,1/2,50%,0/0,0%,1/2,50%,0,1,1,0,0,0,0,0,1,0,1,0,3
SBB,1,UNI,68,0,1,1,11 D. Hilliard,6:05,2,1/1,100%,0/1,0%,0/0,0%,0,0,0,1,2,1,0,0,0,0,2,1,3
SBB,1,UNI,68,0,1,,12 A. Zecevic,0:00,0,0/0,0%,0/0,0%,0/0,0%,0,0,0,0,0,0,0,0,0,0,0,0,0
SBB,1,UNI,68,0,1,1,18 L. Petrasek,5:14,3,0/0,0%,1/1,100%,0/0,0%,0,1,1,0,1,0,0,0,0,1,0,-1,2
SBB,1,UNI,68,0,1,,19 M. Pantzar,4:47,0,0/0,0%,0/1,0%,0/0,0%,0,0,0,1,0,1,0,0,0,0,0,-2,1
SBB,1,UNI,68,0,1,,20 A. Sylla,4:47,0,0/0,0%,0/0,0%,0/0,0%,0,0,0,1,0,0,0,0,0,0,0,-2,1
SBB,1,UNI,68,0,1,,22 A. Font,0:00,0,0/0,0%,0/0,0%,0/0,0%,0,0,0,0,0,0,0,0,0,0,0,0,0
SBB,1,UNI,68,0,1,1,32 T. Hlinason,5:13,4,2/2,100%,0/0,0%,0/0,0%,0,1,1,0,0,0,0,0,1,1,0,5,4
SBB,1,UNI,68,0,1,,73 S. Lazarevic,5:28,2,1/1,100%,0/0,0%,0/0,0%,1,1,2,1,1,0,0,0,0,2,1,6,3
SBB,1,UNI,68,0,1,,Equipo,,0,0/0,0%,0/0,0%,0/0,0%,0,0,0,0,0,0,0,0,0,0,0,0,0
SBB,1,UNI,68,0,2,1,2 M. Normantas,4:08,0,0/0,0%,0/1,0%,0/0,0%,0,1,1,0,1,0,0,0,0,0,0,-14,-1
SBB,1,UNI,68,0,2,1,3 H. Frey,4:10,0,0/1,0%,0/1,0%,0/0,0%,1,0,1,0,0,1,0,0,0,0,0,-7,0
SBB,1,UNI,68,0,2,,7 J. Jaworski,5:52,3,0/1,0%,1/3,33%,0/0,0%,0,0,0,0,0,0,0,0,0,1,0,-1,-1
SBB,1,UNI,68,0,2,,10 M. Krampelj,6:41,2,0/1,0%,0/0,0%,2/2,100%,0,0,0,0,0,0,0,0,0,1,1,-9,1
SBB,1,UNI,68,0,2,1,11 D. Hilliard,5:53,7,0/1,0%,1/3,33%,4/4,100%,0,0,0,0,0,0,0,0,0,0,2,-11,6
SBB,1,UNI,68,0,2,,12 A. Zecevic,0:00,0,0/0,0%,0/0,0%,0/0,0%,0,0,0,0,0,0,0,0,0,0,0,0,0
SBB,1,UNI,68,0,2,1,18 L. Petrasek,5:56,0,0/0,0%,0/0,0%,0/0,0%,0,0,0,1,0,0,0,0,0,0,0,-8,1
SBB,1,UNI,68,0,2,,19 M. Pantzar,5:50,2,0/1,0%,0/0,0%,2/2,100%,0,1,1,0,0,0,0,0,0,1,1,-8,2
SBB,1,UNI,68,0,2,,20 A. Sylla,1:56,0,0/1,0%,0/0,0%,0/0,0%,0,2,2,0,0,0,0,0,0,1,0,-5,0
SBB,1,UNI,68,0,2,,22 A. Font,2:13,0,0/0,0%,0/0,0%,0/0,0%,0,0,0,0,0,0,0,0,0,0,0,-4,0
SBB,1,UNI,68,0,2,1,32 T. Hlinason,5:27,2,0/0,0%,0/0,0%,2/4,50%,1,1,2,1,0,0,1,0,0,0,2,-8,6
SBB,1,UNI,68,0,2,,73 S. Lazarevic,1:54,0,0/0,0%,0/0,0%,0/0,0%,0,0,0,0,0,0,0,0,0,0,0,0,0
SBB,1,UNI,68,0,2,,Equipo,,0,0/0,0%,0/0,0%,0/0,0%,0,1,1,0,0,0,0,0,0,0,0,0,
SBB,1,UNI,68,0,3,1,2 M. Normantas,4:12,4,1/1,100%,0/1,0%,2/2,100%,0,0,0,0,1,0,0,0,0,0,1,-2,3
SBB,1,UNI,68,0,3,1,3 H. Frey,7:01,0,0/0,0%,0/0,0%,0/0,0%,0,0,0,1,1,0,0,0,0,2,1,4,-1
SBB,1,UNI,68,0,3,,7 J. Jaworski,5:48,2,1/1,100%,0/0,0%,0/0,0%,0,0,0,1,3,0,0,0,0,1,0,5,-1
SBB,1,UNI,68,0,3,,10 M. Krampelj,3:53,0,0/0,0%,0/0,0%,0/0,0%,0,0,0,0,0,0,0,0,0,1,1,-6,0
SBB,1,UNI,68,0,3,1,11 D. Hilliard,4:38,5,1/2,50%,1/1,100%,0/0,0%,0,0,0,1,0,2,0,0,0,0,1,8,8
SBB,1,UNI,68,0,3,,12 A. Zecevic,0:00,0,0/0,0%,0/0,0%,0/0,0%,0,0,0,0,0,0,0,0,0,0,0,0,0
SBB,1,UNI,68,0,3,1,18 L. Petrasek,6:07,7,2/2,100%,1/2,50%,0/0,0%,0,0,0,0,0,0,0,0,0,0,1,9,7
SBB,1,UNI,68,0,3,,19 M. Pantzar,2:59,2,1/1,100%,0/0,0%,0/0,0%,1,0,1,0,1,1,0,0,0,1,0,-1,2
SBB,1,UNI,68,0,3,,20 A. Sylla,2:59,1,0/0,0%,0/0,0%,1/2,50%,0,0,0,0,0,0,0,0,0,0,1,-1,1
SBB,1,UNI,68,0,3,,22 A. Font,0:00,0,0/0,0%,0/0,0%,0/0,0%,0,0,0,0,0,0,0,0,0,0,0,0,0
SBB,1,UNI,68,0,3,1,32 T. Hlinason,7:01,2,1/1,100%,0/0,0%,0/0,0%,1,2,3,1,0,0,1,0,1,0,0,4,7
SBB,1,UNI,68,0,3,,73 S. Lazarevic,5:22,0,0/1,0%,0/0,0%,0/0,0%,0,2,2,0,0,0,0,0,0,0,0,-5,1
SBB,1,UNI,68,0,3,,Equipo,,0,0/0,0%,0/0,0%,0/0,0%,0,0,0,0,0,0,0,0,0,0,0,0,
SBB,1,UNI,68,0,4,1,2 M. Normantas,6:57,0,0/0,0%,0/1,0%,0/0,0%,0,0,0,0,0,0,0,0,0,0,0,-6,-1
SBB,1,UNI,68,0,4,1,3 H. Frey,5:31,2,1/1,100%,0/1,0%,0/2,0%,1,1,2,1,1,0,0,0,0,0,2,-8,3
SBB,1,UNI,68,0,4,,7 J. Jaworski,2:18,1,0/0,0%,0/1,0%,1/2,50%,0,0,0,0,0,0,0,0,0,3,1,-3,-3
SBB,1,UNI,68,0,4,,10 M. Krampelj,3:19,1,0/0,0%,0/0,0%,1/2,50%,0,0,0,0,0,1,0,0,0,1,3,2,3
SBB,1,UNI,68,0,4,1,11 D. Hilliard,1:40,0,0/0,0%,0/1,0%,0/0,0%,0,1,1,0,0,0,1,0,0,1,0,-2,0
SBB,1,UNI,68,0,4,,12 A. Zecevic,0:00,0,0/0,0%,0/0,0%,0/0,0%,0,0,0,0,0,0,0,0,0,0,0,0,0
SBB,1,UNI,68,0,4,1,18 L. Petrasek,4:05,3,0/1,0%,1/1,100%,0/0,0%,0,0,0,0,0,0,0,0,0,1,0,-4,1
SBB,1,UNI,68,0,4,,19 M. Pantzar,6:50,1,0/3,0%,0/1,0%,1/2,50%,0,1,1,1,1,0,0,0,0,0,1,-3,-2
SBB,1,UNI,68,0,4,,20 A. Sylla,3:15,1,0/0,0%,0/0,0%,1/2,50%,0,0,0,0,0,0,0,0,0,1,1,-5,0
SBB,1,UNI,68,0,4,,22 A. Font,3:13,0,0/1,0%,0/1,0%,0/0,0%,1,1,2,0,0,0,0,0,0,0,0,-1,0
SBB,1,UNI,68,0,4,1,32 T. Hlinason,6:00,2,1/1,100%,0/0,0%,0/0,0%,1,0,1,1,1,0,0,0,1,1,0,-5,2
SBB,1,UNI,68,0,4,,73 S. Lazarevic,6:52,0,0/1,0%,0/0,0%,0/0,0%,0,1,1,0,0,0,0,0,0,1,1,-10,0
SBB,1,UNI,68,0,4,,Equipo,,0,0/0,0%,0/0,0%,0/0,0%,0,1,1,0,0,1,0,0,0,0,0,0,
BUR,1,GIR,97,1,1,1,00 J. Samuels,5:19,5,2/2,100%,0/0,0%,1/2,50%,1,0,1,0,1,0,0,0,0,0,1,8,5
BUR,1,GIR,97,1,1,,3 Y. Nzosa,1:22,2,1/1,100%,0/0,0%,0/0,0%,0,1,1,0,0,0,0,0,0,0,0,4,3
BUR,1,GIR,97,1,1,1,6 J. Gudmundsson,6:38,3,0/0,0%,1/1,100%,0/0,0%,0,3,3,2,1,2,0,0,0,1,0,8,8
BUR,1,GIR,97,1,1,,8 P. Almazán,3:06,0,0/0,0%,0/0,0%,0/0,0%,0,0,0,0,0,1,0,0,0,2,0,-5,-1
BUR,1,GIR,97,1,1,,10 G. Corbalán,4:41,0,0/1,0%,0/1,0%,0/0,0%,1,1,2,0,0,0,0,0,0,0,0,-2,0
BUR,1,GIR,97,1,1,,11 D. Díez,4:41,0,0/0,0%,0/3,0%,0/0,0%,0,0,0,0,1,0,0,0,0,0,0,-2,-4
BUR,1,GIR,97,1,1,,17 S. García,0:00,0,0/0,0%,0/0,0%,0/0,0%,0,0,0,0,0,0,0,0,0,0,0,0,0
BUR,1,GIR,97,1,1,,19 R. Neto,3:22,2,0/1,0%,0/1,0%,2/2,100%,1,0,1,0,1,0,0,0,0,0,2,-2,2
BUR,1,GIR,97,1,1,,22 S. de Sousa,2:00,0,0/0,0%,0/0,0%,0/0,0%,0,0,0,0,0,0,0,0,0,2,0,-6,-2
BUR,1,GIR,97,1,1,1,23 L. Meindl,5:28,3,1/2,50%,0/1,0%,1/2,50%,0,0,0,1,0,0,0,0,0,2,2,8,1
BUR,1,GIR,97,1,1,1,40 L. Fischer,6:38,4,1/1,100%,0/0,0%,2/2,100%,0,1,1,0,1,1,0,0,0,0,1,8,6
BUR,1,GIR,97,1,1,1,56 J. Jackson,6:45,3,0/1,0%,1/1,100%,0/0,0%,1,1,2,1,0,0,0,0,0,0,0,11,5
BUR,1,GIR,97,1,1,,Equipo,,0,0/0,0%,0/0,0%,0/0,0%,0,0,0,0,0,0,0,0,0,0,0,0,0
BUR,1,GIR,97,1,2,1,00 J. Samuels,5:24,2,1/2,50%,0/0,0%,0/0,0%,0,2,2,0,1,0,0,0,0,2,0,0,0
BUR,1,GIR,97,1,2,,3 Y. Nzosa,2:59,0,0/1,0%,0/0,0%,0/0,0%,0,0,0,1,0,1,0,0,0,2,0,0,-1
BUR,1,GIR,97,1,2,1,6 J. Gudmundsson,3:57,3,1/1,100%,0/0,0%,1/1,100%,0,0,0,0,0,0,0,0,0,0,1,2,4
BUR,1,GIR,97,1,2,,8 P. Almazán,0:59,0,0/0,0%,0/0,0%,0/0,0%,0,0,0,0,0,0,0,0,0,1,0,-1,-1
BUR,1,GIR,97,1,2,,10 G. Corbalán,4:48,2,1/1,100%,0/0,0%,0/0,0%,0,1,1,0,1,0,0,0,0,0,0,-1,2
BUR,1,GIR,97,1,2,,11 D. Díez,5:14,2,1/1,100%,0/0,0%,0/0,0%,0,2,2,0,1,0,0,0,0,0,1,0,4
BUR,1,GIR,97,1,2,,17 S. García,2:29,0,0/0,0%,0/0,0%,0/0,0%,0,0,0,0,0,1,0,0,0,1,0,3,0
BUR,1,GIR,97,1,2,,19 R. Neto,2:56,3,1/1,100%,0/2,0%,1/2,50%,1,0,1,0,0,1,0,0,0,0,1,-1,3
BUR,1,GIR,97,1,2,,22 S. de Sousa,0:00,0,0/0,0%,0/0,0%,0/0,0%,0,0,0,0,0,0,0,0,0,0,0,0,0
BUR,1,GIR,97,1,2,1,23 L. Meindl,5:12,6,1/3,33%,0/0,0%,4/4,100%,0,1,1,0,0,0,0,0,0,0,2,3,7
BUR,1,GIR,97,1,2,1,40 L. Fischer,7:01,3,1/1,100%,0/0,0%,1/3,33%,1,0,1,0,0,0,0,0,0,0,2,2,4
BUR,1,GIR,97,1,2,1,56 J. Jackson,9:01,6,1/3,33%,1/2,50%,1/1,100%,0,0,0,2,0,0,0,0,0,2,2,3,5
BUR,1,GIR,97,1,2,,Equipo,,0,0/0,0%,0/0,0%,0/0,0%,0,2,2,0,0,0,0,0,0,0,0,0,
BUR,1,GIR,97,1,3,1,00 J. Samuels,6:13,2,0/0,0%,0/1,0%,2/2,100%,0,0,0,1,0,0,0,0,0,0,1,7,3
BUR,1,GIR,97,1,3,,3 Y. Nzosa,0:00,0,0/0,0%,0/0,0%,0/0,0%,0,0,0,0,0,0,0,0,0,0,0,0,0
BUR,1,GIR,97,1,3,1,6 J. Gudmundsson,7:10,6,0/0,0%,2/4,50%,0/0,0%,0,2,2,0,0,0,0,0,0,1,1,7,6
BUR,1,GIR,97,1,3,,8 P. Almazán,2:50,0,0/0,0%,0/0,0%,0/0,0%,0,0,0,0,0,1,0,0,0,0,0,8,1
BUR,1,GIR,97,1,3,,10 G. Corbalán,5:49,6,3/3,100%,0/2,0%,0/0,0%,1,2,3,0,0,1,0,0,1,0,0,15,8
BUR,1,GIR,97,1,3,,11 D. Díez,4:20,2,0/0,0%,0/1,0%,2/2,100%,1,2,3,1,0,0,0,0,0,0,0,10,5
BUR,1,GIR,97,1,3,,17 S. García,0:00,0,0/0,0%,0/0,0%,0/0,0%,0,0,0,0,0,0,0,0,0,0,0,0,0
BUR,1,GIR,97,1,3,,19 R. Neto,2:50,2,0/0,0%,0/0,0%,2/2,100%,0,0,0,0,0,0,0,0,0,0,1,8,3
BUR,1,GIR,97,1,3,,22 S. de Sousa,5:16,2,1/2,50%,0/0,0%,0/0,0%,1,0,1,0,1,0,0,0,0,1,1,13,1
BUR,1,GIR,97,1,3,1,23 L. Meindl,7:10,5,2/2,100%,0/2,0%,1/1,100%,0,2,2,0,1,1,0,0,0,0,1,7,6
BUR,1,GIR,97,1,3,1,40 L. Fischer,4:11,0,0/1,0%,0/0,0%,0/0,0%,0,1,1,1,1,0,1,1,0,0,0,0,0
BUR,1,GIR,97,1,3,1,56 J. Jackson,4:11,2,0/0,0%,0/1,0%,2/2,100%,1,2,3,0,0,1,0,0,0,1,2,0,6
BUR,1,GIR,97,1,3,,Equipo,,0,0/0,0%,0/0,0%,0/0,0%,1,1,2,0,0,0,0,0,0,0,0,0,
BUR,1,GIR,97,1,4,1,00 J. Samuels,0:00,0,0/0,0%,0/0,0%,0/0,0%,0,0,0,0,0,0,0,0,0,0,0,0,0
BUR,1,GIR,97,1,4,,3 Y. Nzosa,0:00,0,0/0,0%,0/0,0%,0/0,0%,0,0,0,0,0,0,0,0,0,0,0,0,0
BUR,1,GIR,97,1,4,1,6 J. Gudmundsson,9:35,1,0/0,0%,0/0,0%,1/2,50%,0,1,1,3,2,1,0,0,0,3,3,-4,3
BUR,1,GIR,97,1,4,,8 P. Almazán,3:39,0,0/0,0%,0/0,0%,0/0,0%,0,0,0,0,0,0,0,0,0,1,0,1,-1
BUR,1,GIR,97,1,4,,10 G. Corbalán,4:00,5,2/3,67%,0/1,0%,1/2,50%,0,0,0,0,0,0,0,0,0,0,1,2,3
BUR,1,GIR,97,1,4,,11 D. Díez,10:00,3,0/0,0%,1/3,33%,0/0,0%,1,1,2,1,0,1,0,0,0,0,0,-5,5
BUR,1,GIR,97,1,4,,17 S. García,0:00,0,0/0,0%,0/0,0%,0/0,0%,0,0,0,0,0,0,0,0,0,0,0,0,0
BUR,1,GIR,97,1,4,,19 R. Neto,0:00,0,0/0,0%,0/0,0%,0/0,0%,0,0,0,0,0,0,0,0,0,0,0,0,0
BUR,1,GIR,97,1,4,,22 S. de Sousa,3:35,0,0/2,0%,0/0,0%,0/0,0%,0,1,1,0,0,1,1,0,0,1,0,3,0
BUR,1,GIR,97,1,4,1,23 L. Meindl,6:25,4,1/1,100%,0/3,0%,2/2,100%,0,0,0,1,1,1,0,0,1,1,1,-8,2
BUR,1,GIR,97,1,4,1,40 L. Fischer,6:25,2,1/1,100%,0/0,0%,0/0,0%,1,2,3,0,1,0,1,0,0,1,0,-8,4
BUR,1,GIR,97,1,4,1,56 J. Jackson,6:21,6,0/0,0%,2/3,67%,0/0,0%,0,0,0,0,0,0,0,0,0,1,0,-6,4
BUR,1,GIR,97,1,4,,Equipo,,0,0/0,0%,0/0,0%,0/0,0%,0,0,0,0,0,0,0,0,0,0,0,0,
GIR,1,BUR,79,0,1,,4 P. Busquets,4:15,4,2/2,100%,0/0,0%,0/0,0%,0,0,0,0,1,0,0,0,0,0,1,6,4
GIR,1,BUR,79,0,1,1,5 D. Needham,5:11,3,0/1,0%,1/3,33%,0/0,0%,0,0,0,0,1,0,0,0,0,1,0,-6,-2
GIR,1,BUR,79,0,1,,7 S. Hollanders,1:25,0,0/0,0%,0/0,0%,0/0,0%,0,0,0,0,0,0,0,0,0,0,0,-4,0
GIR,1,BUR,79,0,1,1,8 M. Hughes,4:20,0,0/0,0%,0/1,0%,0/0,0%,0,1,1,0,0,1,0,0,0,1,0,-8,0
GIR,1,BUR,79,0,1,,9 G. Ferrando,2:52,0,0/0,0%,0/0,0%,0/0,0%,0,0,0,1,1,0,0,0,0,0,0,3,0
GIR,1,BUR,79,0,1,,10 P. Vildoza,4:49,0,0/1,0%,0/0,0%,0/0,0%,0,0,0,0,0,0,0,0,0,0,1,0,0
GIR,1,BUR,79,0,1,1,11 O. Livingston,7:08,3,1/2,50%,0/2,0%,1/2,50%,0,0,0,1,1,1,0,0,0,0,1,-9,1
GIR,1,BUR,79,0,1,,12 M. Geben,4:33,0,0/0,0%,0/0,0%,0/0,0%,0,0,0,0,1,0,0,0,0,2,0,-7,-3
GIR,1,BUR,79,0,1,,21 J. Fernández,5:27,1,0/0,0%,0/0,0%,1/2,50%,0,3,3,0,0,0,0,0,0,0,2,1,5
GIR,1,BUR,79,0,1,1,23 S. Martínez,5:11,3,1/1,100%,0/0,0%,1/2,50%,0,0,0,0,0,1,0,0,0,1,1,-8,3
GIR,1,BUR,79,0,1,,25 N. Maric,0:00,0,0/0,0%,0/0,0%,0/0,0%,0,0,0,0,0,0,0,0,0,0,0,0,0
GIR,1,BUR,79,0,1,,29 M. Susinskas,4:49,2,0/0,0%,0/0,0%,2/2,100%,0,1,1,0,0,0,0,0,0,1,1,2,3
GIR,1,BUR,79,0,1,,Equipo,,0,0/0,0%,0/0,0%,0/0,0%,0,0,0,0,0,0,0,0,0,0,0,0,0
GIR,1,BUR,79,0,2,,4 P. Busquets,7:01,9,1/1,100%,1/2,50%,4/5,80%,0,0,0,1,1,0,0,0,0,2,2,-2,7
GIR,1,BUR,79,0,2,1,5 D. Needham,2:03,0,0/2,0%,0/0,0%,0/0,0%,0,0,0,0,1,1,0,0,0,1,0,-2,-3
GIR,1,BUR,79,0,2,,7 S. Hollanders,0:00,0,0/0,0%,0/0,0%,0/0,0%,0,0,0,0,0,0,0,0,0,0,0,0,0
GIR,1,BUR,79,0,2,1,8 M. Hughes,2:59,0,0/0,0%,0/0,0%,0/0,0%,0,0,0,0,1,0,0,0,0,2,0,0,-3
GIR,1,BUR,79,0,2,,9 G. Ferrando,4:51,0,0/0,0%,0/1,0%,0/0,0%,0,0,0,3,0,0,0,0,0,0,0,2,2
GIR,1,BUR,79,0,2,,10 P. Vildoza,6:20,5,2/2,100%,0/1,0%,1/1,100%,0,1,1,1,1,0,0,0,0,0,1,0,6
GIR,1,BUR,79,0,2,1,11 O. Livingston,6:46,2,0/2,0%,0/0,0%,2/2,100%,1,0,1,2,0,0,0,0,0,0,1,-4,4
GIR,1,BUR,79,0,2,,12 M. Geben,0:00,0,0/0,0%,0/0,0%,0/0,0%,0,0,0,0,0,0,0,0,0,0,0,0,0
GIR,1,BUR,79,0,2,,21 J. Fernández,5:47,5,1/1,100%,0/2,0%,3/3,100%,0,1,1,1,0,0,0,0,0,1,2,1,6
GIR,1,BUR,79,0,2,1,23 S. Martínez,4:07,0,0/0,0%,0/1,0%,0/0,0%,1,2,3,0,0,0,0,0,0,2,0,-3,0
GIR,1,BUR,79,0,2,,25 N. Maric,4:13,2,0/0,0%,0/0,0%,2/4,50%,0,2,2,0,0,0,0,0,0,0,2,-3,4
GIR,1,BUR,79,0,2,,29 M. Susinskas,5:53,2,1/1,100%,0/0,0%,0/0,0%,1,1,2,1,0,1,0,0,0,1,0,1,5
GIR,1,BUR,79,0,2,,Equipo,,0,0/0,0%,0/0,0%,0/0,0%,0,0,0,0,0,0,0,0,0,0,0,0,0
GIR,1,BUR,79,0,3,,4 P. Busquets,7:04,2,1/2,50%,0/1,0%,0/0,0%,0,0,0,1,0,0,0,0,0,1,0,-8,0
GIR,1,BUR,79,0,3,1,5 D. Needham,5:31,0,0/1,0%,0/2,0%,0/0,0%,0,0,0,0,2,0,0,0,0,1,0,-13,-6
GIR,1,BUR,79,0,3,,7 S. Hollanders,0:00,0,0/0,0%,0/0,0%,0/0,0%,0,0,0,0,0,0,0,0,0,0,0,0,0
GIR,1,BUR,79,0,3,1,8 M. Hughes,2:56,0,0/0,0%,0/1,0%,0/0,0%,0,1,1,1,1,1,0,0,0,1,0,-7,0
GIR,1,BUR,79,0,3,,9 G. Ferrando,5:31,0,0/0,0%,0/1,0%,0/0,0%,0,0,0,1,0,0,0,0,0,0,0,-11,0
GIR,1,BUR,79,0,3,,10 P. Vildoza,4:29,0,0/0,0%,0/1,0%,0/0,0%,1,2,3,0,0,0,0,0,0,0,0,-4,2
GIR,1,BUR,79,0,3,1,11 O. Livingston,4:29,3,0/1,0%,1/1,100%,0/0,0%,0,1,1,1,0,0,0,0,0,1,1,-2,4
GIR,1,BUR,79,0,3,,12 M. Geben,6:01,2,1/2,50%,0/1,0%,0/0,0%,0,0,0,0,0,1,0,0,0,2,0,-6,-1
GIR,1,BUR,79,0,3,,21 J. Fernández,2:47,3,1/1,100%,0/0,0%,1/1,100%,0,0,0,0,1,0,0,0,0,1,2,-7,3
GIR,1,BUR,79,0,3,1,23 S. Martínez,7:07,2,1/1,100%,0/1,0%,0/0,0%,1,1,2,0,0,0,0,0,0,0,0,-17,3
GIR,1,BUR,79,0,3,,25 N. Maric,1:12,0,0/1,0%,0/0,0%,0/0,0%,0,0,0,0,0,0,0,0,0,0,0,-2,-1
GIR,1,BUR,79,0,3,,29 M. Susinskas,2:53,0,0/0,0%,0/2,0%,0/0,0%,0,0,0,0,0,0,1,1,0,0,0,2,-2
GIR,1,BUR,79,0,3,,Equipo,,0,0/0,0%,0/0,0%,0/0,0%,0,1,1,0,0,0,0,0,0,0,0,0,
GIR,1,BUR,79,0,4,,4 P. Busquets,8:01,11,4/5,80%,0/1,0%,3/3,100%,0,2,2,1,2,0,0,1,0,0,3,6,12
GIR,1,BUR,79,0,4,1,5 D. Needham,4:41,0,0/0,0%,0/1,0%,0/0,0%,0,0,0,3,1,0,0,0,0,1,1,5,1
GIR,1,BUR,79,0,4,,7 S. Hollanders,0:00,0,0/0,0%,0/0,0%,0/0,0%,0,0,0,0,0,0,0,0,0,0,0,0,0
GIR,1,BUR,79,0,4,1,8 M. Hughes,4:41,8,1/1,100%,1/3,33%,3/4,75%,1,1,2,1,0,0,0,0,0,0,2,5,10
GIR,1,BUR,79,0,4,,9 G. Ferrando,0:00,0,0/0,0%,0/0,0%,0/0,0%,0,0,0,0,0,0,0,0,0,0,0,0,0
GIR,1,BUR,79,0,4,,10 P. Vildoza,5:19,0,0/1,0%,0/0,0%,0/0,0%,0,0,0,2,1,1,0,0,0,0,0,0,1
GIR,1,BUR,79,0,4,1,11 O. Livingston,7:18,5,1/2,50%,1/1,100%,0/0,0%,0,1,1,1,1,1,0,0,0,3,0,-1,3
GIR,1,BUR,79,0,4,,12 M. Geben,3:23,0,0/0,0%,0/0,0%,0/0,0%,0,0,0,0,0,0,0,0,0,1,0,3,-1
GIR,1,BUR,79,0,4,,21 J. Fernández,4:03,2,1/1,100%,0/0,0%,0/0,0%,0,1,1,0,0,0,0,0,0,0,0,2,3
GIR,1,BUR,79,0,4,1,23 S. Martínez,4:36,0,0/0,0%,0/0,0%,0/2,0%,0,1,1,0,0,1,0,0,0,1,1,3,0
GIR,1,BUR,79,0,4,,25 N. Maric,2:34,0,0/1,0%,0/0,0%,0/0,0%,1,0,1,0,0,0,0,1,0,0,0,0,-1
GIR,1,BUR,79,0,4,,29 M. Susinskas,5:24,0,0/0,0%,0/0,0%,0/0,0%,0,1,1,0,0,0,0,0,0,0,0,2,1
GIR,1,BUR,79,0,4,,Equipo,,0,0/0,0%,0/0,0%,0/0,0%,1,1,2,0,0,0,0,0,0,0,0,0,
LLT,1,BAX,104,1,1,,2 K. Kostadinov,3:20,0,0/0,0%,0/0,0%,0/0,0%,0,0,0,0,1,0,0,0,0,2,0,-4,-3
LLT,1,BAX,104,1,1,,3 J. Fernández,4:52,5,1/2,50%,0/0,0%,3/4,75%,0,0,0,0,0,0,0,1,0,0,2,-1,4
LLT,1,BAX,104,1,1,1,6 B. Fitipaldo,6:03,3,0/1,0%,1/3,33%,0/0,0%,0,0,0,1,0,0,0,0,0,0,0,2,1
LLT,1,BAX,104,1,1,1,9 M. Huertas,8:07,2,0/3,0%,0/0,0%,2/2,100%,2,1,3,2,3,0,0,0,0,1,1,-1,1
LLT,1,BAX,104,1,1,,11 T. Scrubb,3:57,0,0/0,0%,0/0,0%,0/0,0%,0,0,0,0,0,1,0,0,0,0,0,-2,1
LLT,1,BAX,104,1,1,,13 L. Costa,0:00,0,0/0,0%,0/0,0%,0/0,0%,0,0,0,0,0,0,0,0,0,0,0,0,0
LLT,1,BAX,104,1,1,,15 J. Sastre,0:58,0,0/0,0%,0/0,0%,0/0,0%,0,1,1,0,0,0,0,0,0,0,0,0,1
LLT,1,BAX,104,1,1,1,19 G. Shermadini,3:38,5,2/2,100%,0/0,0%,1/2,50%,0,0,0,0,0,0,0,0,1,0,1,-3,5
LLT,1,BAX,104,1,1,,21 T. Abromaitis,4:52,2,1/1,100%,0/0,0%,0/0,0%,0,1,1,0,0,0,0,0,0,0,0,-1,3
LLT,1,BAX,104,1,1,1,31 R. Giedraitis,6:03,4,1/1,100%,0/0,0%,2/2,100%,0,0,0,0,0,1,0,0,1,0,1,2,6
LLT,1,BAX,104,1,1,,35 F. Guerra,3:02,2,1/1,100%,0/0,0%,0/0,0%,1,2,3,1,1,1,0,0,0,1,1,7,6
LLT,1,BAX,104,1,1,1,42 A. Doornekamp,5:08,0,0/0,0%,0/1,0%,0/0,0%,1,0,1,0,0,0,0,0,0,0,0,1,0
LLT,1,BAX,104,1,1,,Equipo,,0,0/0,0%,0/0,0%,0/0,0%,1,0,1,0,0,0,0,0,0,0,0,0,1
LLT,1,BAX,104,1,2,,2 K. Kostadinov,0:00,0,0/0,0%,0/0,0%,0/0,0%,0,0,0,1,0,0,0,0,0,0,0,0,1
LLT,1,BAX,104,1,2,,3 J. Fernández,4:41,0,0/1,0%,0/2,0%,0/0,0%,0,1,1,0,0,0,0,0,0,0,0,3,-2
LLT,1,BAX,104,1,2,1,6 B. Fitipaldo,6:43,3,0/0,0%,1/1,100%,0/0,0%,0,0,0,0,0,0,0,0,0,1,0,5,2
LLT,1,BAX,104,1,2,1,9 M. Huertas,2:57,6,3/4,75%,0/0,0%,0/0,0%,1,0,1,1,1,0,0,0,0,0,1,3,7
LLT,1,BAX,104,1,2,,11 T. Scrubb,4:23,2,0/1,0%,0/0,0%,2/2,100%,0,1,1,0,0,1,0,0,0,0,1,6,4
LLT,1,BAX,104,1,2,,13 L. Costa,0:04,0,0/0,0%,0/0,0%,0/0,0%,0,0,0,0,0,0,0,0,0,0,0,0,0
LLT,1,BAX,104,1,2,,15 J. Sastre,5:35,0,0/1,0%,0/0,0%,0/0,0%,0,1,1,0,0,0,0,0,0,1,1,5,0
LLT,1,BAX,104,1,2,1,19 G. Shermadini,6:06,10,3/6,50%,0/0,0%,4/4,100%,3,0,3,1,0,0,0,0,1,0,2,7,13
LLT,1,BAX,104,1,2,,21 T. Abromaitis,5:00,0,0/0,0%,0/0,0%,0/0,0%,0,2,2,0,0,0,0,0,0,0,0,5,2
LLT,1,BAX,104,1,2,1,31 R. Giedraitis,5:37,0,0/0,0%,0/1,0%,0/0,0%,0,0,0,0,0,0,0,0,0,0,0,2,-1
LLT,1,BAX,104,1,2,,35 F. Guerra,3:54,0,0/1,0%,0/0,0%,0/0,0%,1,2,3,0,0,0,0,0,0,0,0,1,2
LLT,1,BAX,104,1,2,1,42 A. Doornekamp,5:00,4,0/0,0%,1/1,100%,1/2,50%,0,1,1,0,0,1,0,0,0,1,2,3,6
LLT,1,BAX,104,1,2,,Equipo,,0,0/0,0%,0/0,0%,0/0,0%,0,1,1,0,0,0,0,0,0,0,0,0,1
LLT,1,BAX,104,1,3,,2 K. Kostadinov,0:00,0,0/0,0%,0/0,0%,0/0,0%,0,0,0,0,0,0,0,0,0,0,0,0,0
LLT,1,BAX,104,1,3,,3 J. Fernández,4:44,9,2/2,100%,1/1,100%,2/2,100%,0,0,0,1,0,0,0,0,0,1,2,7,11
LLT,1,BAX,104,1,3,1,6 B. Fitipaldo,7:04,5,1/2,50%,1/1,100%,0/0,0%,0,0,0,0,0,1,0,0,0,0,1,5,6
LLT,1,BAX,104,1,3,1,9 M. Huertas,6:32,2,1/4,25%,0/0,0%,0/0,0%,0,1,1,1,0,0,0,0,0,1,0,-3,0
LLT,1,BAX,104,1,3,,11 T. Scrubb,3:07,0,0/0,0%,0/2,0%,0/0,0%,1,0,1,0,0,0,0,1,0,0,0,-1,-2
LLT,1,BAX,104,1,3,,13 L. Costa,0:00,0,0/0,0%,0/0,0%,0/0,0%,0,0,0,0,0,0,0,0,0,0,0,0,0
LLT,1,BAX,104,1,3,,15 J. Sastre,1:40,0,0/0,0%,0/0,0%,0/0,0%,0,0,0,1,0,0,0,0,0,0,0,9,1
LLT,1,BAX,104,1,3,1,19 G. Shermadini,7:54,6,2/2,100%,0/0,0%,2/2,100%,1,2,3,0,1,0,0,0,1,1,3,4,10
LLT,1,BAX,104,1,3,,21 T. Abromaitis,5:37,3,0/0,0%,1/1,100%,0/0,0%,0,0,0,0,0,0,0,0,0,0,0,15,3
LLT,1,BAX,104,1,3,1,31 R. Giedraitis,6:53,3,0/0,0%,1/2,50%,0/0,0%,0,2,2,0,1,1,0,0,0,2,2,10,4
LLT,1,BAX,104,1,3,,35 F. Guerra,1:56,0,0/0,0%,0/0,0%,0/0,0%,0,0,0,0,0,1,0,0,0,1,0,3,0
LLT,1,BAX,104,1,3,1,42 A. Doornekamp,4:33,0,0/0,0%,0/2,0%,0/0,0%,0,1,1,0,0,0,0,0,0,2,0,-4,-3
LLT,1,BAX,104,1,3,,Equipo,,0,0/0,0%,0/0,0%,0/0,0%,0,0,0,0,1,0,0,0,0,0,0,0,
LLT,1,BAX,104,1,4,,2 K. Kostadinov,0:00,0,0/0,0%,0/0,0%,0/0,0%,0,0,0,0,0,0,0,0,0,0,0,0,0
LLT,1,BAX,104,1,4,,3 J. Fernández,5:28,4,0/0,0%,1/2,50%,1/1,100%,0,0,0,4,0,2,0,0,0,1,0,5,8
LLT,1,BAX,104,1,4,1,6 B. Fitipaldo,5:41,0,0/0,0%,0/0,0%,0/0,0%,0,0,0,0,0,0,0,0,0,0,0,-1,0
LLT,1,BAX,104,1,4,1,9 M. Huertas,6:16,10,0/1,0%,2/3,67%,4/4,100%,0,1,1,0,2,0,0,0,0,0,4,-9,11
LLT,1,BAX,104,1,4,,11 T. Scrubb,2:01,0,0/0,0%,0/0,0%,0/0,0%,0,0,0,0,0,0,0,0,0,0,0,-6,0
LLT,1,BAX,104,1,4,,13 L. Costa,0:00,0,0/0,0%,0/0,0%,0/0,0%,0,0,0,0,0,0,0,0,0,0,0,0,0
LLT,1,BAX,104,1,4,,15 J. Sastre,3:56,0,0/0,0%,0/0,0%,0/0,0%,0,0,0,0,0,0,0,0,0,0,0,-8,0
LLT,1,BAX,104,1,4,1,19 G. Shermadini,7:32,7,3/4,75%,0/0,0%,1/1,100%,1,0,1,1,0,0,1,0,0,0,1,-14,10
LLT,1,BAX,104,1,4,,21 T. Abromaitis,2:10,0,0/0,0%,0/1,0%,0/0,0%,0,0,0,0,1,0,0,0,0,1,0,-6,-3
LLT,1,BAX,104,1,4,1,31 R. Giedraitis,6:38,7,2/2,100%,1/2,50%,0/0,0%,1,1,2,0,0,0,0,0,1,0,0,1,8
LLT,1,BAX,104,1,4,,35 F. Guerra,2:19,0,0/0,0%,0/0,0%,0/0,0%,0,1,1,1,1,0,0,0,0,1,0,8,0
LLT,1,BAX,104,1,4,1,42 A. Doornekamp,7:59,0,0/0,0%,0/1,0%,0/0,0%,0,1,1,0,0,0,0,0,0,0,0,0,0
LLT,1,BAX,104,1,4,,Equipo,,0,0/0,0%,0/0,0%,0/0,0%,0,0,0,0,0,0,0,0,0,0,0,0,
BAX,1,LLT,93,0,1,,0 K. Akobundu,3:54,2,1/1,100%,0/0,0%,0/0,0%,0,0,0,0,1,0,0,0,1,0,0,1,1
BAX,1,LLT,93,0,1,,2 H. Benitez,5:29,5,2/4,50%,0/0,0%,1/1,100%,0,0,0,1,1,1,0,0,0,0,1,-3,5
BAX,1,LLT,93,0,1,,4 M. Gaspà,0:58,0,0/0,0%,0/0,0%,0/0,0%,0,0,0,0,0,0,1,0,0,0,1,0,2
BAX,1,LLT,93,0,1,1,8 A. Reyes,5:08,2,1/1,100%,0/0,0%,0/0,0%,1,1,2,0,0,0,0,0,0,0,0,-1,4
BAX,1,LLT,93,0,1,,11 A. Ubal,3:54,2,0/0,0%,0/0,0%,2/2,100%,0,0,0,0,0,1,0,0,0,2,1,3,2
BAX,1,LLT,93,0,1,,12 M. Steinbergs,5:01,0,0/1,0%,0/0,0%,0/0,0%,0,0,0,0,0,0,0,0,0,0,0,-6,-1
BAX,1,LLT,93,0,1,1,19 L. Olinde,5:52,5,1/1,100%,1/2,50%,0/0,0%,0,0,0,0,0,0,0,0,0,1,0,4,3
BAX,1,LLT,93,0,1,1,32 R. Obasohan,6:03,3,1/1,100%,0/1,0%,1/2,50%,0,0,0,1,1,0,0,0,0,2,1,-2,0
BAX,1,LLT,93,0,1,1,33 G. Golden,6:06,4,2/3,67%,0/0,0%,0/0,0%,1,1,2,3,0,0,0,0,0,0,0,-1,8
BAX,1,LLT,93,0,1,,47 A. Izaw-Bolavie,0:00,0,0/0,0%,0/0,0%,0/0,0%,0,0,0,0,0,0,0,0,0,0,0,0,0
BAX,1,LLT,93,0,1,1,55 D. Pérez,4:36,0,0/0,0%,0/1,0%,0/0,0%,0,0,0,0,1,0,0,0,0,0,0,3,-2
BAX,1,LLT,93,0,1,,99 A. Plummer,2:59,0,0/0,0%,0/0,0%,0/0,0%,0,0,0,0,0,0,0,0,0,1,0,2,-1
BAX,1,LLT,93,0,1,,Equipo,,0,0/0,0%,0/0,0%,0/0,0%,0,1,1,0,0,0,0,0,0,0,0,0,1
BAX,1,LLT,93,0,2,,0 K. Akobundu,4:20,0,0/1,0%,0/0,0%,0/0,0%,0,1,1,0,0,0,0,0,0,2,0,-5,-2
BAX,1,LLT,93,0,2,,2 H. Benitez,4:41,2,1/1,100%,0/0,0%,0/0,0%,0,1,1,2,1,0,0,0,0,1,0,-8,3
BAX,1,LLT,93,0,2,,4 M. Gaspà,7:11,6,3/3,100%,0/0,0%,0/0,0%,0,0,0,1,0,0,0,0,0,2,0,0,5
BAX,1,LLT,93,0,2,1,8 A. Reyes,6:18,0,0/1,0%,0/1,0%,0/0,0%,0,1,1,1,0,0,0,0,0,1,0,0,-1
BAX,1,LLT,93,0,2,,11 A. Ubal,1:41,0,0/1,0%,0/0,0%,0/0,0%,0,1,1,0,0,0,0,0,0,1,0,-4,-1
BAX,1,LLT,93,0,2,,12 M. Steinbergs,4:13,3,0/0,0%,1/2,50%,0/0,0%,0,0,0,0,0,0,0,0,0,0,0,-3,2
BAX,1,LLT,93,0,2,1,19 L. Olinde,7:13,0,0/0,0%,0/0,0%,0/0,0%,0,1,1,0,0,0,0,0,0,0,1,-7,2
BAX,1,LLT,93,0,2,1,32 R. Obasohan,3:26,2,1/1,100%,0/0,0%,0/0,0%,0,0,0,0,0,0,0,0,0,0,2,-3,4
BAX,1,LLT,93,0,2,1,33 G. Golden,5:40,4,2/5,40%,0/0,0%,0/0,0%,0,1,1,0,1,0,0,0,0,0,0,-3,1
BAX,1,LLT,93,0,2,,47 A. Izaw-Bolavie,0:00,0,0/0,0%,0/0,0%,0/0,0%,0,0,0,0,0,0,0,0,0,0,0,0,0
BAX,1,LLT,93,0,2,1,55 D. Pérez,3:07,0,0/1,0%,0/0,0%,0/0,0%,0,0,0,1,0,0,0,0,0,0,0,-1,0
BAX,1,LLT,93,0,2,,99 A. Plummer,2:10,0,0/0,0%,0/2,0%,0/0,0%,0,0,0,0,0,0,0,0,0,0,0,-6,-2
BAX,1,LLT,93,0,2,,Equipo,,0,0/0,0%,0/0,0%,0/0,0%,0,0,0,0,0,0,0,0,0,0,0,0,
BAX,1,LLT,93,0,3,,0 K. Akobundu,4:23,2,1/1,100%,0/0,0%,0/0,0%,1,0,1,1,1,0,0,0,1,0,0,6,3
BAX,1,LLT,93,0,3,,2 H. Benitez,5:45,0,0/2,0%,0/0,0%,0/0,0%,0,0,0,1,0,0,0,0,0,1,0,-5,-2
BAX,1,LLT,93,0,3,,4 M. Gaspà,0:10,0,0/0,0%,0/0,0%,0/0,0%,0,0,0,0,0,0,0,0,0,0,0,-2,0
BAX,1,LLT,93,0,3,1,8 A. Reyes,6:32,1,0/1,0%,0/2,0%,1/1,100%,0,2,2,0,0,0,0,0,0,0,0,-3,0
BAX,1,LLT,93,0,3,,11 A. Ubal,3:28,3,0/0,0%,0/0,0%,3/4,75%,0,1,1,0,0,0,0,0,0,0,2,-6,5
BAX,1,LLT,93,0,3,,12 M. Steinbergs,4:28,0,0/0,0%,0/0,0%,0/0,0%,0,0,0,0,0,0,0,0,0,0,0,-16,0
BAX,1,LLT,93,0,3,1,19 L. Olinde,5:42,0,0/0,0%,0/1,0%,0/0,0%,0,1,1,0,0,2,0,0,0,0,1,5,3
BAX,1,LLT,93,0,3,1,32 R. Obasohan,3:56,2,0/0,0%,0/0,0%,2/2,100%,0,1,1,0,1,0,0,0,0,1,1,-14,2
BAX,1,LLT,93,0,3,1,33 G. Golden,3:34,2,0/0,0%,0/0,0%,2/2,100%,0,0,0,0,0,0,0,0,0,1,1,-4,2
BAX,1,LLT,93,0,3,,47 A. Izaw-Bolavie,1:53,0,0/0,0%,0/0,0%,0/0,0%,0,0,0,0,1,0,0,0,0,2,0,-9,-3
BAX,1,LLT,93,0,3,1,55 D. Pérez,4:15,2,0/0,0%,0/0,0%,2/2,100%,0,1,1,0,3,0,0,0,0,1,1,-4,0
BAX,1,LLT,93,0,3,,99 A. Plummer,5:54,7,1/2,50%,1/2,50%,2/2,100%,0,0,0,0,0,0,1,0,0,2,1,7,5
BAX,1,LLT,93,0,3,,Equipo,,0,0/0,0%,0/0,0%,0/0,0%,1,1,2,0,0,0,0,0,0,0,0,0,
BAX,1,LLT,93,0,4,,0 K. Akobundu,3:43,6,3/3,100%,0/0,0%,0/0,0%,0,0,0,0,0,0,0,0,3,1,0,4,5
BAX,1,LLT,93,0,4,,2 H. Benitez,8:48,6,3/5,60%,0/1,0%,0/0,0%,2,2,4,7,0,0,0,0,0,1,0,13,13
BAX,1,LLT,93,0,4,,4 M. Gaspà,4:45,2,1/1,100%,0/0,0%,0/0,0%,1,0,1,1,0,0,0,0,0,2,1,8,3
BAX,1,LLT,93,0,4,1,8 A. Reyes,4:41,0,0/0,0%,0/0,0%,0/0,0%,0,1,1,0,0,0,0,0,0,0,0,-5,1
BAX,1,LLT,93,0,4,,11 A. Ubal,5:42,0,0/1,0%,0/0,0%,0/0,0%,0,1,1,0,0,0,0,0,0,0,0,11,0
BAX,1,LLT,93,0,4,,12 M. Steinbergs,0:25,0,0/0,0%,0/0,0%,0/0,0%,0,0,0,0,0,0,0,0,0,0,0,-5,0
BAX,1,LLT,93,0,4,1,19 L. Olinde,4:45,3,0/1,0%,1/1,100%,0/0,0%,1,0,1,0,0,0,0,1,0,0,1,8,3
BAX,1,LLT,93,0,4,1,32 R. Obasohan,0:00,0,0/0,0%,0/0,0%,0/0,0%,0,0,0,0,0,0,0,0,0,0,0,0,0
BAX,1,LLT,93,0,4,1,33 G. Golden,6:17,8,4/6,67%,0/0,0%,0/0,0%,0,0,0,2,1,0,0,0,0,0,0,2,7
BAX,1,LLT,93,0,4,,47 A. Izaw-Bolavie,0:00,0,0/0,0%,0/0,0%,0/0,0%,0,0,0,0,0,0,0,0,0,0,0,0,0
BAX,1,LLT,93,0,4,1,55 D. Pérez,6:02,0,0/0,0%,0/0,0%,0/0,0%,0,1,1,1,1,0,0,0,0,0,1,-4,2
BAX,1,LLT,93,0,4,,99 A. Plummer,4:52,9,0/1,0%,3/3,100%,0/0,0%,0,0,0,0,0,0,0,0,0,1,0,-2,7
BAX,1,LLT,93,0,4,,Equipo,,0,0/0,0%,0/0,0%,0/0,0%,0,0,0,0,1,0,0,0,0,1,0,0,
HIO,1,BRE,87,1,1,1,1 J. Batemon,5:43,5,1/1,100%,1/3,33%,0/0,0%,0,0,0,1,0,0,0,0,0,0,0,10,4
HIO,1,BRE,87,1,1,,2 C. Walden,6:21,0,0/0,0%,0/2,0%,0/0,0%,0,0,0,1,0,0,0,0,0,1,0,4,-2
HIO,1,BRE,87,1,1,1,3 M. Ejim,5:43,5,1/1,100%,1/1,100%,0/0,0%,0,2,2,0,0,0,0,0,0,0,1,10,8
HIO,1,BRE,87,1,1,1,4 C. Agada,3:39,7,2/2,100%,1/2,50%,0/0,0%,0,1,1,1,0,0,0,0,0,2,0,4,6
HIO,1,BRE,87,1,1,,5 O. Paulí,4:17,0,0/0,0%,0/0,0%,0/0,0%,1,0,1,2,0,0,0,0,0,0,0,-2,3
HIO,1,BRE,87,1,1,,6 K. Zoriks,4:17,0,0/0,0%,0/2,0%,0/0,0%,0,2,2,0,0,0,0,0,0,0,0,-2,0
HIO,1,BRE,87,1,1,,7 G. Golomán,5:27,2,1/1,100%,0/0,0%,0/0,0%,1,2,3,0,0,0,1,0,1,0,0,0,6
HIO,1,BRE,87,1,1,1,12 A. Diagne,4:33,0,0/0,0%,0/0,0%,0/0,0%,0,0,0,0,0,1,0,0,0,1,0,8,0
HIO,1,BRE,87,1,1,,14 M. Sanz,6:21,4,2/2,100%,0/0,0%,0/0,0%,0,2,2,1,1,0,1,0,0,0,0,4,7
HIO,1,BRE,87,1,1,1,16 M. Jiménez,3:39,0,0/0,0%,0/0,0%,0/0,0%,0,0,0,0,0,0,0,0,0,0,0,4,0
HIO,1,BRE,87,1,1,,25 C. Krutwig,0:00,0,0/0,0%,0/0,0%,0/0,0%,0,0,0,0,0,0,0,0,0,0,0,0,0
HIO,1,BRE,87,1,1,,52 I. Dabo,0:00,0,0/0,0%,0/0,0%,0/0,0%,0,0,0,0,0,0,0,0,0,0,0,0,0
HIO,1,BRE,87,1,1,,Equipo,,0,0/0,0%,0/0,0%,0/0,0%,0,0,0,0,1,0,0,0,0,0,0,0,-1
HIO,1,BRE,87,1,2,1,1 J. Batemon,7:09,3,0/0,0%,1/1,100%,0/0,0%,0,0,0,1,2,1,0,0,0,0,0,6,3
HIO,1,BRE,87,1,2,,2 C. Walden,1:32,2,1/1,100%,0/0,0%,0/0,0%,0,0,0,1,0,1,0,0,0,1,0,2,3
HIO,1,BRE,87,1,2,1,3 M. Ejim,7:54,3,1/3,33%,0/1,0%,1/2,50%,2,1,3,0,0,0,1,0,0,1,2,6,4
HIO,1,BRE,87,1,2,1,4 C. Agada,3:42,0,0/2,0%,0/0,0%,0/0,0%,0,1,1,0,0,0,0,0,0,0,0,1,-1
HIO,1,BRE,87,1,2,,5 O. Paulí,5:58,0,0/0,0%,0/0,0%,0/0,0%,0,1,1,2,2,0,0,0,0,0,0,7,1
HIO,1,BRE,87,1,2,,6 K. Zoriks,6:18,2,1/1,100%,0/0,0%,0/1,0%,0,0,0,1,0,0,0,0,0,0,2,6,4
HIO,1,BRE,87,1,2,,7 G. Golomán,2:51,6,3/4,75%,0/0,0%,0/0,0%,0,1,1,0,0,0,0,0,1,0,0,4,6
HIO,1,BRE,87,1,2,1,12 A. Diagne,2:08,4,2/2,100%,0/0,0%,0/0,0%,1,1,2,0,0,0,0,0,0,1,0,3,5
HIO,1,BRE,87,1,2,,14 M. Sanz,2:06,2,1/1,100%,0/0,0%,0/0,0%,0,0,0,0,0,0,0,0,0,0,0,1,2
HIO,1,BRE,87,1,2,1,16 M. Jiménez,5:21,0,0/0,0%,0/0,0%,0/0,0%,0,0,0,1,0,0,0,0,0,1,0,-1,0
HIO,1,BRE,87,1,2,,25 C. Krutwig,5:01,0,0/0,0%,0/0,0%,0/0,0%,1,2,3,0,0,0,0,0,0,1,0,0,2
HIO,1,BRE,87,1,2,,52 I. Dabo,0:00,0,0/0,0%,0/0,0%,0/0,0%,0,0,0,0,0,0,0,0,0,0,0,0,0
HIO,1,BRE,87,1,2,,Equipo,,0,0/0,0%,0/0,0%,0/0,0%,0,0,0,0,0,0,0,0,0,0,0,0,
HIO,1,BRE,87,1,3,1,1 J. Batemon,5:44,0,0/1,0%,0/0,0%,0/0,0%,0,1,1,0,0,0,0,1,0,0,1,6,0
HIO,1,BRE,87,1,3,,2 C. Walden,3:01,3,0/0,0%,1/2,50%,0/0,0%,0,0,0,1,1,2,0,0,0,2,0,-1,2
HIO,1,BRE,87,1,3,1,3 M. Ejim,5:28,0,0/3,0%,0/1,0%,0/0,0%,1,0,1,0,0,0,0,1,0,0,1,6,-3
HIO,1,BRE,87,1,3,1,4 C. Agada,5:25,4,2/3,67%,0/0,0%,0/1,0%,2,2,4,3,0,1,1,0,0,0,1,1,12
HIO,1,BRE,87,1,3,,5 O. Paulí,3:18,0,0/0,0%,0/1,0%,0/0,0%,0,1,1,0,0,0,0,0,0,0,0,-3,0
HIO,1,BRE,87,1,3,,6 K. Zoriks,4:35,1,0/1,0%,0/1,0%,1/2,50%,1,1,2,2,0,0,0,0,0,1,1,2,2
HIO,1,BRE,87,1,3,,7 G. Golomán,4:30,3,1/1,100%,0/0,0%,1/1,100%,1,2,3,0,1,0,0,0,0,1,1,-1,5
HIO,1,BRE,87,1,3,1,12 A. Diagne,1:17,0,0/1,0%,0/0,0%,0/0,0%,1,0,1,0,0,0,1,0,0,1,0,2,0
HIO,1,BRE,87,1,3,,14 M. Sanz,7:04,0,0/0,0%,0/1,0%,0/0,0%,0,1,1,0,0,0,0,0,0,0,0,0,0
HIO,1,BRE,87,1,3,1,16 M. Jiménez,5:25,3,0/0,0%,1/4,25%,0/0,0%,0,1,1,0,0,0,0,1,0,0,0,1,0
HIO,1,BRE,87,1,3,,25 C. Krutwig,4:13,5,2/2,100%,0/0,0%,1/4,25%,1,0,1,0,0,0,0,0,1,0,2,2,5
HIO,1,BRE,87,1,3,,52 I. Dabo,0:00,0,0/0,0%,0/0,0%,0/0,0%,0,0,0,0,0,0,0,0,0,0,0,0,0
HIO,1,BRE,87,1,3,,Equipo,,0,0/0,0%,0/0,0%,0/0,0%,1,0,1,0,2,0,0,0,0,1,0,0,
HIO,1,BRE,87,1,4,1,1 J. Batemon,2:22,0,0/0,0%,0/0,0%,0/0,0%,0,0,0,0,1,0,0,0,0,1,0,-4,-2
HIO,1,BRE,87,1,4,,2 C. Walden,1:46,0,0/0,0%,0/0,0%,0/0,0%,0,0,0,0,0,0,0,0,0,1,0,0,-1
HIO,1,BRE,87,1,4,1,3 M. Ejim,6:23,5,2/3,67%,0/0,0%,1/2,50%,1,1,2,2,1,0,0,1,0,0,2,3,7
HIO,1,BRE,87,1,4,1,4 C. Agada,7:38,3,0/1,0%,1/1,100%,0/0,0%,0,1,1,2,1,0,0,0,0,2,0,5,2
HIO,1,BRE,87,1,4,,5 O. Paulí,4:11,4,1/2,50%,0/0,0%,2/2,100%,0,0,0,1,1,1,0,0,1,0,1,-2,5
HIO,1,BRE,87,1,4,,6 K. Zoriks,8:13,4,0/0,0%,1/2,50%,1/2,50%,0,1,1,2,0,1,0,0,0,1,1,1,6
HIO,1,BRE,87,1,4,,7 G. Golomán,4:21,5,2/2,100%,0/1,0%,1/2,50%,0,2,2,0,0,0,0,0,1,1,1,5,5
HIO,1,BRE,87,1,4,1,12 A. Diagne,3:37,0,0/0,0%,0/0,0%,0/0,0%,0,1,1,0,0,0,0,0,0,1,1,-2,1
HIO,1,BRE,87,1,4,,14 M. Sanz,5:40,0,0/0,0%,0/1,0%,0/0,0%,0,2,2,0,0,0,0,0,0,1,0,-4,0
HIO,1,BRE,87,1,4,1,16 M. Jiménez,3:47,2,1/2,50%,0/0,0%,0/0,0%,0,0,0,1,0,0,0,1,0,0,0,5,1
HIO,1,BRE,87,1,4,,25 C. Krutwig,2:02,0,0/0,0%,0/0,0%,0/0,0%,0,0,0,1,0,0,0,0,0,0,1,-2,2
HIO,1,BRE,87,1,4,,52 I. Dabo,0:00,0,0/0,0%,0/0,0%,0/0,0%,0,0,0,0,0,0,0,0,0,0,0,0,0
HIO,1,BRE,87,1,4,,Equipo,,0,0/0,0%,0/0,0%,0/0,0%,0,0,0,0,0,0,0,0,0,0,0,0,
BRE,1,HIO,68,0,1,,0 B. Dibba,4:17,5,1/1,100%,1/1,100%,0/0,0%,0,0,0,0,0,0,0,0,1,0,0,2,5
BRE,1,HIO,68,0,1,1,1 K. Cook,7:30,5,0/1,0%,1/1,100%,2/2,100%,0,1,1,0,0,0,0,0,0,0,1,-10,6
BRE,1,HIO,68,0,1,1,4 D. Russell,6:35,2,1/2,50%,0/0,0%,0/0,0%,0,0,0,1,0,0,0,0,0,0,1,-10,3
BRE,1,HIO,68,0,1,,8 D. Apic,0:00,0,0/0,0%,0/0,0%,0/0,0%,0,0,0,0,0,0,0,0,0,0,0,0,0
BRE,1,HIO,68,0,1,,10 F. Alonso,5:27,3,0/0,0%,1/2,50%,0/0,0%,0,0,0,0,0,0,0,0,0,1,0,0,1
BRE,1,HIO,68,0,1,,17 A. Aranitovic,2:30,0,0/0,0%,0/0,0%,0/0,0%,0,0,0,0,0,0,0,0,0,0,0,2,0
BRE,1,HIO,68,0,1,,18 J. Sakho,5:23,0,0/1,0%,0/0,0%,0/0,0%,0,1,1,1,0,0,0,1,0,0,1,0,1
BRE,1,HIO,68,0,1,,19 D. Mavra,3:29,0,0/2,0%,0/0,0%,0/0,0%,0,0,0,2,0,0,0,1,0,0,0,2,-1
BRE,1,HIO,68,0,1,1,22 D. Brankovic,4:33,0,0/1,0%,0/0,0%,0/0,0%,0,1,1,0,0,0,0,0,0,0,1,-8,1
BRE,1,HIO,68,0,1,,23 E. Quintela,0:00,0,0/0,0%,0/0,0%,0/0,0%,0,0,0,0,0,0,0,0,0,0,0,0,0
BRE,1,HIO,68,0,1,1,24 D. Drežnjak,5:43,0,0/0,0%,0/1,0%,0/0,0%,0,0,0,0,0,0,0,0,0,0,0,-10,-1
BRE,1,HIO,68,0,1,1,47 A. Kurucs,4:33,0,0/0,0%,0/1,0%,0/0,0%,0,0,0,1,2,0,0,0,0,0,0,-8,-2
BRE,1,HIO,68,0,1,,Equipo,,0,0/0,0%,0/0,0%,0/0,0%,0,2,2,0,0,1,0,0,0,0,0,0,3
BRE,1,HIO,68,0,2,,0 B. Dibba,4:54,2,1/1,100%,0/0,0%,0/0,0%,1,0,1,1,0,0,0,0,1,0,0,-5,4
BRE,1,HIO,68,0,2,1,1 K. Cook,3:07,0,0/1,0%,0/1,0%,0/0,0%,0,0,0,0,0,0,0,0,0,0,0,-6,-2
BRE,1,HIO,68,0,2,1,4 D. Russell,6:54,0,0/2,0%,0/1,0%,0/0,0%,1,1,2,2,0,1,0,0,0,0,0,-4,2
BRE,1,HIO,68,0,2,,8 D. Apic,5:51,0,0/1,0%,0/0,0%,0/0,0%,1,0,1,0,0,0,0,1,0,1,2,-2,0
BRE,1,HIO,68,0,2,,10 F. Alonso,1:46,0,0/0,0%,0/0,0%,0/0,0%,0,0,0,0,1,0,0,0,0,0,0,-2,-1
BRE,1,HIO,68,0,2,,17 A. Aranitovic,6:53,6,1/2,50%,1/2,50%,1/2,50%,0,0,0,0,0,0,0,0,0,0,1,-1,4
BRE,1,HIO,68,0,2,,18 J. Sakho,1:00,0,0/0,0%,0/0,0%,0/0,0%,0,0,0,0,0,0,0,0,0,0,0,-2,0
BRE,1,HIO,68,0,2,,19 D. Mavra,3:06,0,0/0,0%,0/1,0%,0/0,0%,0,1,1,0,0,1,0,0,0,1,1,-3,1
BRE,1,HIO,68,0,2,1,22 D. Brankovic,3:09,4,2/3,67%,0/0,0%,0/0,0%,0,0,0,0,1,0,0,0,1,0,0,-3,2
BRE,1,HIO,68,0,2,,23 E. Quintela,0:00,0,0/0,0%,0/0,0%,0/0,0%,0,0,0,0,0,0,0,0,0,0,0,0,0
BRE,1,HIO,68,0,2,1,24 D. Drežnjak,5:06,0,0/0,0%,0/0,0%,0/0,0%,0,0,0,1,1,0,0,0,0,1,1,-2,0
BRE,1,HIO,68,0,2,1,47 A. Kurucs,8:14,3,0/0,0%,1/2,50%,0/0,0%,0,0,0,0,0,0,0,0,0,1,0,-5,1
BRE,1,HIO,68,0,2,,Equipo,,0,0/0,0%,0/0,0%,0/0,0%,2,1,3,0,0,0,0,0,0,0,0,0,3
BRE,1,HIO,68,0,3,,0 B. Dibba,8:26,1,0/1,0%,0/2,0%,1/2,50%,0,1,1,0,1,0,2,1,0,2,1,-1,-3
BRE,1,HIO,68,0,3,1,1 K. Cook,8:35,9,1/2,50%,1/2,50%,4/5,80%,0,1,1,0,0,0,0,0,0,2,2,0,7
BRE,1,HIO,68,0,3,1,4 D. Russell,5:25,0,0/1,0%,0/0,0%,0/0,0%,0,0,0,1,0,0,1,0,0,0,0,-1,1
BRE,1,HIO,68,0,3,,8 D. Apic,2:52,0,0/1,0%,0/0,0%,0/0,0%,0,1,1,1,0,0,0,0,0,1,0,-3,0
BRE,1,HIO,68,0,3,,10 F. Alonso,2:52,0,0/1,0%,0/0,0%,0/0,0%,0,0,0,0,0,0,0,0,0,0,0,-3,-1
BRE,1,HIO,68,0,3,,17 A. Aranitovic,1:25,0,0/0,0%,0/0,0%,0/0,0%,0,1,1,0,0,0,0,0,0,0,0,-3,1
BRE,1,HIO,68,0,3,,18 J. Sakho,5:51,0,0/0,0%,0/0,0%,0/0,0%,1,3,4,2,0,0,0,0,0,0,0,2,6
BRE,1,HIO,68,0,3,,19 D. Mavra,4:35,3,0/0,0%,0/0,0%,3/4,75%,0,0,0,1,2,0,0,0,0,1,2,-2,2
BRE,1,HIO,68,0,3,1,22 D. Brankovic,1:17,0,0/1,0%,0/0,0%,0/0,0%,0,1,1,0,1,0,0,1,0,0,0,-2,-2
BRE,1,HIO,68,0,3,,23 E. Quintela,0:00,0,0/0,0%,0/0,0%,0/0,0%,0,0,0,0,0,0,0,0,0,0,0,0,0
BRE,1,HIO,68,0,3,1,24 D. Drežnjak,1:34,0,0/0,0%,0/1,0%,0/0,0%,0,0,0,0,0,0,0,0,0,0,0,-2,-1
BRE,1,HIO,68,0,3,1,47 A. Kurucs,7:08,3,0/0,0%,1/3,33%,0/0,0%,0,0,0,0,0,0,0,0,0,1,0,0,0
BRE,1,HIO,68,0,3,,Equipo,,0,0/0,0%,0/0,0%,0/0,0%,3,1,4,0,0,1,0,0,0,0,0,0,
BRE,1,HIO,68,0,4,,0 B. Dibba,4:06,2,1/1,100%,0/1,0%,0/0,0%,0,0,0,0,0,0,0,0,0,2,0,-5,-1
BRE,1,HIO,68,0,4,1,1 K. Cook,4:06,4,0/0,0%,0/3,0%,4/4,100%,1,1,2,0,0,0,0,0,0,0,2,-5,5
BRE,1,HIO,68,0,4,1,4 D. Russell,7:58,0,0/1,0%,0/1,0%,0/0,0%,0,0,0,1,1,1,0,0,0,0,1,-3,0
BRE,1,HIO,68,0,4,,8 D. Apic,5:39,0,0/0,0%,0/0,0%,0/0,0%,1,1,2,2,1,0,0,0,0,1,1,4,3
BRE,1,HIO,68,0,4,,10 F. Alonso,7:08,5,1/1,100%,1/2,50%,0/0,0%,0,0,0,0,0,0,0,0,0,0,2,0,6
BRE,1,HIO,68,0,4,,17 A. Aranitovic,5:54,0,0/1,0%,0/2,0%,0/0,0%,0,2,2,0,1,0,1,0,0,2,0,4,-3
BRE,1,HIO,68,0,4,,18 J. Sakho,0:00,0,0/0,0%,0/0,0%,0/0,0%,0,0,0,0,0,0,0,0,0,0,0,0,0
BRE,1,HIO,68,0,4,,19 D. Mavra,2:02,2,1/1,100%,0/0,0%,0/0,0%,0,0,0,0,0,0,0,0,0,0,0,2,2
BRE,1,HIO,68,0,4,1,22 D. Brankovic,4:21,4,2/3,67%,0/0,0%,0/2,0%,3,0,3,0,0,0,2,0,1,0,1,-5,7
BRE,1,HIO,68,0,4,,23 E. Quintela,0:00,0,0/0,0%,0/0,0%,0/0,0%,0,0,0,0,0,0,0,0,0,0,0,0,0
BRE,1,HIO,68,0,4,1,24 D. Drežnjak,5:54,5,2/2,100%,0/0,0%,1/2,50%,1,0,1,0,0,0,0,0,0,2,1,4,4
BRE,1,HIO,68,0,4,1,47 A. Kurucs,2:52,0,0/0,0%,0/2,0%,0/0,0%,0,1,1,0,0,0,0,0,0,0,0,-1,-1
BRE,1,HIO,68,0,4,,Equipo,,0,0/0,0%,0/0,0%,0/0,0%,0,1,1,0,0,0,0,0,0,0,0,0,
COV,1,JOV,75,1,1,,2 J. Rousselle,4:16,0,0/0,0%,0/0,0%,0/0,0%,0,0,0,0,0,0,0,0,0,1,1,-4,0
COV,1,JOV,75,1,1,1,3 M. Speight,5:44,2,1/1,100%,0/1,0%,0/0,0%,0,0,0,0,0,0,0,0,0,0,0,-4,1
COV,1,JOV,75,1,1,1,7 B. Olumuyiwa,5:23,0,0/0,0%,0/0,0%,0/2,0%,0,0,0,0,0,0,0,0,0,1,1,-4,-2
COV,1,JOV,75,1,1,1,11 E. Valtonen,7:13,2,1/2,50%,0/1,0%,0/0,0%,1,1,2,1,0,0,0,0,0,2,0,-3,1
COV,1,JOV,75,1,1,1,13 M. Thomas,5:23,0,0/0,0%,0/1,0%,0/0,0%,0,1,1,1,2,0,0,0,0,1,0,-4,-2
COV,1,JOV,75,1,1,,15 I. Aurrecoechea,0:00,0,0/0,0%,0/0,0%,0/0,0%,0,0,0,0,0,0,0,0,0,0,0,0,0
COV,1,JOV,75,1,1,,16 E. Durán,0:00,0,0/0,0%,0/0,0%,0/0,0%,0,0,0,0,0,0,0,0,0,0,0,0,0
COV,1,JOV,75,1,1,,22 T. Munnings,2:47,3,0/0,0%,1/2,50%,0/0,0%,0,0,0,0,0,0,0,0,0,0,0,-5,2
COV,1,JOV,75,1,1,,23 J. Kljajic,4:37,5,1/3,33%,1/2,50%,0/0,0%,0,1,1,1,1,0,0,0,0,0,0,-4,3
COV,1,JOV,75,1,1,1,29 L. Bozic,6:23,2,1/1,100%,0/0,0%,0/0,0%,0,1,1,0,0,0,0,0,0,0,0,-4,3
COV,1,JOV,75,1,1,,35 Z. Hankins,4:37,0,0/0,0%,0/0,0%,0/0,0%,0,2,2,0,0,0,0,0,0,0,0,-4,2
COV,1,JOV,75,1,1,,77 B. Burjanadze,3:37,0,0/0,0%,0/1,0%,0/0,0%,0,1,1,0,0,0,0,1,0,0,2,-4,1
COV,1,JOV,75,1,1,,Equipo,,0,0/0,0%,0/0,0%,0/0,0%,1,0,1,0,0,0,0,0,0,0,0,0,1
COV,1,JOV,75,1,2,,2 J. Rousselle,3:01,0,0/0,0%,0/2,0%,0/0,0%,0,1,1,0,0,0,0,0,0,0,0,1,-1
COV,1,JOV,75,1,2,1,3 M. Speight,6:59,4,1/1,100%,0/0,0%,2/2,100%,0,0,0,2,2,0,0,0,0,1,1,5,4
COV,1,JOV,75,1,2,1,7 B. Olumuyiwa,3:35,2,1/1,100%,0/0,0%,0/0,0%,0,0,0,0,0,0,0,0,0,0,0,3,2
COV,1,JOV,75,1,2,1,11 E. Valtonen,3:38,0,0/0,0%,0/0,0%,0/0,0%,0,1,1,1,0,0,1,0,0,0,0,8,3
COV,1,JOV,75,1,2,1,13 M. Thomas,8:23,3,0/1,0%,1/1,100%,0/0,0%,1,0,1,2,0,0,0,1,0,0,0,6,4
COV,1,JOV,75,1,2,,15 I. Aurrecoechea,0:00,0,0/0,0%,0/0,0%,0/0,0%,0,0,0,0,0,0,0,0,0,0,0,0,0
COV,1,JOV,75,1,2,,16 E. Durán,0:00,0,0/0,0%,0/0,0%,0/0,0%,0,0,0,0,0,0,0,0,0,0,0,0,0
COV,1,JOV,75,1,2,,22 T. Munnings,3:01,0,0/0,0%,0/0,0%,0/0,0%,0,0,0,0,0,0,0,0,0,0,0,1,0
COV,1,JOV,75,1,2,,23 J. Kljajic,4:58,0,0/1,0%,0/0,0%,0/0,0%,0,0,0,0,0,0,0,0,0,0,0,-3,-1
COV,1,JOV,75,1,2,1,29 L. Bozic,7:50,5,1/3,33%,0/0,0%,3/5,60%,1,2,3,0,0,1,0,0,0,1,3,10,7
COV,1,JOV,75,1,2,,35 Z. Hankins,6:25,4,2/3,67%,0/0,0%,0/0,0%,0,3,3,0,0,0,1,0,0,1,0,3,6
COV,1,JOV,75,1,2,,77 B. Burjanadze,2:10,0,0/1,0%,0/0,0%,0/0,0%,0,0,0,0,0,0,0,0,0,0,1,-4,0
COV,1,JOV,75,1,2,,Equipo,,0,0/0,0%,0/0,0%,0/0,0%,0,1,1,0,0,1,0,0,0,0,0,0,
COV,1,JOV,75,1,3,,2 J. Rousselle,4:51,6,2/2,100%,0/0,0%,2/3,67%,0,0,0,0,0,0,0,0,0,0,1,-7,6
COV,1,JOV,75,1,3,1,3 M. Speight,6:56,0,0/3,0%,0/0,0%,0/0,0%,0,0,0,0,0,0,0,1,0,2,0,-2,-6
COV,1,JOV,75,1,3,1,7 B. Olumuyiwa,3:02,0,0/0,0%,0/0,0%,0/0,0%,1,0,1,0,0,0,0,0,0,0,0,2,1
COV,1,JOV,75,1,3,1,11 E. Valtonen,5:22,3,1/2,50%,0/0,0%,1/2,50%,0,0,0,0,0,0,0,0,0,1,1,-1,1
COV,1,JOV,75,1,3,1,13 M. Thomas,8:13,1,0/0,0%,0/2,0%,1/1,100%,0,0,0,0,0,0,0,0,0,2,0,-7,-3
COV,1,JOV,75,1,3,,15 I. Aurrecoechea,0:00,0,0/0,0%,0/0,0%,0/0,0%,0,0,0,0,0,0,0,0,0,0,0,0,0
COV,1,JOV,75,1,3,,16 E. Durán,0:00,0,0/0,0%,0/0,0%,0/0,0%,0,0,0,0,0,0,0,0,0,0,0,0,0
COV,1,JOV,75,1,3,,22 T. Munnings,0:00,0,0/0,0%,0/0,0%,0/0,0%,0,0,0,0,0,0,0,0,0,0,0,0,0
COV,1,JOV,75,1,3,,23 J. Kljajic,4:38,0,0/1,0%,0/0,0%,0/0,0%,0,0,0,2,1,0,0,1,0,0,0,-7,-1
COV,1,JOV,75,1,3,1,29 L. Bozic,6:29,9,2/2,100%,0/0,0%,5/6,83%,1,0,1,0,0,1,0,0,0,0,4,-2,14
COV,1,JOV,75,1,3,,35 Z. Hankins,6:46,2,1/2,50%,0/0,0%,0/0,0%,0,1,1,0,0,0,0,0,0,3,0,-11,-1
COV,1,JOV,75,1,3,,77 B. Burjanadze,3:43,0,0/0,0%,0/0,0%,0/2,0%,0,2,2,0,0,0,0,0,0,0,1,-5,1
COV,1,JOV,75,1,3,,Equipo,,0,0/0,0%,0/0,0%,0/0,0%,2,0,2,0,0,0,0,0,0,0,0,0,
COV,1,JOV,75,1,4,,2 J. Rousselle,5:26,4,2/2,100%,0/1,0%,0/0,0%,0,0,0,0,2,1,0,0,0,0,0,1,2
COV,1,JOV,75,1,4,1,3 M. Speight,4:34,2,1/1,100%,0/1,0%,0/0,0%,0,0,0,0,1,0,0,0,0,1,0,-3,-1
COV,1,JOV,75,1,4,1,7 B. Olumuyiwa,3:35,2,1/1,100%,0/0,0%,0/0,0%,0,1,1,0,0,0,0,0,0,1,0,-3,2
COV,1,JOV,75,1,4,1,11 E. Valtonen,6:25,0,0/0,0%,0/1,0%,0/0,0%,0,0,0,0,0,0,0,1,0,1,0,1,-3
COV,1,JOV,75,1,4,1,13 M. Thomas,10:00,5,1/2,50%,0/0,0%,3/3,100%,0,0,0,1,1,0,0,0,0,0,1,-2,5
COV,1,JOV,75,1,4,,15 I. Aurrecoechea,0:00,0,0/0,0%,0/0,0%,0/0,0%,0,0,0,0,0,0,0,0,0,0,0,0,0
COV,1,JOV,75,1,4,,16 E. Durán,0:00,0,0/0,0%,0/0,0%,0/0,0%,0,0,0,0,0,0,0,0,0,0,0,0,0
COV,1,JOV,75,1,4,,22 T. Munnings,0:00,0,0/0,0%,0/0,0%,0/0,0%,0,0,0,0,0,0,0,0,0,0,0,0,0
COV,1,JOV,75,1,4,,23 J. Kljajic,3:35,3,0/0,0%,1/2,50%,0/0,0%,0,1,1,0,0,0,0,0,0,0,1,-3,4
COV,1,JOV,75,1,4,1,29 L. Bozic,10:00,6,2/3,67%,0/0,0%,2/3,67%,2,1,3,0,0,0,0,0,0,1,3,-2,9
COV,1,JOV,75,1,4,,35 Z. Hankins,6:25,0,0/1,0%,0/0,0%,0/2,0%,0,4,4,1,1,0,0,0,0,0,1,1,2
COV,1,JOV,75,1,4,,77 B. Burjanadze,0:00,0,0/0,0%,0/0,0%,0/0,0%,0,0,0,0,0,0,0,0,0,0,0,0,0
COV,1,JOV,75,1,4,,Equipo,,0,0/0,0%,0/0,0%,0/0,0%,1,0,1,0,0,0,0,0,0,0,0,0,
JOV,1,COV,87,0,1,,0 H. Drell,3:37,3,0/1,0%,1/1,100%,0/0,0%,0,0,0,0,0,0,1,0,0,1,0,4,2
JOV,1,COV,87,0,1,,1 Y. Kraag,3:37,0,0/0,0%,0/1,0%,0/0,0%,0,0,0,0,0,0,0,0,0,1,0,4,-2
JOV,1,COV,87,0,1,,9 R. Rubio,4:37,6,1/1,100%,0/0,0%,4/4,100%,0,2,2,0,0,1,0,0,0,0,2,4,11
JOV,1,COV,87,0,1,,12 L. Hakanson,4:37,3,0/0,0%,1/1,100%,0/0,0%,0,0,0,0,0,0,0,0,0,1,0,4,2
JOV,1,COV,87,0,1,1,16 G. Vives,5:23,0,0/0,0%,0/0,0%,0/0,0%,1,0,1,0,0,0,0,0,0,0,0,4,1
JOV,1,COV,87,0,1,1,17 S. Dekker,6:23,0,0/1,0%,0/2,0%,0/0,0%,1,4,5,2,0,0,0,0,0,0,0,4,4
JOV,1,COV,87,0,1,,20 A. Torres,0:00,0,0/0,0%,0/0,0%,0/0,0%,0,0,0,0,0,0,0,0,0,0,0,0,0
JOV,1,COV,87,0,1,,21 M. Allen,0:00,0,0/0,0%,0/0,0%,0/0,0%,0,0,0,0,0,0,0,0,0,0,0,0,0
JOV,1,COV,87,0,1,1,24 C. Hunt,6:23,4,1/1,100%,0/3,0%,2/2,100%,0,0,0,0,0,0,0,0,0,0,2,4,3
JOV,1,COV,87,0,1,1,35 S. Birgander,5:23,2,1/1,100%,0/0,0%,0/0,0%,0,0,0,0,0,0,0,0,0,1,0,4,1
JOV,1,COV,87,0,1,,44 A. Tomic,4:37,0,0/1,0%,0/0,0%,0/0,0%,0,2,2,1,0,0,0,0,0,0,0,4,2
JOV,1,COV,87,0,1,1,88 A. Hanga,5:23,4,2/2,100%,0/2,0%,0/2,0%,1,0,1,0,0,1,0,0,0,0,1,4,3
JOV,1,COV,87,0,1,,Equipo,,0,0/0,0%,0/0,0%,0/0,0%,0,0,0,0,0,0,0,0,0,0,0,0,0
JOV,1,COV,87,0,2,,0 H. Drell,3:58,0,0/1,0%,0/0,0%,0/0,0%,1,0,1,0,0,0,0,1,0,0,0,-6,-1
JOV,1,COV,87,0,2,,1 Y. Kraag,2:10,2,1/1,100%,0/0,0%,0/0,0%,0,0,0,0,0,1,0,0,1,1,0,4,2
JOV,1,COV,87,0,2,,9 R. Rubio,4:15,0,0/1,0%,0/0,0%,0/0,0%,1,0,1,1,0,0,0,0,0,1,1,-7,1
JOV,1,COV,87,0,2,,12 L. Hakanson,3:54,0,0/2,0%,0/0,0%,0/0,0%,0,0,0,0,0,0,0,0,0,0,0,-1,-2
JOV,1,COV,87,0,2,1,16 G. Vives,5:45,0,0/0,0%,0/1,0%,0/0,0%,0,0,0,1,0,0,0,0,0,0,0,1,0
JOV,1,COV,87,0,2,1,17 S. Dekker,5:14,2,1/1,100%,0/2,0%,0/0,0%,0,1,1,0,0,0,0,0,0,2,1,-4,0
JOV,1,COV,87,0,2,,20 A. Torres,0:00,0,0/0,0%,0/0,0%,0/0,0%,0,0,0,0,0,0,0,0,0,0,0,0,0
JOV,1,COV,87,0,2,,21 M. Allen,0:00,0,0/0,0%,0/0,0%,0/0,0%,0,0,0,0,0,0,0,0,0,0,0,0,0
JOV,1,COV,87,0,2,1,24 C. Hunt,6:21,0,0/1,0%,0/0,0%,0/0,0%,0,0,0,1,0,0,0,1,0,0,0,-5,-1
JOV,1,COV,87,0,2,1,35 S. Birgander,4:54,4,2/2,100%,0/0,0%,0/0,0%,0,2,2,0,0,0,1,0,1,0,1,3,8
JOV,1,COV,87,0,2,,44 A. Tomic,5:06,4,2/5,40%,0/0,0%,0/0,0%,1,2,3,0,1,0,0,0,0,0,0,-9,3
JOV,1,COV,87,0,2,1,88 A. Hanga,8:23,0,0/1,0%,0/0,0%,0/0,0%,0,1,1,2,0,1,0,0,0,1,0,-6,2
JOV,1,COV,87,0,2,,Equipo,,0,0/0,0%,0/0,0%,0/0,0%,0,1,1,0,1,0,0,0,0,0,0,0,0
JOV,1,COV,87,0,3,,0 H. Drell,0:12,0,0/0,0%,0/0,0%,0/0,0%,0,0,0,0,0,0,1,0,0,0,0,-1,1
JOV,1,COV,87,0,3,,1 Y. Kraag,5:01,2,1/1,100%,0/0,0%,0/0,0%,0,1,1,0,0,0,0,0,0,0,0,-1,3
JOV,1,COV,87,0,3,,9 R. Rubio,4:29,3,0/0,0%,0/0,0%,3/3,100%,0,0,0,1,0,1,0,0,0,1,2,2,6
JOV,1,COV,87,0,3,,12 L. Hakanson,3:17,0,0/1,0%,0/1,0%,0/0,0%,0,0,0,1,0,0,0,0,0,0,0,6,-1
JOV,1,COV,87,0,3,1,16 G. Vives,5:31,0,0/0,0%,0/0,0%,0/0,0%,0,0,0,1,1,0,1,0,0,0,1,6,2
JOV,1,COV,87,0,3,1,17 S. Dekker,6:38,2,1/1,100%,0/2,0%,0/0,0%,1,0,1,1,0,0,0,0,0,2,0,10,0
JOV,1,COV,87,0,3,,20 A. Torres,0:00,0,0/0,0%,0/0,0%,0/0,0%,0,0,0,0,0,0,0,0,0,0,0,0,0
JOV,1,COV,87,0,3,,21 M. Allen,0:41,0,0/0,0%,0/0,0%,0/0,0%,1,0,1,0,0,0,0,0,0,1,0,3,0
JOV,1,COV,87,0,3,1,24 C. Hunt,7:40,5,0/0,0%,1/2,50%,2/2,100%,0,0,0,0,0,0,0,0,0,2,1,4,3
JOV,1,COV,87,0,3,1,35 S. Birgander,6:38,10,5/5,100%,0/0,0%,0/0,0%,0,2,2,0,1,0,0,0,0,1,1,4,11
JOV,1,COV,87,0,3,,44 A. Tomic,3:10,7,2/2,100%,0/0,0%,3/4,75%,0,1,1,0,0,0,0,0,0,0,3,5,10
JOV,1,COV,87,0,3,1,88 A. Hanga,6:43,0,0/0,0%,0/0,0%,0/0,0%,0,2,2,1,0,0,0,0,0,1,0,2,2
JOV,1,COV,87,0,3,,Equipo,,0,0/0,0%,0/0,0%,0/0,0%,1,1,2,0,1,0,0,0,0,0,0,0,
JOV,1,COV,87,0,4,,0 H. Drell,5:33,7,3/3,100%,0/1,0%,1/1,100%,1,0,1,0,0,0,0,0,1,2,1,-3,6
JOV,1,COV,87,0,4,,1 Y. Kraag,0:00,0,0/0,0%,0/0,0%,0/0,0%,0,0,0,0,0,0,0,0,0,0,0,0,0
JOV,1,COV,87,0,4,,9 R. Rubio,5:52,9,2/2,100%,1/3,33%,2/2,100%,0,0,0,2,0,1,0,0,0,0,2,1,12
JOV,1,COV,87,0,4,,12 L. Hakanson,7:18,2,1/1,100%,0/1,0%,0/0,0%,0,0,0,1,0,1,0,0,0,1,0,6,2
JOV,1,COV,87,0,4,1,16 G. Vives,3:06,0,0/0,0%,0/0,0%,0/0,0%,0,0,0,0,0,0,0,0,0,1,0,0,-1
JOV,1,COV,87,0,4,1,17 S. Dekker,4:27,0,0/0,0%,0/1,0%,0/0,0%,1,1,2,0,0,0,0,0,0,0,0,5,1
JOV,1,COV,87,0,4,,20 A. Torres,0:00,0,0/0,0%,0/0,0%,0/0,0%,0,0,0,0,0,0,0,0,0,0,0,0,0
JOV,1,COV,87,0,4,,21 M. Allen,0:00,0,0/0,0%,0/0,0%,0/0,0%,0,0,0,0,0,0,0,0,0,0,0,0,0
JOV,1,COV,87,0,4,1,24 C. Hunt,6:54,4,2/3,67%,0/0,0%,0/0,0%,0,0,0,0,0,1,1,0,0,0,0,2,5
JOV,1,COV,87,0,4,1,35 S. Birgander,3:59,0,0/2,0%,0/0,0%,0/0,0%,1,1,2,0,1,0,0,0,0,1,0,-3,-2
JOV,1,COV,87,0,4,,44 A. Tomic,6:01,2,1/2,50%,0/0,0%,0/0,0%,1,1,2,1,0,0,0,0,0,0,1,5,5
JOV,1,COV,87,0,4,1,88 A. Hanga,6:50,0,0/0,0%,0/2,0%,0/0,0%,0,1,1,1,0,0,0,0,0,1,0,-3,-1
JOV,1,COV,87,0,4,,Equipo,,0,0/0,0%,0/0,0%,0/0,0%,0,2,2,0,0,0,0,0,0,0,0,0,
RMB,1,DGC,81,1,1,1,0 T. Lyles,6:09,0,0/2,0%,0/1,0%,0/0,0%,0,0,0,1,0,0,0,1,0,0,0,5,-3
RMB,1,DGC,81,1,1,1,1 D. Kramer,5:15,3,0/0,0%,1/2,50%,0/0,0%,1,0,1,0,1,0,0,0,0,1,1,3,2
RMB,1,DGC,81,1,1,,6 A. Abalde,4:45,0,0/0,0%,0/0,0%,0/0,0%,0,1,1,1,0,0,0,0,0,0,0,1,2
RMB,1,DGC,81,1,1,1,7 F. Campazzo,6:09,3,0/0,0%,1/1,100%,0/0,0%,0,3,3,1,2,0,0,0,0,0,0,5,5
RMB,1,DGC,81,1,1,,8 C. Okeke,3:51,0,0/0,0%,0/1,0%,0/0,0%,0,0,0,0,0,0,0,0,0,0,0,-1,-1
RMB,1,DGC,81,1,1,1,11 M. Hezonja,5:15,3,0/0,0%,1/1,100%,0/0,0%,0,0,0,0,0,0,0,0,0,0,0,3,3
RMB,1,DGC,81,1,1,,13 I. Almansa,2:03,2,1/1,100%,0/0,0%,0/0,0%,0,1,1,1,0,0,0,0,0,0,0,0,4
RMB,1,DGC,81,1,1,,20 B. Fernando,1:48,1,0/0,0%,0/0,0%,1/2,50%,0,0,0,0,0,1,0,0,0,2,1,-1,0
RMB,1,DGC,81,1,1,1,22 W. Tavares,6:09,4,2/2,100%,0/0,0%,0/0,0%,0,0,0,0,0,1,0,0,0,0,0,5,5
RMB,1,DGC,81,1,1,,23 S. Llull,4:45,3,0/0,0%,1/2,50%,0/0,0%,0,0,0,1,0,0,0,0,0,1,0,1,2
RMB,1,DGC,81,1,1,,24 A. Feliz,3:51,3,0/0,0%,1/2,50%,0/0,0%,0,0,0,1,0,0,0,0,0,0,0,-1,3
RMB,1,DGC,81,1,1,,33 G. Grinvalds,0:00,0,0/0,0%,0/0,0%,0/0,0%,0,0,0,0,0,0,0,0,0,0,0,0,0
RMB,1,DGC,81,1,1,,Equipo,,0,0/0,0%,0/0,0%,0/0,0%,0,0,0,0,0,0,0,0,0,0,0,0,0
RMB,1,DGC,81,1,2,1,0 T. Lyles,5:21,3,0/0,0%,1/1,100%,0/0,0%,0,1,1,0,0,0,1,0,0,0,0,4,5
RMB,1,DGC,81,1,2,1,1 D. Kramer,4:39,5,1/2,50%,1/1,100%,0/0,0%,2,1,3,0,1,0,0,0,1,0,0,3,6
RMB,1,DGC,81,1,2,,6 A. Abalde,3:44,3,0/0,0%,1/1,100%,0/0,0%,0,0,0,0,2,0,0,0,0,2,0,2,-1
RMB,1,DGC,81,1,2,1,7 F. Campazzo,6:16,2,1/1,100%,0/0,0%,0/0,0%,0,0,0,4,0,0,0,0,0,1,0,5,5
RMB,1,DGC,81,1,2,,8 C. Okeke,8:23,0,0/1,0%,0/1,0%,0/0,0%,0,0,0,0,0,0,1,0,0,1,0,5,-2
RMB,1,DGC,81,1,2,1,11 M. Hezonja,6:16,5,1/2,50%,1/2,50%,0/0,0%,0,2,2,2,0,0,0,0,1,0,1,5,8
RMB,1,DGC,81,1,2,,13 I. Almansa,4:39,4,2/2,100%,0/0,0%,0/0,0%,0,0,0,0,0,0,0,0,0,0,0,3,4
RMB,1,DGC,81,1,2,,20 B. Fernando,0:00,0,0/0,0%,0/0,0%,0/0,0%,0,0,0,0,0,0,0,0,0,0,0,0,0
RMB,1,DGC,81,1,2,1,22 W. Tavares,5:21,0,0/1,0%,0/0,0%,0/0,0%,0,3,3,0,0,0,0,0,0,1,1,4,2
RMB,1,DGC,81,1,2,,23 S. Llull,5:21,0,0/0,0%,0/0,0%,0/0,0%,0,1,1,2,0,0,0,0,0,0,1,4,4
RMB,1,DGC,81,1,2,,24 A. Feliz,0:00,0,0/0,0%,0/0,0%,0/0,0%,0,0,0,0,0,0,0,0,0,0,0,0,0
RMB,1,DGC,81,1,2,,33 G. Grinvalds,0:00,0,0/0,0%,0/0,0%,0/0,0%,0,0,0,0,0,0,0,0,0,0,0,0,0
RMB,1,DGC,81,1,2,,Equipo,,0,0/0,0%,0/0,0%,0/0,0%,0,0,0,0,0,0,0,0,0,0,0,0,0
RMB,1,DGC,81,1,3,1,0 T. Lyles,4:53,7,1/1,100%,1/2,50%,2/2,100%,0,1,1,0,0,0,0,0,0,1,1,-2,7
RMB,1,DGC,81,1,3,1,1 D. Kramer,3:52,2,1/1,100%,0/0,0%,0/0,0%,0,0,0,0,0,0,0,0,0,1,1,-1,2
RMB,1,DGC,81,1,3,,6 A. Abalde,4:33,2,0/2,0%,0/1,0%,2/2,100%,0,0,0,1,0,1,0,0,0,0,1,5,2
RMB,1,DGC,81,1,3,1,7 F. Campazzo,5:27,1,0/0,0%,0/0,0%,1/2,50%,0,0,0,2,1,0,0,0,0,0,2,-3,3
RMB,1,DGC,81,1,3,,8 C. Okeke,5:07,6,0/0,0%,2/3,67%,0/0,0%,1,0,1,1,0,0,0,0,0,1,0,6,6
RMB,1,DGC,81,1,3,1,11 M. Hezonja,5:27,2,1/2,50%,0/0,0%,0/0,0%,0,0,0,0,0,0,0,0,0,0,0,-1,1
RMB,1,DGC,81,1,3,,13 I. Almansa,0:00,0,0/0,0%,0/0,0%,0/0,0%,0,0,0,0,0,0,0,0,0,0,0,0,0
RMB,1,DGC,81,1,3,,20 B. Fernando,3:54,0,0/0,0%,0/0,0%,0/0,0%,0,1,1,1,1,0,0,0,0,1,0,5,0
RMB,1,DGC,81,1,3,1,22 W. Tavares,6:06,2,1/1,100%,0/0,0%,0/0,0%,1,0,1,1,0,0,0,0,0,1,1,-1,4
RMB,1,DGC,81,1,3,,23 S. Llull,6:08,3,0/0,0%,1/1,100%,0/0,0%,0,0,0,0,1,1,0,0,0,1,0,5,2
RMB,1,DGC,81,1,3,,24 A. Feliz,4:33,2,1/2,50%,0/0,0%,0/2,0%,0,0,0,0,0,0,0,0,0,0,1,7,0
RMB,1,DGC,81,1,3,,33 G. Grinvalds,0:00,0,0/0,0%,0/0,0%,0/0,0%,0,0,0,0,0,0,0,0,0,0,0,0,0
RMB,1,DGC,81,1,3,,Equipo,,0,0/0,0%,0/0,0%,0/0,0%,0,0,0,0,0,0,0,0,0,0,0,0,0
RMB,1,DGC,81,1,4,1,0 T. Lyles,6:26,0,0/1,0%,0/0,0%,0/0,0%,0,2,2,0,0,0,1,0,0,0,0,-3,2
RMB,1,DGC,81,1,4,1,1 D. Kramer,4:37,0,0/0,0%,0/2,0%,0/0,0%,0,0,0,0,0,0,0,1,0,0,1,-4,-2
RMB,1,DGC,81,1,4,,6 A. Abalde,3:59,0,0/1,0%,0/0,0%,0/0,0%,0,2,2,0,0,0,0,1,0,1,0,-3,-1
RMB,1,DGC,81,1,4,1,7 F. Campazzo,6:35,0,0/1,0%,0/2,0%,0/0,0%,0,0,0,2,1,1,0,1,0,2,0,-4,-4
RMB,1,DGC,81,1,4,,8 C. Okeke,3:34,0,0/0,0%,0/0,0%,0/0,0%,0,0,0,0,0,0,1,0,0,0,0,-2,1
RMB,1,DGC,81,1,4,1,11 M. Hezonja,6:01,3,0/1,0%,1/1,100%,0/0,0%,0,1,1,0,0,0,0,0,0,1,0,-2,2
RMB,1,DGC,81,1,4,,13 I. Almansa,4:48,0,0/1,0%,0/0,0%,0/0,0%,0,1,1,0,1,0,0,0,0,2,0,-6,-3
RMB,1,DGC,81,1,4,,20 B. Fernando,0:00,0,0/0,0%,0/0,0%,0/0,0%,0,0,0,0,0,0,0,0,0,0,0,0,0
RMB,1,DGC,81,1,4,1,22 W. Tavares,5:12,0,0/0,0%,0/0,0%,0/0,0%,1,0,1,0,0,1,0,0,0,0,2,1,4
RMB,1,DGC,81,1,4,,23 S. Llull,4:17,4,1/1,100%,0/1,0%,2/2,100%,0,0,0,0,0,0,0,0,0,0,1,1,4
RMB,1,DGC,81,1,4,,24 A. Feliz,3:25,2,1/2,50%,0/0,0%,0/0,0%,0,0,0,0,0,0,0,0,0,0,1,-1,2
RMB,1,DGC,81,1,4,,33 G. Grinvalds,1:06,1,0/0,0%,0/1,0%,1/2,50%,0,0,0,0,0,0,0,0,0,0,1,-2,0
RMB,1,DGC,81,1,4,,Equipo,,0,0/0,0%,0/0,0%,0/0,0%,2,1,3,0,0,0,0,0,0,0,0,0,
DGC,1,RMB,71,0,1,,1 L. Maniema,0:00,0,0/0,0%,0/0,0%,0/0,0%,0,0,0,0,0,0,0,0,0,0,0,0,0
DGC,1,RMB,71,0,1,1,2 I. Wong,4:28,0,0/0,0%,0/1,0%,0/0,0%,0,0,0,0,2,0,0,0,0,1,0,-2,-4
DGC,1,RMB,71,0,1,,4 E. Vila,0:00,0,0/0,0%,0/0,0%,0/0,0%,0,0,0,0,0,0,0,0,0,0,0,0,0
DGC,1,RMB,71,0,1,,5 Z. Samar,3:51,4,1/1,100%,0/0,0%,2/2,100%,0,0,0,0,1,0,0,0,0,0,1,1,4
DGC,1,RMB,71,0,1,1,6 A. Albicy,6:09,0,0/0,0%,0/1,0%,0/0,0%,0,0,0,1,0,1,0,0,0,0,1,-5,2
DGC,1,RMB,71,0,1,1,9 N. Brussino,6:09,0,0/0,0%,0/0,0%,0/0,0%,0,1,1,1,1,0,0,0,0,0,0,-5,1
DGC,1,RMB,71,0,1,,10 M. Salvó,3:51,0,0/1,0%,0/0,0%,0/0,0%,0,2,2,1,0,0,0,0,0,0,1,1,3
DGC,1,RMB,71,0,1,1,13 P. Pelos,4:28,6,3/3,100%,0/0,0%,0/0,0%,0,0,0,0,0,1,1,0,0,0,0,-2,8
DGC,1,RMB,71,0,1,1,18 M. Tobey,6:09,0,0/0,0%,0/1,0%,0/0,0%,0,2,2,0,1,0,0,0,0,0,0,-5,0
DGC,1,RMB,71,0,1,,21 L. Labeyrie,5:32,2,1/1,100%,0/1,0%,0/0,0%,1,1,2,0,0,0,0,0,0,0,0,-2,3
DGC,1,RMB,71,0,1,,23 K. Kuath,3:51,3,1/3,33%,0/0,0%,1/1,100%,0,1,1,0,0,0,0,0,1,0,1,1,3
DGC,1,RMB,71,0,1,,24 B. Angola,5:32,3,0/1,0%,1/1,100%,0/0,0%,2,0,2,0,0,0,0,0,0,1,0,-2,3
DGC,1,RMB,71,0,1,,Equipo,,0,0/0,0%,0/0,0%,0/0,0%,0,0,0,0,0,0,0,0,0,0,0,0,0
DGC,1,RMB,71,0,2,,1 L. Maniema,1:15,0,0/0,0%,0/0,0%,0/0,0%,0,0,0,0,0,0,0,0,0,0,0,-2,0
DGC,1,RMB,71,0,2,1,2 I. Wong,2:30,4,2/2,100%,0/0,0%,0/0,0%,0,0,0,1,0,0,0,0,1,1,0,-3,4
DGC,1,RMB,71,0,2,,4 E. Vila,0:00,0,0/0,0%,0/0,0%,0/0,0%,0,0,0,0,0,0,0,0,0,0,0,0,0
DGC,1,RMB,71,0,2,,5 Z. Samar,2:09,1,0/0,0%,0/1,0%,1/2,50%,0,0,0,1,0,0,0,0,0,0,1,0,1
DGC,1,RMB,71,0,2,1,6 A. Albicy,7:51,3,0/0,0%,1/2,50%,0/0,0%,0,0,0,1,0,1,0,0,0,1,0,-7,3
DGC,1,RMB,71,0,2,1,9 N. Brussino,5:54,0,0/1,0%,0/1,0%,0/0,0%,0,0,0,0,0,0,0,1,0,0,2,-5,-1
DGC,1,RMB,71,0,2,,10 M. Salvó,4:06,0,0/0,0%,0/1,0%,0/0,0%,0,1,1,0,0,0,0,0,0,0,0,-2,0
DGC,1,RMB,71,0,2,1,13 P. Pelos,7:07,0,0/1,0%,0/0,0%,0/0,0%,1,1,2,0,0,0,0,0,0,0,0,-7,1
DGC,1,RMB,71,0,2,1,18 M. Tobey,5:54,0,0/1,0%,0/0,0%,0/0,0%,0,0,0,0,1,0,0,0,0,0,0,-5,-2
DGC,1,RMB,71,0,2,,21 L. Labeyrie,2:53,3,0/0,0%,1/2,50%,0/0,0%,0,1,1,0,0,0,0,1,0,0,0,0,2
DGC,1,RMB,71,0,2,,23 K. Kuath,4:06,2,1/1,100%,0/0,0%,0/0,0%,0,0,0,0,0,0,0,0,0,1,0,-2,1
DGC,1,RMB,71,0,2,,24 B. Angola,6:15,2,1/1,100%,0/2,0%,0/0,0%,0,0,0,1,0,1,0,0,0,0,2,-2,4
DGC,1,RMB,71,0,2,,Equipo,,0,0/0,0%,0/0,0%,0/0,0%,1,1,2,0,0,0,0,0,0,0,0,0,
DGC,1,RMB,71,0,3,,1 L. Maniema,0:00,0,0/0,0%,0/0,0%,0/0,0%,0,0,0,0,0,0,0,0,0,0,0,0,0
DGC,1,RMB,71,0,3,1,2 I. Wong,4:33,0,0/0,0%,0/0,0%,0/0,0%,0,0,0,1,0,0,0,0,0,1,1,-5,1
DGC,1,RMB,71,0,3,,4 E. Vila,0:00,0,0/0,0%,0/0,0%,0/0,0%,0,0,0,0,0,0,0,0,0,0,0,0,0
DGC,1,RMB,71,0,3,,5 Z. Samar,5:26,3,0/0,0%,1/2,50%,0/0,0%,1,1,2,1,2,0,0,0,0,1,1,-4,3
DGC,1,RMB,71,0,3,1,6 A. Albicy,4:34,3,0/0,0%,1/1,100%,0/0,0%,0,0,0,0,1,0,0,0,0,0,0,0,2
DGC,1,RMB,71,0,3,1,9 N. Brussino,3:37,0,0/0,0%,0/0,0%,0/0,0%,0,0,0,1,1,0,0,0,0,1,0,1,-1
DGC,1,RMB,71,0,3,,10 M. Salvó,6:23,2,1/2,50%,0/0,0%,0/0,0%,0,2,2,0,1,0,0,0,0,0,0,-5,2
DGC,1,RMB,71,0,3,1,13 P. Pelos,5:57,6,1/1,100%,1/1,100%,1/2,50%,0,1,1,0,0,0,0,0,0,1,1,-5,6
DGC,1,RMB,71,0,3,1,18 M. Tobey,7:19,0,0/0,0%,0/1,0%,0/0,0%,0,0,0,0,0,0,0,0,0,1,0,2,-2
DGC,1,RMB,71,0,3,,21 L. Labeyrie,4:03,5,0/0,0%,1/2,50%,2/2,100%,0,0,0,0,0,0,0,0,0,1,1,1,4
DGC,1,RMB,71,0,3,,23 K. Kuath,2:41,2,1/2,50%,0/0,0%,0/0,0%,0,0,0,0,0,0,0,0,0,0,1,-6,2
DGC,1,RMB,71,0,3,,24 B. Angola,5:27,2,1/1,100%,0/1,0%,0/0,0%,1,2,3,4,0,1,0,0,0,1,1,1,9
DGC,1,RMB,71,0,3,,Equipo,,0,0/0,0%,0/0,0%,0/0,0%,0,0,0,0,0,0,0,0,0,0,0,0,
DGC,1,RMB,71,0,4,,1 L. Maniema,0:00,0,0/0,0%,0/0,0%,0/0,0%,0,0,0,0,0,0,0,0,0,0,0,0,0
DGC,1,RMB,71,0,4,1,2 I. Wong,3:36,5,1/2,50%,0/0,0%,3/3,100%,0,0,0,0,1,0,0,0,0,0,1,5,4
DGC,1,RMB,71,0,4,,4 E. Vila,0:00,0,0/0,0%,0/0,0%,0/0,0%,0,0,0,0,0,0,0,0,0,0,0,0,0
DGC,1,RMB,71,0,4,,5 Z. Samar,5:23,2,1/2,50%,0/0,0%,0/0,0%,0,0,0,0,0,0,0,1,0,1,0,1,-1
DGC,1,RMB,71,0,4,1,6 A. Albicy,4:37,3,0/1,0%,1/1,100%,0/0,0%,0,1,1,1,0,1,0,0,0,0,0,4,5
DGC,1,RMB,71,0,4,1,9 N. Brussino,5:14,0,0/0,0%,0/1,0%,0/0,0%,0,0,0,0,1,0,0,0,0,0,1,3,-1
DGC,1,RMB,71,0,4,,10 M. Salvó,4:46,0,0/0,0%,0/0,0%,0/0,0%,0,2,2,0,0,0,0,0,0,1,0,2,1
DGC,1,RMB,71,0,4,1,13 P. Pelos,1:39,0,0/0,0%,0/0,0%,0/0,0%,0,0,0,0,1,1,0,0,0,0,1,-3,1
DGC,1,RMB,71,0,4,1,18 M. Tobey,6:23,0,0/0,0%,0/0,0%,0/0,0%,0,2,2,0,0,0,1,0,0,1,0,3,2
DGC,1,RMB,71,0,4,,21 L. Labeyrie,8:21,3,0/0,0%,1/1,100%,0/0,0%,0,0,0,0,0,0,0,0,0,0,0,8,3
DGC,1,RMB,71,0,4,,23 K. Kuath,3:37,2,1/2,50%,0/0,0%,0/0,0%,0,1,1,0,0,0,2,1,1,0,1,2,4
DGC,1,RMB,71,0,4,,24 B. Angola,6:24,0,0/0,0%,0/2,0%,0/2,0%,0,1,1,1,1,0,0,0,0,3,2,0,-4
DGC,1,RMB,71,0,4,,Equipo,,0,0/0,0%,0/0,0%,0/0,0%,0,2,2,0,0,0,0,0,0,0,0,0,
CAZ,1,BKN,107,1,1,1,00 D. Robinson,5:04,4,2/3,67%,0/0,0%,0/0,0%,0,1,1,0,1,0,0,0,0,1,0,4,2
CAZ,1,BKN,107,1,1,,0 M. Spissu,4:56,0,0/0,0%,0/1,0%,0/0,0%,0,0,0,2,1,0,0,0,0,0,0,-1,0
CAZ,1,BKN,107,1,1,1,2 T. Bell-Haynes,7:17,7,2/2,100%,1/2,50%,0/0,0%,1,0,1,1,1,0,0,0,0,0,1,3,8
CAZ,1,BKN,107,1,1,,3 E. Stevenson,0:00,0,0/0,0%,0/0,0%,0/0,0%,0,0,0,0,0,0,0,0,0,0,0,0,0
CAZ,1,BKN,107,1,1,1,4 S. Yusta,3:47,2,1/1,100%,0/1,0%,0/0,0%,0,0,0,0,0,0,0,0,0,0,1,0,2
CAZ,1,BKN,107,1,1,,5 L. Langarita,0:00,0,0/0,0%,0/0,0%,0/0,0%,0,0,0,0,0,0,0,0,0,0,0,0,0
CAZ,1,BKN,107,1,1,,7 M. González,5:38,3,0/1,0%,1/1,100%,0/0,0%,1,0,1,0,0,0,0,0,0,1,0,1,2
CAZ,1,BKN,107,1,1,,10 J. Fernández,0:00,0,0/0,0%,0/0,0%,0/0,0%,0,0,0,0,0,0,0,0,0,0,0,0,0
CAZ,1,BKN,107,1,1,,12 J. Soriano,6:13,2,1/2,50%,0/0,0%,0/0,0%,1,1,2,0,0,0,0,0,0,1,1,3,3
CAZ,1,BKN,107,1,1,1,14 B. Dubljevic,3:47,2,1/1,100%,0/0,0%,0/0,0%,0,2,2,0,0,0,0,0,0,1,0,0,3
CAZ,1,BKN,107,1,1,,15 J. Rodríguez,6:13,3,0/2,0%,1/1,100%,0/2,0%,0,0,0,2,0,0,0,1,0,0,1,3,1
CAZ,1,BKN,107,1,1,1,20 D.J. Stephens,7:05,0,0/0,0%,0/0,0%,0/0,0%,0,2,2,0,0,0,1,0,0,1,0,2,2
CAZ,1,BKN,107,1,1,,Equipo,,0,0/0,0%,0/0,0%,0/0,0%,0,0,0,0,0,0,0,0,0,0,0,0,0
CAZ,1,BKN,107,1,2,,0 M. Spissu,3:10,3,0/0,0%,1/1,100%,0/0,0%,0,0,0,1,0,0,0,0,0,0,0,1,4
CAZ,1,BKN,107,1,2,1,00 D. Robinson,8:01,6,3/6,50%,0/1,0%,0/0,0%,0,3,3,1,0,0,0,0,1,0,1,9,7
CAZ,1,BKN,107,1,2,1,2 T. Bell-Haynes,6:50,5,2/3,67%,0/0,0%,1/2,50%,0,0,0,1,2,0,0,0,0,1,2,10,3
CAZ,1,BKN,107,1,2,,3 E. Stevenson,3:41,0,0/0,0%,0/2,0%,0/0,0%,0,1,1,0,1,0,0,0,0,1,0,-5,-3
CAZ,1,BKN,107,1,2,1,4 S. Yusta,6:50,7,1/1,100%,1/2,50%,2/2,100%,2,1,3,1,0,0,0,0,0,1,2,10,11
CAZ,1,BKN,107,1,2,,5 L. Langarita,0:00,0,0/0,0%,0/0,0%,0/0,0%,0,0,0,0,0,0,0,0,0,0,0,0,0
CAZ,1,BKN,107,1,2,,7 M. González,1:59,0,0/0,0%,0/0,0%,0/0,0%,0,0,0,0,0,0,0,0,0,1,0,2,-1
CAZ,1,BKN,107,1,2,,10 J. Fernández,0:00,0,0/0,0%,0/0,0%,0/0,0%,0,0,0,0,0,0,0,0,0,0,0,0,0
CAZ,1,BKN,107,1,2,,12 J. Soriano,1:59,2,1/1,100%,0/0,0%,0/0,0%,0,0,0,0,0,0,0,0,0,0,1,2,3
CAZ,1,BKN,107,1,2,1,14 B. Dubljevic,8:01,0,0/0,0%,0/1,0%,0/0,0%,0,2,2,0,0,1,0,0,0,0,1,9,3
CAZ,1,BKN,107,1,2,,15 J. Rodríguez,6:19,0,0/0,0%,0/1,0%,0/0,0%,0,2,2,2,0,2,0,0,0,0,0,16,5
CAZ,1,BKN,107,1,2,1,20 D.J. Stephens,3:10,2,1/1,100%,0/1,0%,0/0,0%,0,0,0,0,0,0,0,0,0,0,0,1,1
CAZ,1,BKN,107,1,2,,Equipo,,0,0/0,0%,0/0,0%,0/0,0%,1,1,2,0,0,0,0,0,0,0,0,0,
CAZ,1,BKN,107,1,3,1,00 D. Robinson,7:17,0,0/3,0%,0/1,0%,0/0,0%,1,2,3,0,1,0,0,0,0,1,1,-3,-2
CAZ,1,BKN,107,1,3,,0 M. Spissu,5:27,2,0/1,0%,0/0,0%,2/2,100%,0,0,0,0,2,0,0,0,0,3,1,0,-3
CAZ,1,BKN,107,1,3,1,2 T. Bell-Haynes,4:33,2,1/2,50%,0/2,0%,0/0,0%,0,0,0,0,0,0,0,0,0,1,1,-2,-1
CAZ,1,BKN,107,1,3,,3 E. Stevenson,0:00,0,0/0,0%,0/0,0%,0/0,0%,0,0,0,0,0,0,0,0,0,0,0,0,0
CAZ,1,BKN,107,1,3,1,4 S. Yusta,4:58,2,1/1,100%,0/1,0%,0/0,0%,0,0,0,1,0,1,0,0,0,1,0,-2,2
CAZ,1,BKN,107,1,3,,5 L. Langarita,0:00,0,0/0,0%,0/0,0%,0/0,0%,0,0,0,0,0,0,0,0,0,0,0,0,0
CAZ,1,BKN,107,1,3,,7 M. González,6:29,3,0/0,0%,1/2,50%,0/0,0%,2,3,5,0,0,0,0,0,0,1,0,4,6
CAZ,1,BKN,107,1,3,,10 J. Fernández,0:00,0,0/0,0%,0/0,0%,0/0,0%,0,0,0,0,0,0,0,0,0,0,0,0,0
CAZ,1,BKN,107,1,3,,12 J. Soriano,4:33,3,1/2,50%,0/0,0%,1/3,33%,2,1,3,1,0,0,0,1,0,1,2,-2,4
CAZ,1,BKN,107,1,3,1,14 B. Dubljevic,5:27,0,0/1,0%,0/1,0%,0/0,0%,1,0,1,1,0,0,0,0,0,0,0,0,0
CAZ,1,BKN,107,1,3,,15 J. Rodríguez,5:02,8,3/3,100%,0/0,0%,2/2,100%,1,0,1,1,0,0,0,0,0,0,2,0,12
CAZ,1,BKN,107,1,3,1,20 D.J. Stephens,6:14,4,2/2,100%,0/1,0%,0/0,0%,0,0,0,0,0,2,0,0,1,0,0,-5,5
CAZ,1,BKN,107,1,3,,Equipo,,0,0/0,0%,0/0,0%,0/0,0%,0,0,0,0,0,0,0,0,0,0,0,0,
CAZ,1,BKN,107,1,4,1,00 D. Robinson,8:08,6,3/3,100%,0/0,0%,0/0,0%,1,3,4,0,1,0,0,0,0,1,0,7,8
CAZ,1,BKN,107,1,4,,0 M. Spissu,3:40,0,0/0,0%,0/0,0%,0/0,0%,0,1,1,0,0,0,0,0,0,0,0,4,1
CAZ,1,BKN,107,1,4,1,2 T. Bell-Haynes,10:00,12,3/3,100%,1/1,100%,3/3,100%,0,0,0,4,1,1,0,0,0,1,2,7,17
CAZ,1,BKN,107,1,4,,3 E. Stevenson,0:00,0,0/0,0%,0/0,0%,0/0,0%,0,0,0,0,0,0,0,0,0,0,0,0,0
CAZ,1,BKN,107,1,4,1,4 S. Yusta,6:22,3,0/0,0%,1/2,50%,0/0,0%,0,0,0,2,0,0,0,1,0,0,1,6,4
CAZ,1,BKN,107,1,4,,5 L. Langarita,0:00,0,0/0,0%,0/0,0%,0/0,0%,0,0,0,0,0,0,0,0,0,0,0,0,0
CAZ,1,BKN,107,1,4,,7 M. González,3:38,0,0/0,0%,0/0,0%,0/0,0%,0,0,0,0,0,0,0,0,0,0,0,1,0
CAZ,1,BKN,107,1,4,,10 J. Fernández,0:00,0,0/0,0%,0/0,0%,0/0,0%,0,0,0,0,0,0,0,0,0,0,0,0,0
CAZ,1,BKN,107,1,4,,12 J. Soriano,8:58,12,4/6,67%,0/0,0%,4/6,67%,0,0,0,1,0,0,0,1,2,2,3,6,9
CAZ,1,BKN,107,1,4,1,14 B. Dubljevic,0:00,0,0/0,0%,0/0,0%,0/0,0%,0,0,0,0,0,0,0,0,0,0,0,0,0
CAZ,1,BKN,107,1,4,,15 J. Rodríguez,6:20,0,0/2,0%,0/0,0%,0/0,0%,1,1,2,2,1,1,0,0,0,0,0,3,2
CAZ,1,BKN,107,1,4,1,20 D.J. Stephens,2:54,2,1/1,100%,0/0,0%,0/0,0%,0,1,1,0,1,0,0,0,0,2,0,1,0
CAZ,1,BKN,107,1,4,,Equipo,,0,0/0,0%,0/0,0%,0/0,0%,0,0,0,0,1,0,0,0,0,0,0,0,
BKN,1,CAZ,88,0,1,,0 M. Howard,5:42,4,2/2,100%,0/1,0%,0/0,0%,1,0,1,0,1,0,0,0,0,1,0,-2,2
BKN,1,CAZ,88,0,1,1,1 M. Diakite,2:41,0,0/0,0%,0/1,0%,0/0,0%,1,0,1,0,0,0,0,0,0,0,0,0,0
BKN,1,CAZ,88,0,1,,4 R. Villar,4:36,0,0/0,0%,0/0,0%,0/0,0%,0,0,0,1,0,0,0,0,0,1,0,-3,0
BKN,1,CAZ,88,0,1,,6 H. Diallo,5:42,4,1/1,100%,0/1,0%,2/2,100%,0,1,1,0,1,0,0,0,1,1,2,0,4
BKN,1,CAZ,88,0,1,,8 T. Sedekerskis,0:00,0,0/0,0%,0/0,0%,0/0,0%,0,0,0,0,0,0,0,0,0,0,0,0,0
BKN,1,CAZ,88,0,1,1,9 Luwawu-Cabarrot,5:52,4,1/2,50%,0/0,0%,2/2,100%,0,2,2,0,0,0,0,0,0,0,2,-2,7
BKN,1,CAZ,88,0,1,1,10 M. Spagnolo,5:24,2,1/1,100%,0/1,0%,0/0,0%,1,0,1,0,1,0,0,0,0,0,0,0,1
BKN,1,CAZ,88,0,1,1,11 T. Forrest,4:18,0,0/1,0%,0/1,0%,0/0,0%,0,0,0,0,0,0,0,0,0,0,0,-1,-2
BKN,1,CAZ,88,0,1,,18 K. Diop,4:36,2,1/2,50%,0/0,0%,0/0,0%,2,1,3,0,0,0,1,1,0,0,0,-3,4
BKN,1,CAZ,88,0,1,,25 C. Frisch,4:08,0,0/1,0%,0/1,0%,0/0,0%,0,2,2,0,0,0,0,0,0,1,0,-1,-1
BKN,1,CAZ,88,0,1,,77 S. Joksimovic,0:31,0,0/0,0%,0/0,0%,0/0,0%,0,0,0,0,0,0,0,0,0,0,0,-3,0
BKN,1,CAZ,88,0,1,1,99 L. Samanic,6:30,4,1/2,50%,0/1,0%,2/2,100%,1,0,1,1,0,2,0,0,0,0,1,0,7
BKN,1,CAZ,88,0,1,,Equipo,,0,0/0,0%,0/0,0%,0/0,0%,0,0,0,0,0,0,0,0,0,0,0,0,0
BKN,1,CAZ,88,0,2,,0 M. Howard,8:01,0,0/0,0%,0/3,0%,0/0,0%,0,0,0,0,2,2,0,0,0,0,0,-9,-3
BKN,1,CAZ,88,0,2,1,1 M. Diakite,3:10,0,0/0,0%,0/0,0%,0/0,0%,0,0,0,0,0,0,0,0,0,2,0,-1,-2
BKN,1,CAZ,88,0,2,,4 R. Villar,1:32,0,0/0,0%,0/0,0%,0/0,0%,0,0,0,0,0,0,0,0,0,1,0,0,-1
BKN,1,CAZ,88,0,2,,6 H. Diallo,1:32,2,1/2,50%,0/0,0%,0/1,0%,0,1,1,0,0,0,0,0,1,1,1,0,1
BKN,1,CAZ,88,0,2,,8 T. Sedekerskis,0:00,0,0/0,0%,0/0,0%,0/0,0%,0,0,0,0,0,0,0,0,0,0,0,0,0
BKN,1,CAZ,88,0,2,1,9 Luwawu-Cabarrot,8:28,4,2/3,67%,0/2,0%,0/0,0%,1,0,1,0,1,1,0,0,0,1,0,-11,1
BKN,1,CAZ,88,0,2,1,10 M. Spagnolo,1:28,0,0/0,0%,0/0,0%,0/0,0%,0,0,0,0,0,0,0,0,0,0,0,-7,0
BKN,1,CAZ,88,0,2,1,11 T. Forrest,7:00,2,1/1,100%,0/1,0%,0/0,0%,0,1,1,0,0,0,0,0,0,0,1,-4,3
BKN,1,CAZ,88,0,2,,18 K. Diop,3:07,0,0/0,0%,0/0,0%,0/0,0%,0,0,0,0,0,0,0,0,0,1,0,-1,-1
BKN,1,CAZ,88,0,2,,25 C. Frisch,6:50,0,0/1,0%,0/2,0%,0/0,0%,2,2,4,2,0,0,0,0,0,0,0,-10,3
BKN,1,CAZ,88,0,2,,77 S. Joksimovic,1:59,0,0/0,0%,0/1,0%,0/0,0%,0,0,0,0,1,0,0,0,0,0,0,-2,-2
BKN,1,CAZ,88,0,2,1,99 L. Samanic,6:53,6,1/2,50%,0/1,0%,4/4,100%,1,2,3,0,2,0,0,0,0,1,2,-10,6
BKN,1,CAZ,88,0,2,,Equipo,,0,0/0,0%,0/0,0%,0/0,0%,0,1,1,0,0,0,0,0,0,0,0,0,
BKN,1,CAZ,88,0,3,,0 M. Howard,3:43,0,0/0,0%,0/0,0%,0/0,0%,0,0,0,0,0,0,0,0,0,1,0,0,-1
BKN,1,CAZ,88,0,3,1,1 M. Diakite,3:08,4,2/3,67%,0/0,0%,0/0,0%,0,0,0,0,0,0,0,0,0,2,0,-1,1
BKN,1,CAZ,88,0,3,,4 R. Villar,5:36,2,1/1,100%,0/0,0%,0/0,0%,0,2,2,2,0,1,0,0,0,0,0,4,7
BKN,1,CAZ,88,0,3,,6 H. Diallo,6:26,6,2/2,100%,0/1,0%,2/2,100%,0,4,4,0,0,0,0,0,0,0,1,3,10
BKN,1,CAZ,88,0,3,,8 T. Sedekerskis,0:00,0,0/0,0%,0/0,0%,0/0,0%,0,0,0,0,0,0,0,0,0,0,0,0,0
BKN,1,CAZ,88,0,3,1,9 Luwawu-Cabarrot,8:24,3,0/0,0%,1/1,100%,0/0,0%,0,2,2,0,1,0,0,0,0,1,0,1,3
BKN,1,CAZ,88,0,3,1,10 M. Spagnolo,5:51,2,0/1,0%,0/0,0%,2/2,100%,0,0,0,0,0,0,0,0,0,0,2,-2,3
BKN,1,CAZ,88,0,3,1,11 T. Forrest,5:51,4,2/2,100%,0/1,0%,0/0,0%,0,0,0,3,1,0,0,0,0,0,0,-2,5
BKN,1,CAZ,88,0,3,,18 K. Diop,2:43,1,0/0,0%,0/0,0%,1/2,50%,0,0,0,0,0,0,0,0,0,0,1,-1,1
BKN,1,CAZ,88,0,3,,25 C. Frisch,4:09,0,0/0,0%,0/0,0%,0/0,0%,0,1,1,0,1,0,0,0,0,3,1,4,-2
BKN,1,CAZ,88,0,3,,77 S. Joksimovic,0:00,0,0/0,0%,0/0,0%,0/0,0%,0,0,0,0,0,0,0,0,0,0,0,0,0
BKN,1,CAZ,88,0,3,1,99 L. Samanic,4:09,4,1/1,100%,0/0,0%,2/3,67%,0,0,0,0,0,0,1,0,0,0,3,4,7
BKN,1,CAZ,88,0,3,,Equipo,,0,0/0,0%,0/0,0%,0/0,0%,0,0,0,0,0,0,0,0,0,0,0,0,
BKN,1,CAZ,88,0,4,,0 M. Howard,7:10,0,0/0,0%,0/2,0%,0/0,0%,0,0,0,1,0,0,0,0,0,0,0,-5,-1
BKN,1,CAZ,88,0,4,1,1 M. Diakite,1:05,0,0/0,0%,0/0,0%,0/0,0%,0,1,1,0,0,0,0,0,0,0,0,-1,1
BKN,1,CAZ,88,0,4,,4 R. Villar,0:48,0,0/1,0%,0/0,0%,0/0,0%,0,0,0,0,0,0,0,0,0,0,0,-4,-1
BKN,1,CAZ,88,0,4,,6 H. Diallo,10:00,10,4/6,67%,0/0,0%,2/2,100%,2,2,4,0,3,0,1,0,1,2,2,-7,10
BKN,1,CAZ,88,0,4,,8 T. Sedekerskis,0:00,0,0/0,0%,0/0,0%,0/0,0%,0,0,0,0,0,0,0,0,0,0,0,0,0
BKN,1,CAZ,88,0,4,1,9 Luwawu-Cabarrot,8:14,8,1/1,100%,2/4,50%,0/1,0%,1,1,2,2,2,1,1,0,0,2,0,-7,7
BKN,1,CAZ,88,0,4,1,10 M. Spagnolo,3:52,2,0/1,0%,0/0,0%,2/2,100%,0,0,0,0,0,0,0,0,0,0,1,-4,2
BKN,1,CAZ,88,0,4,1,11 T. Forrest,5:17,0,0/0,0%,0/0,0%,0/0,0%,0,0,0,2,0,0,0,0,0,0,0,-4,2
BKN,1,CAZ,88,0,4,,18 K. Diop,1:22,0,0/0,0%,0/0,0%,0/0,0%,0,0,0,0,0,0,0,0,0,2,0,-1,-2
BKN,1,CAZ,88,0,4,,25 C. Frisch,0:00,0,0/0,0%,0/0,0%,0/0,0%,0,0,0,0,0,0,0,0,0,0,0,0,0
BKN,1,CAZ,88,0,4,,77 S. Joksimovic,4:39,1,0/1,0%,0/0,0%,1/2,50%,1,0,1,0,0,0,0,0,0,1,1,3,0
BKN,1,CAZ,88,0,4,1,99 L. Samanic,7:33,7,1/1,100%,1/2,50%,2/2,100%,0,0,0,1,0,1,0,0,0,0,1,-5,9
BKN,1,CAZ,88,0,4,,Equipo,,0,0/0,0%,0/0,0%,0/0,0%,0,0,0,0,1,0,0,0,0,0,0,0,
UCM,1,MBA,95,1,1,,0 D. Cacok,4:07,2,1/3,33%,0/0,0%,0/0,0%,1,1,2,0,0,0,0,0,0,0,1,3,3
UCM,1,MBA,95,1,1,,1 M. Forrest,5:51,0,0/1,0%,0/1,0%,0/0,0%,1,2,3,1,1,0,0,1,0,0,1,8,1
UCM,1,MBA,95,1,1,1,2 S. Raieste,5:53,4,0/0,0%,1/1,100%,1/2,50%,1,0,1,0,0,0,0,0,0,1,1,1,4
UCM,1,MBA,95,1,1,1,5 D. DeJulius,4:09,3,0/1,0%,1/2,50%,0/0,0%,0,1,1,1,1,0,0,0,0,0,0,-4,2
UCM,1,MBA,95,1,1,,8 H. Sant-Roos,4:07,3,0/1,0%,1/2,50%,0/0,0%,0,1,1,1,0,0,0,0,0,0,0,3,3
UCM,1,MBA,95,1,1,,12 J. Radebaugh,2:39,0,0/0,0%,0/0,0%,0/0,0%,0,0,0,0,0,0,0,0,0,0,0,2,0
UCM,1,MBA,95,1,1,,13 W. Falk,2:39,0,0/1,0%,0/0,0%,0/0,0%,1,0,1,0,0,0,0,0,0,1,0,2,-1
UCM,1,MBA,95,1,1,1,15 E. Cate,5:53,0,0/0,0%,0/0,0%,0/0,0%,1,1,2,0,1,0,0,0,0,0,0,1,1
UCM,1,MBA,95,1,1,,21 M. Diagné,0:00,0,0/0,0%,0/0,0%,0/0,0%,0,0,0,0,0,0,0,0,0,0,0,0,0
UCM,1,MBA,95,1,1,,24 Z. Hicks,0:00,0,0/0,0%,0/0,0%,0/0,0%,0,0,0,0,0,0,0,0,0,0,0,0,0
UCM,1,MBA,95,1,1,1,31 D. Ennis,7:21,4,2/5,40%,0/2,0%,0/0,0%,1,2,3,1,0,1,0,1,1,0,0,2,3
UCM,1,MBA,95,1,1,1,99 T. Nakic,7:21,0,0/0,0%,0/0,0%,0/0,0%,0,0,0,2,0,0,0,0,0,0,1,2,3
UCM,1,MBA,95,1,1,,Equipo,,0,0/0,0%,0/0,0%,0/0,0%,1,1,2,0,0,0,0,0,0,0,0,0,2
UCM,1,MBA,95,1,2,,0 D. Cacok,3:56,0,0/0,0%,0/0,0%,0/0,0%,0,3,3,1,0,0,0,0,0,1,0,8,3
UCM,1,MBA,95,1,2,,1 M. Forrest,5:03,9,0/0,0%,3/4,75%,0/0,0%,0,0,0,2,1,0,0,0,0,1,0,6,8
UCM,1,MBA,95,1,2,1,2 S. Raieste,6:51,4,2/3,67%,0/0,0%,0/0,0%,1,2,3,1,1,0,0,0,2,1,0,7,5
UCM,1,MBA,95,1,2,1,5 D. DeJulius,4:57,3,0/0,0%,1/1,100%,0/0,0%,0,0,0,2,0,0,0,0,0,1,0,9,4
UCM,1,MBA,95,1,2,,8 H. Sant-Roos,3:09,2,0/0,0%,0/0,0%,2/2,100%,0,1,1,0,0,0,0,0,0,1,1,8,3
UCM,1,MBA,95,1,2,,12 J. Radebaugh,4:34,5,1/1,100%,0/0,0%,3/3,100%,0,0,0,1,1,1,0,0,0,0,1,6,7
UCM,1,MBA,95,1,2,,13 W. Falk,4:34,2,1/1,100%,0/0,0%,0/0,0%,0,0,0,0,0,0,0,0,1,0,0,6,2
UCM,1,MBA,95,1,2,1,15 E. Cate,6:04,2,1/1,100%,0/0,0%,0/0,0%,0,0,0,2,0,0,0,0,0,2,0,7,2
UCM,1,MBA,95,1,2,,21 M. Diagné,0:00,0,0/0,0%,0/0,0%,0/0,0%,0,0,0,0,0,0,0,0,0,0,0,0,0
UCM,1,MBA,95,1,2,,24 Z. Hicks,0:00,0,0/0,0%,0/0,0%,0/0,0%,0,0,0,0,0,0,0,0,0,0,0,0,0
UCM,1,MBA,95,1,2,1,31 D. Ennis,5:26,0,0/0,0%,0/1,0%,0/0,0%,0,0,0,1,0,0,0,0,0,0,0,9,0
UCM,1,MBA,95,1,2,1,99 T. Nakic,5:26,5,0/0,0%,1/2,50%,2/2,100%,1,1,2,1,0,0,0,0,0,0,1,9,8
UCM,1,MBA,95,1,2,,Equipo,,0,0/0,0%,0/0,0%,0/0,0%,0,1,1,0,0,0,0,0,0,0,0,0,
UCM,1,MBA,95,1,3,,0 D. Cacok,4:35,4,2/2,100%,0/0,0%,0/0,0%,1,0,1,0,1,2,0,0,2,2,0,-3,4
UCM,1,MBA,95,1,3,,1 M. Forrest,4:35,0,0/0,0%,0/2,0%,0/0,0%,0,0,0,2,2,0,0,0,0,0,0,-3,-2
UCM,1,MBA,95,1,3,1,2 S. Raieste,2:25,4,2/2,100%,0/2,0%,0/0,0%,0,1,1,0,0,0,0,0,2,1,0,5,2
UCM,1,MBA,95,1,3,1,5 D. DeJulius,5:25,0,0/0,0%,0/0,0%,0/0,0%,0,1,1,2,0,0,0,0,0,0,0,14,3
UCM,1,MBA,95,1,3,,8 H. Sant-Roos,7:35,0,0/0,0%,0/1,0%,0/0,0%,0,1,1,1,1,0,0,0,0,1,0,6,-1
UCM,1,MBA,95,1,3,,12 J. Radebaugh,4:35,6,0/0,0%,2/2,100%,0/0,0%,1,0,1,0,0,0,0,0,0,0,1,-3,8
UCM,1,MBA,95,1,3,,13 W. Falk,3:19,0,0/0,0%,0/0,0%,0/0,0%,0,0,0,0,0,0,0,0,0,1,0,-3,-1
UCM,1,MBA,95,1,3,1,15 E. Cate,5:25,0,0/0,0%,0/0,0%,0/0,0%,0,2,2,1,0,0,0,0,0,0,1,14,4
UCM,1,MBA,95,1,3,,21 M. Diagné,0:00,0,0/0,0%,0/0,0%,0/0,0%,0,0,0,0,0,0,0,0,0,0,0,0,0
UCM,1,MBA,95,1,3,,24 Z. Hicks,0:00,0,0/0,0%,0/0,0%,0/0,0%,0,0,0,0,0,0,0,0,0,0,0,0,0
UCM,1,MBA,95,1,3,1,31 D. Ennis,5:25,8,1/1,100%,2/2,100%,0/0,0%,0,1,1,1,1,1,0,0,0,0,0,14,10
UCM,1,MBA,95,1,3,1,99 T. Nakic,6:41,7,0/1,0%,1/2,50%,4/4,100%,1,0,1,0,0,0,0,0,0,2,2,14,6
UCM,1,MBA,95,1,3,,Equipo,,0,0/0,0%,0/0,0%,0/0,0%,0,0,0,0,0,0,0,0,0,0,0,0,
UCM,1,MBA,95,1,4,,0 D. Cacok,4:03,2,0/1,0%,0/0,0%,2/2,100%,1,1,2,0,0,0,0,0,0,0,1,0,4
UCM,1,MBA,95,1,4,,1 M. Forrest,4:20,2,1/1,100%,0/0,0%,0/0,0%,0,1,1,1,0,0,0,0,0,0,1,-1,5
UCM,1,MBA,95,1,4,1,2 S. Raieste,7:40,5,1/1,100%,1/1,100%,0/0,0%,0,2,2,1,0,1,0,0,1,0,0,1,9
UCM,1,MBA,95,1,4,1,5 D. DeJulius,5:40,0,0/1,0%,0/1,0%,0/0,0%,0,0,0,0,0,0,0,0,0,2,0,2,-4
UCM,1,MBA,95,1,4,,8 H. Sant-Roos,0:00,0,0/0,0%,0/0,0%,0/0,0%,0,0,0,0,0,0,0,0,0,0,0,0,0
UCM,1,MBA,95,1,4,,12 J. Radebaugh,4:29,0,0/0,0%,0/1,0%,0/0,0%,0,1,1,1,1,0,0,0,0,1,0,0,-1
UCM,1,MBA,95,1,4,,13 W. Falk,8:00,3,1/2,50%,0/1,0%,1/1,100%,1,0,1,0,1,1,0,0,0,1,1,2,2
UCM,1,MBA,95,1,4,1,15 E. Cate,0:00,0,0/0,0%,0/0,0%,0/0,0%,0,0,0,0,0,0,0,0,0,0,0,0,0
UCM,1,MBA,95,1,4,,21 M. Diagné,5:57,4,2/3,67%,0/0,0%,0/0,0%,0,0,0,0,0,0,0,0,1,1,0,1,2
UCM,1,MBA,95,1,4,,24 Z. Hicks,4:20,0,0/0,0%,0/1,0%,0/0,0%,0,0,0,0,1,0,0,0,0,1,0,-1,-3
UCM,1,MBA,95,1,4,1,31 D. Ennis,5:31,2,0/0,0%,0/1,0%,2/2,100%,0,0,0,3,0,2,0,0,0,0,1,1,7
UCM,1,MBA,95,1,4,1,99 T. Nakic,0:00,0,0/0,0%,0/0,0%,0/0,0%,0,0,0,0,0,0,0,0,0,0,0,0,0
UCM,1,MBA,95,1,4,,Equipo,,0,0/0,0%,0/0,0%,0/0,0%,1,0,1,0,1,0,0,0,0,0,0,0,
MBA,1,UCM,64,0,1,1,0 S. Evans,7:21,2,1/2,50%,0/1,0%,0/0,0%,0,1,1,3,0,0,0,0,0,0,0,-2,4
MBA,1,UCM,64,0,1,,00 M. Udeze,4:07,4,2/3,67%,0/0,0%,0/0,0%,0,0,0,0,0,0,0,0,1,1,0,-3,2
MBA,1,UCM,64,0,1,,3 A. Best,4:07,0,0/0,0%,0/2,0%,0/0,0%,0,2,2,0,0,0,0,0,0,0,1,-3,1
MBA,1,UCM,64,0,1,1,5 R. Luz,4:23,0,0/0,0%,0/0,0%,0/0,0%,0,0,0,0,0,0,0,0,0,1,0,4,-1
MBA,1,UCM,64,0,1,,8 A. Ganal,0:00,0,0/0,0%,0/0,0%,0/0,0%,0,0,0,0,0,0,0,0,0,0,0,0,0
MBA,1,UCM,64,0,1,,13 C. Ortega,5:51,0,0/0,0%,0/1,0%,0/0,0%,0,0,0,0,0,1,0,0,0,1,0,-8,-1
MBA,1,UCM,64,0,1,,20 F. Bassas,2:25,0,0/0,0%,0/0,0%,0/0,0%,0,0,0,0,0,0,0,0,0,0,0,-2,0
MBA,1,UCM,64,0,1,,22 J. McKoy,2:39,0,0/0,0%,0/0,0%,0/0,0%,0,0,0,0,0,0,0,0,0,0,0,-2,0
MBA,1,UCM,64,0,1,1,24 K. Kuric,5:53,4,2/4,50%,0/1,0%,0/0,0%,1,0,1,0,0,0,1,0,0,0,1,-1,4
MBA,1,UCM,64,0,1,,32 R. Guerrero,0:00,0,0/0,0%,0/0,0%,0/0,0%,0,0,0,0,0,0,0,0,0,0,0,0,0
MBA,1,UCM,64,0,1,1,35 Y. Pons,7:21,0,0/0,0%,0/1,0%,0/0,0%,1,0,1,0,0,1,0,0,0,0,0,-2,1
MBA,1,UCM,64,0,1,1,99 A. Pustovyi,5:53,2,1/3,33%,0/0,0%,0/0,0%,0,2,2,0,1,0,1,0,0,1,0,-1,1
MBA,1,UCM,64,0,1,,Equipo,,0,0/0,0%,0/0,0%,0/0,0%,0,1,1,0,0,0,0,0,0,0,0,0,1
MBA,1,UCM,64,0,2,,00 M. Udeze,6:03,3,1/2,50%,0/0,0%,1/2,50%,1,0,1,0,0,0,0,0,0,0,1,-8,3
MBA,1,UCM,64,0,2,1,0 S. Evans,7:13,6,2/3,67%,0/1,0%,2/2,100%,0,0,0,1,1,1,0,0,0,0,2,-9,7
MBA,1,UCM,64,0,2,,3 A. Best,3:09,3,0/0,0%,1/1,100%,0/0,0%,1,0,1,0,0,0,0,0,0,2,0,-5,2
MBA,1,UCM,64,0,2,1,5 R. Luz,7:53,2,1/3,33%,0/0,0%,0/0,0%,0,0,0,1,0,0,0,0,0,0,0,-9,1
MBA,1,UCM,64,0,2,,8 A. Ganal,0:00,0,0/0,0%,0/0,0%,0/0,0%,0,0,0,0,0,0,0,0,0,0,0,0,0
MBA,1,UCM,64,0,2,,13 C. Ortega,2:47,0,0/0,0%,0/0,0%,0/0,0%,0,0,0,1,0,0,0,0,0,0,0,-6,1
MBA,1,UCM,64,0,2,,20 F. Bassas,2:07,0,0/1,0%,0/0,0%,0/0,0%,0,0,0,0,1,0,0,0,0,0,1,-6,-1
MBA,1,UCM,64,0,2,,22 J. McKoy,4:34,0,0/1,0%,0/1,0%,0/0,0%,0,0,0,0,0,0,0,0,0,0,0,-6,-2
MBA,1,UCM,64,0,2,1,24 K. Kuric,6:51,2,0/2,0%,0/1,0%,2/2,100%,0,0,0,0,0,1,0,0,0,1,1,-10,0
MBA,1,UCM,64,0,2,,32 R. Guerrero,0:00,0,0/0,0%,0/0,0%,0/0,0%,0,0,0,0,0,0,0,0,0,0,0,0,0
MBA,1,UCM,64,0,2,1,35 Y. Pons,5:26,0,0/0,0%,0/0,0%,0/0,0%,1,0,1,0,0,0,0,0,0,0,0,-9,1
MBA,1,UCM,64,0,2,1,99 A. Pustovyi,3:57,1,0/0,0%,0/0,0%,1/4,25%,0,1,1,0,0,0,0,0,0,0,2,-7,1
MBA,1,UCM,64,0,2,,Equipo,,0,0/0,0%,0/0,0%,0/0,0%,1,0,1,0,0,0,0,0,0,0,0,0,1
MBA,1,UCM,64,0,3,1,0 S. Evans,5:44,0,0/3,0%,0/1,0%,0/0,0%,0,0,0,2,0,0,0,0,0,0,0,-4,-2
MBA,1,UCM,64,0,3,,00 M. Udeze,4:02,2,1/1,100%,0/0,0%,0/0,0%,0,0,0,0,0,0,0,0,0,0,1,-12,3
MBA,1,UCM,64,0,3,,3 A. Best,4:35,3,0/0,0%,1/1,100%,0/0,0%,0,0,0,0,0,0,0,0,0,0,0,3,3
MBA,1,UCM,64,0,3,1,5 R. Luz,4:16,0,0/0,0%,0/0,0%,0/0,0%,1,0,1,1,1,0,0,0,0,0,0,-7,1
MBA,1,UCM,64,0,3,,8 A. Ganal,0:00,0,0/0,0%,0/0,0%,0/0,0%,0,0,0,0,0,0,0,0,0,0,0,0,0
MBA,1,UCM,64,0,3,,13 C. Ortega,6:41,2,0/0,0%,0/0,0%,2/2,100%,0,1,1,0,1,0,0,0,0,0,2,-12,4
MBA,1,UCM,64,0,3,,20 F. Bassas,3:19,4,1/1,100%,0/0,0%,2/2,100%,0,0,0,1,1,0,0,0,0,0,1,1,5
MBA,1,UCM,64,0,3,,22 J. McKoy,5:47,4,0/1,0%,0/1,0%,4/4,100%,0,0,0,0,2,1,0,0,0,4,2,-7,-1
MBA,1,UCM,64,0,3,1,24 K. Kuric,5:25,3,0/1,0%,1/1,100%,0/0,0%,0,0,0,0,0,0,0,0,0,0,1,-14,3
MBA,1,UCM,64,0,3,,32 R. Guerrero,5:58,0,0/0,0%,0/0,0%,0/0,0%,0,0,0,1,0,0,0,0,0,0,0,1,1
MBA,1,UCM,64,0,3,1,35 Y. Pons,4:13,0,0/0,0%,0/0,0%,0/0,0%,0,0,0,0,0,0,0,0,0,0,0,-4,0
MBA,1,UCM,64,0,3,1,99 A. Pustovyi,0:00,0,0/0,0%,0/0,0%,0/0,0%,0,0,0,0,0,0,0,0,0,0,0,0,0
MBA,1,UCM,64,0,3,,Equipo,,0,0/0,0%,0/0,0%,0/0,0%,0,2,2,0,0,0,0,0,0,0,0,0,
MBA,1,UCM,64,0,4,1,0 S. Evans,2:31,0,0/1,0%,0/0,0%,0/0,0%,0,0,0,0,1,1,0,0,0,0,0,-3,-1
MBA,1,UCM,64,0,4,,00 M. Udeze,5:57,6,2/2,100%,0/0,0%,2/4,50%,0,2,2,0,1,0,0,0,0,1,2,-1,6
MBA,1,UCM,64,0,4,,3 A. Best,10:00,3,0/1,0%,1/2,50%,0/0,0%,0,0,0,0,0,0,0,0,0,0,0,-1,1
MBA,1,UCM,64,0,4,1,5 R. Luz,0:00,0,0/0,0%,0/0,0%,0/0,0%,0,0,0,0,0,0,0,0,0,0,0,0,0
MBA,1,UCM,64,0,4,,8 A. Ganal,1:51,0,0/0,0%,0/1,0%,0/0,0%,0,0,0,0,0,0,0,0,0,0,0,-2,-1
MBA,1,UCM,64,0,4,,13 C. Ortega,0:00,0,0/0,0%,0/0,0%,0/0,0%,0,0,0,0,0,0,0,0,0,0,0,0,0
MBA,1,UCM,64,0,4,,20 F. Bassas,10:00,0,0/0,0%,0/2,0%,0/0,0%,1,3,4,3,1,0,0,0,0,1,1,-1,4
MBA,1,UCM,64,0,4,,22 J. McKoy,3:30,2,1/2,50%,0/0,0%,0/0,0%,0,0,0,1,0,0,0,0,0,1,0,4,1
MBA,1,UCM,64,0,4,1,24 K. Kuric,5:38,4,0/0,0%,1/1,100%,1/1,100%,0,1,1,1,1,0,0,0,0,0,2,4,7
MBA,1,UCM,64,0,4,,32 R. Guerrero,4:03,2,1/2,50%,0/0,0%,0/0,0%,3,0,3,0,0,0,0,0,0,1,0,0,3
MBA,1,UCM,64,0,4,1,35 Y. Pons,6:30,0,0/0,0%,0/1,0%,0/0,0%,0,0,0,0,1,0,0,0,0,0,0,-5,-2
MBA,1,UCM,64,0,4,1,99 A. Pustovyi,0:00,0,0/0,0%,0/0,0%,0/0,0%,0,0,0,0,0,0,0,0,0,0,0,0,0
MBA,1,UCM,64,0,4,,Equipo,,0,0/0,0%,0/0,0%,0/0,0%,0,0,0,0,0,0,0,0,0,0,0,0,
VBC,1,BAR,93,1,1,,0 B. Badio,3:58,3,0/0,0%,1/2,50%,0/0,0%,0,0,0,0,0,0,1,0,0,1,0,8,2
VBC,1,BAR,93,1,1,1,1 K. Taylor,6:02:00,0,0/0,0%,0/0,0%,0/0,0%,0,3,3,3,0,0,0,0,0,0,0,7,6
VBC,1,BAR,93,1,1,,2 J. Puerto,3:58,5,1/1,100%,1/1,100%,0/0,0%,0,0,0,1,0,0,0,0,0,1,0,2,5
VBC,1,BAR,93,1,1,1,3 N. Reuvers,5:09,5,0/0,0%,1/1,100%,2/2,100%,0,1,1,0,0,0,0,0,0,1,1,2,6
VBC,1,BAR,93,1,1,1,4 J. Pradilla,7:13,5,2/2,100%,0/2,0%,1/2,50%,0,1,1,1,0,0,0,0,0,0,1,4,5
VBC,1,BAR,93,1,1,1,5 S. de Larrea,7:13,2,0/2,0%,0/0,0%,2/2,100%,0,1,1,2,1,0,0,0,0,0,2,4,4
VBC,1,BAR,93,1,1,1,10 O. Moore,6:02,2,1/1,100%,0/0,0%,0/0,0%,0,0,0,0,1,0,0,0,0,0,0,1,1
VBC,1,BAR,93,1,1,,12 N. Sako,4:46,2,1/1,100%,0/0,0%,0/0,0%,0,0,0,1,0,1,0,0,0,1,0,7,3
VBC,1,BAR,93,1,1,,13 D. Thompson,2:47,0,0/0,0%,0/0,0%,0/0,0%,0,0,0,1,0,1,0,0,0,0,0,5,2
VBC,1,BAR,93,1,1,,18 I. Iroegbu,0:00,0,0/0,0%,0/0,0%,0/0,0%,0,0,0,0,0,0,0,0,0,0,0,0,0
VBC,1,BAR,93,1,1,,24 M. Costello,2:52,0,0/0,0%,0/0,0%,0/0,0%,0,2,2,0,0,0,0,0,0,0,0,5,2
VBC,1,BAR,93,1,1,,32 I. Nogués,0:00,0,0/0,0%,0/0,0%,0/0,0%,0,0,0,0,0,0,0,0,0,0,0,0,0
VBC,1,BAR,93,1,1,,Equipo,,0,0/0,0%,0/0,0%,0/0,0%,0,1,1,0,0,0,0,0,0,0,0,0,
VBC,1,BAR,93,1,2,,0 B. Badio,2:43,0,0/0,0%,0/2,0%,0/0,0%,1,0,1,2,1,0,0,0,0,0,0,3,0
VBC,1,BAR,93,1,2,1,1 K. Taylor,4:44,3,0/0,0%,1/1,100%,0/0,0%,0,0,0,2,0,0,0,0,0,0,0,5,5
VBC,1,BAR,93,1,2,,2 J. Puerto,5:16,0,0/1,0%,0/1,0%,0/0,0%,0,0,0,0,1,0,0,0,0,0,0,-1,-3
VBC,1,BAR,93,1,2,1,3 N. Reuvers,2:43,2,1/1,100%,0/0,0%,0/0,0%,0,0,0,0,0,0,0,0,1,1,0,2,1
VBC,1,BAR,93,1,2,1,4 J. Pradilla,4:09,3,1/1,100%,0/0,0%,1/2,50%,1,1,2,0,1,0,0,0,0,0,1,3,4
VBC,1,BAR,93,1,2,1,5 S. de Larrea,6:07,0,0/1,0%,0/0,0%,0/0,0%,0,0,0,1,1,0,0,0,0,0,1,8,0
VBC,1,BAR,93,1,2,1,10 O. Moore,4:34,2,1/1,100%,0/0,0%,0/0,0%,1,3,4,1,1,0,0,0,0,0,0,-1,6
VBC,1,BAR,93,1,2,,12 N. Sako,3:31,2,1/1,100%,0/0,0%,0/0,0%,0,0,0,0,0,1,0,0,0,0,0,8,3
VBC,1,BAR,93,1,2,,13 D. Thompson,3:53,2,1/2,50%,0/0,0%,0/0,0%,1,0,1,0,0,0,1,0,0,1,1,-4,3
VBC,1,BAR,93,1,2,,18 I. Iroegbu,0:00,0,0/0,0%,0/0,0%,0/0,0%,0,0,0,0,0,0,0,0,0,0,0,0,0
VBC,1,BAR,93,1,2,,24 M. Costello,7:18,6,0/0,0%,2/3,67%,0/0,0%,0,1,1,0,0,0,0,0,0,0,0,1,6
VBC,1,BAR,93,1,2,,32 I. Nogués,5:02,2,0/1,0%,0/0,0%,2/2,100%,0,1,1,0,0,1,0,0,0,1,1,-4,3
VBC,1,BAR,93,1,2,,Equipo,,0,0/0,0%,0/0,0%,0/0,0%,0,0,0,0,0,0,0,0,0,0,0,0,
VBC,1,BAR,93,1,3,,0 B. Badio,4:14,1,0/1,0%,0/0,0%,1/2,50%,0,0,0,0,1,0,0,0,0,0,2,-4,0
VBC,1,BAR,93,1,3,1,1 K. Taylor,5:46,4,1/1,100%,0/1,0%,2/2,100%,0,1,1,0,1,0,0,0,0,1,1,2,3
VBC,1,BAR,93,1,3,,2 J. Puerto,4:14,3,0/0,0%,1/3,33%,0/0,0%,0,0,0,0,0,0,0,0,0,1,0,-4,0
VBC,1,BAR,93,1,3,1,3 N. Reuvers,5:21,0,0/0,0%,0/0,0%,0/0,0%,0,0,0,0,0,0,0,0,0,1,1,-2,0
VBC,1,BAR,93,1,3,1,4 J. Pradilla,4:20,0,0/0,0%,0/0,0%,0/0,0%,0,0,0,1,0,0,0,0,0,0,0,4,1
VBC,1,BAR,93,1,3,1,5 S. de Larrea,5:06,0,0/0,0%,0/0,0%,0/0,0%,0,0,0,3,1,0,0,0,0,1,0,-5,1
VBC,1,BAR,93,1,3,1,10 O. Moore,5:46,5,1/1,100%,0/0,0%,3/4,75%,0,1,1,0,1,0,0,0,0,0,2,2,6
VBC,1,BAR,93,1,3,,12 N. Sako,4:39,4,2/3,67%,0/0,0%,0/0,0%,0,1,1,1,0,0,0,1,1,0,0,0,4
VBC,1,BAR,93,1,3,,13 D. Thompson,4:31,3,0/0,0%,1/1,100%,0/0,0%,0,2,2,1,0,0,0,0,0,2,0,3,4
VBC,1,BAR,93,1,3,,18 I. Iroegbu,0:00,0,0/0,0%,0/0,0%,0/0,0%,0,0,0,0,0,0,0,0,0,0,0,0,0
VBC,1,BAR,93,1,3,,24 M. Costello,5:40,3,0/0,0%,1/1,100%,0/0,0%,1,1,2,0,0,0,0,0,0,0,0,-6,5
VBC,1,BAR,93,1,3,,32 I. Nogués,0:23,0,0/0,0%,0/0,0%,0/0,0%,0,0,0,0,0,0,0,0,0,0,0,0,0
VBC,1,BAR,93,1,3,,Equipo,,0,0/0,0%,0/0,0%,0/0,0%,0,0,0,0,0,0,0,0,0,0,0,0,
VBC,1,BAR,93,1,4,,0 B. Badio,2:33,0,0/1,0%,0/0,0%,0/0,0%,0,0,0,0,1,0,0,0,0,0,0,-1,-2
VBC,1,BAR,93,1,4,1,1 K. Taylor,7:28,4,0/4,0%,1/1,100%,1/1,100%,0,0,0,0,0,0,0,0,0,0,0,-5,0
VBC,1,BAR,93,1,4,,2 J. Puerto,4:20,0,0/0,0%,0/0,0%,0/0,0%,0,0,0,0,0,0,0,0,0,1,0,5,-1
VBC,1,BAR,93,1,4,1,3 N. Reuvers,5:16,4,1/1,100%,0/1,0%,2/2,100%,0,0,0,0,0,0,0,1,0,1,1,1,2
VBC,1,BAR,93,1,4,1,4 J. Pradilla,5:31,0,0/0,0%,0/0,0%,0/0,0%,0,1,1,1,0,1,0,0,0,0,1,4,4
VBC,1,BAR,93,1,4,1,5 S. de Larrea,1:08,0,0/1,0%,0/0,0%,0/0,0%,0,0,0,0,0,0,0,0,0,0,0,0,-1
VBC,1,BAR,93,1,4,1,10 O. Moore,5:51,0,0/0,0%,0/1,0%,0/0,0%,0,1,1,0,1,0,0,0,0,0,0,3,-1
VBC,1,BAR,93,1,4,,12 N. Sako,4:44,5,1/1,100%,0/0,0%,3/4,75%,2,1,3,0,0,0,0,0,1,1,2,0,8
VBC,1,BAR,93,1,4,,13 D. Thompson,6:44,11,1/2,50%,2/2,100%,3/3,100%,1,1,2,2,0,0,0,0,0,0,2,5,16
VBC,1,BAR,93,1,4,,18 I. Iroegbu,0:00,0,0/0,0%,0/0,0%,0/0,0%,0,0,0,0,0,0,0,0,0,0,0,0,0
VBC,1,BAR,93,1,4,,24 M. Costello,4:29,0,0/0,0%,0/1,0%,0/0,0%,0,1,1,0,0,1,0,0,0,1,0,-3,0
VBC,1,BAR,93,1,4,,32 I. Nogués,1:56,0,0/0,0%,0/0,0%,0/0,0%,0,0,0,0,0,0,0,0,0,2,0,-4,-2
VBC,1,BAR,93,1,4,,Equipo,,0,0/0,0%,0/0,0%,0/0,0%,0,1,1,0,0,0,0,0,0,0,0,0,
BAR,1,VBC,81,0,1,1,0 K. Punter,5:46,3,0/2,0%,1/1,100%,0/0,0%,1,1,2,0,0,0,0,0,0,0,0,-4,3
BAR,1,VBC,81,0,1,1,2 J. Marcos,7:05,0,0/1,0%,0/2,0%,0/0,0%,0,1,1,0,0,0,0,0,0,1,0,-8,-3
BAR,1,VBC,81,0,1,1,3 M. Cale,7:53,5,1/1,100%,1/3,33%,0/0,0%,1,1,2,0,0,0,0,0,0,1,0,-9,4
BAR,1,VBC,81,0,1,,6 J. Vesely,0:00,0,0/0,0%,0/0,0%,0/0,0%,0,0,0,0,0,0,0,0,0,0,0,0,0
BAR,1,VBC,81,0,1,,8 D. Brizuela,4:14,0,0/1,0%,0/2,0%,0/0,0%,0,0,0,0,0,0,0,0,0,1,0,-5,-4
BAR,1,VBC,81,0,1,,13 T. Satoransky,2:55,0,0/0,0%,0/0,0%,0/0,0%,0,0,0,0,0,0,0,0,0,0,0,-1,0
BAR,1,VBC,81,0,1,1,14 W. Hernangómez,3:07,2,1/1,100%,0/0,0%,0/0,0%,0,0,0,0,0,0,0,0,0,0,1,-2,3
BAR,1,VBC,81,0,1,,19 Y. Fall,6:53,3,1/4,25%,0/0,0%,1/1,100%,3,0,3,0,1,0,0,1,0,0,2,-7,3
BAR,1,VBC,81,0,1,,21 W. Clyburn,2:07,0,0/0,0%,0/0,0%,0/0,0%,0,0,0,0,0,0,0,0,0,0,0,0,0
BAR,1,VBC,81,0,1,1,23 T. Shengelia,5:46,0,0/0,0%,0/2,0%,0/0,0%,1,0,1,3,1,0,0,0,0,0,0,-4,1
BAR,1,VBC,81,0,1,,43 N. Kusturica,0:00,0,0/0,0%,0/0,0%,0/0,0%,0,0,0,0,0,0,0,0,0,0,0,0,0
BAR,1,VBC,81,0,1,,44 J. Parra,4:14,2,1/2,50%,0/1,0%,0/0,0%,0,1,1,0,0,0,0,0,0,1,1,-5,1
BAR,1,VBC,81,0,1,,Equipo,,0,0/0,0%,0/0,0%,0/0,0%,1,1,2,0,0,0,0,0,0,0,0,0,2
BAR,1,VBC,81,0,2,1,0 K. Punter,7:17,3,0/1,0%,1/1,100%,0/0,0%,0,0,0,1,0,1,0,0,0,1,0,-2,3
BAR,1,VBC,81,0,2,1,2 J. Marcos,3:19,0,0/0,0%,0/1,0%,0/0,0%,0,0,0,0,0,0,0,0,0,1,0,-4,-2
BAR,1,VBC,81,0,2,1,3 M. Cale,3:24,0,0/0,0%,0/0,0%,0/0,0%,0,1,1,0,0,0,0,0,0,0,0,-6,1
BAR,1,VBC,81,0,2,,6 J. Vesely,5:02,0,0/1,0%,0/0,0%,0/0,0%,0,0,0,0,0,2,0,1,0,0,1,4,1
BAR,1,VBC,81,0,2,,8 D. Brizuela,2:43,0,0/1,0%,0/1,0%,0/0,0%,0,0,0,0,1,0,0,0,0,1,0,-2,-4
BAR,1,VBC,81,0,2,,13 T. Satoransky,6:41,2,1/1,100%,0/1,0%,0/0,0%,1,0,1,2,1,0,0,0,0,0,0,0,3
BAR,1,VBC,81,0,2,1,14 W. Hernangómez,3:24,2,1/1,100%,0/0,0%,0/0,0%,1,0,1,0,0,0,0,0,0,0,0,-6,3
BAR,1,VBC,81,0,2,,19 Y. Fall,0:00,0,0/0,0%,0/0,0%,0/0,0%,0,0,0,0,0,0,0,0,0,0,0,0,0
BAR,1,VBC,81,0,2,,21 W. Clyburn,6:36,5,2/2,100%,0/3,0%,1/2,50%,0,2,2,1,1,0,0,0,2,0,2,2,5
BAR,1,VBC,81,0,2,1,23 T. Shengelia,3:31,0,0/0,0%,0/0,0%,0/0,0%,0,0,0,0,2,0,0,0,0,1,0,-8,-3
BAR,1,VBC,81,0,2,,43 N. Kusturica,0:00,0,0/0,0%,0/0,0%,0/0,0%,0,0,0,0,0,0,0,0,0,0,0,0,0
BAR,1,VBC,81,0,2,,44 J. Parra,8:03,6,0/0,0%,2/3,67%,0/0,0%,1,0,1,1,0,0,0,0,0,0,0,2,7
BAR,1,VBC,81,0,2,,Equipo,,0,0/0,0%,0/0,0%,0/0,0%,0,1,1,0,0,0,0,0,0,0,0,0,
BAR,1,VBC,81,0,3,1,0 K. Punter,4:24,0,0/0,0%,0/1,0%,0/0,0%,0,0,0,0,1,0,0,0,0,2,0,0,-4
BAR,1,VBC,81,0,3,1,2 J. Marcos,4:20,0,0/0,0%,0/0,0%,0/0,0%,0,0,0,1,0,0,0,0,0,0,0,2,1
BAR,1,VBC,81,0,3,1,3 M. Cale,5:36,0,0/0,0%,0/0,0%,0/0,0%,0,1,1,0,0,0,0,0,0,0,0,2,1
BAR,1,VBC,81,0,3,,6 J. Vesely,5:12,0,0/1,0%,0/0,0%,0/0,0%,1,0,1,1,0,0,1,0,0,0,1,3,3
BAR,1,VBC,81,0,3,,8 D. Brizuela,2:11,2,1/1,100%,0/1,0%,0/0,0%,0,0,0,0,0,0,0,0,0,1,0,-1,0
BAR,1,VBC,81,0,3,,13 T. Satoransky,5:40,2,1/1,100%,0/1,0%,0/0,0%,0,1,1,2,0,1,0,0,0,2,1,0,4
BAR,1,VBC,81,0,3,1,14 W. Hernangómez,4:48,5,1/2,50%,0/0,0%,3/4,75%,1,1,2,0,0,0,0,0,0,0,2,-1,7
BAR,1,VBC,81,0,3,,19 Y. Fall,0:00,0,0/0,0%,0/0,0%,0/0,0%,0,0,0,0,0,0,0,0,0,0,0,0,0
BAR,1,VBC,81,0,3,,21 W. Clyburn,7:49,9,3/3,100%,1/2,50%,0/2,0%,2,1,3,0,0,2,0,0,1,1,1,3,11
BAR,1,VBC,81,0,3,1,23 T. Shengelia,5:40,5,1/2,50%,1/2,50%,0/0,0%,1,1,2,1,0,0,0,0,1,0,1,0,7
BAR,1,VBC,81,0,3,,43 N. Kusturica,0:00,0,0/0,0%,0/0,0%,0/0,0%,0,0,0,0,0,0,0,0,0,0,0,0,0
BAR,1,VBC,81,0,3,,44 J. Parra,4:20,2,1/1,100%,0/2,0%,0/0,0%,0,0,0,0,0,0,1,0,0,0,0,2,1
BAR,1,VBC,81,0,3,,Equipo,,0,0/0,0%,0/0,0%,0/0,0%,0,0,0,0,0,0,0,0,0,0,0,0,
BAR,1,VBC,81,0,4,1,0 K. Punter,4:30,2,1/2,50%,0/1,0%,0/0,0%,0,0,0,0,0,0,0,0,0,0,2,-6,2
BAR,1,VBC,81,0,4,1,2 J. Marcos,1:58,3,0/0,0%,1/1,100%,0/0,0%,0,0,0,0,0,0,0,0,0,2,0,0,1
BAR,1,VBC,81,0,4,1,3 M. Cale,2:27,0,0/0,0%,0/0,0%,0/0,0%,0,0,0,0,0,0,0,0,0,0,0,-4,0
BAR,1,VBC,81,0,4,,6 J. Vesely,3:51,0,0/0,0%,0/0,0%,0/0,0%,0,0,0,0,0,0,0,0,0,0,0,-1,0
BAR,1,VBC,81,0,4,,8 D. Brizuela,5:30,7,2/2,100%,1/3,33%,0/0,0%,0,0,0,1,0,1,0,0,0,1,0,5,6
BAR,1,VBC,81,0,4,,13 T. Satoransky,8:02,2,1/1,100%,0/0,0%,0/0,0%,0,0,0,1,2,0,0,0,0,1,1,-1,1
BAR,1,VBC,81,0,4,1,14 W. Hernangómez,2:27,0,0/0,0%,0/0,0%,0/0,0%,0,0,0,0,0,0,0,0,0,0,0,-4,0
BAR,1,VBC,81,0,4,,19 Y. Fall,0:00,0,0/0,0%,0/0,0%,0/0,0%,0,0,0,0,0,0,0,0,0,0,0,0,0
BAR,1,VBC,81,0,4,,21 W. Clyburn,7:33,2,1/1,100%,0/0,0%,0/0,0%,1,3,4,1,0,0,0,0,0,1,1,3,7
BAR,1,VBC,81,0,4,1,23 T. Shengelia,6:07,5,2/4,50%,0/0,0%,1/1,100%,0,2,2,0,1,1,1,0,0,1,1,5,6
BAR,1,VBC,81,0,4,,43 N. Kusturica,0:00,0,0/0,0%,0/0,0%,0/0,0%,0,0,0,0,0,0,0,0,0,0,0,0,0
BAR,1,VBC,81,0,4,,44 J. Parra,7:35,2,0/1,0%,0/0,0%,2/2,100%,0,1,1,0,0,0,0,0,0,0,1,-2,3
BAR,1,VBC,81,0,4,,Equipo,,0,0/0,0%,0/0,0%,0/0,0%,0,1,1,0,1,0,0,0,0,1,0,0,
GIR,2,UCM,71,1,1,1,4 P. Busquets,5:42,2,1/4,25%,0/0,0%,0/0,0%,2,0,2,0,1,0,0,0,0,0,0,3,0
GIR,2,UCM,71,1,1,,5 D. Needham,3:50,0,0/0,0%,0/1,0%,0/0,0%,0,0,0,0,1,0,0,0,0,0,0,-1,-2
GIR,2,UCM,71,1,1,,7 S. Hollanders,4:18,0,0/0,0%,0/0,0%,0/0,0%,0,0,0,0,0,0,0,0,0,1,0,-1,-1
GIR,2,UCM,71,1,1,1,8 M. Hughes,6:10,5,0/0,0%,1/2,50%,2/2,100%,0,1,1,0,0,0,0,0,0,1,1,3,5
GIR,2,UCM,71,1,1,,9 G. Ferrando,0:00,0,0/0,0%,0/0,0%,0/0,0%,0,0,0,0,0,0,0,0,0,0,0,0,0
GIR,2,UCM,71,1,1,,10 P. Vildoza,3:50,0,0/0,0%,0/1,0%,0/0,0%,0,1,1,1,1,0,0,0,0,0,0,-1,0
GIR,2,UCM,71,1,1,1,11 O. Livingston,6:10,0,0/2,0%,0/1,0%,0/0,0%,1,0,1,1,0,0,0,0,0,0,0,3,-1
GIR,2,UCM,71,1,1,,12 M. Geben,4:18,0,0/0,0%,0/0,0%,0/0,0%,1,2,3,0,0,0,0,0,0,0,0,-1,3
GIR,2,UCM,71,1,1,1,21 J. Fernández,4:58,2,1/2,50%,0/1,0%,0/1,0%,0,2,2,0,1,0,0,0,0,1,1,5,0
GIR,2,UCM,71,1,1,1,23 S. Martínez,5:42,0,0/0,0%,0/1,0%,0/0,0%,1,3,4,2,0,0,0,0,0,0,0,3,5
GIR,2,UCM,71,1,1,,25 N. Maric,0:44,0,0/0,0%,0/0,0%,0/0,0%,0,0,0,0,0,0,0,0,0,0,0,-2,0
GIR,2,UCM,71,1,1,,29 M. Susinskas,4:18,3,0/0,0%,1/1,100%,0/0,0%,0,0,0,0,1,0,0,0,0,0,0,-1,2
GIR,2,UCM,71,1,1,,Equipo,,0,0/0,0%,0/0,0%,0/0,0%,0,1,1,0,0,0,0,0,0,0,0,0,1
GIR,2,UCM,71,1,2,1,4 P. Busquets,5:57,3,0/0,0%,0/1,0%,3/4,75%,0,0,0,0,0,1,0,0,0,0,2,-8,4
GIR,2,UCM,71,1,2,,5 D. Needham,5:19,0,0/0,0%,0/2,0%,0/0,0%,0,0,0,2,2,1,0,0,0,1,0,-3,-2
GIR,2,UCM,71,1,2,,7 S. Hollanders,4:03,5,1/1,100%,1/1,100%,0/0,0%,0,1,1,0,0,0,0,0,0,1,0,0,5
GIR,2,UCM,71,1,2,1,8 M. Hughes,4:38,3,0/2,0%,1/2,50%,0/0,0%,0,0,0,0,1,0,0,0,0,0,0,-4,-1
GIR,2,UCM,71,1,2,,9 G. Ferrando,1:33,0,0/0,0%,0/0,0%,0/0,0%,0,0,0,0,0,0,0,0,0,0,0,1,0
GIR,2,UCM,71,1,2,,10 P. Vildoza,5:22,3,0/0,0%,1/2,50%,0/0,0%,0,0,0,1,0,0,0,0,0,0,1,-4,4
GIR,2,UCM,71,1,2,1,11 O. Livingston,3:08,0,0/0,0%,0/0,0%,0/0,0%,0,1,1,0,0,0,0,0,0,2,0,-6,-1
GIR,2,UCM,71,1,2,,12 M. Geben,4:26,2,1/1,100%,0/1,0%,0/0,0%,0,1,1,1,0,0,0,0,0,0,0,-3,3
GIR,2,UCM,71,1,2,1,21 J. Fernández,2:23,0,0/1,0%,0/0,0%,0/0,0%,0,0,0,0,1,0,0,0,0,1,1,-6,-2
GIR,2,UCM,71,1,2,1,23 S. Martínez,6:19,2,1/2,50%,0/0,0%,0/0,0%,1,0,1,0,0,0,0,0,0,0,0,-4,2
GIR,2,UCM,71,1,2,,25 N. Maric,3:11,0,0/0,0%,0/0,0%,0/0,0%,0,1,1,0,0,0,0,0,0,3,0,1,-2
GIR,2,UCM,71,1,2,,29 M. Susinskas,3:41,0,0/0,0%,0/0,0%,0/0,0%,0,1,1,1,0,0,0,0,0,0,1,-4,3
GIR,2,UCM,71,1,2,,Equipo,,0,0/0,0%,0/0,0%,0/0,0%,1,1,2,0,0,0,0,0,0,0,0,0,
GIR,2,UCM,71,1,3,1,4 P. Busquets,5:33,5,1/1,100%,0/0,0%,3/3,100%,0,1,1,0,0,0,0,0,0,1,3,1,8
GIR,2,UCM,71,1,3,,5 D. Needham,3:51,6,0/1,0%,0/0,0%,6/6,100%,0,0,0,0,0,0,0,0,0,0,3,2,8
GIR,2,UCM,71,1,3,,7 S. Hollanders,4:27,0,0/0,0%,0/1,0%,0/0,0%,1,0,1,0,0,0,0,0,0,0,0,-2,0
GIR,2,UCM,71,1,3,1,8 M. Hughes,6:09,5,1/1,100%,1/2,50%,0/0,0%,0,0,0,0,0,0,0,0,0,0,0,-3,4
GIR,2,UCM,71,1,3,,9 G. Ferrando,2:02,0,0/0,0%,0/1,0%,0/0,0%,0,0,0,0,0,0,0,0,0,0,0,-5,-1
GIR,2,UCM,71,1,3,,10 P. Vildoza,3:51,0,0/0,0%,0/2,0%,0/0,0%,1,0,1,0,0,0,0,0,0,0,0,2,-1
GIR,2,UCM,71,1,3,1,11 O. Livingston,4:07,2,1/1,100%,0/2,0%,0/0,0%,0,0,0,1,1,0,0,0,0,1,1,2,0
GIR,2,UCM,71,1,3,,12 M. Geben,6:05,0,0/1,0%,0/0,0%,0/0,0%,0,5,5,1,0,0,0,0,0,1,0,-1,4
GIR,2,UCM,71,1,3,1,21 J. Fernández,2:47,2,1/1,100%,0/0,0%,0/0,0%,0,0,0,0,0,0,0,0,0,1,0,0,1
GIR,2,UCM,71,1,3,1,23 S. Martínez,4:07,0,0/0,0%,0/0,0%,0/0,0%,0,0,0,0,0,0,0,0,0,1,1,2,0
GIR,2,UCM,71,1,3,,25 N. Maric,1:08,0,0/0,0%,0/0,0%,0/0,0%,1,0,1,0,0,0,0,0,0,1,0,0,0
GIR,2,UCM,71,1,3,,29 M. Susinskas,5:53,2,1/1,100%,0/2,0%,0/0,0%,0,0,0,0,0,0,0,0,0,2,0,-3,-2
GIR,2,UCM,71,1,3,,Equipo,,0,0/0,0%,0/0,0%,0/0,0%,0,0,0,0,1,0,0,0,0,1,0,0,
GIR,2,UCM,71,1,4,1,4 P. Busquets,3:44,0,0/0,0%,0/0,0%,0/0,0%,0,1,1,0,0,0,0,0,0,1,0,-7,0
GIR,2,UCM,71,1,4,,5 D. Needham,2:17,0,0/0,0%,0/0,0%,0/0,0%,0,0,0,1,0,0,0,0,0,0,0,-5,1
GIR,2,UCM,71,1,4,,7 S. Hollanders,3:59,5,2/2,100%,0/2,0%,1/1,100%,1,1,2,0,0,0,0,0,0,0,1,-5,6
GIR,2,UCM,71,1,4,1,8 M. Hughes,8:21,3,0/1,0%,1/2,50%,0/0,0%,0,0,0,0,0,0,0,1,0,1,0,-3,-1
GIR,2,UCM,71,1,4,,9 G. Ferrando,0:00,0,0/0,0%,0/0,0%,0/0,0%,0,0,0,0,0,0,0,0,0,0,0,0,0
GIR,2,UCM,71,1,4,,10 P. Vildoza,3:56,4,1/1,100%,0/1,0%,2/2,100%,0,0,0,0,0,0,0,0,0,1,1,-15,3
GIR,2,UCM,71,1,4,1,11 O. Livingston,7:43,0,0/2,0%,0/1,0%,0/0,0%,0,0,0,3,1,0,0,0,0,0,1,-10,0
GIR,2,UCM,71,1,4,,12 M. Geben,6:08,4,2/2,100%,0/1,0%,0/0,0%,1,2,3,1,1,0,0,0,0,1,1,-6,6
GIR,2,UCM,71,1,4,1,21 J. Fernández,3:52,0,0/0,0%,0/0,0%,0/0,0%,0,0,0,0,0,0,0,0,0,1,2,-9,1
GIR,2,UCM,71,1,4,1,23 S. Martínez,7:43,3,0/1,0%,1/2,50%,0/2,0%,0,1,1,0,0,0,0,0,0,0,1,-10,1
GIR,2,UCM,71,1,4,,25 N. Maric,0:00,0,0/0,0%,0/0,0%,0/0,0%,0,0,0,0,0,0,0,0,0,0,0,0,0
GIR,2,UCM,71,1,4,,29 M. Susinskas,2:17,0,0/0,0%,0/0,0%,0/0,0%,0,0,0,0,0,0,0,0,0,0,0,-5,0
GIR,2,UCM,71,1,4,,Equipo,,0,0/0,0%,0/0,0%,0/0,0%,1,0,1,0,1,0,0,0,0,0,0,0,
UCM,2,GIR,93,0,1,,0 D. Cacok,5:02,2,1/2,50%,0/0,0%,0/0,0%,1,1,2,0,0,0,0,0,0,0,1,3,4
UCM,2,GIR,93,0,1,,1 M. Forrest,4:29,0,0/0,0%,0/3,0%,0/0,0%,0,1,1,0,0,0,0,0,0,0,0,6,-2
UCM,2,GIR,93,0,1,,2 S. Raieste,4:29,2,1/1,100%,0/1,0%,0/0,0%,1,0,1,0,0,0,0,0,0,0,0,6,2
UCM,2,GIR,93,0,1,1,5 D. DeJulius,5:31,0,0/0,0%,0/2,0%,0/0,0%,0,1,1,0,0,0,0,0,0,0,0,-8,-1
UCM,2,GIR,93,0,1,1,8 H. Sant-Roos,5:31,0,0/0,0%,0/1,0%,0/0,0%,0,0,0,0,0,0,0,0,0,0,0,-8,-1
UCM,2,GIR,93,0,1,,12 J. Radebaugh,4:29,2,1/1,100%,0/1,0%,0/0,0%,0,0,0,0,0,1,0,0,0,0,1,6,3
UCM,2,GIR,93,0,1,,13 W. Falk,4:29,2,1/1,100%,0/1,0%,0/0,0%,1,1,2,0,0,0,0,0,0,1,0,6,2
UCM,2,GIR,93,0,1,1,15 E. Cate,4:58,0,0/0,0%,0/0,0%,0/0,0%,2,0,2,0,0,1,0,0,0,1,0,-5,2
UCM,2,GIR,93,0,1,,21 M. Diagné,0:00,0,0/0,0%,0/0,0%,0/0,0%,0,0,0,0,0,0,0,0,0,0,0,0,0
UCM,2,GIR,93,0,1,,24 Z. Hicks,0:00,0,0/0,0%,0/0,0%,0/0,0%,0,0,0,0,0,0,0,0,0,0,0,0,0
UCM,2,GIR,93,0,1,1,31 D. Ennis,5:31,0,0/0,0%,0/2,0%,0/0,0%,0,0,0,0,0,1,0,0,0,0,0,-8,-1
UCM,2,GIR,93,0,1,1,99 T. Nakic,5:31,2,0/1,0%,0/2,0%,2/2,100%,0,0,0,0,0,0,0,0,0,0,1,-8,0
UCM,2,GIR,93,0,1,,Equipo,,0,0/0,0%,0/0,0%,0/0,0%,0,4,4,0,0,0,0,0,0,0,0,0,4
UCM,2,GIR,93,0,2,,0 D. Cacok,4:53,4,1/1,100%,0/0,0%,2/2,100%,1,1,2,0,0,0,0,0,0,0,1,9,7
UCM,2,GIR,93,0,2,,1 M. Forrest,5:32,6,1/2,50%,1/2,50%,1/1,100%,0,0,0,0,1,0,0,0,0,0,2,4,5
UCM,2,GIR,93,0,2,,2 S. Raieste,4:54,2,0/0,0%,0/0,0%,2/2,100%,0,0,0,0,0,0,0,0,0,1,1,1,2
UCM,2,GIR,93,0,2,1,5 D. DeJulius,4:16,0,0/2,0%,0/0,0%,0/0,0%,0,0,0,1,0,0,0,0,0,0,0,0,-1
UCM,2,GIR,93,0,2,1,8 H. Sant-Roos,5:18,4,0/0,0%,1/1,100%,1/2,50%,0,1,1,0,2,1,0,0,0,1,1,11,3
UCM,2,GIR,93,0,2,,12 J. Radebaugh,4:53,2,0/0,0%,0/1,0%,2/2,100%,0,2,2,2,0,0,0,0,0,1,1,9,5
UCM,2,GIR,93,0,2,,13 W. Falk,1:59,0,0/0,0%,0/0,0%,0/0,0%,1,1,2,0,0,0,0,0,0,0,0,7,2
UCM,2,GIR,93,0,2,1,15 E. Cate,5:07,1,0/0,0%,0/0,0%,1/2,50%,0,2,2,0,0,1,0,0,0,0,1,-1,4
UCM,2,GIR,93,0,2,,21 M. Diagné,0:00,0,0/0,0%,0/0,0%,0/0,0%,0,0,0,0,0,0,0,0,0,0,0,0,0
UCM,2,GIR,93,0,2,,24 Z. Hicks,3:49,0,0/0,0%,0/0,0%,0/0,0%,0,0,0,0,0,0,0,0,0,1,0,3,-1
UCM,2,GIR,93,0,2,1,31 D. Ennis,5:07,7,1/2,50%,1/2,50%,2/2,100%,0,0,0,0,1,0,0,0,0,0,1,-1,5
UCM,2,GIR,93,0,2,1,99 T. Nakic,4:12,0,0/0,0%,0/0,0%,0/0,0%,0,0,0,0,0,0,0,0,0,1,0,-2,-1
UCM,2,GIR,93,0,2,,Equipo,,0,0/0,0%,0/0,0%,0/0,0%,0,1,1,0,0,0,0,0,0,0,0,0,
UCM,2,GIR,93,0,3,,0 D. Cacok,5:58,2,1/2,50%,0/0,0%,0/0,0%,0,2,2,0,0,0,0,0,1,0,2,-1,5
UCM,2,GIR,93,0,3,,1 M. Forrest,4:27,7,0/0,0%,1/1,100%,4/4,100%,0,1,1,1,1,0,0,0,0,2,2,2,8
UCM,2,GIR,93,0,3,,2 S. Raieste,6:47,0,0/0,0%,0/1,0%,0/0,0%,0,1,1,0,1,0,0,0,0,1,0,1,-2
UCM,2,GIR,93,0,3,1,5 D. DeJulius,5:33,2,1/2,50%,0/1,0%,0/0,0%,1,0,1,1,0,0,0,0,0,1,0,-1,1
UCM,2,GIR,93,0,3,1,8 H. Sant-Roos,3:13,2,0/0,0%,0/0,0%,2/2,100%,1,0,1,0,0,1,0,0,0,2,1,0,3
UCM,2,GIR,93,0,3,,12 J. Radebaugh,4:02,0,0/0,0%,0/2,0%,0/0,0%,0,1,1,0,0,0,0,0,0,1,0,2,-2
UCM,2,GIR,93,0,3,,13 W. Falk,0:00,0,0/0,0%,0/0,0%,0/0,0%,0,0,0,0,0,0,0,0,0,0,0,0,0
UCM,2,GIR,93,0,3,1,15 E. Cate,4:02,1,0/1,0%,0/0,0%,1/2,50%,1,1,2,0,0,0,0,0,0,0,1,2,2
UCM,2,GIR,93,0,3,,21 M. Diagné,0:00,0,0/0,0%,0/0,0%,0/0,0%,0,0,0,0,0,0,0,0,0,0,0,0,0
UCM,2,GIR,93,0,3,,24 Z. Hicks,3:29,3,0/0,0%,1/2,50%,0/0,0%,0,1,1,0,0,0,0,0,0,0,0,4,3
UCM,2,GIR,93,0,3,1,31 D. Ennis,5:58,4,0/1,0%,0/0,0%,4/4,100%,0,0,0,0,1,0,0,0,0,0,2,-1,4
UCM,2,GIR,93,0,3,1,99 T. Nakic,6:31,2,1/2,50%,0/0,0%,0/0,0%,0,0,0,0,0,0,0,0,0,1,0,-3,0
UCM,2,GIR,93,0,3,,Equipo,,0,0/0,0%,0/0,0%,0/0,0%,0,0,0,0,0,0,0,0,0,0,0,0,
UCM,2,GIR,93,0,4,,0 D. Cacok,5:50,3,0/1,0%,0/0,0%,3/4,75%,1,0,1,0,1,0,0,0,0,4,3,14,0
UCM,2,GIR,93,0,4,,1 M. Forrest,5:12,3,0/0,0%,1/3,33%,0/0,0%,0,1,1,0,0,0,0,0,0,0,0,-1,2
UCM,2,GIR,93,0,4,,2 S. Raieste,6:34,5,1/1,100%,1/1,100%,0/0,0%,0,2,2,0,0,0,0,0,0,1,1,15,7
UCM,2,GIR,93,0,4,1,5 D. DeJulius,4:48,9,3/4,75%,1/2,50%,0/0,0%,0,1,1,1,0,1,0,0,0,0,0,16,10
UCM,2,GIR,93,0,4,1,8 H. Sant-Roos,0:00,0,0/0,0%,0/0,0%,0/0,0%,0,0,0,0,0,0,0,0,0,0,0,0,0
UCM,2,GIR,93,0,4,,12 J. Radebaugh,10:00,6,0/0,0%,2/2,100%,0/0,0%,0,2,2,1,0,0,0,0,0,1,0,15,8
UCM,2,GIR,93,0,4,,13 W. Falk,3:26,0,0/0,0%,0/0,0%,0/0,0%,1,0,1,0,0,0,0,0,0,1,0,0,0
UCM,2,GIR,93,0,4,1,15 E. Cate,4:10,2,1/2,50%,0/0,0%,0/0,0%,0,0,0,0,0,0,0,0,0,0,0,1,1
UCM,2,GIR,93,0,4,,21 M. Diagné,0:00,0,0/0,0%,0/0,0%,0/0,0%,0,0,0,0,0,0,0,0,0,0,0,0,0
UCM,2,GIR,93,0,4,,24 Z. Hicks,2:40,0,0/0,0%,0/0,0%,0/0,0%,0,0,0,0,0,0,1,0,0,0,0,1,1
UCM,2,GIR,93,0,4,1,31 D. Ennis,3:26,0,0/0,0%,0/1,0%,0/0,0%,0,2,2,1,0,0,0,0,0,0,0,0,2
UCM,2,GIR,93,0,4,1,99 T. Nakic,3:54,6,1/1,100%,1/1,100%,1/1,100%,0,0,0,1,0,0,0,0,0,0,0,14,7
UCM,2,GIR,93,0,4,,Equipo,,0,0/0,0%,0/0,0%,0/0,0%,0,0,0,0,0,0,0,0,0,0,0,0,
MBA,2,LLT,64,1,1,1,0 S. Evans,4:52,0,0/1,0%,0/0,0%,0/0,0%,0,0,0,1,1,0,0,0,0,1,1,-5,-1
MBA,2,LLT,64,1,1,,00 M. Udeze,6:03,4,2/3,67%,0/0,0%,0/1,0%,1,0,1,0,2,0,0,0,0,1,1,-10,1
MBA,2,LLT,64,1,1,1,3 A. Best,3:57,3,0/0,0%,1/1,100%,0/0,0%,0,2,2,0,0,0,0,0,0,0,0,-2,5
MBA,2,LLT,64,1,1,,5 R. Luz,3:10,0,0/1,0%,0/0,0%,0/0,0%,0,0,0,0,1,0,0,0,0,2,0,-6,-4
MBA,2,LLT,64,1,1,,11 S. Okoye,5:08,3,0/0,0%,1/2,50%,0/0,0%,0,0,0,0,1,0,0,0,0,1,0,-7,0
MBA,2,LLT,64,1,1,1,13 C. Ortega,3:13,0,0/0,0%,0/1,0%,0/0,0%,0,0,0,0,0,0,0,0,0,2,0,0,-3
MBA,2,LLT,64,1,1,,20 F. Bassas,3:37,0,0/0,0%,0/0,0%,0/0,0%,0,0,0,0,0,1,0,0,0,0,1,-6,2
MBA,2,LLT,64,1,1,,22 J. McKoy,5:08,2,1/1,100%,0/0,0%,0/0,0%,0,1,1,0,0,0,0,0,0,0,0,-6,3
MBA,2,LLT,64,1,1,,24 K. Kuric,6:03,0,0/1,0%,0/0,0%,0/0,0%,0,0,0,0,1,0,0,0,0,0,0,-10,-2
MBA,2,LLT,64,1,1,,32 R. Guerrero,0:00,0,0/0,0%,0/0,0%,0/0,0%,0,0,0,0,0,0,0,0,0,0,0,0,0
MBA,2,LLT,64,1,1,1,35 Y. Pons,4:52,0,0/0,0%,0/0,0%,0/0,0%,1,0,1,0,1,0,0,0,0,1,0,-6,-1
MBA,2,LLT,64,1,1,1,99 A. Pustovyi,3:57,0,0/1,0%,0/0,0%,0/0,0%,0,2,2,0,1,0,0,0,0,1,1,-2,0
MBA,2,LLT,64,1,1,,Equipo,,0,0/0,0%,0/0,0%,0/0,0%,0,0,0,0,0,0,0,0,0,0,0,0,0
MBA,2,LLT,64,1,2,1,0 S. Evans,7:42,2,1/2,50%,0/1,0%,0/0,0%,0,0,0,0,1,0,0,1,0,1,1,-6,-2
MBA,2,LLT,64,1,2,,00 M. Udeze,5:03,2,1/1,100%,0/0,0%,0/0,0%,1,1,2,0,0,0,0,0,0,0,0,-8,4
MBA,2,LLT,64,1,2,1,3 A. Best,7:42,0,0/1,0%,0/2,0%,0/0,0%,0,1,1,1,0,0,0,0,0,0,0,-6,-1
MBA,2,LLT,64,1,2,,5 R. Luz,2:18,0,0/0,0%,0/0,0%,0/0,0%,0,0,0,0,0,0,0,0,0,0,0,-4,0
MBA,2,LLT,64,1,2,,11 S. Okoye,2:18,0,0/0,0%,0/0,0%,0/0,0%,0,0,0,0,0,0,0,0,0,0,0,-4,0
MBA,2,LLT,64,1,2,1,13 C. Ortega,2:18,0,0/1,0%,0/1,0%,0/0,0%,0,0,0,0,0,0,0,0,0,0,0,-4,-2
MBA,2,LLT,64,1,2,,20 F. Bassas,0:00,0,0/0,0%,0/0,0%,0/0,0%,0,0,0,0,0,0,0,0,0,0,0,0,0
MBA,2,LLT,64,1,2,,22 J. McKoy,10:00,0,0/0,0%,0/3,0%,0/0,0%,2,3,5,0,1,0,0,0,0,0,0,-10,1
MBA,2,LLT,64,1,2,,24 K. Kuric,7:42,2,1/3,33%,0/0,0%,0/0,0%,1,1,2,1,0,0,0,0,0,1,0,-6,2
MBA,2,LLT,64,1,2,,32 R. Guerrero,4:57,6,3/3,100%,0/0,0%,0/0,0%,1,0,1,0,0,0,0,0,2,0,0,-2,7
MBA,2,LLT,64,1,2,1,35 Y. Pons,0:00,0,0/0,0%,0/0,0%,0/0,0%,0,0,0,0,0,0,0,0,0,0,0,0,0
MBA,2,LLT,64,1,2,1,99 A. Pustovyi,0:00,0,0/0,0%,0/0,0%,0/0,0%,0,0,0,0,0,0,0,0,0,0,0,0,0
MBA,2,LLT,64,1,2,,Equipo,,0,0/0,0%,0/0,0%,0/0,0%,0,0,0,0,0,0,0,0,0,0,0,0,0
MBA,2,LLT,64,1,3,1,0 S. Evans,4:19,3,0/0,0%,0/1,0%,3/3,100%,0,0,0,1,2,0,0,0,0,0,1,-6,2
MBA,2,LLT,64,1,3,,00 M. Udeze,0:00,0,0/0,0%,0/0,0%,0/0,0%,0,0,0,0,0,0,0,0,0,0,0,0,0
MBA,2,LLT,64,1,3,1,3 A. Best,8:56,1,0/2,0%,0/0,0%,1/2,50%,0,1,1,0,1,0,0,0,0,0,1,-3,-1
MBA,2,LLT,64,1,3,,5 R. Luz,5:41,5,1/1,100%,1/1,100%,0/0,0%,0,0,0,1,0,2,0,0,0,0,0,3,8
MBA,2,LLT,64,1,3,,11 S. Okoye,4:18,0,0/0,0%,0/1,0%,0/0,0%,1,1,2,0,0,0,0,0,0,0,0,1,1
MBA,2,LLT,64,1,3,1,13 C. Ortega,5:42,0,0/0,0%,0/0,0%,0/0,0%,0,0,0,0,0,1,0,0,0,1,1,-4,1
MBA,2,LLT,64,1,3,,20 F. Bassas,0:00,0,0/0,0%,0/0,0%,0/0,0%,0,0,0,0,0,0,0,0,0,0,0,0,0
MBA,2,LLT,64,1,3,,22 J. McKoy,0:00,0,0/0,0%,0/0,0%,0/0,0%,0,0,0,0,0,0,0,0,0,0,0,0,0
MBA,2,LLT,64,1,3,,24 K. Kuric,1:04,0,0/0,0%,0/0,0%,0/0,0%,0,0,0,0,0,0,0,0,0,0,0,0,0
MBA,2,LLT,64,1,3,,32 R. Guerrero,5:41,2,1/1,100%,0/0,0%,0/0,0%,0,2,2,0,0,0,0,0,0,1,0,6,3
MBA,2,LLT,64,1,3,1,35 Y. Pons,10:00,0,0/0,0%,0/3,0%,0/2,0%,0,2,2,0,0,0,0,0,0,0,1,-3,-2
MBA,2,LLT,64,1,3,1,99 A. Pustovyi,4:19,2,1/2,50%,0/0,0%,0/0,0%,0,1,1,0,1,0,0,0,0,2,1,-9,0
MBA,2,LLT,64,1,3,,Equipo,,0,0/0,0%,0/0,0%,0/0,0%,1,0,1,0,0,0,0,0,0,0,0,0,
MBA,2,LLT,64,1,4,1,0 S. Evans,3:12,3,0/3,0%,1/1,100%,0/0,0%,1,0,1,0,0,1,0,0,0,1,0,-4,1
MBA,2,LLT,64,1,4,,00 M. Udeze,4:07,1,0/0,0%,0/0,0%,1/2,50%,2,1,3,0,2,0,0,0,0,3,1,-9,-1
MBA,2,LLT,64,1,4,1,3 A. Best,2:00,1,0/0,0%,0/1,0%,1/2,50%,0,0,0,0,0,0,0,0,0,0,1,2,0
MBA,2,LLT,64,1,4,,5 R. Luz,4:27,2,0/0,0%,0/0,0%,2/3,67%,0,1,1,3,0,0,0,0,0,0,1,4,6
MBA,2,LLT,64,1,4,,11 S. Okoye,4:48,3,0/0,0%,1/2,50%,0/0,0%,0,1,1,0,0,0,0,0,0,1,0,-5,2
MBA,2,LLT,64,1,4,1,13 C. Ortega,5:12,3,0/0,0%,1/1,100%,0/0,0%,0,1,1,0,0,0,0,0,0,0,0,-2,4
MBA,2,LLT,64,1,4,,20 F. Bassas,2:21,0,0/1,0%,0/0,0%,0/0,0%,0,0,0,0,2,0,0,0,0,1,0,-7,-4
MBA,2,LLT,64,1,4,,22 J. McKoy,5:30,3,0/0,0%,1/2,50%,0/0,0%,1,0,1,0,0,0,0,0,0,1,0,-9,2
MBA,2,LLT,64,1,4,,24 K. Kuric,8:00,3,0/1,0%,1/3,33%,0/0,0%,0,0,0,1,1,0,0,0,0,1,0,-9,-1
MBA,2,LLT,64,1,4,,32 R. Guerrero,5:53,8,2/2,100%,0/0,0%,4/4,100%,2,1,3,0,0,0,1,0,0,0,2,2,14
MBA,2,LLT,64,1,4,1,35 Y. Pons,4:30,0,0/0,0%,0/0,0%,0/0,0%,0,0,0,0,0,0,0,0,0,0,1,2,1
MBA,2,LLT,64,1,4,1,99 A. Pustovyi,0:00,0,0/0,0%,0/0,0%,0/0,0%,0,0,0,0,0,0,0,0,0,0,0,0,0
MBA,2,LLT,64,1,4,,Equipo,,0,0/0,0%,0/0,0%,0/0,0%,0,0,0,0,0,0,0,0,0,0,0,0,
LLT,2,MBA,96,0,1,,2 K. Kostadinov,0:00,0,0/0,0%,0/0,0%,0/0,0%,0,0,0,0,0,0,0,0,0,0,0,0,0
LLT,2,MBA,96,0,1,,3 J. Fernández,2:39,5,0/0,0%,1/1,100%,2/2,100%,0,0,0,1,0,1,0,0,0,1,2,6,8
LLT,2,MBA,96,0,1,,4 W. Van Beck,0:00,0,0/0,0%,0/0,0%,0/0,0%,0,0,0,0,0,0,0,0,0,0,0,0,0
LLT,2,MBA,96,0,1,1,6 B. Fitipaldo,4:49,0,0/0,0%,0/2,0%,0/0,0%,0,1,1,1,0,0,0,0,0,0,0,5,0
LLT,2,MBA,96,0,1,1,9 M. Huertas,7:24,3,0/1,0%,1/1,100%,0/0,0%,0,0,0,2,1,0,0,0,0,0,0,6,3
LLT,2,MBA,96,0,1,1,11 T. Scrubb,3:57,0,0/0,0%,0/1,0%,0/0,0%,0,1,1,0,0,0,0,0,0,0,1,2,1
LLT,2,MBA,96,0,1,,15 J. Sastre,5:08,0,0/1,0%,0/0,0%,0/0,0%,0,0,0,0,1,0,0,0,0,0,0,7,-2
LLT,2,MBA,96,0,1,,19 G. Shermadini,6:47,11,4/4,100%,0/0,0%,3/3,100%,1,2,3,0,0,0,0,0,0,0,2,12,16
LLT,2,MBA,96,0,1,,21 T. Abromaitis,5:08,0,0/0,0%,0/0,0%,0/0,0%,0,1,1,1,0,1,0,0,0,0,0,7,3
LLT,2,MBA,96,0,1,,31 R. Giedraitis,6:03,5,1/1,100%,0/1,0%,3/3,100%,0,0,0,0,0,0,0,0,0,1,2,10,5
LLT,2,MBA,96,0,1,1,35 F. Guerra,3:13,0,0/1,0%,0/0,0%,0/0,0%,0,0,0,0,0,0,0,0,0,1,1,0,-1
LLT,2,MBA,96,0,1,1,42 A. Doornekamp,4:52,0,0/0,0%,0/0,0%,0/0,0%,1,1,2,0,0,1,0,0,0,1,1,5,3
LLT,2,MBA,96,0,1,,Equipo,,0,0/0,0%,0/0,0%,0/0,0%,0,0,0,0,0,0,0,0,0,0,0,0,0
LLT,2,MBA,96,0,2,,2 K. Kostadinov,0:00,0,0/0,0%,0/0,0%,0/0,0%,0,0,0,0,0,0,0,0,0,0,0,0,0
LLT,2,MBA,96,0,2,,3 J. Fernández,4:52,4,2/2,100%,0/1,0%,0/0,0%,0,2,2,1,0,1,0,0,0,1,0,3,6
LLT,2,MBA,96,0,2,,4 W. Van Beck,0:00,0,0/0,0%,0/0,0%,0/0,0%,0,0,0,0,0,0,0,0,0,0,0,0,0
LLT,2,MBA,96,0,2,1,6 B. Fitipaldo,8:41,3,0/0,0%,1/2,50%,0/0,0%,0,0,0,0,0,1,0,0,0,0,0,9,3
LLT,2,MBA,96,0,2,1,9 M. Huertas,6:27,0,0/0,0%,0/0,0%,0/0,0%,0,2,2,3,0,0,0,0,0,0,0,8,5
LLT,2,MBA,96,0,2,1,11 T. Scrubb,0:00,0,0/0,0%,0/0,0%,0/0,0%,0,0,0,0,0,0,0,0,0,0,0,0,0
LLT,2,MBA,96,0,2,,15 J. Sastre,4:57,3,0/0,0%,1/2,50%,0/0,0%,0,0,0,0,0,0,0,0,0,0,0,2,2
LLT,2,MBA,96,0,2,,19 G. Shermadini,6:14,2,1/2,50%,0/0,0%,0/0,0%,0,3,3,0,0,0,0,0,1,0,1,11,5
LLT,2,MBA,96,0,2,,21 T. Abromaitis,1:19,0,0/0,0%,0/0,0%,0/0,0%,0,0,0,0,0,0,0,0,0,0,0,1,0
LLT,2,MBA,96,0,2,,31 R. Giedraitis,5:03,0,0/1,0%,0/1,0%,0/0,0%,0,0,0,0,0,0,0,0,0,0,0,8,-2
LLT,2,MBA,96,0,2,1,35 F. Guerra,3:46,2,1/1,100%,0/0,0%,0/0,0%,0,0,0,0,0,0,1,0,0,0,0,-1,3
LLT,2,MBA,96,0,2,1,42 A. Doornekamp,8:41,8,0/0,0%,2/3,67%,2/2,100%,0,0,0,0,0,0,0,0,0,0,1,9,8
LLT,2,MBA,96,0,2,,Equipo,,0,0/0,0%,0/0,0%,0/0,0%,0,0,0,0,0,0,0,0,0,0,0,0,0
LLT,2,MBA,96,0,3,,2 K. Kostadinov,2:22,0,0/0,0%,0/0,0%,0/0,0%,0,0,0,0,0,0,0,0,0,0,0,2,0
LLT,2,MBA,96,0,3,,3 J. Fernández,6:18,0,0/0,0%,0/2,0%,0/0,0%,0,2,2,0,0,0,0,0,0,0,0,1,0
LLT,2,MBA,96,0,3,,4 W. Van Beck,3:19,3,0/0,0%,0/0,0%,3/3,100%,0,0,0,0,0,0,0,0,0,1,1,-8,3
LLT,2,MBA,96,0,3,1,6 B. Fitipaldo,8:04,0,0/0,0%,0/1,0%,0/0,0%,0,0,0,2,0,0,0,0,0,1,1,6,1
LLT,2,MBA,96,0,3,1,9 M. Huertas,2:19,3,0/1,0%,1/1,100%,0/0,0%,0,0,0,0,0,1,0,0,0,0,0,7,3
LLT,2,MBA,96,0,3,1,11 T. Scrubb,4:19,5,1/1,100%,1/3,33%,0/0,0%,0,2,2,1,0,0,0,0,0,0,0,9,6
LLT,2,MBA,96,0,3,,15 J. Sastre,0:00,0,0/0,0%,0/0,0%,0/0,0%,0,0,0,0,0,0,0,0,0,0,0,0,0
LLT,2,MBA,96,0,3,,19 G. Shermadini,3:25,0,0/0,0%,0/0,0%,0/0,0%,0,1,1,0,0,0,0,0,0,1,1,9,1
LLT,2,MBA,96,0,3,,21 T. Abromaitis,4:18,2,1/1,100%,0/1,0%,0/0,0%,1,0,1,0,1,0,0,0,0,1,1,-1,1
LLT,2,MBA,96,0,3,,31 R. Giedraitis,5:41,0,0/0,0%,0/1,0%,0/0,0%,1,1,2,0,1,0,0,0,0,0,0,-6,0
LLT,2,MBA,96,0,3,1,35 F. Guerra,4:13,0,0/0,0%,0/0,0%,0/0,0%,0,0,0,0,1,0,0,0,0,0,0,-8,-1
LLT,2,MBA,96,0,3,1,42 A. Doornekamp,5:42,3,0/0,0%,1/2,50%,0/0,0%,0,1,1,0,1,0,0,0,0,1,0,4,1
LLT,2,MBA,96,0,3,,Equipo,,0,0/0,0%,0/0,0%,0/0,0%,0,1,1,0,0,0,0,0,0,0,0,0,
LLT,2,MBA,96,0,4,,2 K. Kostadinov,5:45,5,2/3,67%,0/0,0%,1/1,100%,0,1,1,0,0,1,0,0,0,3,1,2,4
LLT,2,MBA,96,0,4,,3 J. Fernández,4:52,10,1/1,100%,1/2,50%,5/5,100%,0,0,0,2,1,2,0,0,0,0,3,7,15
LLT,2,MBA,96,0,4,,4 W. Van Beck,5:12,2,1/2,50%,0/0,0%,0/0,0%,0,0,0,2,0,0,0,0,0,0,0,2,3
LLT,2,MBA,96,0,4,1,6 B. Fitipaldo,3:08,6,1/1,100%,1/2,50%,1/1,100%,0,0,0,0,0,0,0,1,0,1,1,2,4
LLT,2,MBA,96,0,4,1,9 M. Huertas,0:00,0,0/0,0%,0/0,0%,0/0,0%,0,0,0,0,0,0,0,0,0,0,0,0,0
LLT,2,MBA,96,0,4,1,11 T. Scrubb,7:33,3,0/1,0%,1/1,100%,0/0,0%,1,0,1,2,0,0,0,0,0,1,0,9,4
LLT,2,MBA,96,0,4,,15 J. Sastre,10:00,0,0/1,0%,0/0,0%,0/0,0%,0,0,0,2,0,0,0,0,0,1,0,7,0
LLT,2,MBA,96,0,4,,19 G. Shermadini,4:15,5,1/1,100%,0/0,0%,3/5,60%,0,2,2,0,0,0,0,0,0,0,3,5,8
LLT,2,MBA,96,0,4,,21 T. Abromaitis,4:48,0,0/0,0%,0/0,0%,0/0,0%,0,0,0,0,0,0,0,0,0,0,0,5,0
LLT,2,MBA,96,0,4,,31 R. Giedraitis,4:27,3,0/0,0%,1/1,100%,0/0,0%,0,0,0,0,0,0,0,0,0,0,0,-4,3
LLT,2,MBA,96,0,4,1,35 F. Guerra,0:00,0,0/0,0%,0/0,0%,0/0,0%,0,0,0,0,0,0,0,0,0,0,0,0,0
LLT,2,MBA,96,0,4,1,42 A. Doornekamp,0:00,0,0/0,0%,0/0,0%,0/0,0%,0,0,0,0,0,0,0,0,0,0,0,0,0
LLT,2,MBA,96,0,4,,Equipo,,0,0/0,0%,0/0,0%,0/0,0%,0,0,0,0,0,0,0,0,0,0,0,0,
DGC,2,UNI,72,1,1,,1 L. Maniema,0:08,0,0/0,0%,0/0,0%,0/0,0%,0,0,0,0,0,0,0,0,0,0,0,0,0
DGC,2,UNI,72,1,1,1,2 I. Wong,6:24,3,1/2,50%,0/1,0%,1/2,50%,0,0,0,0,0,0,1,0,0,1,1,0,1
DGC,2,UNI,72,1,1,,4 E. Vila,0:00,0,0/0,0%,0/0,0%,0/0,0%,0,0,0,0,0,0,0,0,0,0,0,0,0
DGC,2,UNI,72,1,1,,5 Z. Samar,4:02,5,1/1,100%,1/1,100%,0/0,0%,0,1,1,0,0,0,0,0,0,0,0,5,6
DGC,2,UNI,72,1,1,1,6 A. Albicy,5:58,0,0/0,0%,0/0,0%,0/0,0%,0,0,0,3,1,1,0,0,0,0,2,1,5
DGC,2,UNI,72,1,1,1,9 N. Brussino,5:21,1,0/0,0%,0/1,0%,1/2,50%,0,1,1,0,1,0,0,0,0,1,1,-1,-1
DGC,2,UNI,72,1,1,,10 M. Salvó,4:31,0,0/0,0%,0/0,0%,0/0,0%,0,0,0,0,1,1,0,0,0,1,0,7,-1
DGC,2,UNI,72,1,1,,13 P. Pelos,3:36,0,0/0,0%,0/0,0%,0/0,0%,0,1,1,0,0,0,0,0,0,0,0,6,1
DGC,2,UNI,72,1,1,1,18 M. Tobey,5:21,1,0/1,0%,0/0,0%,1/2,50%,0,1,1,0,1,0,0,0,0,0,1,-1,0
DGC,2,UNI,72,1,1,1,21 L. Labeyrie,6:24,6,0/0,0%,2/2,100%,0/0,0%,0,1,1,0,0,0,0,0,0,0,0,0,7
DGC,2,UNI,72,1,1,,23 K. Kuath,4:39,2,1/2,50%,0/0,0%,0/0,0%,1,2,3,0,0,0,1,0,0,1,0,7,4
DGC,2,UNI,72,1,1,,24 B. Angola,3:36,4,0/0,0%,1/2,50%,1/2,50%,0,0,0,1,0,0,0,0,0,0,1,6,4
DGC,2,UNI,72,1,1,,Equipo,,0,0/0,0%,0/0,0%,0/0,0%,0,2,2,0,0,0,0,0,0,0,0,0,2
DGC,2,UNI,72,1,2,,1 L. Maniema,0:00,0,0/0,0%,0/0,0%,0/0,0%,0,0,0,0,0,0,0,0,0,0,0,0,0
DGC,2,UNI,72,1,2,1,2 I. Wong,4:27,2,1/1,100%,0/1,0%,0/0,0%,0,1,1,0,1,0,0,0,0,0,0,-1,1
DGC,2,UNI,72,1,2,,4 E. Vila,0:00,0,0/0,0%,0/0,0%,0/0,0%,0,0,0,0,0,0,0,0,0,0,0,0,0
DGC,2,UNI,72,1,2,,5 Z. Samar,1:49,0,0/0,0%,0/1,0%,0/0,0%,0,0,0,0,0,0,0,0,0,0,0,-4,-1
DGC,2,UNI,72,1,2,1,6 A. Albicy,8:11,0,0/0,0%,0/3,0%,0/0,0%,0,2,2,2,1,0,0,0,0,1,0,12,-1
DGC,2,UNI,72,1,2,1,9 N. Brussino,8:11,4,1/1,100%,0/0,0%,2/2,100%,0,1,1,0,0,0,0,0,1,0,2,12,7
DGC,2,UNI,72,1,2,,10 M. Salvó,0:35,0,0/0,0%,0/0,0%,0/0,0%,0,0,0,0,0,0,0,0,0,0,0,0,0
DGC,2,UNI,72,1,2,,13 P. Pelos,2:11,0,0/1,0%,0/0,0%,0/0,0%,0,0,0,0,0,0,0,0,0,1,0,-2,-2
DGC,2,UNI,72,1,2,1,18 M. Tobey,9:25,7,2/2,100%,1/2,50%,0/0,0%,0,1,1,2,0,0,0,0,1,0,1,8,10
DGC,2,UNI,72,1,2,1,21 L. Labeyrie,7:49,3,0/0,0%,1/1,100%,0/0,0%,0,2,2,0,0,1,0,0,0,1,1,10,6
DGC,2,UNI,72,1,2,,23 K. Kuath,0:35,0,0/0,0%,0/0,0%,0/0,0%,0,0,0,0,0,0,0,0,0,1,0,0,-1
DGC,2,UNI,72,1,2,,24 B. Angola,6:47,3,0/0,0%,1/1,100%,0/0,0%,0,1,1,2,0,0,0,0,0,0,1,5,7
DGC,2,UNI,72,1,2,,Equipo,,0,0/0,0%,0/0,0%,0/0,0%,0,0,0,0,0,0,0,0,0,0,0,0,
DGC,2,UNI,72,1,3,,1 L. Maniema,0:00,0,0/0,0%,0/0,0%,0/0,0%,0,0,0,0,0,0,0,0,0,0,0,0,0
DGC,2,UNI,72,1,3,1,2 I. Wong,1:49,0,0/0,0%,0/0,0%,0/0,0%,0,0,0,0,0,0,0,0,0,2,0,-3,-2
DGC,2,UNI,72,1,3,,4 E. Vila,0:00,0,0/0,0%,0/0,0%,0/0,0%,0,0,0,0,0,0,0,0,0,0,0,0,0
DGC,2,UNI,72,1,3,,5 Z. Samar,4:29,0,0/1,0%,0/0,0%,0/0,0%,1,0,1,0,1,0,0,1,0,0,0,-9,-2
DGC,2,UNI,72,1,3,1,6 A. Albicy,5:31,4,0/0,0%,1/1,100%,1/2,50%,0,0,0,1,0,0,0,0,0,0,1,-10,5
DGC,2,UNI,72,1,3,1,9 N. Brussino,8:10,1,0/1,0%,0/2,0%,1/3,33%,0,2,2,2,2,0,0,0,0,1,1,-12,-2
DGC,2,UNI,72,1,3,,10 M. Salvó,4:10,0,0/0,0%,0/0,0%,0/0,0%,0,0,0,0,1,0,0,0,0,2,0,-13,-3
DGC,2,UNI,72,1,3,,13 P. Pelos,6:51,0,0/1,0%,0/0,0%,0/0,0%,0,1,1,0,0,0,0,0,0,1,0,-13,-1
DGC,2,UNI,72,1,3,1,18 M. Tobey,6:10,4,1/2,50%,0/0,0%,2/2,100%,0,1,1,1,0,0,0,0,0,1,1,-10,5
DGC,2,UNI,72,1,3,1,21 L. Labeyrie,6:04,4,0/0,0%,1/2,50%,1/2,50%,0,1,1,0,0,0,0,0,0,0,2,-12,5
DGC,2,UNI,72,1,3,,23 K. Kuath,0:55,0,0/0,0%,0/0,0%,0/0,0%,0,0,0,0,0,0,0,0,0,1,0,-3,-1
DGC,2,UNI,72,1,3,,24 B. Angola,5:51,2,0/2,0%,0/0,0%,2/2,100%,1,0,1,1,0,0,0,0,0,2,1,-10,1
DGC,2,UNI,72,1,3,,Equipo,,0,0/0,0%,0/0,0%,0/0,0%,0,0,0,0,1,0,0,0,0,0,0,0,
DGC,2,UNI,72,1,4,,1 L. Maniema,0:00,0,0/0,0%,0/0,0%,0/0,0%,0,0,0,0,0,0,0,0,0,0,0,0,0
DGC,2,UNI,72,1,4,1,2 I. Wong,5:46,2,0/0,0%,0/1,0%,2/2,100%,0,0,0,0,0,0,0,0,0,0,1,-5,2
DGC,2,UNI,72,1,4,,4 E. Vila,0:00,0,0/0,0%,0/0,0%,0/0,0%,0,0,0,0,0,0,0,0,0,0,0,0,0
DGC,2,UNI,72,1,4,,5 Z. Samar,0:00,0,0/0,0%,0/0,0%,0/0,0%,0,0,0,0,0,0,0,0,0,0,0,0,0
DGC,2,UNI,72,1,4,1,6 A. Albicy,10:00,0,0/0,0%,0/0,0%,0/0,0%,0,1,1,3,0,0,0,0,0,1,1,-4,4
DGC,2,UNI,72,1,4,1,9 N. Brussino,7:31,6,2/2,100%,0/2,0%,2/3,67%,1,0,1,1,1,0,0,0,1,0,2,-8,6
DGC,2,UNI,72,1,4,,10 M. Salvó,0:00,0,0/0,0%,0/0,0%,0/0,0%,0,0,0,0,0,0,0,0,0,0,0,0,0
DGC,2,UNI,72,1,4,,13 P. Pelos,1:28,0,0/0,0%,0/0,0%,0/0,0%,1,0,1,0,0,0,0,0,0,0,0,-6,1
DGC,2,UNI,72,1,4,1,18 M. Tobey,9:15,2,1/2,50%,0/1,0%,0/2,0%,1,3,4,0,0,0,0,0,1,1,1,-7,2
DGC,2,UNI,72,1,4,1,21 L. Labeyrie,8:32,3,0/0,0%,1/4,25%,0/0,0%,0,1,1,0,0,0,0,0,0,1,1,2,1
DGC,2,UNI,72,1,4,,23 K. Kuath,0:45,2,1/1,100%,0/0,0%,0/0,0%,0,0,0,0,0,0,0,0,1,2,0,3,0
DGC,2,UNI,72,1,4,,24 B. Angola,6:43,1,0/0,0%,0/1,0%,1/2,50%,0,2,2,0,0,0,0,0,0,0,1,5,2
DGC,2,UNI,72,1,4,,Equipo,,0,0/0,0%,0/0,0%,0/0,0%,0,0,0,0,0,0,0,0,0,0,0,0,
UNI,2,DGC,81,0,1,1,0 T. Pérez,5:58,2,0/1,0%,0/0,0%,2/2,100%,0,0,0,0,0,0,0,0,0,0,1,-1,2
UNI,2,DGC,81,0,1,1,2 O. Balcerowski,5:21,3,0/0,0%,1/1,100%,0/0,0%,0,1,1,1,0,0,0,0,0,1,0,1,4
UNI,2,DGC,81,0,1,1,3 J. Webb,5:21,2,1/1,100%,0/1,0%,0/0,0%,0,2,2,0,2,0,0,0,0,1,0,1,0
UNI,2,DGC,81,0,1,,4 T. Kalinoski,4:02,0,0/0,0%,0/2,0%,0/0,0%,0,0,0,2,0,0,0,0,0,1,0,-5,-1
UNI,2,DGC,81,0,1,,7 J. Barreiro,4:39,0,0/0,0%,0/1,0%,0/0,0%,0,0,0,0,0,0,0,0,0,0,0,-7,-1
UNI,2,DGC,81,0,1,,9 A. Díaz,4:02,3,0/0,0%,1/1,100%,0/0,0%,0,0,0,0,1,0,0,0,0,0,1,-5,3
UNI,2,DGC,81,0,1,,13 X. Castañeda,2:51,0,0/0,0%,0/1,0%,0/0,0%,0,0,0,0,1,0,0,0,0,1,1,-5,-2
UNI,2,DGC,81,0,1,,19 E. Sulejmanovic,4:02,0,0/1,0%,0/0,0%,0/0,0%,1,1,2,0,0,0,0,1,0,0,0,-5,0
UNI,2,DGC,81,0,1,1,27 C. Duarte,3:07,0,0/1,0%,0/1,0%,0/0,0%,0,0,0,1,0,1,0,1,0,0,0,4,-1
UNI,2,DGC,81,0,1,,33 K. Tillie,0:00,0,0/0,0%,0/0,0%,0/0,0%,0,0,0,0,0,0,0,0,0,0,0,0,0
UNI,2,DGC,81,0,1,,45 D. Kravish,4:39,4,2/3,67%,0/0,0%,0/0,0%,0,0,0,0,0,0,0,0,0,1,0,-7,2
UNI,2,DGC,81,0,1,1,55 K. Perry,5:58,2,1/1,100%,0/0,0%,0/0,0%,0,1,1,1,0,1,0,0,0,1,1,-1,5
UNI,2,DGC,81,0,1,,Equipo,,0,0/0,0%,0/0,0%,0/0,0%,0,1,1,0,0,0,0,0,0,0,0,0,1
UNI,2,DGC,81,0,2,1,0 T. Pérez,5:54,3,0/0,0%,1/1,100%,0/0,0%,0,0,0,0,0,1,0,0,0,1,0,-12,3
UNI,2,DGC,81,0,2,1,2 O. Balcerowski,5:02,4,1/1,100%,0/0,0%,2/2,100%,0,2,2,0,0,0,0,0,1,0,3,1,9
UNI,2,DGC,81,0,2,1,3 J. Webb,6:38,0,0/0,0%,0/0,0%,0/0,0%,0,0,0,1,0,0,0,0,0,1,0,-12,0
UNI,2,DGC,81,0,2,,4 T. Kalinoski,3:22,0,0/0,0%,0/1,0%,0/0,0%,0,1,1,0,0,0,0,0,0,0,0,4,0
UNI,2,DGC,81,0,2,,7 J. Barreiro,0:00,0,0/0,0%,0/0,0%,0/0,0%,0,0,0,0,0,0,0,0,0,0,0,0,0
UNI,2,DGC,81,0,2,,9 A. Díaz,5:04,0,0/0,0%,0/1,0%,0/0,0%,2,0,2,1,0,0,0,0,0,0,0,-2,2
UNI,2,DGC,81,0,2,,13 X. Castañeda,3:45,0,0/1,0%,0/0,0%,0/0,0%,0,0,0,0,2,0,0,0,0,1,0,-8,-4
UNI,2,DGC,81,0,2,,19 E. Sulejmanovic,0:00,0,0/0,0%,0/0,0%,0/0,0%,0,0,0,0,0,0,0,0,0,0,0,0,0
UNI,2,DGC,81,0,2,1,27 C. Duarte,3:22,2,1/2,50%,0/0,0%,0/0,0%,0,1,1,1,0,0,0,0,0,0,0,4,3
UNI,2,DGC,81,0,2,,33 K. Tillie,4:06,0,0/1,0%,0/1,0%,0/0,0%,0,1,1,0,0,1,0,0,0,1,0,4,-1
UNI,2,DGC,81,0,2,,45 D. Kravish,4:58,2,1/3,33%,0/0,0%,0/0,0%,1,0,1,0,0,0,0,0,0,0,0,-9,1
UNI,2,DGC,81,0,2,1,55 K. Perry,7:49,0,0/1,0%,0/3,0%,0/0,0%,0,0,0,0,0,0,0,0,0,1,1,-10,-4
UNI,2,DGC,81,0,2,,Equipo,,0,0/0,0%,0/0,0%,0/0,0%,0,1,1,0,0,0,0,0,0,0,0,0,1
UNI,2,DGC,81,0,3,1,0 T. Pérez,5:50,2,0/0,0%,0/0,0%,2/2,100%,1,2,3,0,0,0,0,0,0,0,1,6,6
UNI,2,DGC,81,0,3,1,2 O. Balcerowski,6:10,6,1/2,50%,0/0,0%,4/5,80%,0,0,0,0,0,1,2,0,0,1,3,10,9
UNI,2,DGC,81,0,3,1,3 J. Webb,2:20,0,0/0,0%,0/1,0%,0/0,0%,0,0,0,0,0,0,0,0,0,0,0,5,-1
UNI,2,DGC,81,0,3,,4 T. Kalinoski,7:40,4,0/1,0%,1/1,100%,1/1,100%,0,0,0,0,0,0,0,0,0,1,0,14,2
UNI,2,DGC,81,0,3,,7 J. Barreiro,4:10,2,0/0,0%,0/0,0%,2/2,100%,0,0,0,1,0,0,0,0,0,1,2,13,4
UNI,2,DGC,81,0,3,,9 A. Díaz,4:10,6,0/0,0%,1/1,100%,3/3,100%,0,0,0,0,0,0,0,0,0,0,1,11,7
UNI,2,DGC,81,0,3,,13 X. Castañeda,0:00,0,0/0,0%,0/0,0%,0/0,0%,0,0,0,0,0,0,0,0,0,0,0,0,0
UNI,2,DGC,81,0,3,,19 E. Sulejmanovic,4:10,0,0/0,0%,0/0,0%,0/0,0%,0,2,2,2,0,0,0,0,0,1,0,13,3
UNI,2,DGC,81,0,3,1,27 C. Duarte,5:50,3,1/2,50%,0/1,0%,1/1,100%,0,0,0,0,0,0,0,0,0,2,1,6,0
UNI,2,DGC,81,0,3,,33 K. Tillie,3:50,5,1/1,100%,1/1,100%,0/0,0%,0,0,0,0,0,0,0,0,0,0,0,9,5
UNI,2,DGC,81,0,3,,45 D. Kravish,0:00,0,0/0,0%,0/0,0%,0/0,0%,0,0,0,0,0,0,0,0,0,0,0,0,0
UNI,2,DGC,81,0,3,1,55 K. Perry,5:50,6,2/2,100%,0/1,0%,2/2,100%,0,2,2,1,0,1,0,0,0,0,1,8,10
UNI,2,DGC,81,0,3,,Equipo,,0,0/0,0%,0/0,0%,0/0,0%,0,0,0,0,0,0,0,0,0,0,0,0,
UNI,2,DGC,81,0,4,1,0 T. Pérez,3:57,0,0/0,0%,0/1,0%,0/0,0%,0,1,1,0,0,0,0,0,0,0,0,-5,0
UNI,2,DGC,81,0,4,1,2 O. Balcerowski,6:42,3,0/1,0%,0/0,0%,3/4,75%,0,0,0,1,0,0,0,0,0,2,3,2,3
UNI,2,DGC,81,0,4,1,3 J. Webb,9:02,7,2/2,100%,1/2,50%,0/0,0%,0,2,2,0,0,0,0,0,0,1,1,3,8
UNI,2,DGC,81,0,4,,4 T. Kalinoski,2:57,0,0/0,0%,0/1,0%,0/0,0%,0,0,0,0,0,0,0,0,0,0,0,4,-1
UNI,2,DGC,81,0,4,,7 J. Barreiro,3:18,0,0/0,0%,0/0,0%,0/0,0%,0,0,0,0,0,0,0,0,0,0,0,2,0
UNI,2,DGC,81,0,4,,9 A. Díaz,3:44,0,0/0,0%,0/1,0%,0/0,0%,0,1,1,1,0,0,0,0,0,1,0,1,0
UNI,2,DGC,81,0,4,,13 X. Castañeda,0:00,0,0/0,0%,0/0,0%,0/0,0%,0,0,0,0,0,0,0,0,0,0,0,0,0
UNI,2,DGC,81,0,4,,19 E. Sulejmanovic,3:18,0,0/0,0%,0/0,0%,0/0,0%,0,2,2,0,0,0,0,0,0,2,0,2,0
UNI,2,DGC,81,0,4,1,27 C. Duarte,4:17,4,2/3,67%,0/0,0%,0/0,0%,0,1,1,0,0,0,0,0,0,0,0,0,4
UNI,2,DGC,81,0,4,,33 K. Tillie,6:03,6,0/1,0%,2/2,100%,0/0,0%,1,0,1,1,0,1,1,0,0,1,0,9,8
UNI,2,DGC,81,0,4,,45 D. Kravish,0:00,0,0/0,0%,0/0,0%,0/0,0%,0,0,0,0,0,0,0,0,0,0,0,0,0
UNI,2,DGC,81,0,4,1,55 K. Perry,6:42,0,0/0,0%,0/1,0%,0/0,0%,0,0,0,2,0,0,0,0,0,0,1,2,2
UNI,2,DGC,81,0,4,,Equipo,,0,0/0,0%,0/0,0%,0/0,0%,0,1,1,0,0,0,0,0,0,0,0,0,
BAX,2,COV,83,1,1,,0 K. Akobundu,3:03,0,0/0,0%,0/0,0%,0/0,0%,0,0,0,0,0,0,1,0,0,0,0,5,1
BAX,2,COV,83,1,1,,2 H. Benitez,4:56,0,0/1,0%,0/0,0%,0/0,0%,0,2,2,1,1,0,0,1,0,0,0,0,0
BAX,2,COV,83,1,1,,4 M. Gaspà,1:58,0,0/0,0%,0/0,0%,0/0,0%,0,0,0,0,0,0,0,0,0,1,0,0,-1
BAX,2,COV,83,1,1,1,8 A. Reyes,5:21,0,0/1,0%,0/1,0%,0/0,0%,0,3,3,0,0,0,0,0,0,0,0,6,1
BAX,2,COV,83,1,1,,11 A. Ubal,4:39,4,1/1,100%,0/0,0%,2/2,100%,0,1,1,0,0,0,0,0,0,0,1,3,6
BAX,2,COV,83,1,1,1,12 M. Steinbergs,5:42,3,0/0,0%,1/2,50%,0/0,0%,0,0,0,2,0,0,0,0,0,1,0,8,3
BAX,2,COV,83,1,1,,19 L. Olinde,4:18,0,0/1,0%,0/1,0%,0/0,0%,0,1,1,0,1,0,1,0,0,0,0,1,-1
BAX,2,COV,83,1,1,1,32 R. Obasohan,3:44,3,1/1,100%,0/0,0%,1/1,100%,0,0,0,0,0,0,0,0,0,1,2,8,4
BAX,2,COV,83,1,1,1,33 G. Golden,5:21,4,2/4,50%,0/0,0%,0/0,0%,0,2,2,0,0,0,0,0,0,0,1,6,5
BAX,2,COV,83,1,1,,47 A. Izaw-Bolavie,1:36,0,0/0,0%,0/0,0%,0/0,0%,0,0,0,0,0,0,0,0,0,0,0,-2,0
BAX,2,COV,83,1,1,1,55 D. Pérez,5:04,0,0/0,0%,0/0,0%,0/0,0%,0,0,0,2,1,0,0,0,0,0,1,9,2
BAX,2,COV,83,1,1,,99 A. Plummer,4:18,6,0/0,0%,2/2,100%,0/0,0%,0,0,0,0,1,0,0,0,0,0,0,1,5
BAX,2,COV,83,1,1,,Equipo,,0,0/0,0%,0/0,0%,0/0,0%,0,1,1,0,0,1,0,0,0,0,0,0,2
BAX,2,COV,83,1,2,,0 K. Akobundu,5:55,0,0/0,0%,0/0,0%,0/0,0%,1,1,2,1,0,0,1,0,0,0,0,6,4
BAX,2,COV,83,1,2,,2 H. Benitez,6:16,2,1/3,33%,0/1,0%,0/0,0%,0,1,1,1,0,0,0,0,0,0,0,6,1
BAX,2,COV,83,1,2,,4 M. Gaspà,1:07,0,0/1,0%,0/0,0%,0/0,0%,0,0,0,0,0,0,0,0,0,1,0,0,-2
BAX,2,COV,83,1,2,1,8 A. Reyes,6:05,2,1/1,100%,0/3,0%,0/0,0%,0,2,2,0,0,0,0,0,0,0,1,4,2
BAX,2,COV,83,1,2,,11 A. Ubal,4:31,4,1/1,100%,0/0,0%,2/2,100%,0,0,0,0,0,1,0,0,1,0,1,2,6
BAX,2,COV,83,1,2,1,12 M. Steinbergs,5:12,0,0/0,0%,0/0,0%,0/0,0%,0,0,0,1,0,0,0,0,0,1,0,0,0
BAX,2,COV,83,1,2,,19 L. Olinde,4:12,4,1/1,100%,0/1,0%,2/2,100%,0,2,2,0,0,0,0,0,1,2,1,8,4
BAX,2,COV,83,1,2,1,32 R. Obasohan,6:01,4,1/1,100%,0/0,0%,2/2,100%,0,0,0,1,0,0,0,0,0,0,2,10,7
BAX,2,COV,83,1,2,1,33 G. Golden,4:36,2,1/2,50%,0/0,0%,0/0,0%,1,0,1,1,1,1,0,0,0,0,0,2,3
BAX,2,COV,83,1,2,,47 A. Izaw-Bolavie,0:00,0,0/0,0%,0/0,0%,0/0,0%,0,0,0,0,0,0,0,0,0,0,0,0,0
BAX,2,COV,83,1,2,1,55 D. Pérez,3:44,0,0/1,0%,0/0,0%,0/0,0%,0,0,0,0,0,0,0,0,0,0,1,2,0
BAX,2,COV,83,1,2,,99 A. Plummer,2:21,3,0/0,0%,1/1,100%,0/0,0%,0,0,0,0,0,0,0,0,0,0,0,0,3
BAX,2,COV,83,1,2,,Equipo,,0,0/0,0%,0/0,0%,0/0,0%,0,1,1,0,0,0,0,0,0,0,0,0,
BAX,2,COV,83,1,3,,0 K. Akobundu,3:36,2,1/1,100%,0/0,0%,0/0,0%,0,0,0,0,0,0,0,0,1,0,0,7,2
BAX,2,COV,83,1,3,,2 H. Benitez,5:26,0,0/0,0%,0/0,0%,0/0,0%,0,0,0,3,0,0,0,0,0,1,1,5,3
BAX,2,COV,83,1,3,,4 M. Gaspà,0:00,0,0/0,0%,0/0,0%,0/0,0%,0,0,0,0,0,0,0,0,0,0,0,0,0
BAX,2,COV,83,1,3,1,8 A. Reyes,4:28,4,1/1,100%,0/1,0%,2/2,100%,1,1,2,1,1,0,0,0,0,2,1,-4,4
BAX,2,COV,83,1,3,,11 A. Ubal,5:32,4,2/3,67%,0/0,0%,0/0,0%,0,1,1,0,0,0,0,0,0,1,1,8,4
BAX,2,COV,83,1,3,1,12 M. Steinbergs,4:28,3,0/1,0%,1/1,100%,0/0,0%,0,0,0,0,0,0,0,0,0,0,0,-4,2
BAX,2,COV,83,1,3,,19 L. Olinde,5:32,3,0/2,0%,1/1,100%,0/0,0%,2,0,2,0,0,0,0,0,0,0,0,8,3
BAX,2,COV,83,1,3,1,32 R. Obasohan,4:32,0,0/1,0%,0/0,0%,0/0,0%,0,1,1,1,0,0,0,0,0,1,0,-4,0
BAX,2,COV,83,1,3,1,33 G. Golden,6:24,6,3/6,50%,0/0,0%,0/2,0%,3,1,4,0,0,0,0,0,0,0,1,-3,6
BAX,2,COV,83,1,3,,47 A. Izaw-Bolavie,0:00,0,0/0,0%,0/0,0%,0/0,0%,0,0,0,0,0,0,0,0,0,0,0,0,0
BAX,2,COV,83,1,3,1,55 D. Pérez,4:34,0,0/0,0%,0/0,0%,0/0,0%,0,1,1,2,0,0,0,0,0,1,0,-1,2
BAX,2,COV,83,1,3,,99 A. Plummer,5:28,6,1/3,33%,1/3,33%,1/1,100%,0,1,1,0,0,0,0,0,0,1,1,8,3
BAX,2,COV,83,1,3,,Equipo,,0,0/0,0%,0/0,0%,0/0,0%,0,1,1,0,0,0,0,0,0,0,0,0,
BAX,2,COV,83,1,4,,0 K. Akobundu,4:37,2,1/1,100%,0/0,0%,0/0,0%,1,0,1,0,1,0,1,0,0,2,0,-2,1
BAX,2,COV,83,1,4,,2 H. Benitez,4:59,3,0/0,0%,1/1,100%,0/0,0%,0,0,0,0,0,0,0,0,0,1,0,7,2
BAX,2,COV,83,1,4,,4 M. Gaspà,5:54,0,0/0,0%,0/0,0%,0/0,0%,0,0,0,0,0,0,0,0,0,0,1,-16,1
BAX,2,COV,83,1,4,1,8 A. Reyes,4:21,1,0/1,0%,0/2,0%,1/2,50%,0,1,1,0,0,0,0,0,0,1,1,2,-2
BAX,2,COV,83,1,4,,11 A. Ubal,3:46,0,0/1,0%,0/0,0%,0/0,0%,0,0,0,0,0,0,0,0,0,0,0,1,-1
BAX,2,COV,83,1,4,1,12 M. Steinbergs,7:14,2,1/1,100%,0/2,0%,0/0,0%,1,2,3,0,0,0,1,0,0,0,0,-8,4
BAX,2,COV,83,1,4,,19 L. Olinde,2:40,0,0/1,0%,0/0,0%,0/0,0%,0,0,0,0,0,0,1,0,0,0,0,0,0
BAX,2,COV,83,1,4,1,32 R. Obasohan,5:45,3,1/1,100%,0/0,0%,1/2,50%,0,0,0,1,2,0,0,0,0,1,1,-5,1
BAX,2,COV,83,1,4,1,33 G. Golden,3:24,0,0/1,0%,0/0,0%,0/0,0%,0,1,1,1,0,0,1,0,0,1,0,3,1
BAX,2,COV,83,1,4,,47 A. Izaw-Bolavie,1:53,0,0/0,0%,0/0,0%,0/0,0%,0,1,1,0,0,0,0,0,0,0,0,-9,1
BAX,2,COV,83,1,4,1,55 D. Pérez,2:26,3,1/1,100%,0/0,0%,1/1,100%,0,0,0,0,1,0,0,0,0,0,1,1,3
BAX,2,COV,83,1,4,,99 A. Plummer,3:01,0,0/0,0%,0/1,0%,0/0,0%,0,0,0,0,0,0,0,0,0,0,0,-4,-1
BAX,2,COV,83,1,4,,Equipo,,0,0/0,0%,0/0,0%,0/0,0%,0,2,2,0,0,1,0,0,0,0,0,0,
COV,2,BAX,68,0,1,,2 J. Rousselle,4:39,0,0/1,0%,0/1,0%,0/0,0%,0,0,0,0,0,1,0,0,0,0,0,-3,-1
COV,2,BAX,68,0,1,1,3 M. Speight,5:21,0,0/1,0%,0/1,0%,0/0,0%,0,0,0,0,1,0,0,0,0,0,0,-6,-3
COV,2,BAX,68,0,1,,7 B. Olumuyiwa,3:56,2,1/2,50%,0/0,0%,0/0,0%,2,0,2,0,0,0,1,0,0,1,0,-1,3
COV,2,BAX,68,0,1,1,11 E. Valtonen,1:54,0,0/0,0%,0/1,0%,0/0,0%,0,0,0,0,1,0,0,0,0,2,0,-5,-4
COV,2,BAX,68,0,1,1,13 M. Thomas,6:42,3,0/1,0%,1/2,50%,0/0,0%,0,0,0,0,1,0,0,0,0,0,1,-8,1
COV,2,BAX,68,0,1,,15 I. Aurrecoechea,0:00,0,0/0,0%,0/0,0%,0/0,0%,0,0,0,0,0,0,0,0,0,0,0,0,0
COV,2,BAX,68,0,1,,16 E. Durán,1:58,0,0/0,0%,0/0,0%,0/0,0%,0,0,0,0,0,0,0,0,0,0,0,0,0
COV,2,BAX,68,0,1,,22 T. Munnings,6:08,0,0/1,0%,0/1,0%,0/0,0%,0,1,1,0,0,0,0,0,0,1,0,-4,-2
COV,2,BAX,68,0,1,,23 J. Kljajic,3:18,2,1/2,50%,0/1,0%,0/0,0%,0,1,1,0,0,0,0,1,0,0,1,-1,1
COV,2,BAX,68,0,1,1,29 L. Bozic,5:21,2,1/2,50%,0/0,0%,0/0,0%,0,0,0,0,0,0,0,0,0,0,1,-6,2
COV,2,BAX,68,0,1,1,35 Z. Hankins,6:04,2,1/2,50%,0/0,0%,0/0,0%,2,5,7,0,1,0,0,0,0,1,0,-8,6
COV,2,BAX,68,0,1,,77 B. Burjanadze,4:39,0,0/2,0%,0/1,0%,0/0,0%,0,0,0,1,0,0,0,1,0,0,0,-3,-3
COV,2,BAX,68,0,1,,Equipo,,0,0/0,0%,0/0,0%,0/0,0%,2,1,3,0,1,0,0,0,0,0,0,0,2
COV,2,BAX,68,0,2,,2 J. Rousselle,5:16,3,0/0,0%,1/1,100%,0/0,0%,0,1,1,0,1,1,0,0,0,2,0,0,2
COV,2,BAX,68,0,2,1,3 M. Speight,8:01,2,1/4,25%,0/1,0%,0/0,0%,0,1,1,1,1,0,0,0,0,0,0,-8,-1
COV,2,BAX,68,0,2,,7 B. Olumuyiwa,4:20,0,0/0,0%,0/0,0%,0/0,0%,0,3,3,0,0,0,0,0,0,0,0,0,3
COV,2,BAX,68,0,2,1,11 E. Valtonen,0:00,0,0/0,0%,0/0,0%,0/0,0%,0,0,0,0,0,0,0,0,0,0,0,0,0
COV,2,BAX,68,0,2,1,13 M. Thomas,6:43,2,1/3,33%,0/1,0%,0/0,0%,2,0,2,0,0,0,0,0,0,1,0,-8,0
COV,2,BAX,68,0,2,,15 I. Aurrecoechea,3:03,0,0/1,0%,0/0,0%,0/0,0%,2,1,3,0,1,0,0,0,0,1,0,-6,0
COV,2,BAX,68,0,2,,16 E. Durán,0:00,0,0/0,0%,0/0,0%,0/0,0%,0,0,0,0,0,0,0,0,0,0,0,0,0
COV,2,BAX,68,0,2,,22 T. Munnings,4:47,0,0/0,0%,0/1,0%,0/0,0%,1,0,1,1,0,0,0,0,0,0,0,-4,1
COV,2,BAX,68,0,2,,23 J. Kljajic,5:13,0,0/2,0%,0/1,0%,0/0,0%,0,0,0,0,1,0,0,1,0,1,1,-4,-5
COV,2,BAX,68,0,2,1,29 L. Bozic,9:08,4,1/1,100%,0/0,0%,2/2,100%,0,2,2,0,0,0,0,0,0,0,3,-8,9
COV,2,BAX,68,0,2,1,35 Z. Hankins,2:37,0,0/0,0%,0/0,0%,0/0,0%,0,0,0,0,1,0,0,0,0,1,0,-2,-2
COV,2,BAX,68,0,2,,77 B. Burjanadze,0:52,2,1/1,100%,0/0,0%,0/0,0%,0,0,0,0,0,0,0,0,0,0,0,0,2
COV,2,BAX,68,0,2,,Equipo,,0,0/0,0%,0/0,0%,0/0,0%,0,0,0,0,0,0,0,0,0,0,0,0,
COV,2,BAX,68,0,3,,2 J. Rousselle,5:24,3,1/3,33%,0/0,0%,1/2,50%,0,0,0,2,0,0,0,0,0,1,1,7,2
COV,2,BAX,68,0,3,1,3 M. Speight,4:36,0,0/0,0%,0/0,0%,0/0,0%,0,0,0,0,0,0,0,0,0,1,0,-11,-1
COV,2,BAX,68,0,3,,7 B. Olumuyiwa,3:33,2,1/2,50%,0/0,0%,0/0,0%,0,0,0,0,1,0,0,0,0,1,0,-10,-1
COV,2,BAX,68,0,3,1,11 E. Valtonen,7:18,3,1/1,100%,0/2,0%,1/2,50%,0,1,1,0,0,0,0,0,0,0,1,-2,2
COV,2,BAX,68,0,3,1,13 M. Thomas,8:49,4,0/0,0%,1/1,100%,1/2,50%,0,0,0,0,0,0,0,0,0,0,2,-4,5
COV,2,BAX,68,0,3,,15 I. Aurrecoechea,0:00,0,0/0,0%,0/0,0%,0/0,0%,0,0,0,0,0,0,0,0,0,0,0,0,0
COV,2,BAX,68,0,3,,16 E. Durán,0:00,0,0/0,0%,0/0,0%,0/0,0%,0,0,0,0,0,0,0,0,0,0,0,0,0
COV,2,BAX,68,0,3,,22 T. Munnings,0:00,0,0/0,0%,0/0,0%,0/0,0%,0,0,0,0,0,0,0,0,0,0,0,0,0
COV,2,BAX,68,0,3,,23 J. Kljajic,3:53,2,0/1,0%,0/0,0%,2/2,100%,0,2,2,1,1,0,0,0,0,0,1,-2,4
COV,2,BAX,68,0,3,1,29 L. Bozic,6:07,2,1/1,100%,0/1,0%,0/0,0%,0,1,1,0,0,1,0,0,0,1,1,-2,3
COV,2,BAX,68,0,3,1,35 Z. Hankins,6:27,4,2/2,100%,0/0,0%,0/0,0%,0,3,3,0,0,0,0,0,0,0,0,6,7
COV,2,BAX,68,0,3,,77 B. Burjanadze,3:53,4,1/1,100%,0/0,0%,2/2,100%,0,1,1,0,1,0,0,0,0,1,1,-2,4
COV,2,BAX,68,0,3,,Equipo,,0,0/0,0%,0/0,0%,0/0,0%,1,0,1,0,0,0,0,0,0,0,0,0,
COV,2,BAX,68,0,4,,2 J. Rousselle,7:20,0,0/0,0%,0/2,0%,0/0,0%,0,0,0,1,0,1,0,1,0,1,0,6,-2
COV,2,BAX,68,0,4,1,3 M. Speight,0:00,0,0/0,0%,0/0,0%,0/0,0%,0,0,0,0,0,0,0,0,0,0,0,0,0
COV,2,BAX,68,0,4,,7 B. Olumuyiwa,0:00,0,0/0,0%,0/0,0%,0/0,0%,1,0,1,0,0,0,0,0,0,0,0,0,1
COV,2,BAX,68,0,4,1,11 E. Valtonen,8:22,6,1/1,100%,1/2,50%,1/2,50%,2,2,4,0,0,0,0,0,0,1,1,7,8
COV,2,BAX,68,0,4,1,13 M. Thomas,6:05,5,0/1,0%,1/1,100%,2/2,100%,0,2,2,0,0,0,0,0,0,1,1,8,6
COV,2,BAX,68,0,4,,15 I. Aurrecoechea,3:04,0,0/0,0%,0/0,0%,0/0,0%,1,0,1,0,0,0,0,0,0,0,1,-6,2
COV,2,BAX,68,0,4,,16 E. Durán,0:00,0,0/0,0%,0/0,0%,0/0,0%,0,0,0,0,0,0,0,0,0,0,0,0,0
COV,2,BAX,68,0,4,,22 T. Munnings,3:12,0,0/0,0%,0/0,0%,0/0,0%,0,0,0,0,0,1,0,0,0,0,0,-2,1
COV,2,BAX,68,0,4,,23 J. Kljajic,5:01,0,0/2,0%,0/2,0%,0/0,0%,0,1,1,2,0,0,0,0,0,0,1,-1,0
COV,2,BAX,68,0,4,1,29 L. Bozic,6:23,2,1/5,20%,0/0,0%,0/0,0%,1,0,1,0,0,0,0,2,0,0,1,-5,-2
COV,2,BAX,68,0,4,1,35 Z. Hankins,6:50,4,2/5,40%,0/0,0%,0/0,0%,1,2,3,0,1,0,0,1,0,1,0,14,1
COV,2,BAX,68,0,4,,77 B. Burjanadze,3:43,3,0/1,0%,1/1,100%,0/1,0%,0,1,1,1,0,1,0,0,0,0,1,9,5
COV,2,BAX,68,0,4,,Equipo,,0,0/0,0%,0/0,0%,0/0,0%,4,0,4,0,1,0,0,0,0,0,0,0,
JOV,2,CAZ,89,1,1,1,0 H. Drell,2:44,0,0/0,0%,0/1,0%,0/0,0%,0,1,1,0,0,0,0,0,0,2,0,0,-2
JOV,2,CAZ,89,1,1,,1 Y. Kraag,5:48,0,0/0,0%,0/0,0%,0/0,0%,0,0,0,0,0,0,0,0,0,0,0,3,0
JOV,2,CAZ,89,1,1,,9 R. Rubio,3:40,4,0/2,0%,1/1,100%,1/2,50%,0,0,0,0,1,0,0,1,0,0,1,0,0
JOV,2,CAZ,89,1,1,1,12 L. Hakanson,4:43,0,0/0,0%,0/1,0%,0/0,0%,0,0,0,1,0,0,0,0,0,0,0,3,0
JOV,2,CAZ,89,1,1,,16 G. Vives,5:17,5,1/1,100%,1/1,100%,0/0,0%,0,0,0,0,0,1,0,0,0,0,0,2,6
JOV,2,CAZ,89,1,1,,17 S. Dekker,3:36,0,0/0,0%,0/0,0%,0/0,0%,0,1,1,0,0,0,0,0,0,1,0,0,0
JOV,2,CAZ,89,1,1,,21 M. Allen,3:40,0,0/1,0%,0/1,0%,0/2,0%,0,1,1,0,0,0,0,0,0,0,1,5,-2
JOV,2,CAZ,89,1,1,1,24 C. Hunt,6:20,10,2/2,100%,2/4,50%,0/0,0%,0,0,0,1,0,0,0,0,0,1,1,5,9
JOV,2,CAZ,89,1,1,1,35 S. Birgander,6:20,0,0/0,0%,0/0,0%,0/0,0%,1,3,4,0,0,1,0,0,0,0,0,5,5
JOV,2,CAZ,89,1,1,,44 A. Tomic,3:40,5,2/3,67%,0/0,0%,1/1,100%,2,2,4,2,0,0,0,0,0,0,1,0,11
JOV,2,CAZ,89,1,1,1,88 A. Hanga,4:12,0,0/0,0%,0/0,0%,0/0,0%,0,0,0,0,0,0,0,0,0,2,0,2,-2
JOV,2,CAZ,89,1,1,,Equipo,,0,0/0,0%,0/0,0%,0/0,0%,0,0,0,0,0,0,0,0,0,0,0,0,0
JOV,2,CAZ,89,1,2,1,0 H. Drell,0:58,0,0/0,0%,0/0,0%,0/0,0%,0,0,0,0,1,0,0,0,0,1,0,-1,-2
JOV,2,CAZ,89,1,2,,1 Y. Kraag,8:39,6,1/2,50%,1/1,100%,1/2,50%,1,0,1,0,0,0,1,0,0,0,1,-1,7
JOV,2,CAZ,89,1,2,,9 R. Rubio,4:58,3,1/1,100%,0/2,0%,1/1,100%,0,0,0,3,0,0,0,0,0,1,1,-6,4
JOV,2,CAZ,89,1,2,1,12 L. Hakanson,4:43,4,2/3,67%,0/0,0%,0/0,0%,0,0,0,1,0,0,0,0,0,0,0,-1,4
JOV,2,CAZ,89,1,2,,16 G. Vives,4:29,3,0/0,0%,1/1,100%,0/0,0%,0,0,0,0,0,0,0,0,0,1,0,0,2
JOV,2,CAZ,89,1,2,,17 S. Dekker,5:31,0,0/0,0%,0/1,0%,0/0,0%,0,0,0,0,0,0,0,0,0,0,0,-3,-1
JOV,2,CAZ,89,1,2,,21 M. Allen,0:00,0,0/0,0%,0/0,0%,0/0,0%,0,0,0,0,0,0,0,0,0,0,0,0,0
JOV,2,CAZ,89,1,2,1,24 C. Hunt,6:23,2,0/1,0%,0/1,0%,2/2,100%,1,0,1,1,0,0,0,1,0,1,1,1,1
JOV,2,CAZ,89,1,2,1,35 S. Birgander,4:35,4,2/2,100%,0/0,0%,0/0,0%,1,3,4,0,0,0,0,0,0,1,0,2,7
JOV,2,CAZ,89,1,2,,44 A. Tomic,5:25,2,1/3,33%,0/0,0%,0/0,0%,0,0,0,1,1,0,1,0,0,2,0,-5,-1
JOV,2,CAZ,89,1,2,1,88 A. Hanga,4:19,2,1/1,100%,0/1,0%,0/0,0%,1,1,2,0,0,0,0,0,0,0,1,-1,4
JOV,2,CAZ,89,1,2,,Equipo,,0,0/0,0%,0/0,0%,0/0,0%,0,1,1,0,0,0,0,0,0,0,0,0,
JOV,2,CAZ,89,1,3,1,0 H. Drell,5:34,2,1/2,50%,0/0,0%,0/0,0%,0,1,1,0,0,0,0,0,1,0,1,1,3
JOV,2,CAZ,89,1,3,,1 Y. Kraag,4:26,2,1/1,100%,0/0,0%,0/0,0%,0,0,0,0,0,0,0,0,0,1,0,3,1
JOV,2,CAZ,89,1,3,,9 R. Rubio,4:26,2,1/1,100%,0/1,0%,0/0,0%,0,1,1,1,0,0,1,0,0,1,0,3,3
JOV,2,CAZ,89,1,3,1,12 L. Hakanson,6:09,2,1/2,50%,0/1,0%,0/0,0%,0,0,0,0,0,0,0,0,0,1,0,-1,-1
JOV,2,CAZ,89,1,3,,16 G. Vives,2:57,0,0/0,0%,0/0,0%,0/0,0%,0,0,0,0,0,0,0,0,0,0,0,3,0
JOV,2,CAZ,89,1,3,,17 S. Dekker,4:26,2,1/1,100%,0/1,0%,0/0,0%,0,0,0,0,0,1,0,0,1,0,0,3,2
JOV,2,CAZ,89,1,3,,21 M. Allen,0:00,0,0/0,0%,0/0,0%,0/0,0%,0,0,0,0,0,0,0,0,0,0,0,0,0
JOV,2,CAZ,89,1,3,1,24 C. Hunt,6:28,5,2/3,67%,0/0,0%,1/1,100%,0,0,0,2,1,0,0,0,0,0,1,3,6
JOV,2,CAZ,89,1,3,1,35 S. Birgander,4:15,2,1/1,100%,0/0,0%,0/1,0%,0,0,0,0,0,0,0,0,0,1,1,1,1
JOV,2,CAZ,89,1,3,,44 A. Tomic,5:45,4,2/3,67%,0/0,0%,0/0,0%,3,1,4,1,0,0,0,0,0,0,0,3,8
JOV,2,CAZ,89,1,3,1,88 A. Hanga,5:34,0,0/1,0%,0/0,0%,0/0,0%,0,2,2,0,0,0,1,0,0,1,1,1,2
JOV,2,CAZ,89,1,3,,Equipo,,0,0/0,0%,0/0,0%,0/0,0%,0,2,2,0,0,0,0,0,0,0,0,0,
JOV,2,CAZ,89,1,4,1,0 H. Drell,6:16,0,0/0,0%,0/1,0%,0/0,0%,0,0,0,0,1,0,0,0,0,0,1,-5,-1
JOV,2,CAZ,89,1,4,,1 Y. Kraag,5:03,0,0/0,0%,0/0,0%,0/0,0%,0,2,2,0,0,0,0,0,0,1,0,-2,1
JOV,2,CAZ,89,1,4,,9 R. Rubio,6:19,3,1/3,33%,0/1,0%,1/2,50%,0,0,0,3,0,1,0,0,0,2,1,6,2
JOV,2,CAZ,89,1,4,1,12 L. Hakanson,3:15,5,1/2,50%,1/1,100%,0/0,0%,0,0,0,0,1,0,0,1,0,1,0,-1,1
JOV,2,CAZ,89,1,4,,16 G. Vives,3:43,0,0/0,0%,0/1,0%,0/0,0%,0,1,1,0,0,0,0,0,0,0,0,-9,0
JOV,2,CAZ,89,1,4,,17 S. Dekker,2:42,0,0/0,0%,0/1,0%,0/0,0%,1,1,2,0,0,0,0,0,0,0,0,1,1
JOV,2,CAZ,89,1,4,,21 M. Allen,0:00,0,0/0,0%,0/0,0%,0/0,0%,0,0,0,0,0,0,0,0,0,0,0,0,0
JOV,2,CAZ,89,1,4,1,24 C. Hunt,6:43,2,0/1,0%,0/0,0%,2/2,100%,0,0,0,1,1,1,0,0,0,1,2,-2,3
JOV,2,CAZ,89,1,4,1,35 S. Birgander,3:15,0,0/1,0%,0/0,0%,0/0,0%,0,1,1,0,0,0,0,0,0,0,0,-1,0
JOV,2,CAZ,89,1,4,,44 A. Tomic,6:45,8,4/4,100%,0/0,0%,0/0,0%,0,1,1,0,0,0,0,0,0,1,1,-2,9
JOV,2,CAZ,89,1,4,1,88 A. Hanga,5:59,0,0/0,0%,0/0,0%,0/0,0%,0,0,0,0,0,0,0,0,0,1,1,0,0
JOV,2,CAZ,89,1,4,,Equipo,,0,0/0,0%,0/0,0%,0/0,0%,0,2,2,0,1,0,0,0,0,0,0,0,
CAZ,2,JOV,86,0,1,1,00 D. Robinson,8:21,3,0/1,0%,0/0,0%,3/4,75%,0,2,2,0,0,0,0,0,0,1,2,-1,4
CAZ,2,JOV,86,0,1,,0 M. Spissu,3:40,5,1/1,100%,1/2,50%,0/0,0%,0,0,0,0,0,1,0,0,0,0,0,0,5
CAZ,2,JOV,86,0,1,1,2 T. Bell-Haynes,6:20,2,1/3,33%,0/1,0%,0/0,0%,0,0,0,2,3,0,0,0,0,0,0,-5,-2
CAZ,2,JOV,86,0,1,,3 E. Stevenson,0:00,0,0/0,0%,0/0,0%,0/0,0%,0,0,0,0,0,0,0,0,0,0,0,0,0
CAZ,2,JOV,86,0,1,1,4 S. Yusta,6:20,5,0/0,0%,1/1,100%,2/2,100%,0,2,2,0,0,0,0,0,0,0,4,-3,11
CAZ,2,JOV,86,0,1,,5 L. Langarita,0:00,0,0/0,0%,0/0,0%,0/0,0%,0,0,0,0,0,0,0,0,0,0,0,0,0
CAZ,2,JOV,86,0,1,,7 M. González,6:05,0,0/0,0%,0/2,0%,0/0,0%,0,1,1,0,0,0,1,0,0,0,0,-3,0
CAZ,2,JOV,86,0,1,,10 J. Fernández,0:00,0,0/0,0%,0/0,0%,0/0,0%,0,0,0,0,0,0,0,0,0,0,0,0,0
CAZ,2,JOV,86,0,1,,12 J. Soriano,3:40,2,1/2,50%,0/0,0%,0/0,0%,1,0,1,0,0,0,0,0,0,1,0,0,1
CAZ,2,JOV,86,0,1,1,14 B. Dubljevic,6:20,0,0/0,0%,0/1,0%,0/0,0%,0,1,1,0,0,0,0,0,0,0,0,-5,0
CAZ,2,JOV,86,0,1,,15 J. Rodríguez,3:40,0,0/0,0%,0/1,0%,0/0,0%,0,0,0,1,0,0,0,0,0,1,0,-2,-1
CAZ,2,JOV,86,0,1,1,20 D.J. Stephens,5:34,2,1/1,100%,0/0,0%,0/0,0%,1,1,2,0,0,0,0,0,1,1,0,-6,3
CAZ,2,JOV,86,0,1,,Equipo,,0,0/0,0%,0/0,0%,0/0,0%,0,0,0,0,0,0,0,0,0,0,0,0,0
CAZ,2,JOV,86,0,2,,0 M. Spissu,2:56,0,0/0,0%,0/0,0%,0/0,0%,0,0,0,0,0,0,0,0,0,0,0,-2,0
CAZ,2,JOV,86,0,2,1,00 D. Robinson,6:33,2,1/2,50%,0/0,0%,0/0,0%,0,0,0,1,0,0,0,0,0,1,0,4,1
CAZ,2,JOV,86,0,2,1,2 T. Bell-Haynes,7:04,6,0/0,0%,0/1,0%,6/6,100%,0,0,0,1,0,0,0,0,0,1,3,5,8
CAZ,2,JOV,86,0,2,,3 E. Stevenson,7:57,9,0/2,0%,3/4,75%,0/0,0%,0,1,1,1,0,0,0,1,0,1,0,7,6
CAZ,2,JOV,86,0,2,1,4 S. Yusta,6:33,2,0/0,0%,0/0,0%,2/2,100%,1,1,2,1,0,0,0,0,0,0,2,4,7
CAZ,2,JOV,86,0,2,,5 L. Langarita,0:00,0,0/0,0%,0/0,0%,0/0,0%,0,0,0,0,0,0,0,0,0,0,0,0,0
CAZ,2,JOV,86,0,2,,7 M. González,3:27,0,0/0,0%,0/0,0%,0/0,0%,0,0,0,0,0,0,0,0,0,0,0,-1,0
CAZ,2,JOV,86,0,2,,10 J. Fernández,0:00,0,0/0,0%,0/0,0%,0/0,0%,0,0,0,0,0,0,0,0,0,0,0,0,0
CAZ,2,JOV,86,0,2,,12 J. Soriano,2:56,2,1/2,50%,0/0,0%,0/0,0%,1,0,1,0,0,0,0,0,0,0,0,0,2
CAZ,2,JOV,86,0,2,1,14 B. Dubljevic,7:04,6,2/2,100%,0/0,0%,2/2,100%,0,1,1,2,1,0,0,0,0,0,1,3,9
CAZ,2,JOV,86,0,2,,15 J. Rodríguez,2:03,2,1/1,100%,0/0,0%,0/0,0%,0,1,1,0,0,0,1,0,0,1,0,-4,3
CAZ,2,JOV,86,0,2,1,20 D.J. Stephens,3:27,0,0/0,0%,0/1,0%,0/0,0%,0,0,0,0,0,0,0,0,0,0,1,-1,0
CAZ,2,JOV,86,0,2,,Equipo,,0,0/0,0%,0/0,0%,0/0,0%,0,1,1,0,0,0,0,0,0,0,0,0,
CAZ,2,JOV,86,0,3,1,00 D. Robinson,2:09,3,0/0,0%,1/2,50%,0/0,0%,0,0,0,0,0,0,0,0,0,1,0,2,1
CAZ,2,JOV,86,0,3,,0 M. Spissu,6:41,0,0/1,0%,0/1,0%,0/0,0%,0,0,0,1,0,0,0,1,0,0,0,-6,-2
CAZ,2,JOV,86,0,3,1,2 T. Bell-Haynes,3:19,2,1/2,50%,0/0,0%,0/0,0%,1,0,1,3,0,0,0,0,0,0,1,2,6
CAZ,2,JOV,86,0,3,,3 E. Stevenson,4:26,2,1/1,100%,0/1,0%,0/0,0%,0,0,0,0,1,0,0,0,0,0,0,-3,0
CAZ,2,JOV,86,0,3,1,4 S. Yusta,8:16,7,1/4,25%,1/3,33%,2/2,100%,1,0,1,1,0,0,0,1,0,1,1,-3,3
CAZ,2,JOV,86,0,3,,5 L. Langarita,0:00,0,0/0,0%,0/0,0%,0/0,0%,0,0,0,0,0,0,0,0,0,0,0,0,0
CAZ,2,JOV,86,0,3,,7 M. González,7:51,3,0/1,0%,1/1,100%,0/0,0%,1,2,3,0,0,0,0,0,0,1,0,-6,4
CAZ,2,JOV,86,0,3,,10 J. Fernández,0:00,0,0/0,0%,0/0,0%,0/0,0%,0,0,0,0,0,0,0,0,0,0,0,0,0
CAZ,2,JOV,86,0,3,,12 J. Soriano,5:34,0,0/2,0%,0/0,0%,0/2,0%,2,3,5,0,0,0,0,0,0,1,2,-1,2
CAZ,2,JOV,86,0,3,1,14 B. Dubljevic,4:26,0,0/0,0%,0/0,0%,0/0,0%,0,0,0,0,0,0,0,0,0,0,1,-3,1
CAZ,2,JOV,86,0,3,,15 J. Rodríguez,1:44,0,0/0,0%,0/1,0%,0/0,0%,1,0,1,0,0,0,0,0,0,0,0,-1,0
CAZ,2,JOV,86,0,3,1,20 D.J. Stephens,5:34,0,0/1,0%,0/0,0%,0/0,0%,0,0,0,0,0,0,0,0,0,0,0,-1,-1
CAZ,2,JOV,86,0,3,,Equipo,,0,0/0,0%,0/0,0%,0/0,0%,2,1,3,0,0,0,0,0,0,0,0,0,
CAZ,2,JOV,86,0,4,1,00 D. Robinson,9:00,3,1/5,20%,0/0,0%,1/2,50%,0,1,1,0,2,0,0,0,1,1,1,6,-3
CAZ,2,JOV,86,0,4,,0 M. Spissu,0:00,0,0/0,0%,0/0,0%,0/0,0%,0,0,0,0,0,0,0,0,0,0,0,0,0
CAZ,2,JOV,86,0,4,1,2 T. Bell-Haynes,10:00,5,2/3,67%,0/1,0%,1/1,100%,1,0,1,2,0,1,0,0,0,1,2,3,8
CAZ,2,JOV,86,0,4,,3 E. Stevenson,5:39,7,1/1,100%,1/3,33%,2/2,100%,0,2,2,1,0,1,0,0,1,0,1,7,10
CAZ,2,JOV,86,0,4,1,4 S. Yusta,6:45,2,0/0,0%,0/0,0%,2/3,67%,0,2,2,1,0,1,1,0,0,0,1,2,7
CAZ,2,JOV,86,0,4,,5 L. Langarita,0:00,0,0/0,0%,0/0,0%,0/0,0%,0,0,0,0,0,0,0,0,0,0,0,0,0
CAZ,2,JOV,86,0,4,,7 M. González,1:00,0,0/0,0%,0/0,0%,0/0,0%,0,0,0,0,0,0,0,0,0,0,0,-3,0
CAZ,2,JOV,86,0,4,,10 J. Fernández,0:00,0,0/0,0%,0/0,0%,0/0,0%,0,0,0,0,0,0,0,0,0,0,0,0,0
CAZ,2,JOV,86,0,4,,12 J. Soriano,3:35,0,0/0,0%,0/0,0%,0/0,0%,0,0,0,0,1,0,0,0,0,1,0,-6,-2
CAZ,2,JOV,86,0,4,1,14 B. Dubljevic,6:25,2,1/2,50%,0/1,0%,0/1,0%,2,0,2,1,0,0,1,0,0,1,1,9,3
CAZ,2,JOV,86,0,4,,15 J. Rodríguez,7:36,2,1/1,100%,0/0,0%,0/0,0%,0,3,3,0,0,0,0,0,0,2,0,-3,3
CAZ,2,JOV,86,0,4,1,20 D.J. Stephens,0:00,0,0/0,0%,0/0,0%,0/0,0%,0,0,0,0,0,0,0,0,0,0,0,0,0
CAZ,2,JOV,86,0,4,,Equipo,,0,0/0,0%,0/0,0%,0/0,0%,0,0,0,0,0,0,0,0,0,0,0,0,0
BAR,2,HIO,86,1,1,,0 K. Punter,2:51,3,0/0,0%,0/0,0%,3/3,100%,0,0,0,0,0,0,0,0,0,0,1,-2,4
BAR,2,HIO,86,1,1,,2 J. Marcos,4:50,3,0/0,0%,1/2,50%,0/0,0%,0,0,0,0,0,0,0,0,0,2,0,-5,0
BAR,2,HIO,86,1,1,,3 M. Cale,7:09,2,1/2,50%,0/1,0%,0/0,0%,2,1,3,0,1,1,0,0,0,0,0,-2,3
BAR,2,HIO,86,1,1,,6 J. Vesely,4:24,0,0/1,0%,0/1,0%,0/0,0%,0,1,1,0,2,2,0,0,0,1,0,2,-2
BAR,2,HIO,86,1,1,,8 D. Brizuela,7:09,5,1/3,33%,1/2,50%,0/0,0%,0,0,0,1,0,1,1,0,0,1,1,-2,5
BAR,2,HIO,86,1,1,,13 T. Satoransky,4:24,0,0/0,0%,0/0,0%,0/0,0%,0,0,0,1,0,0,0,0,0,0,2,2,3
BAR,2,HIO,86,1,1,,14 W. Hernangómez,0:00,0,0/0,0%,0/0,0%,0/0,0%,0,0,0,0,0,0,0,0,0,0,0,0,0
BAR,2,HIO,86,1,1,,19 Y. Fall,5:25,2,0/0,0%,0/0,0%,2/2,100%,0,0,0,0,0,0,0,0,0,0,1,-5,3
BAR,2,HIO,86,1,1,,21 W. Clyburn,2:51,2,1/2,50%,0/0,0%,0/0,0%,0,1,1,0,0,0,0,0,0,0,0,-2,2
BAR,2,HIO,86,1,1,,23 T. Shengelia,5:31,2,1/1,100%,0/1,0%,0/0,0%,0,0,0,2,0,0,0,0,0,0,1,2,4
BAR,2,HIO,86,1,1,,43 N. Kusturica,0:46,0,0/0,0%,0/0,0%,0/0,0%,0,0,0,0,0,0,0,0,0,0,0,-1,0
BAR,2,HIO,86,1,1,,44 J. Parra,4:40,2,1/2,50%,0/0,0%,0/0,0%,0,1,1,0,0,0,1,0,0,0,0,-7,3
BAR,2,HIO,86,1,1,,Equipo,,0,0/0,0%,0/0,0%,0/0,0%,0,0,0,0,0,0,0,0,0,0,0,0,0
BAR,2,HIO,86,1,2,,0 K. Punter,7:07,5,1/2,50%,1/2,50%,0/0,0%,0,1,1,1,1,0,0,0,0,1,0,-5,3
BAR,2,HIO,86,1,2,,2 J. Marcos,0:00,0,0/0,0%,0/0,0%,0/0,0%,0,0,0,0,0,0,0,0,0,0,0,0,0
BAR,2,HIO,86,1,2,1,3 M. Cale,5:56,2,1/1,100%,0/0,0%,0/0,0%,0,2,2,0,0,0,0,0,0,0,0,4,4
BAR,2,HIO,86,1,2,1,6 J. Vesely,0:00,0,0/0,0%,0/0,0%,0/0,0%,0,0,0,0,0,0,0,0,0,0,0,0,0
BAR,2,HIO,86,1,2,1,8 D. Brizuela,3:51,0,0/0,0%,0/0,0%,0/0,0%,0,0,0,2,0,0,0,0,0,1,0,6,1
BAR,2,HIO,86,1,2,1,13 T. Satoransky,8:40,3,0/1,0%,1/3,33%,0/0,0%,1,0,1,1,0,1,0,0,0,1,0,-2,2
BAR,2,HIO,86,1,2,,14 W. Hernangómez,7:14,3,1/2,50%,0/0,0%,1/2,50%,0,0,0,0,2,0,1,0,0,2,4,1,2
BAR,2,HIO,86,1,2,,19 Y. Fall,2:46,0,0/0,0%,0/0,0%,0/0,0%,0,0,0,0,0,0,0,0,0,3,0,-2,-3
BAR,2,HIO,86,1,2,,21 W. Clyburn,4:26,0,0/0,0%,0/0,0%,0/0,0%,0,1,1,0,0,0,0,0,0,0,0,-6,1
BAR,2,HIO,86,1,2,1,23 T. Shengelia,4:21,5,2/2,100%,0/0,0%,1/1,100%,0,1,1,0,1,0,0,0,0,2,1,3,4
BAR,2,HIO,86,1,2,,43 N. Kusturica,0:00,0,0/0,0%,0/0,0%,0/0,0%,0,0,0,0,0,0,0,0,0,0,0,0,0
BAR,2,HIO,86,1,2,,44 J. Parra,5:39,4,0/0,0%,1/2,50%,1/2,50%,0,2,2,0,0,0,0,0,0,0,1,-4,5
BAR,2,HIO,86,1,2,,Equipo,,0,0/0,0%,0/0,0%,0/0,0%,0,0,0,0,1,0,0,0,0,0,0,0,
BAR,2,HIO,86,1,3,,0 K. Punter,4:02,4,2/2,100%,0/1,0%,0/0,0%,0,0,0,0,0,0,0,0,0,0,0,0,3
BAR,2,HIO,86,1,3,,2 J. Marcos,6:40,0,0/1,0%,0/0,0%,0/0,0%,0,1,1,1,0,0,1,0,0,1,0,7,1
BAR,2,HIO,86,1,3,1,3 M. Cale,4:02,0,0/0,0%,0/1,0%,0/0,0%,0,1,1,0,0,0,0,0,0,0,0,0,0
BAR,2,HIO,86,1,3,1,6 J. Vesely,0:00,0,0/0,0%,0/0,0%,0/0,0%,0,0,0,0,0,0,0,0,0,0,0,0,0
BAR,2,HIO,86,1,3,1,8 D. Brizuela,5:58,3,0/1,0%,1/2,50%,0/0,0%,0,1,1,1,0,0,0,0,0,0,2,7,5
BAR,2,HIO,86,1,3,1,13 T. Satoransky,3:20,3,0/0,0%,1/2,50%,0/0,0%,0,0,0,0,0,0,0,0,0,0,0,0,2
BAR,2,HIO,86,1,3,,14 W. Hernangómez,4:11,0,0/0,0%,0/0,0%,0/0,0%,0,1,1,0,1,0,0,0,0,1,0,1,-1
BAR,2,HIO,86,1,3,,19 Y. Fall,5:49,0,0/3,0%,0/0,0%,0/0,0%,4,1,5,0,1,0,0,1,0,0,0,6,0
BAR,2,HIO,86,1,3,,21 W. Clyburn,5:58,5,1/2,50%,1/1,100%,0/0,0%,0,2,2,0,0,0,0,1,0,1,0,7,4
BAR,2,HIO,86,1,3,1,23 T. Shengelia,4:59,5,1/1,100%,0/0,0%,3/4,75%,1,1,2,1,0,1,0,0,0,1,3,4,10
BAR,2,HIO,86,1,3,,43 N. Kusturica,0:00,0,0/0,0%,0/0,0%,0/0,0%,0,0,0,0,0,0,0,0,0,0,0,0,0
BAR,2,HIO,86,1,3,,44 J. Parra,5:01,2,1/1,100%,0/0,0%,0/2,0%,0,1,1,0,1,0,0,0,0,0,1,3,1
BAR,2,HIO,86,1,3,,Equipo,,0,0/0,0%,0/0,0%,0/0,0%,0,1,1,0,1,0,0,0,0,1,0,0,
BAR,2,HIO,86,1,4,,0 K. Punter,5:24,2,1/1,100%,0/0,0%,0/1,0%,0,0,0,0,0,0,0,0,0,0,1,-7,2
BAR,2,HIO,86,1,4,,2 J. Marcos,1:12,0,0/0,0%,0/0,0%,0/0,0%,0,0,0,0,0,0,0,0,0,0,0,-5,0
BAR,2,HIO,86,1,4,1,3 M. Cale,1:12,0,0/0,0%,0/0,0%,0/0,0%,0,0,0,0,0,0,0,0,0,0,0,-5,0
BAR,2,HIO,86,1,4,1,6 J. Vesely,0:00,0,0/0,0%,0/0,0%,0/0,0%,0,0,0,0,0,0,0,0,0,0,0,0,0
BAR,2,HIO,86,1,4,1,8 D. Brizuela,6:19,2,1/3,33%,0/2,0%,0/0,0%,0,0,0,1,0,0,0,0,0,0,0,-1,-1
BAR,2,HIO,86,1,4,1,13 T. Satoransky,7:05,2,1/1,100%,0/0,0%,0/0,0%,0,1,1,1,1,1,0,0,0,1,0,-1,3
BAR,2,HIO,86,1,4,,14 W. Hernangómez,8:52,7,3/4,75%,0/0,0%,1/3,33%,1,1,2,0,0,2,0,1,0,1,2,-9,8
BAR,2,HIO,86,1,4,,19 Y. Fall,0:46,0,0/0,0%,0/0,0%,0/0,0%,0,1,1,0,0,0,0,0,0,1,0,0,0
BAR,2,HIO,86,1,4,,21 W. Clyburn,8:48,0,0/0,0%,0/0,0%,0/0,0%,0,0,0,2,0,0,0,0,0,2,1,-2,1
BAR,2,HIO,86,1,4,1,23 T. Shengelia,8:48,8,0/3,0%,0/1,0%,8/8,100%,0,0,0,1,0,0,0,2,0,0,4,-2,7
BAR,2,HIO,86,1,4,,43 N. Kusturica,0:00,0,0/0,0%,0/0,0%,0/0,0%,0,0,0,0,0,0,0,0,0,0,0,0,0
BAR,2,HIO,86,1,4,,44 J. Parra,1:34,0,0/0,0%,0/1,0%,0/0,0%,0,0,0,0,1,0,0,0,0,0,0,-3,-2
BAR,2,HIO,86,1,4,,Equipo,,0,0/0,0%,0/0,0%,0/0,0%,1,0,1,0,0,0,0,0,0,0,0,0,
HIO,2,BAR,91,0,1,,1 J. Batemon,5:36,3,0/1,0%,1/2,50%,0/0,0%,0,0,0,0,0,0,0,1,0,0,0,6,0
HIO,2,BAR,91,0,1,1,2 C. Walden,4:24,0,0/0,0%,0/1,0%,0/0,0%,0,0,0,1,0,0,0,1,0,0,0,-2,-1
HIO,2,BAR,91,0,1,1,3 M. Ejim,5:20,0,0/1,0%,0/1,0%,0/0,0%,0,1,1,0,0,0,0,0,0,0,1,-3,0
HIO,2,BAR,91,0,1,,4 C. Agada,5:36,9,3/4,75%,1/1,100%,0/0,0%,1,1,2,1,0,0,0,0,0,1,1,6,11
HIO,2,BAR,91,0,1,1,5 O. Paulí,4:24,2,0/0,0%,0/0,0%,2/2,100%,1,2,3,0,4,1,0,0,0,2,1,-2,1
HIO,2,BAR,91,0,1,1,6 K. Zoriks,4:24,3,0/0,0%,1/1,100%,0/0,0%,0,0,0,1,1,0,0,0,0,1,0,-2,2
HIO,2,BAR,91,0,1,,7 G. Golomán,0:11,0,0/0,0%,0/0,0%,0/0,0%,0,0,0,0,0,0,0,0,0,0,0,1,0
HIO,2,BAR,91,0,1,,12 A. Diagne,5:25,0,0/0,0%,0/0,0%,0/0,0%,0,0,0,0,0,0,0,0,0,1,0,5,-1
HIO,2,BAR,91,0,1,,14 M. Sanz,5:36,2,1/1,100%,0/0,0%,0/0,0%,0,1,1,0,0,0,0,0,0,0,0,6,3
HIO,2,BAR,91,0,1,,16 M. Jiménez,4:40,4,0/0,0%,1/1,100%,1/2,50%,0,2,2,0,0,0,0,0,0,1,1,7,5
HIO,2,BAR,91,0,1,,22 J. Shurna,0:00,0,0/0,0%,0/0,0%,0/0,0%,0,0,0,0,0,0,0,0,0,0,0,0,0
HIO,2,BAR,91,0,1,1,25 C. Krutwig,4:24,2,1/1,100%,0/0,0%,0/0,0%,0,0,0,0,0,1,0,0,0,0,0,-2,3
HIO,2,BAR,91,0,1,,Equipo,,0,0/0,0%,0/0,0%,0/0,0%,0,1,1,0,1,0,0,0,0,1,0,0,-1
HIO,2,BAR,91,0,2,,1 J. Batemon,5:27,4,1/2,50%,0/0,0%,2/2,100%,1,0,1,1,0,0,0,0,0,0,1,-1,6
HIO,2,BAR,91,0,2,1,2 C. Walden,5:33,0,0/1,0%,0/0,0%,0/0,0%,0,1,1,0,0,0,0,0,0,0,0,3,0
HIO,2,BAR,91,0,2,1,3 M. Ejim,5:56,6,2/4,50%,0/0,0%,2/2,100%,0,0,0,0,0,1,0,1,0,0,1,-4,5
HIO,2,BAR,91,0,2,,4 C. Agada,4:27,0,0/1,0%,0/1,0%,0/0,0%,0,2,2,0,0,0,0,0,0,1,0,-2,-1
HIO,2,BAR,91,0,2,1,5 O. Paulí,5:47,2,1/1,100%,0/1,0%,0/1,0%,0,0,0,1,0,0,0,0,0,0,0,-2,1
HIO,2,BAR,91,0,2,1,6 K. Zoriks,4:33,3,1/1,100%,0/0,0%,1/1,100%,0,0,0,0,1,0,0,0,0,0,3,2,5
HIO,2,BAR,91,0,2,,7 G. Golomán,6:24,4,0/0,0%,0/0,0%,4/4,100%,0,1,1,0,0,0,0,0,0,2,2,3,5
HIO,2,BAR,91,0,2,,12 A. Diagne,1:57,0,0/0,0%,0/0,0%,0/0,0%,0,0,0,0,0,0,0,0,0,1,0,-2,-1
HIO,2,BAR,91,0,2,,14 M. Sanz,5:21,2,1/2,50%,0/0,0%,0/0,0%,1,2,3,0,0,2,0,0,0,2,1,4,5
HIO,2,BAR,91,0,2,,16 M. Jiménez,2:56,0,0/0,0%,0/1,0%,0/0,0%,0,0,0,0,0,0,0,0,0,0,0,4,-1
HIO,2,BAR,91,0,2,,22 J. Shurna,0:00,0,0/0,0%,0/0,0%,0/0,0%,0,0,0,0,0,0,0,0,0,0,0,0,0
HIO,2,BAR,91,0,2,1,25 C. Krutwig,1:39,2,0/0,0%,0/0,0%,2/2,100%,0,0,0,1,0,0,0,0,0,0,1,0,4
HIO,2,BAR,91,0,2,,Equipo,,0,0/0,0%,0/0,0%,0/0,0%,0,0,0,0,0,0,0,0,0,0,0,0,
HIO,2,BAR,91,0,3,,1 J. Batemon,4:19,4,1/3,33%,0/0,0%,2/2,100%,0,2,2,0,1,0,0,0,0,1,1,-6,3
HIO,2,BAR,91,0,3,1,2 C. Walden,7:22,3,0/0,0%,1/2,50%,0/0,0%,0,1,1,0,0,0,0,0,0,0,1,0,4
HIO,2,BAR,91,0,3,1,3 M. Ejim,4:59,0,0/1,0%,0/0,0%,0/0,0%,0,0,0,0,0,0,0,0,0,2,0,-2,-3
HIO,2,BAR,91,0,3,,4 C. Agada,2:38,0,0/1,0%,0/1,0%,0/0,0%,0,0,0,0,0,0,0,0,0,0,0,-7,-2
HIO,2,BAR,91,0,3,1,5 O. Paulí,3:57,0,0/0,0%,0/0,0%,0/0,0%,0,1,1,0,3,0,1,0,0,2,0,-1,-3
HIO,2,BAR,91,0,3,1,6 K. Zoriks,5:41,4,0/0,0%,1/2,50%,1/1,100%,0,0,0,1,0,0,0,0,0,1,1,-1,4
HIO,2,BAR,91,0,3,,7 G. Golomán,2:30,0,0/1,0%,0/0,0%,0/0,0%,0,0,0,0,0,0,0,0,0,0,0,-2,-1
HIO,2,BAR,91,0,3,,12 A. Diagne,3:19,0,0/0,0%,0/0,0%,0/0,0%,0,0,0,0,0,0,1,0,0,0,0,-4,1
HIO,2,BAR,91,0,3,,14 M. Sanz,6:03,4,2/2,100%,0/0,0%,0/0,0%,0,0,0,0,0,1,0,0,0,0,0,-6,5
HIO,2,BAR,91,0,3,,16 M. Jiménez,5:01,0,0/1,0%,0/0,0%,0/0,0%,0,2,2,0,0,0,0,1,0,0,1,-5,1
HIO,2,BAR,91,0,3,,22 J. Shurna,0:00,0,0/0,0%,0/0,0%,0/0,0%,0,0,0,0,0,0,0,0,0,0,0,0,0
HIO,2,BAR,91,0,3,1,25 C. Krutwig,4:11,0,0/1,0%,0/0,0%,0/0,0%,0,1,1,2,0,0,0,0,0,0,0,-1,2
HIO,2,BAR,91,0,3,,Equipo,,0,0/0,0%,0/0,0%,0/0,0%,0,0,0,0,0,0,0,0,0,0,0,0,
HIO,2,BAR,91,0,4,,1 J. Batemon,4:45,3,0/0,0%,1/1,100%,0/0,0%,0,2,2,1,0,0,0,0,0,1,0,6,5
HIO,2,BAR,91,0,4,1,2 C. Walden,3:00,0,0/0,0%,0/0,0%,0/0,0%,0,1,1,0,0,0,0,0,0,0,0,6,1
HIO,2,BAR,91,0,4,1,3 M. Ejim,6:19,4,2/2,100%,0/0,0%,0/0,0%,1,0,1,0,1,0,0,0,0,2,0,1,2
HIO,2,BAR,91,0,4,,4 C. Agada,7:00,9,2/2,100%,1/1,100%,2/4,50%,0,1,1,2,3,0,0,0,0,1,3,1,9
HIO,2,BAR,91,0,4,1,5 O. Paulí,5:04,0,0/0,0%,0/1,0%,0/0,0%,0,0,0,0,0,0,0,0,0,0,0,6,-1
HIO,2,BAR,91,0,4,1,6 K. Zoriks,4:56,0,0/0,0%,0/0,0%,0/0,0%,0,0,0,1,1,1,0,0,0,1,0,1,0
HIO,2,BAR,91,0,4,,7 G. Golomán,6:10,6,3/3,100%,0/0,0%,0/0,0%,1,1,2,1,1,0,1,0,0,2,0,6,7
HIO,2,BAR,91,0,4,,12 A. Diagne,3:50,2,1/1,100%,0/0,0%,0/0,0%,0,1,1,0,0,0,2,0,0,0,0,1,5
HIO,2,BAR,91,0,4,,14 M. Sanz,5:15,1,0/0,0%,0/1,0%,1/2,50%,0,1,1,0,0,0,0,0,0,0,1,1,1
HIO,2,BAR,91,0,4,,16 M. Jiménez,3:41,3,0/1,0%,1/1,100%,0/0,0%,1,1,2,1,0,0,0,0,0,1,1,6,5
HIO,2,BAR,91,0,4,,22 J. Shurna,0:00,0,0/0,0%,0/0,0%,0/0,0%,0,0,0,0,0,0,0,0,0,0,0,0,0
HIO,2,BAR,91,0,4,1,25 C. Krutwig,0:00,0,0/0,0%,0/0,0%,0/0,0%,0,0,0,0,0,0,0,0,0,0,0,0,0
HIO,2,BAR,91,0,4,,Equipo,,0,0/0,0%,0/0,0%,0/0,0%,0,0,0,0,1,0,0,0,0,1,0,0,
BRE,2,VBC,90,1,1,1,0 B. Dibba,4:38,3,0/0,0%,1/2,50%,0/0,0%,0,0,0,1,1,0,0,0,0,1,0,8,1
BRE,2,VBC,90,1,1,1,1 K. Cook,6:45,3,0/1,0%,1/1,100%,0/0,0%,0,0,0,0,1,1,0,0,0,1,0,6,1
BRE,2,VBC,90,1,1,1,4 D. Russell,5:15,0,0/0,0%,0/1,0%,0/0,0%,0,0,0,1,1,0,0,0,0,1,0,6,-2
BRE,2,VBC,90,1,1,,8 D. Apic,0:00,0,0/0,0%,0/0,0%,0/0,0%,0,0,0,0,0,0,0,0,0,0,0,0,0
BRE,2,VBC,90,1,1,,10 F. Alonso,3:58,2,0/0,0%,0/1,0%,2/2,100%,0,0,0,0,0,0,0,0,0,0,2,2,3
BRE,2,VBC,90,1,1,,17 A. Aranitovic,3:15,3,0/0,0%,1/1,100%,0/0,0%,0,0,0,0,0,0,0,0,0,0,0,2,3
BRE,2,VBC,90,1,1,1,18 J. Sakho,4:01,0,0/0,0%,0/0,0%,0/0,0%,2,2,4,1,0,0,0,0,0,0,1,10,6
BRE,2,VBC,90,1,1,,19 D. Mavra,4:45,2,1/2,50%,0/0,0%,0/0,0%,2,0,2,3,1,0,0,0,0,0,2,2,7
BRE,2,VBC,90,1,1,,22 D. Brankovic,5:59,2,1/1,100%,0/0,0%,0/0,0%,1,0,1,0,1,0,1,0,1,1,0,-2,2
BRE,2,VBC,90,1,1,,23 E. Quintela,0:00,0,0/0,0%,0/0,0%,0/0,0%,0,0,0,0,0,0,0,0,0,0,0,0,0
BRE,2,VBC,90,1,1,,37 M. Andric,5:22,3,0/2,0%,1/1,100%,0/0,0%,0,1,1,0,1,1,0,0,0,1,0,0,1
BRE,2,VBC,90,1,1,1,47 A. Kurucs,6:02,9,0/1,0%,3/4,75%,0/0,0%,0,1,1,0,0,0,0,0,0,0,0,6,8
BRE,2,VBC,90,1,1,,Equipo,,0,0/0,0%,0/0,0%,0/0,0%,1,0,1,0,0,0,0,0,0,0,0,0,1
BRE,2,VBC,90,1,2,1,0 B. Dibba,4:51,0,0/1,0%,0/0,0%,0/0,0%,0,0,0,0,0,0,0,1,0,1,0,-8,-3
BRE,2,VBC,90,1,2,1,1 K. Cook,3:54,0,0/0,0%,0/1,0%,0/0,0%,0,0,0,0,0,0,0,0,0,1,0,-8,-2
BRE,2,VBC,90,1,2,1,4 D. Russell,5:53,4,1/3,33%,0/1,0%,2/2,100%,0,0,0,0,0,0,0,0,0,2,1,3,0
BRE,2,VBC,90,1,2,,8 D. Apic,2:38,2,0/1,0%,0/0,0%,2/4,50%,1,0,1,0,0,0,0,0,0,0,2,-4,2
BRE,2,VBC,90,1,2,,10 F. Alonso,5:19,7,1/2,50%,1/1,100%,2/2,100%,0,1,1,0,0,0,0,0,0,0,2,3,9
BRE,2,VBC,90,1,2,,17 A. Aranitovic,3:37,2,1/1,100%,0/0,0%,0/0,0%,0,0,0,0,0,0,0,0,0,0,0,-4,2
BRE,2,VBC,90,1,2,1,18 J. Sakho,3:45,0,0/0,0%,0/0,0%,0/0,0%,0,0,0,1,0,0,0,0,0,0,1,-3,2
BRE,2,VBC,90,1,2,,19 D. Mavra,4:07,5,1/2,50%,1/1,100%,0/0,0%,1,0,1,0,1,0,0,0,0,0,1,-18,5
BRE,2,VBC,90,1,2,,22 D. Brankovic,3:37,0,0/1,0%,0/0,0%,0/0,0%,0,0,0,0,0,0,0,0,0,1,0,-8,-2
BRE,2,VBC,90,1,2,,23 E. Quintela,0:00,0,0/0,0%,0/0,0%,0/0,0%,0,0,0,0,0,0,0,0,0,0,0,0,0
BRE,2,VBC,90,1,2,,37 M. Andric,5:09,0,0/0,0%,0/1,0%,0/0,0%,1,0,1,1,0,0,0,0,0,1,0,-7,0
BRE,2,VBC,90,1,2,1,47 A. Kurucs,7:10,0,0/0,0%,0/1,0%,0/2,0%,0,0,0,0,1,0,0,0,0,0,1,-21,-3
BRE,2,VBC,90,1,2,,Equipo,,0,0/0,0%,0/0,0%,0/0,0%,1,1,2,0,0,0,0,0,0,0,0,0,
BRE,2,VBC,90,1,3,1,0 B. Dibba,4:12,0,0/1,0%,0/0,0%,0/0,0%,0,2,2,0,0,0,0,0,0,0,0,-2,1
BRE,2,VBC,90,1,3,1,1 K. Cook,4:39,5,1/1,100%,1/1,100%,0/0,0%,0,0,0,2,2,0,0,0,0,1,0,-4,4
BRE,2,VBC,90,1,3,1,4 D. Russell,5:43,0,0/1,0%,0/0,0%,0/0,0%,0,0,0,2,0,0,0,1,0,0,0,-3,0
BRE,2,VBC,90,1,3,,8 D. Apic,0:00,0,0/0,0%,0/0,0%,0/0,0%,0,0,0,0,0,0,0,0,0,0,0,0,0
BRE,2,VBC,90,1,3,,10 F. Alonso,3:27,5,0/1,0%,1/2,50%,2/2,100%,0,0,0,0,0,0,0,0,0,0,1,-1,4
BRE,2,VBC,90,1,3,,17 A. Aranitovic,5:21,0,0/1,0%,0/0,0%,0/0,0%,0,0,0,0,0,0,0,1,0,0,0,1,-2
BRE,2,VBC,90,1,3,1,18 J. Sakho,4:12,3,1/1,100%,0/0,0%,1/1,100%,0,0,0,0,0,0,2,0,0,1,1,-2,5
BRE,2,VBC,90,1,3,,19 D. Mavra,4:17,3,0/0,0%,0/1,0%,3/4,75%,0,1,1,2,0,1,0,0,0,0,2,0,7
BRE,2,VBC,90,1,3,,22 D. Brankovic,5:48,2,1/1,100%,0/0,0%,0/0,0%,0,1,1,0,0,0,0,0,1,1,1,-1,3
BRE,2,VBC,90,1,3,,23 E. Quintela,0:00,0,0/0,0%,0/0,0%,0/0,0%,0,0,0,0,0,0,0,0,0,0,0,0,0
BRE,2,VBC,90,1,3,,37 M. Andric,5:48,3,0/1,0%,1/2,50%,0/0,0%,1,1,2,0,0,0,0,0,0,0,1,-1,4
BRE,2,VBC,90,1,3,1,47 A. Kurucs,6:33,6,0/0,0%,2/2,100%,0/0,0%,0,0,0,0,0,0,0,0,0,1,0,-2,5
BRE,2,VBC,90,1,3,,Equipo,,0,0/0,0%,0/0,0%,0/0,0%,2,0,2,0,0,0,0,0,0,0,0,0,
BRE,2,VBC,90,1,4,1,0 B. Dibba,8:04,0,0/0,0%,0/1,0%,0/0,0%,1,1,2,1,0,0,0,1,0,1,0,-9,0
BRE,2,VBC,90,1,4,1,1 K. Cook,6:08,2,0/1,0%,0/1,0%,2/2,100%,0,0,0,0,1,0,0,0,0,0,1,-11,0
BRE,2,VBC,90,1,4,1,4 D. Russell,8:04,3,1/3,33%,0/1,0%,1/2,50%,0,2,2,1,0,0,0,0,0,1,1,-9,2
BRE,2,VBC,90,1,4,,8 D. Apic,3:43,2,1/1,100%,0/0,0%,0/2,0%,0,0,0,0,1,0,0,0,0,1,1,-4,-1
BRE,2,VBC,90,1,4,,10 F. Alonso,6:17,5,0/0,0%,1/3,33%,2/2,100%,0,1,1,0,1,0,0,0,0,0,2,-9,5
BRE,2,VBC,90,1,4,,17 A. Aranitovic,3:52,0,0/2,0%,0/2,0%,0/0,0%,2,1,3,0,1,1,0,0,0,0,0,-2,-1
BRE,2,VBC,90,1,4,1,18 J. Sakho,4:21,0,0/0,0%,0/0,0%,0/0,0%,0,0,0,0,1,0,0,0,0,0,1,-5,0
BRE,2,VBC,90,1,4,,19 D. Mavra,1:56,0,0/1,0%,0/0,0%,0/0,0%,0,0,0,1,0,0,0,0,0,0,1,-4,1
BRE,2,VBC,90,1,4,,22 D. Brankovic,1:56,2,1/1,100%,0/0,0%,0/0,0%,1,0,1,0,0,0,0,0,0,0,0,-4,3
BRE,2,VBC,90,1,4,,23 E. Quintela,0:00,0,0/0,0%,0/0,0%,0/0,0%,0,0,0,0,0,0,0,0,0,0,0,0,0
BRE,2,VBC,90,1,4,,37 M. Andric,1:56,0,0/0,0%,0/0,0%,0/0,0%,0,1,1,0,0,0,0,0,0,1,0,-4,0
BRE,2,VBC,90,1,4,1,47 A. Kurucs,3:43,2,1/2,50%,0/0,0%,0/0,0%,0,0,0,0,0,1,0,1,0,2,0,-4,-1
BRE,2,VBC,90,1,4,,Equipo,,0,0/0,0%,0/0,0%,0/0,0%,1,0,1,0,0,0,0,0,0,0,0,0,
VBC,2,BRE,113,0,1,1,0 B. Badio,6:49,5,1/1,100%,1/1,100%,0/0,0%,0,0,0,1,0,0,0,0,0,0,0,-10,6
VBC,2,BRE,113,0,1,1,1 K. Taylor,6:06,0,0/1,0%,0/0,0%,0/0,0%,0,0,0,1,1,1,0,0,0,0,0,-11,0
VBC,2,BRE,113,0,1,,2 J. Puerto,3:54,2,1/1,100%,0/2,0%,0/0,0%,0,0,0,0,0,1,0,0,0,0,1,3,2
VBC,2,BRE,113,0,1,1,3 N. Reuvers,4:25,2,0/0,0%,0/0,0%,2/2,100%,0,0,0,0,2,1,0,0,0,2,1,-10,0
VBC,2,BRE,113,0,1,1,4 J. Pradilla,6:20,4,2/3,67%,0/0,0%,0/0,0%,0,2,2,1,0,0,0,0,0,0,0,-7,6
VBC,2,BRE,113,0,1,1,5 S. de Larrea,5:38,0,0/0,0%,0/0,0%,0/0,0%,1,0,1,2,3,0,0,0,0,0,0,-9,0
VBC,2,BRE,113,0,1,,10 O. Moore,3:11,0,0/0,0%,0/0,0%,0/0,0%,0,0,0,1,1,0,0,0,0,0,0,2,0
VBC,2,BRE,113,0,1,,12 N. Sako,5:35,2,0/2,0%,0/0,0%,2/4,50%,1,0,1,0,0,0,0,1,0,0,2,2,0
VBC,2,BRE,113,0,1,,13 D. Thompson,4:22,4,1/1,100%,0/0,0%,2/2,100%,0,0,0,0,0,1,0,0,0,2,1,1,4
VBC,2,BRE,113,0,1,,18 I. Iroegbu,0:00,0,0/0,0%,0/0,0%,0/0,0%,0,0,0,0,0,0,0,0,0,0,0,0,0
VBC,2,BRE,113,0,1,,24 M. Costello,3:40,0,0/0,0%,0/0,0%,0/0,0%,0,0,0,0,0,0,0,0,0,1,0,-1,-1
VBC,2,BRE,113,0,1,,32 I. Nogués,0:00,0,0/0,0%,0/0,0%,0/0,0%,0,0,0,0,0,0,0,0,0,0,0,0,0
VBC,2,BRE,113,0,1,,Equipo,,0,0/0,0%,0/0,0%,0/0,0%,1,1,2,0,0,0,0,0,0,0,0,0,2
VBC,2,BRE,113,0,2,1,0 B. Badio,2:02,3,0/0,0%,1/1,100%,0/0,0%,0,0,0,1,0,0,0,0,0,1,0,9,3
VBC,2,BRE,113,0,2,1,1 K. Taylor,4:36,2,1/1,100%,0/0,0%,0/0,0%,0,1,1,2,0,0,0,0,0,0,0,-1,5
VBC,2,BRE,113,0,2,,2 J. Puerto,3:22,3,0/0,0%,1/2,50%,0/0,0%,0,0,0,0,0,0,0,0,0,0,0,7,2
VBC,2,BRE,113,0,2,1,3 N. Reuvers,2:52,0,0/0,0%,0/0,0%,0/0,0%,0,0,0,0,1,0,0,0,0,1,0,-3,-2
VBC,2,BRE,113,0,2,1,4 J. Pradilla,5:37,6,0/0,0%,2/2,100%,0/0,0%,0,0,0,0,1,0,0,0,0,0,0,6,5
VBC,2,BRE,113,0,2,1,5 S. de Larrea,4:56,2,1/1,100%,0/0,0%,0/0,0%,0,3,3,1,0,0,0,0,0,1,2,8,7
VBC,2,BRE,113,0,2,,10 O. Moore,7:39,11,0/1,0%,3/3,100%,2/2,100%,1,0,1,0,0,0,0,0,0,1,1,16,11
VBC,2,BRE,113,0,2,,12 N. Sako,4:21,2,1/1,100%,0/0,0%,0/0,0%,0,1,1,0,0,0,1,0,1,2,0,6,2
VBC,2,BRE,113,0,2,,13 D. Thompson,5:04,5,0/0,0%,1/2,50%,2/2,100%,0,0,0,1,0,1,0,0,0,0,1,7,7
VBC,2,BRE,113,0,2,,18 I. Iroegbu,0:00,0,0/0,0%,0/0,0%,0/0,0%,0,0,0,0,0,0,0,0,0,0,0,0,0
VBC,2,BRE,113,0,2,,24 M. Costello,7:10,1,0/0,0%,0/1,0%,1/2,50%,1,2,3,1,0,0,0,0,0,1,1,21,3
VBC,2,BRE,113,0,2,,32 I. Nogués,2:21,0,0/0,0%,0/0,0%,0/0,0%,0,0,0,0,0,0,0,0,0,1,1,-1,0
VBC,2,BRE,113,0,2,,Equipo,,0,0/0,0%,0/0,0%,0/0,0%,0,0,0,0,0,0,0,0,0,0,0,0,
VBC,2,BRE,113,0,3,1,0 B. Badio,3:48,0,0/0,0%,0/2,0%,0/0,0%,0,1,1,1,0,0,0,0,0,1,0,-2,-1
VBC,2,BRE,113,0,3,1,1 K. Taylor,3:48,0,0/1,0%,0/0,0%,0/0,0%,0,0,0,0,0,0,1,0,0,0,0,-2,0
VBC,2,BRE,113,0,3,,2 J. Puerto,6:12,5,1/2,50%,1/3,33%,0/0,0%,1,3,4,0,1,0,0,1,0,0,0,5,4
VBC,2,BRE,113,0,3,1,3 N. Reuvers,4:40,3,0/0,0%,1/1,100%,0/0,0%,0,0,0,1,0,0,0,0,0,0,0,4,4
VBC,2,BRE,113,0,3,1,4 J. Pradilla,7:11,10,2/2,100%,2/2,100%,0/1,0%,1,0,1,1,0,0,0,0,1,0,1,6,12
VBC,2,BRE,113,0,3,1,5 S. de Larrea,4:13,8,0/2,0%,2/3,67%,2/2,100%,0,0,0,0,0,0,0,0,0,2,2,-1,5
VBC,2,BRE,113,0,3,,10 O. Moore,6:12,0,0/1,0%,0/1,0%,0/0,0%,0,1,1,1,1,0,1,1,0,0,0,5,-1
VBC,2,BRE,113,0,3,,12 N. Sako,5:20,4,2/2,100%,0/0,0%,0/0,0%,2,0,2,0,0,0,0,0,2,0,0,-1,6
VBC,2,BRE,113,0,3,,13 D. Thompson,5:47,0,0/0,0%,0/1,0%,0/0,0%,1,0,1,5,0,1,0,0,0,2,0,4,4
VBC,2,BRE,113,0,3,,18 I. Iroegbu,0:00,0,0/0,0%,0/0,0%,0/0,0%,0,0,0,0,0,0,0,0,0,0,0,0,0
VBC,2,BRE,113,0,3,,24 M. Costello,2:49,0,0/0,0%,0/0,0%,0/0,0%,2,0,2,0,0,0,0,0,0,1,1,-3,2
VBC,2,BRE,113,0,3,,32 I. Nogués,0:00,0,0/0,0%,0/0,0%,0/0,0%,0,0,0,0,0,0,0,0,0,0,0,0,0
VBC,2,BRE,113,0,3,,Equipo,,0,0/0,0%,0/0,0%,0/0,0%,1,0,1,0,0,0,0,0,0,0,0,0,
VBC,2,BRE,113,0,4,1,0 B. Badio,4:21,7,2/2,100%,1/2,50%,0/0,0%,1,0,1,0,0,0,0,0,0,0,0,5,7
VBC,2,BRE,113,0,4,1,1 K. Taylor,4:33,0,0/0,0%,0/1,0%,0/0,0%,1,1,2,1,0,0,0,0,0,2,0,7,0
VBC,2,BRE,113,0,4,,2 J. Puerto,2:28,0,0/0,0%,0/1,0%,0/0,0%,0,1,1,0,0,0,0,0,0,0,0,2,0
VBC,2,BRE,113,0,4,1,3 N. Reuvers,5:39,6,1/1,100%,1/1,100%,1/1,100%,0,2,2,0,0,0,0,0,1,1,1,7,8
VBC,2,BRE,113,0,4,1,4 J. Pradilla,5:39,2,0/0,0%,0/0,0%,2/2,100%,2,0,2,1,0,0,0,0,0,1,1,7,5
VBC,2,BRE,113,0,4,1,5 S. de Larrea,2:59,0,0/0,0%,0/0,0%,0/0,0%,0,2,2,1,1,0,0,0,0,0,0,4,2
VBC,2,BRE,113,0,4,,10 O. Moore,3:52,3,0/1,0%,1/2,50%,0/0,0%,0,0,0,0,0,0,0,0,0,0,1,2,2
VBC,2,BRE,113,0,4,,12 N. Sako,4:21,2,1/1,100%,0/0,0%,0/0,0%,1,1,2,0,1,0,0,0,0,1,0,6,2
VBC,2,BRE,113,0,4,,13 D. Thompson,6:08,3,1/2,50%,0/1,0%,1/1,100%,1,0,1,2,0,0,1,0,1,0,2,11,7
VBC,2,BRE,113,0,4,,18 I. Iroegbu,3:17,2,1/2,50%,0/2,0%,0/0,0%,0,0,0,2,1,1,0,0,0,1,0,4,0
VBC,2,BRE,113,0,4,,24 M. Costello,4:21,4,0/0,0%,1/2,50%,1/2,50%,0,0,0,0,0,1,1,0,0,0,1,6,5
VBC,2,BRE,113,0,4,,32 I. Nogués,2:22,0,0/1,0%,0/0,0%,0/0,0%,0,0,0,0,0,0,0,0,0,1,0,4,-2
VBC,2,BRE,113,0,4,,Equipo,,0,0/0,0%,0/0,0%,0/0,0%,0,0,0,0,0,0,0,0,0,0,0,0,
SBB,2,BUR,95,1,1,1,2 M. Normantas,5:19,3,1/1,100%,0/0,0%,1/2,50%,0,0,0,1,0,0,0,0,0,0,1,-4,4
SBB,2,BUR,95,1,1,1,3 H. Frey,5:26,2,1/1,100%,0/1,0%,0/0,0%,0,0,0,0,0,0,0,0,0,0,0,-4,1
SBB,2,BUR,95,1,1,,7 J. Jaworski,4:41,2,1/2,50%,0/0,0%,0/0,0%,0,0,0,0,0,0,0,0,0,2,0,6,-1
SBB,2,BUR,95,1,1,,10 M. Krampelj,4:34,5,1/2,50%,1/1,100%,0/0,0%,0,1,1,0,0,0,0,0,1,1,0,6,4
SBB,2,BUR,95,1,1,1,11 D. Hilliard,5:26,2,0/1,0%,0/2,0%,2/2,100%,0,2,2,1,1,0,0,0,0,1,2,-2,2
SBB,2,BUR,95,1,1,,12 A. Zecevic,0:00,0,0/0,0%,0/0,0%,0/0,0%,0,0,0,0,0,0,0,0,0,0,0,0,0
SBB,2,BUR,95,1,1,1,18 L. Petrasek,4:16,2,0/1,0%,0/0,0%,2/2,100%,0,0,0,0,0,0,0,0,0,0,1,-4,2
SBB,2,BUR,95,1,1,,19 M. Pantzar,4:34,3,0/1,0%,0/0,0%,3/6,50%,0,1,1,1,0,1,1,0,0,1,3,6,5
SBB,2,BUR,95,1,1,,20 A. Sylla,4:34,4,2/2,100%,0/0,0%,0/0,0%,1,0,1,0,0,0,0,0,2,0,0,6,5
SBB,2,BUR,95,1,1,,22 A. Font,0:00,0,0/0,0%,0/0,0%,0/0,0%,0,0,0,0,0,0,0,0,0,0,0,0,0
SBB,2,BUR,95,1,1,1,32 T. Hlinason,5:26,2,1/1,100%,0/0,0%,0/0,0%,1,3,4,0,1,0,0,0,0,1,0,-4,4
SBB,2,BUR,95,1,1,,73 S. Lazarevic,5:44,2,1/1,100%,0/0,0%,0/0,0%,1,1,2,2,0,0,0,0,0,0,0,4,6
SBB,2,BUR,95,1,1,,Equipo,,0,0/0,0%,0/0,0%,0/0,0%,0,0,0,0,0,0,0,0,0,0,0,0,0
SBB,2,BUR,95,1,2,1,2 M. Normantas,5:05,0,0/0,0%,0/1,0%,0/0,0%,0,0,0,1,0,0,0,0,0,0,0,3,0
SBB,2,BUR,95,1,2,1,3 H. Frey,3:30,0,0/0,0%,0/1,0%,0/0,0%,0,1,1,1,0,0,0,0,0,1,0,3,0
SBB,2,BUR,95,1,2,,7 J. Jaworski,3:11,6,0/0,0%,1/1,100%,3/3,100%,0,1,1,0,0,0,0,0,0,0,1,16,8
SBB,2,BUR,95,1,2,,10 M. Krampelj,4:53,2,1/2,50%,0/0,0%,0/0,0%,1,1,2,0,0,0,0,0,1,0,0,10,3
SBB,2,BUR,95,1,2,1,11 D. Hilliard,5:57,5,1/2,50%,0/2,0%,3/3,100%,1,0,1,2,1,1,0,1,0,0,2,6,6
SBB,2,BUR,95,1,2,,12 A. Zecevic,0:00,0,0/0,0%,0/0,0%,0/0,0%,0,0,0,0,0,0,0,0,0,0,0,0,0
SBB,2,BUR,95,1,2,1,18 L. Petrasek,7:59,7,2/3,67%,1/3,33%,0/0,0%,0,1,1,0,0,0,0,0,0,1,0,12,4
SBB,2,BUR,95,1,2,,19 M. Pantzar,6:30,5,0/0,0%,1/2,50%,2/2,100%,0,1,1,2,0,0,0,0,0,0,2,14,9
SBB,2,BUR,95,1,2,,20 A. Sylla,5:31,2,1/1,100%,0/0,0%,0/2,0%,0,2,2,0,0,1,0,0,0,0,1,17,4
SBB,2,BUR,95,1,2,,22 A. Font,1:44,0,0/0,0%,0/0,0%,0/0,0%,0,0,0,0,0,0,0,0,0,0,0,-2,0
SBB,2,BUR,95,1,2,1,32 T. Hlinason,0:46,0,0/0,0%,0/0,0%,0/0,0%,0,0,0,0,0,0,0,0,0,1,0,-3,-1
SBB,2,BUR,95,1,2,,73 S. Lazarevic,4:54,0,0/0,0%,0/1,0%,0/0,0%,0,1,1,0,0,0,0,0,0,0,0,9,0
SBB,2,BUR,95,1,2,,Equipo,,0,0/0,0%,0/0,0%,0/0,0%,2,1,3,0,0,0,0,0,0,0,0,0,
SBB,2,BUR,95,1,3,1,2 M. Normantas,4:42,2,1/1,100%,0/2,0%,0/0,0%,0,1,1,1,0,1,0,0,0,0,0,0,3
SBB,2,BUR,95,1,3,1,3 H. Frey,3:24,0,0/0,0%,0/0,0%,0/0,0%,0,1,1,0,1,0,0,0,0,1,0,2,-1
SBB,2,BUR,95,1,3,,7 J. Jaworski,5:18,4,1/1,100%,0/2,0%,2/2,100%,0,0,0,1,0,0,0,0,0,0,1,-6,4
SBB,2,BUR,95,1,3,,10 M. Krampelj,4:03,4,0/0,0%,0/1,0%,4/6,67%,2,0,2,0,2,0,0,0,0,3,3,-1,1
SBB,2,BUR,95,1,3,1,11 D. Hilliard,5:31,1,0/0,0%,0/0,0%,1/1,100%,0,0,0,2,0,0,0,0,0,2,0,-1,1
SBB,2,BUR,95,1,3,,12 A. Zecevic,0:00,0,0/0,0%,0/0,0%,0/0,0%,0,0,0,0,0,0,0,0,0,0,0,0,0
SBB,2,BUR,95,1,3,1,18 L. Petrasek,6:23,5,1/2,50%,1/2,50%,0/0,0%,1,0,1,0,1,0,0,0,0,0,0,-4,3
SBB,2,BUR,95,1,3,,19 M. Pantzar,6:36,1,0/0,0%,0/1,0%,1/2,50%,0,1,1,0,1,0,0,0,0,0,2,-8,1
SBB,2,BUR,95,1,3,,20 A. Sylla,3:13,0,0/0,0%,0/0,0%,0/0,0%,0,1,1,0,0,0,0,0,0,1,0,-2,0
SBB,2,BUR,95,1,3,,22 A. Font,0:00,0,0/0,0%,0/0,0%,0/0,0%,0,0,0,0,0,0,0,0,0,0,0,0,0
SBB,2,BUR,95,1,3,1,32 T. Hlinason,6:21,2,0/0,0%,0/0,0%,2/4,50%,0,2,2,0,0,0,1,0,0,1,3,-5,5
SBB,2,BUR,95,1,3,,73 S. Lazarevic,4:29,0,0/1,0%,0/0,0%,0/0,0%,0,0,0,0,0,0,0,0,0,2,0,-5,-3
SBB,2,BUR,95,1,3,,Equipo,,0,0/0,0%,0/0,0%,0/0,0%,0,1,1,0,0,0,0,0,0,0,0,0,
SBB,2,BUR,95,1,4,1,2 M. Normantas,5:27,0,0/0,0%,0/1,0%,0/2,0%,0,1,1,0,1,1,0,0,0,3,2,4,-3
SBB,2,BUR,95,1,4,1,3 H. Frey,7:18,7,0/0,0%,1/1,100%,4/4,100%,0,1,1,1,0,0,0,0,0,1,2,-1,10
SBB,2,BUR,95,1,4,,7 J. Jaworski,5:11,0,0/1,0%,0/0,0%,0/0,0%,0,0,0,1,1,0,0,0,0,0,0,-9,-1
SBB,2,BUR,95,1,4,,10 M. Krampelj,0:20,0,0/1,0%,0/0,0%,0/0,0%,0,0,0,0,0,0,0,0,0,0,0,-1,-1
SBB,2,BUR,95,1,4,1,11 D. Hilliard,7:11,5,2/3,67%,0/3,0%,1/1,100%,2,1,3,1,1,0,0,0,0,1,1,-3,4
SBB,2,BUR,95,1,4,,12 A. Zecevic,0:00,0,0/0,0%,0/0,0%,0/0,0%,0,0,0,0,0,0,0,0,0,0,0,0,0
SBB,2,BUR,95,1,4,1,18 L. Petrasek,7:40,0,0/0,0%,0/1,0%,0/0,0%,0,1,1,0,1,0,0,0,0,0,1,-1,0
SBB,2,BUR,95,1,4,,19 M. Pantzar,4:53,6,3/3,100%,0/0,0%,0/0,0%,0,0,0,0,2,0,0,0,0,0,0,0,4
SBB,2,BUR,95,1,4,,20 A. Sylla,2:42,2,1/1,100%,0/0,0%,0/0,0%,0,0,0,0,0,0,0,0,0,0,0,-2,2
SBB,2,BUR,95,1,4,,22 A. Font,0:00,0,0/0,0%,0/0,0%,0/0,0%,0,0,0,0,0,0,0,0,0,0,0,0,0
SBB,2,BUR,95,1,4,1,32 T. Hlinason,6:58,2,1/1,100%,0/0,0%,0/0,0%,0,1,1,0,0,0,0,0,0,2,0,0,1
SBB,2,BUR,95,1,4,,73 S. Lazarevic,2:20,0,0/1,0%,0/0,0%,0/0,0%,0,1,1,0,0,0,0,0,0,1,0,-2,-1
SBB,2,BUR,95,1,4,,Equipo,,0,0/0,0%,0/0,0%,0/0,0%,0,1,1,0,1,0,0,0,0,0,0,0,
BUR,2,SBB,85,0,1,1,00 J. Samuels,4:43,0,0/1,0%,0/0,0%,0/0,0%,0,2,2,2,0,0,0,0,0,1,0,0,2
BUR,2,SBB,85,0,1,,3 Y. Nzosa,0:00,0,0/0,0%,0/0,0%,0/0,0%,0,0,0,0,0,0,0,0,0,0,0,0,0
BUR,2,SBB,85,0,1,,7 J. Rubio,4:15,0,0/0,0%,0/0,0%,0/0,0%,0,0,0,0,0,0,0,0,0,0,0,1,0
BUR,2,SBB,85,0,1,,8 P. Almazán,0:00,0,0/0,0%,0/0,0%,0/0,0%,0,0,0,0,0,0,0,0,0,0,0,0,0
BUR,2,SBB,85,0,1,,10 G. Corbalán,4:15,6,2/2,100%,0/0,0%,2/2,100%,0,1,1,1,0,0,0,0,0,1,2,1,9
BUR,2,SBB,85,0,1,,11 D. Díez,5:17,3,0/1,0%,1/1,100%,0/0,0%,0,0,0,1,1,0,0,0,0,0,0,-2,2
BUR,2,SBB,85,0,1,1,17 S. García,3:00,3,0/0,0%,1/1,100%,0/0,0%,0,0,0,0,0,0,0,0,0,0,1,1,4
BUR,2,SBB,85,0,1,,19 R. Neto,4:27,3,1/2,50%,0/0,0%,1/1,100%,0,0,0,0,0,0,0,1,0,0,1,-4,2
BUR,2,SBB,85,0,1,,22 S. de Sousa,6:44,4,1/1,100%,0/0,0%,2/2,100%,0,1,1,0,0,0,0,0,0,1,1,-5,5
BUR,2,SBB,85,0,1,1,23 L. Meindl,5:45,2,0/1,0%,0/1,0%,2/2,100%,0,0,0,0,0,0,0,0,0,1,1,-3,0
BUR,2,SBB,85,0,1,1,40 L. Fischer,3:16,2,1/1,100%,0/0,0%,0/0,0%,0,1,1,0,0,0,0,0,0,1,0,3,2
BUR,2,SBB,85,0,1,1,56 J. Jackson,8:18,2,1/3,33%,0/2,0%,0/0,0%,0,1,1,3,1,2,0,0,0,2,0,-2,1
BUR,2,SBB,85,0,1,,Equipo,,0,0/0,0%,0/0,0%,0/0,0%,1,0,1,0,0,0,0,0,0,0,0,0,1
BUR,2,SBB,85,0,2,1,00 J. Samuels,4:47,0,0/1,0%,0/1,0%,0/0,0%,0,0,0,0,0,0,0,0,0,0,0,-12,-2
BUR,2,SBB,85,0,2,,3 Y. Nzosa,3:25,2,1/1,100%,0/1,0%,0/0,0%,0,0,0,0,0,0,0,0,0,1,0,-8,0
BUR,2,SBB,85,0,2,,7 J. Rubio,2:59,0,0/0,0%,0/1,0%,0/0,0%,0,0,0,0,0,0,0,0,0,0,0,1,-1
BUR,2,SBB,85,0,2,,8 P. Almazán,7:47,0,0/0,0%,0/1,0%,0/0,0%,1,0,1,0,0,0,0,0,0,0,0,-8,0
BUR,2,SBB,85,0,2,,10 G. Corbalán,3:56,0,0/0,0%,0/0,0%,0/0,0%,0,0,0,0,0,0,0,0,0,0,0,-14,0
BUR,2,SBB,85,0,2,,11 D. Díez,5:13,3,0/0,0%,1/2,50%,0/0,0%,0,1,1,0,0,0,0,0,0,1,0,-5,2
BUR,2,SBB,85,0,2,1,17 S. García,4:19,0,0/1,0%,0/0,0%,0/0,0%,0,1,1,1,2,0,0,0,0,1,0,-13,-2
BUR,2,SBB,85,0,2,,19 R. Neto,2:42,0,0/1,0%,0/1,0%,0/0,0%,0,1,1,1,0,0,0,0,0,1,0,-5,-1
BUR,2,SBB,85,0,2,,22 S. de Sousa,4:22,0,0/0,0%,0/0,0%,0/0,0%,0,1,1,0,0,0,1,0,0,1,1,0,2
BUR,2,SBB,85,0,2,1,23 L. Meindl,5:18,0,0/2,0%,0/0,0%,0/0,0%,0,0,0,0,0,0,0,0,0,1,0,-13,-3
BUR,2,SBB,85,0,2,1,40 L. Fischer,2:13,0,0/1,0%,0/0,0%,0/0,0%,0,0,0,0,0,0,0,0,0,0,1,-9,0
BUR,2,SBB,85,0,2,1,56 J. Jackson,2:59,5,1/1,100%,1/1,100%,0/0,0%,0,1,1,0,2,0,0,0,0,0,1,1,5
BUR,2,SBB,85,0,2,,Equipo,,0,0/0,0%,0/0,0%,0/0,0%,0,1,1,0,0,0,0,0,0,0,0,0,1
BUR,2,SBB,85,0,3,1,00 J. Samuels,4:36,4,1/1,100%,0/0,0%,2/2,100%,2,0,2,1,1,0,0,0,0,3,2,4,5
BUR,2,SBB,85,0,3,,3 Y. Nzosa,0:00,0,0/0,0%,0/0,0%,0/0,0%,0,0,0,0,0,0,0,0,0,0,0,0,0
BUR,2,SBB,85,0,3,,7 J. Rubio,6:57,0,0/0,0%,0/1,0%,0/0,0%,0,1,1,0,0,1,0,0,0,1,0,8,0
BUR,2,SBB,85,0,3,,8 P. Almazán,3:03,0,0/0,0%,0/0,0%,0/0,0%,1,0,1,0,0,0,0,0,0,1,0,-2,0
BUR,2,SBB,85,0,3,,10 G. Corbalán,4:08,4,1/2,50%,0/0,0%,2/3,67%,0,0,0,1,0,0,0,0,0,1,2,-1,4
BUR,2,SBB,85,0,3,,11 D. Díez,5:24,2,1/2,50%,0/1,0%,0/0,0%,1,1,2,0,1,0,0,1,0,0,0,2,0
BUR,2,SBB,85,0,3,1,17 S. García,0:00,0,0/0,0%,0/0,0%,0/0,0%,0,0,0,0,0,0,0,0,0,0,0,0,0
BUR,2,SBB,85,0,3,,19 R. Neto,0:00,0,0/0,0%,0/0,0%,0/0,0%,0,0,0,0,0,0,0,0,0,0,0,0,0
BUR,2,SBB,85,0,3,,22 S. de Sousa,3:56,4,2/2,100%,0/0,0%,0/2,0%,1,0,1,1,0,0,0,0,0,2,1,5,3
BUR,2,SBB,85,0,3,1,23 L. Meindl,5:52,1,0/1,0%,0/3,0%,1/2,50%,0,2,2,0,0,0,0,0,0,0,3,7,1
BUR,2,SBB,85,0,3,1,40 L. Fischer,6:04,3,0/2,0%,0/0,0%,3/4,75%,1,0,1,0,0,0,0,0,0,1,2,1,2
BUR,2,SBB,85,0,3,1,56 J. Jackson,10:00,7,2/5,40%,1/2,50%,0/0,0%,0,1,1,2,1,2,0,0,0,1,0,6,6
BUR,2,SBB,85,0,3,,Equipo,,0,0/0,0%,0/0,0%,0/0,0%,1,2,3,0,1,0,0,0,0,0,0,0,
BUR,2,SBB,85,0,4,1,00 J. Samuels,2:02,0,0/0,0%,0/0,0%,0/0,0%,0,0,0,0,0,0,0,0,0,1,0,0,-1
BUR,2,SBB,85,0,4,,3 Y. Nzosa,0:00,0,0/0,0%,0/0,0%,0/0,0%,0,0,0,0,0,0,0,0,0,0,0,0,0
BUR,2,SBB,85,0,4,,7 J. Rubio,2:26,1,0/0,0%,0/0,0%,1/2,50%,1,0,1,0,0,0,0,0,0,0,2,1,3
BUR,2,SBB,85,0,4,,8 P. Almazán,1:15,0,0/0,0%,0/0,0%,0/0,0%,0,0,0,0,0,0,0,0,0,3,0,1,-3
BUR,2,SBB,85,0,4,,10 G. Corbalán,10:00,10,3/4,75%,0/3,0%,4/4,100%,0,0,0,2,0,0,0,0,0,0,3,3,11
BUR,2,SBB,85,0,4,,11 D. Díez,7:58,4,0/1,0%,1/2,50%,1/1,100%,1,1,2,0,0,0,0,0,0,0,0,3,4
BUR,2,SBB,85,0,4,1,17 S. García,1:02,0,0/0,0%,0/0,0%,0/0,0%,0,0,0,0,0,0,0,0,0,0,0,2,0
BUR,2,SBB,85,0,4,,19 R. Neto,0:00,0,0/0,0%,0/0,0%,0/0,0%,0,0,0,0,0,0,0,0,0,0,0,0,0
BUR,2,SBB,85,0,4,,22 S. de Sousa,3:23,2,0/0,0%,0/0,0%,2/2,100%,1,2,3,0,0,0,0,0,0,0,1,1,6
BUR,2,SBB,85,0,4,1,23 L. Meindl,9:00,4,1/3,33%,0/1,0%,2/2,100%,1,2,3,1,1,0,0,0,0,1,1,3,4
BUR,2,SBB,85,0,4,1,40 L. Fischer,6:37,4,2/2,100%,0/0,0%,0/0,0%,0,1,1,0,2,1,0,0,0,1,0,2,3
BUR,2,SBB,85,0,4,1,56 J. Jackson,6:17,0,0/0,0%,0/3,0%,0/0,0%,0,0,0,1,1,2,0,0,0,1,0,-1,-2
BUR,2,SBB,85,0,4,,Equipo,,0,0/0,0%,0/0,0%,0/0,0%,0,0,0,0,1,0,0,0,0,0,0,0,
BKN,2,RMB,105,1,1,1,1 M. Diakite,5:23,2,1/1,100%,0/1,0%,0/0,0%,0,0,0,0,1,0,0,0,0,0,1,-3,1
BKN,2,RMB,105,1,1,1,3 M. Nowell,6:15,3,0/0,0%,1/2,50%,0/0,0%,0,2,2,0,2,0,0,0,0,0,1,-7,3
BKN,2,RMB,105,1,1,,4 R. Villar,0:00,0,0/0,0%,0/0,0%,0/0,0%,0,0,0,0,0,0,0,0,0,0,0,0,0
BKN,2,RMB,105,1,1,1,6 H. Diallo,5:23,0,0/2,0%,0/0,0%,0/0,0%,0,1,1,1,0,0,0,0,0,1,0,-3,-1
BKN,2,RMB,105,1,1,,7 R. Kurucs,4:24,0,0/1,0%,0/0,0%,0/0,0%,0,0,0,0,0,0,0,0,0,2,0,-9,-3
BKN,2,RMB,105,1,1,1,8 T. Sedekerskis,2:41,4,2/2,100%,0/0,0%,0/0,0%,0,0,0,0,0,0,0,0,1,2,0,0,2
BKN,2,RMB,105,1,1,,9 Luwawu-Cabarrot,4:56,3,0/1,0%,1/1,100%,0/0,0%,0,0,0,1,1,0,0,0,0,1,0,-13,1
BKN,2,RMB,105,1,1,,10 M. Spagnolo,4:37,0,0/1,0%,0/0,0%,0/0,0%,0,0,0,1,1,0,0,0,0,0,0,-15,-1
BKN,2,RMB,105,1,1,1,11 T. Forrest,5:23,2,0/0,0%,0/0,0%,2/2,100%,0,1,1,2,0,0,0,0,0,0,1,-1,6
BKN,2,RMB,105,1,1,,18 K. Diop,4:37,2,1/1,100%,0/0,0%,0/0,0%,0,0,0,0,0,0,0,0,0,0,0,-13,2
BKN,2,RMB,105,1,1,,25 C. Frisch,3:26,0,0/0,0%,0/0,0%,0/0,0%,0,0,0,0,0,0,0,0,0,0,0,-9,0
BKN,2,RMB,105,1,1,,99 L. Samanic,2:55,2,0/1,0%,0/0,0%,2/2,100%,0,0,0,0,0,0,0,0,0,1,1,-7,1
BKN,2,RMB,105,1,1,,Equipo,,0,0/0,0%,0/0,0%,0/0,0%,1,0,1,0,0,0,0,0,0,0,0,0,1
BKN,2,RMB,105,1,2,1,1 M. Diakite,7:15,2,1/1,100%,0/0,0%,0/0,0%,1,0,1,1,0,0,0,0,0,0,0,3,4
BKN,2,RMB,105,1,2,1,3 M. Nowell,6:12,4,2/2,100%,0/0,0%,0/0,0%,1,0,1,0,2,0,0,0,0,1,0,1,2
BKN,2,RMB,105,1,2,,4 R. Villar,0:18,0,0/0,0%,0/0,0%,0/0,0%,0,0,0,0,0,0,0,0,0,1,0,-1,-1
BKN,2,RMB,105,1,2,1,6 H. Diallo,6:01,5,1/3,33%,1/1,100%,0/0,0%,0,0,0,1,0,2,0,0,0,1,0,8,5
BKN,2,RMB,105,1,2,,7 R. Kurucs,0:00,0,0/0,0%,0/0,0%,0/0,0%,0,0,0,0,0,0,0,0,0,0,0,0,0
BKN,2,RMB,105,1,2,1,8 T. Sedekerskis,6:15,0,0/0,0%,0/0,0%,0/0,0%,0,1,1,0,0,0,0,0,0,0,0,3,1
BKN,2,RMB,105,1,2,,9 Luwawu-Cabarrot,7:29,2,0/0,0%,0/2,0%,2/2,100%,0,0,0,1,0,2,0,0,0,1,1,6,3
BKN,2,RMB,105,1,2,,10 M. Spagnolo,1:34,0,0/0,0%,0/0,0%,0/0,0%,0,0,0,0,0,0,0,0,0,0,0,3,0
BKN,2,RMB,105,1,2,1,11 T. Forrest,10:00,13,1/1,100%,1/2,50%,8/8,100%,0,1,1,4,2,2,0,0,1,1,4,7,20
BKN,2,RMB,105,1,2,,18 K. Diop,0:00,0,0/0,0%,0/0,0%,0/0,0%,0,0,0,0,0,0,0,0,0,0,0,0,0
BKN,2,RMB,105,1,2,,25 C. Frisch,0:00,0,0/0,0%,0/0,0%,0/0,0%,0,0,0,0,0,0,0,0,0,0,0,0,0
BKN,2,RMB,105,1,2,,99 L. Samanic,4:56,5,1/1,100%,1/2,50%,0/0,0%,0,1,1,0,0,0,0,0,0,0,2,5,7
BKN,2,RMB,105,1,2,,Equipo,,0,0/0,0%,0/0,0%,0/0,0%,0,2,2,0,1,0,0,0,0,0,0,0,1
BKN,2,RMB,105,1,3,1,1 M. Diakite,4:22,0,0/0,0%,0/0,0%,0/0,0%,0,0,0,0,0,0,0,0,0,3,0,-6,-3
BKN,2,RMB,105,1,3,1,3 M. Nowell,7:00,2,1/1,100%,0/0,0%,0/0,0%,1,1,2,3,1,0,0,0,0,0,0,3,6
BKN,2,RMB,105,1,3,,4 R. Villar,0:00,0,0/0,0%,0/0,0%,0/0,0%,0,0,0,0,0,0,0,0,0,0,0,0,0
BKN,2,RMB,105,1,3,1,6 H. Diallo,3:22,4,2/3,67%,0/0,0%,0/0,0%,0,0,0,0,0,1,0,0,0,2,0,0,2
BKN,2,RMB,105,1,3,,7 R. Kurucs,0:00,0,0/0,0%,0/0,0%,0/0,0%,0,0,0,0,0,0,0,0,0,0,0,0,0
BKN,2,RMB,105,1,3,1,8 T. Sedekerskis,4:45,3,0/0,0%,1/2,50%,0/0,0%,0,0,0,0,0,0,0,0,0,0,0,-3,2
BKN,2,RMB,105,1,3,,9 Luwawu-Cabarrot,7:28,10,1/1,100%,2/3,67%,2/2,100%,0,0,0,1,0,0,0,0,0,1,1,6,10
BKN,2,RMB,105,1,3,,10 M. Spagnolo,6:38,2,1/1,100%,0/0,0%,0/0,0%,0,1,1,1,0,0,0,0,0,0,1,5,5
BKN,2,RMB,105,1,3,1,11 T. Forrest,5:32,2,0/0,0%,0/0,0%,2/2,100%,0,1,1,0,0,0,0,0,0,0,2,1,5
BKN,2,RMB,105,1,3,,18 K. Diop,0:00,0,0/0,0%,0/0,0%,0/0,0%,0,0,0,0,0,0,0,0,0,0,0,0,0
BKN,2,RMB,105,1,3,,25 C. Frisch,5:15,0,0/1,0%,0/2,0%,0/0,0%,0,0,0,0,0,1,0,1,0,0,0,8,-3
BKN,2,RMB,105,1,3,,99 L. Samanic,5:38,5,1/1,100%,1/1,100%,0/0,0%,0,2,2,0,0,0,0,0,0,0,0,11,7
BKN,2,RMB,105,1,3,,Equipo,,0,0/0,0%,0/0,0%,0/0,0%,0,1,1,0,1,0,0,0,0,0,0,0,
BKN,2,RMB,105,1,4,1,1 M. Diakite,2:27,3,1/1,100%,0/0,0%,1/2,50%,0,0,0,0,0,0,0,0,1,2,2,5,2
BKN,2,RMB,105,1,4,1,3 M. Nowell,2:20,0,0/0,0%,0/1,0%,0/0,0%,0,0,0,0,0,0,0,0,0,0,0,4,-1
BKN,2,RMB,105,1,4,,4 R. Villar,0:00,0,0/0,0%,0/0,0%,0/0,0%,0,0,0,0,0,0,0,0,0,0,0,0,0
BKN,2,RMB,105,1,4,1,6 H. Diallo,0:00,0,0/0,0%,0/0,0%,0/0,0%,0,0,0,0,0,0,0,0,0,0,0,0,0
BKN,2,RMB,105,1,4,,7 R. Kurucs,0:00,0,0/0,0%,0/0,0%,0/0,0%,0,0,0,0,0,0,0,0,0,0,0,0,0
BKN,2,RMB,105,1,4,1,8 T. Sedekerskis,5:19,0,0/0,0%,0/1,0%,0/0,0%,0,0,0,0,0,0,0,0,0,0,0,1,-1
BKN,2,RMB,105,1,4,,9 Luwawu-Cabarrot,8:55,7,3/3,100%,0/2,0%,1/1,100%,1,2,3,0,1,1,0,0,0,1,0,8,7
BKN,2,RMB,105,1,4,,10 M. Spagnolo,10:00,2,0/0,0%,0/0,0%,2/2,100%,0,3,3,1,0,0,0,0,0,0,1,9,7
BKN,2,RMB,105,1,4,1,11 T. Forrest,8:45,9,1/2,50%,0/1,0%,7/7,100%,0,1,1,1,1,1,0,1,0,0,4,6,12
BKN,2,RMB,105,1,4,,18 K. Diop,0:00,0,0/0,0%,0/0,0%,0/0,0%,0,0,0,0,0,0,0,0,0,0,0,0,0
BKN,2,RMB,105,1,4,,25 C. Frisch,4:41,2,1/1,100%,0/0,0%,0/0,0%,1,0,1,0,0,0,0,0,0,1,0,8,2
BKN,2,RMB,105,1,4,,99 L. Samanic,7:33,5,1/1,100%,0/1,0%,3/4,75%,0,1,1,0,0,1,0,0,0,2,2,4,5
BKN,2,RMB,105,1,4,,Equipo,,0,0/0,0%,0/0,0%,0/0,0%,1,0,1,0,0,0,0,0,0,0,0,0,
RMB,2,BKN,100,0,1,,0 T. Lyles,4:56,13,1/1,100%,3/3,100%,2/2,100%,0,1,1,0,0,0,0,0,0,1,1,13,14
RMB,2,BKN,100,0,1,1,1 D. Kramer,5:35,5,2/3,67%,0/1,0%,1/1,100%,0,0,0,0,0,1,0,0,0,0,1,7,5
RMB,2,BKN,100,0,1,,7 F. Campazzo,4:56,2,0/0,0%,0/0,0%,2/2,100%,0,0,0,2,0,0,0,0,0,0,1,13,5
RMB,2,BKN,100,0,1,,9 G. Procida,4:06,2,0/0,0%,0/0,0%,2/2,100%,0,1,1,0,0,1,0,0,0,0,1,12,5
RMB,2,BKN,100,0,1,1,11 M. Hezonja,5:23,2,1/2,50%,0/1,0%,0/0,0%,0,0,0,0,0,1,0,0,0,0,1,1,2
RMB,2,BKN,100,0,1,,13 I. Almansa,0:00,0,0/0,0%,0/0,0%,0/0,0%,0,0,0,0,0,0,0,0,0,0,0,0,0
RMB,2,BKN,100,0,1,1,14 G. Deck,5:35,2,0/0,0%,0/0,0%,2/2,100%,0,0,0,2,0,1,0,0,0,1,1,6,5
RMB,2,BKN,100,0,1,,16 U. Garuba,0:00,0,0/0,0%,0/0,0%,0/0,0%,0,0,0,0,0,0,0,0,0,0,0,0,0
RMB,2,BKN,100,0,1,,20 B. Fernando,3:45,4,2/2,100%,0/0,0%,0/0,0%,0,2,2,0,0,0,0,0,1,0,0,9,6
RMB,2,BKN,100,0,1,1,22 W. Tavares,6:15,4,2/2,100%,0/0,0%,0/0,0%,0,1,1,0,1,0,0,0,0,1,1,7,4
RMB,2,BKN,100,0,1,,23 S. Llull,4:25,0,0/0,0%,0/1,0%,0/0,0%,0,0,0,2,0,0,0,0,0,0,0,9,1
RMB,2,BKN,100,0,1,1,24 A. Feliz,5:04,0,0/0,0%,0/0,0%,0/0,0%,0,2,2,1,0,0,0,0,0,1,0,3,2
RMB,2,BKN,100,0,1,,Equipo,,0,0/0,0%,0/0,0%,0/0,0%,0,0,0,0,0,0,0,0,0,0,0,0,0
RMB,2,BKN,100,0,2,,0 T. Lyles,3:51,0,0/0,0%,0/1,0%,0/0,0%,0,1,1,1,0,0,0,0,0,0,0,-3,1
RMB,2,BKN,100,0,2,1,1 D. Kramer,4:45,0,0/1,0%,0/1,0%,0/0,0%,0,0,0,0,0,0,0,0,0,2,0,-4,-4
RMB,2,BKN,100,0,2,,7 F. Campazzo,7:49,8,2/2,100%,1/3,33%,1/1,100%,0,0,0,2,3,1,0,0,0,0,2,-6,8
RMB,2,BKN,100,0,2,,9 G. Procida,3:51,0,0/0,0%,0/0,0%,0/0,0%,0,0,0,1,0,0,0,0,0,1,0,-3,0
RMB,2,BKN,100,0,2,1,11 M. Hezonja,6:30,8,1/2,50%,2/2,100%,0/0,0%,0,0,0,1,0,0,0,0,1,1,0,-5,7
RMB,2,BKN,100,0,2,,13 I. Almansa,0:00,0,0/0,0%,0/0,0%,0/0,0%,0,0,0,0,0,0,0,0,0,0,0,0,0
RMB,2,BKN,100,0,2,1,14 G. Deck,6:09,5,2/2,100%,0/0,0%,1/1,100%,0,0,0,0,0,0,0,0,0,1,1,-4,5
RMB,2,BKN,100,0,2,,16 U. Garuba,2:28,2,1/1,100%,0/0,0%,0/0,0%,0,0,0,0,0,0,0,0,0,0,1,-6,3
RMB,2,BKN,100,0,2,,20 B. Fernando,2:11,0,0/0,0%,0/0,0%,0/0,0%,0,0,0,0,0,1,0,0,0,0,0,-1,1
RMB,2,BKN,100,0,2,1,22 W. Tavares,5:00,0,0/0,0%,0/0,0%,0/0,0%,0,2,2,0,2,1,0,0,0,0,0,1,1
RMB,2,BKN,100,0,2,,23 S. Llull,5:15,1,0/0,0%,0/0,0%,1/1,100%,0,0,0,0,0,0,0,0,0,1,0,-3,0
RMB,2,BKN,100,0,2,1,24 A. Feliz,2:11,0,0/0,0%,0/0,0%,0/0,0%,0,0,0,1,1,0,0,0,0,1,0,-1,-1
RMB,2,BKN,100,0,2,,Equipo,,0,0/0,0%,0/0,0%,0/0,0%,0,1,1,0,0,0,0,0,0,0,0,0,
RMB,2,BKN,100,0,3,,0 T. Lyles,8:36,7,1/2,50%,1/1,100%,2/2,100%,0,1,1,0,0,0,0,0,1,0,1,-6,8
RMB,2,BKN,100,0,3,1,1 D. Kramer,6:28,3,0/1,0%,1/1,100%,0/0,0%,0,1,1,0,0,0,1,0,0,0,0,-2,4
RMB,2,BKN,100,0,3,,7 F. Campazzo,5:15,5,1/1,100%,1/1,100%,0/0,0%,0,0,0,1,0,0,0,0,0,0,0,-8,6
RMB,2,BKN,100,0,3,,9 G. Procida,2:50,0,0/0,0%,0/1,0%,0/0,0%,0,1,1,0,0,0,0,0,0,0,0,2,0
RMB,2,BKN,100,0,3,1,11 M. Hezonja,3:49,0,0/1,0%,0/1,0%,0/0,0%,0,0,0,0,0,0,0,0,0,0,0,-9,-2
RMB,2,BKN,100,0,3,,13 I. Almansa,0:00,0,0/0,0%,0/0,0%,0/0,0%,0,0,0,0,0,0,0,0,0,0,0,0,0
RMB,2,BKN,100,0,3,1,14 G. Deck,4:45,4,1/3,33%,0/0,0%,2/2,100%,1,0,1,0,0,0,0,0,0,1,1,3,3
RMB,2,BKN,100,0,3,,16 U. Garuba,1:36,0,0/0,0%,0/0,0%,0/0,0%,0,0,0,0,0,0,0,0,0,0,0,4,0
RMB,2,BKN,100,0,3,,20 B. Fernando,5:17,3,1/2,50%,0/0,0%,1/2,50%,2,1,3,0,2,0,0,0,0,0,1,-9,3
RMB,2,BKN,100,0,3,1,22 W. Tavares,3:07,1,0/1,0%,0/0,0%,1/2,50%,2,0,2,1,0,1,0,0,0,2,2,0,3
RMB,2,BKN,100,0,3,,23 S. Llull,3:32,0,0/0,0%,0/1,0%,0/0,0%,0,0,0,0,0,0,0,0,0,1,0,-3,-2
RMB,2,BKN,100,0,3,1,24 A. Feliz,4:45,0,0/1,0%,0/0,0%,0/0,0%,1,0,1,1,1,0,0,0,0,0,0,3,0
RMB,2,BKN,100,0,3,,Equipo,,0,0/0,0%,0/0,0%,0/0,0%,0,0,0,0,0,0,0,0,0,0,0,0,
RMB,2,BKN,100,0,4,,0 T. Lyles,9:22,4,1/1,100%,0/0,0%,2/2,100%,1,1,2,0,0,1,0,0,0,1,1,-6,7
RMB,2,BKN,100,0,4,1,1 D. Kramer,4:02,0,0/0,0%,0/1,0%,0/0,0%,0,1,1,0,0,0,0,0,0,1,0,-3,-1
RMB,2,BKN,100,0,4,,7 F. Campazzo,5:19,3,1/2,50%,0/2,0%,1/1,100%,0,0,0,2,0,0,0,0,0,1,1,-1,2
RMB,2,BKN,100,0,4,,9 G. Procida,0:18,0,0/0,0%,0/0,0%,0/0,0%,0,0,0,0,1,0,0,0,0,3,0,2,-4
RMB,2,BKN,100,0,4,1,11 M. Hezonja,5:19,5,1/1,100%,0/2,0%,3/3,100%,0,2,2,0,2,0,0,0,1,0,1,-1,4
RMB,2,BKN,100,0,4,,13 I. Almansa,0:00,0,0/0,0%,0/0,0%,0/0,0%,0,0,0,0,0,0,0,0,0,0,0,0,0
RMB,2,BKN,100,0,4,1,14 G. Deck,6:36,2,1/1,100%,0/1,0%,0/0,0%,0,0,0,1,0,0,0,0,0,1,0,-9,1
RMB,2,BKN,100,0,4,,16 U. Garuba,0:55,0,0/0,0%,0/0,0%,0/0,0%,0,0,0,0,0,0,0,0,0,2,0,-3,-2
RMB,2,BKN,100,0,4,,20 B. Fernando,3:46,0,0/1,0%,0/0,0%,0/0,0%,1,0,1,0,0,0,0,0,0,0,1,-5,1
RMB,2,BKN,100,0,4,1,22 W. Tavares,4:02,2,0/1,0%,0/0,0%,2/2,100%,0,0,0,0,0,0,1,0,0,1,2,-3,3
RMB,2,BKN,100,0,4,,23 S. Llull,5:40,3,0/0,0%,1/3,33%,0/0,0%,1,0,1,0,1,0,0,0,0,0,0,-8,1
RMB,2,BKN,100,0,4,1,24 A. Feliz,4:41,0,0/0,0%,0/1,0%,0/0,0%,1,0,1,0,0,0,0,0,0,0,0,-8,0
RMB,2,BKN,100,0,4,,Equipo,,0,0/0,0%,0/0,0%,0/0,0%,0,0,0,0,1,0,0,0,0,0,0,0,
BAX,3,DGC,80,1,1,,0 K. Akobundu,4:10,3,0/0,0%,0/0,0%,3/4,75%,0,0,0,0,0,0,1,0,0,0,2,-4,5
BAX,3,DGC,80,1,1,1,2 H. Benitez,5:50,0,0/3,0%,0/1,0%,0/0,0%,0,0,0,1,0,0,0,0,0,1,0,-8,-4
BAX,3,DGC,80,1,1,,4 M. Gaspà,0:00,0,0/0,0%,0/0,0%,0/0,0%,0,0,0,0,0,0,0,0,0,0,0,0,0
BAX,3,DGC,80,1,1,,8 A. Reyes,5:02,7,1/1,100%,1/1,100%,2/3,67%,0,0,0,0,1,0,0,0,0,0,2,-5,7
BAX,3,DGC,80,1,1,1,11 A. Ubal,4:58,4,1/1,100%,0/1,0%,2/2,100%,0,0,0,0,0,0,0,0,0,1,1,-7,3
BAX,3,DGC,80,1,1,1,12 M. Steinbergs,6:27,0,0/0,0%,0/1,0%,0/0,0%,1,1,2,0,0,0,0,0,0,1,0,-12,0
BAX,3,DGC,80,1,1,,19 L. Olinde,3:33,3,0/0,0%,1/1,100%,0/0,0%,0,0,0,0,0,0,0,0,0,0,0,0,3
BAX,3,DGC,80,1,1,,32 R. Obasohan,5:02,0,0/1,0%,0/0,0%,0/0,0%,0,0,0,0,0,0,0,1,0,1,0,-5,-3
BAX,3,DGC,80,1,1,1,33 G. Golden,5:50,2,1/2,50%,0/0,0%,0/0,0%,1,4,5,1,1,0,0,1,0,1,0,-8,4
BAX,3,DGC,80,1,1,,47 A. Izaw-Bolavie,0:00,0,0/0,0%,0/0,0%,0/0,0%,0,0,0,0,0,0,0,0,0,0,0,0,0
BAX,3,DGC,80,1,1,,55 D. Pérez,4:10,0,0/0,0%,0/0,0%,0/0,0%,0,1,1,3,0,0,0,0,0,0,1,-4,5
BAX,3,DGC,80,1,1,1,99 A. Plummer,4:58,0,0/0,0%,0/3,0%,0/0,0%,0,0,0,0,0,0,0,1,0,0,0,-7,-4
BAX,3,DGC,80,1,1,,Equipo,,0,0/0,0%,0/0,0%,0/0,0%,0,0,0,0,0,0,0,0,0,0,0,0,0
BAX,3,DGC,80,1,2,,0 K. Akobundu,7:58,6,3/4,75%,0/0,0%,0/0,0%,1,0,1,0,0,0,0,0,3,0,0,3,6
BAX,3,DGC,80,1,2,1,2 H. Benitez,3:26,3,0/0,0%,1/1,100%,0/0,0%,0,0,0,1,1,0,0,0,0,0,0,4,3
BAX,3,DGC,80,1,2,,4 M. Gaspà,0:00,0,0/0,0%,0/0,0%,0/0,0%,0,0,0,0,0,0,0,0,0,0,0,0,0
BAX,3,DGC,80,1,2,,8 A. Reyes,6:34,3,0/0,0%,1/2,50%,0/0,0%,0,1,1,1,0,0,0,0,0,1,0,2,3
BAX,3,DGC,80,1,2,1,11 A. Ubal,3:26,2,1/1,100%,0/0,0%,0/0,0%,0,1,1,1,0,0,0,0,0,0,0,4,4
BAX,3,DGC,80,1,2,1,12 M. Steinbergs,3:59,3,0/0,0%,1/1,100%,0/0,0%,0,0,0,0,0,0,0,0,0,0,1,3,4
BAX,3,DGC,80,1,2,,19 L. Olinde,6:01,3,0/0,0%,1/1,100%,0/0,0%,0,0,0,2,0,0,0,0,0,0,1,3,6
BAX,3,DGC,80,1,2,,32 R. Obasohan,4:36,0,0/2,0%,0/1,0%,0/0,0%,0,0,0,0,0,1,0,0,0,0,1,-1,-1
BAX,3,DGC,80,1,2,1,33 G. Golden,2:02,2,1/2,50%,0/0,0%,0/0,0%,0,0,0,0,0,0,0,0,0,1,0,3,0
BAX,3,DGC,80,1,2,,47 A. Izaw-Bolavie,0:00,0,0/0,0%,0/0,0%,0/0,0%,0,0,0,0,0,0,0,0,0,0,0,0,0
BAX,3,DGC,80,1,2,,55 D. Pérez,6:34,3,0/0,0%,1/1,100%,0/0,0%,1,0,1,3,0,0,0,0,0,1,1,2,7
BAX,3,DGC,80,1,2,1,99 A. Plummer,5:24,3,0/0,0%,1/1,100%,0/0,0%,0,0,0,0,0,0,0,0,0,0,0,7,3
BAX,3,DGC,80,1,2,,Equipo,,0,0/0,0%,0/0,0%,0/0,0%,0,1,1,0,0,0,0,0,0,0,0,0,
BAX,3,DGC,80,1,3,,0 K. Akobundu,6:17,2,0/0,0%,0/0,0%,2/2,100%,0,1,1,0,0,0,0,0,0,0,1,4,4
BAX,3,DGC,80,1,3,1,2 H. Benitez,8:10,10,3/3,100%,1/1,100%,1/2,50%,0,0,0,1,0,1,0,0,0,1,1,3,11
BAX,3,DGC,80,1,3,,4 M. Gaspà,0:00,0,0/0,0%,0/0,0%,0/0,0%,0,0,0,0,0,0,0,0,0,0,0,0,0
BAX,3,DGC,80,1,3,,8 A. Reyes,3:54,0,0/0,0%,0/1,0%,0/0,0%,0,0,0,0,1,0,0,0,0,0,1,2,-1
BAX,3,DGC,80,1,3,1,11 A. Ubal,6:19,4,1/1,100%,0/0,0%,2/2,100%,0,1,1,0,0,0,0,0,0,0,2,-2,7
BAX,3,DGC,80,1,3,1,12 M. Steinbergs,6:06,0,0/0,0%,0/0,0%,0/0,0%,0,0,0,0,0,0,0,0,0,0,0,-4,0
BAX,3,DGC,80,1,3,,19 L. Olinde,3:41,2,1/1,100%,0/0,0%,0/0,0%,0,0,0,0,1,0,0,0,0,0,0,0,1
BAX,3,DGC,80,1,3,,32 R. Obasohan,2:36,0,0/1,0%,0/0,0%,0/0,0%,0,1,1,0,0,0,0,1,0,0,0,4,-1
BAX,3,DGC,80,1,3,1,33 G. Golden,3:43,0,0/1,0%,0/0,0%,0/0,0%,0,0,0,0,2,0,0,0,0,0,0,-6,-3
BAX,3,DGC,80,1,3,,47 A. Izaw-Bolavie,0:00,0,0/0,0%,0/0,0%,0/0,0%,0,0,0,0,0,0,0,0,0,0,0,0,0
BAX,3,DGC,80,1,3,,55 D. Pérez,4:00,0,0/0,0%,0/2,0%,0/0,0%,0,0,0,0,0,0,0,0,0,1,0,-5,-3
BAX,3,DGC,80,1,3,1,99 A. Plummer,5:14,0,0/0,0%,0/1,0%,0/0,0%,0,0,0,0,0,0,0,0,0,2,0,-6,-3
BAX,3,DGC,80,1,3,,Equipo,,0,0/0,0%,0/0,0%,0/0,0%,1,0,1,0,0,0,0,0,0,0,0,0,
BAX,3,DGC,80,1,4,,0 K. Akobundu,5:04,0,0/1,0%,0/0,0%,0/0,0%,0,0,0,0,0,0,0,0,0,3,1,-1,-3
BAX,3,DGC,80,1,4,1,2 H. Benitez,5:06,3,0/1,0%,1/1,100%,0/0,0%,1,1,2,0,1,1,0,1,0,1,0,3,2
BAX,3,DGC,80,1,4,,4 M. Gaspà,0:00,0,0/0,0%,0/0,0%,0/0,0%,0,0,0,0,0,0,0,0,0,0,0,0,0
BAX,3,DGC,80,1,4,,8 A. Reyes,5:24,0,0/0,0%,0/1,0%,0/0,0%,0,4,4,0,1,0,0,0,0,1,0,-5,1
BAX,3,DGC,80,1,4,1,11 A. Ubal,4:36,2,0/0,0%,0/0,0%,2/2,100%,0,0,0,0,0,0,0,0,0,0,1,6,3
BAX,3,DGC,80,1,4,1,12 M. Steinbergs,5:19,0,0/0,0%,0/1,0%,0/0,0%,0,0,0,0,0,0,0,0,0,0,0,2,-1
BAX,3,DGC,80,1,4,,19 L. Olinde,9:37,2,1/1,100%,0/1,0%,0/0,0%,0,3,3,0,1,0,0,0,1,1,1,1,3
BAX,3,DGC,80,1,4,,32 R. Obasohan,5:04,2,0/1,0%,0/1,0%,2/2,100%,0,2,2,0,1,0,0,0,0,1,1,-1,1
BAX,3,DGC,80,1,4,1,33 G. Golden,0:00,0,0/0,0%,0/0,0%,0/0,0%,0,0,0,0,0,0,0,0,0,0,0,0,0
BAX,3,DGC,80,1,4,,47 A. Izaw-Bolavie,0:00,0,0/0,0%,0/0,0%,0/0,0%,0,0,0,0,0,0,0,0,0,0,0,0,0
BAX,3,DGC,80,1,4,,55 D. Pérez,6:36,3,0/0,0%,1/3,33%,0/0,0%,0,1,1,0,3,0,0,0,0,2,1,-1,-2
BAX,3,DGC,80,1,4,1,99 A. Plummer,3:14,3,0/2,0%,1/1,100%,0/0,0%,0,0,0,0,0,1,0,0,0,0,0,1,2
BAX,3,DGC,80,1,4,,Equipo,,0,0/0,0%,0/0,0%,0/0,0%,1,0,1,0,0,0,0,0,0,0,0,0,
DGC,3,BAX,87,0,1,,1 L. Maniema,0:00,0,0/0,0%,0/0,0%,0/0,0%,0,0,0,0,0,0,0,0,0,0,0,0,0
DGC,3,BAX,87,0,1,1,2 I. Wong,5:50,7,2/2,100%,0/1,0%,3/3,100%,0,0,0,0,0,1,2,0,0,0,2,10,11
DGC,3,BAX,87,0,1,,4 E. Vila,0:00,0,0/0,0%,0/0,0%,0/0,0%,0,0,0,0,0,0,0,0,0,0,0,0,0
DGC,3,BAX,87,0,1,,5 Z. Samar,4:10,2,1/2,50%,0/0,0%,0/0,0%,1,0,1,0,0,0,0,0,0,1,0,4,1
DGC,3,BAX,87,0,1,1,6 A. Albicy,5:50,3,0/0,0%,1/1,100%,0/0,0%,0,0,0,3,0,0,0,0,0,0,0,8,6
DGC,3,BAX,87,0,1,1,9 N. Brussino,5:50,5,1/1,100%,1/2,50%,0/0,0%,0,0,0,1,0,0,0,0,0,1,0,8,4
DGC,3,BAX,87,0,1,,10 M. Salvó,4:10,1,0/1,0%,0/0,0%,1/2,50%,0,1,1,0,0,0,0,0,0,1,1,4,0
DGC,3,BAX,87,0,1,,13 P. Pelos,3:34,3,0/0,0%,1/1,100%,0/0,0%,0,0,0,0,0,0,0,0,0,1,0,-1,2
DGC,3,BAX,87,0,1,1,18 M. Tobey,6:56,2,1/1,100%,0/1,0%,0/0,0%,0,4,4,1,0,0,0,0,0,0,0,9,6
DGC,3,BAX,87,0,1,1,21 L. Labeyrie,6:26,2,1/2,50%,0/0,0%,0/0,0%,0,1,1,0,1,0,0,0,1,0,1,13,2
DGC,3,BAX,87,0,1,,23 K. Kuath,3:04,0,0/0,0%,0/0,0%,0/0,0%,0,0,0,1,0,0,1,0,0,2,0,3,0
DGC,3,BAX,87,0,1,,24 B. Angola,4:10,6,0/1,0%,2/2,100%,0/0,0%,0,1,1,0,0,0,0,1,0,0,1,2,6
DGC,3,BAX,87,0,1,,Equipo,,0,0/0,0%,0/0,0%,0/0,0%,0,2,2,0,0,0,0,0,0,0,0,0,2
DGC,3,BAX,87,0,2,,1 L. Maniema,0:00,0,0/0,0%,0/0,0%,0/0,0%,0,0,0,0,0,0,0,0,0,0,0,0,0
DGC,3,BAX,87,0,2,1,2 I. Wong,6:41,2,1/3,33%,0/0,0%,0/0,0%,0,0,0,1,0,0,0,0,0,1,0,-2,0
DGC,3,BAX,87,0,2,,4 E. Vila,0:00,0,0/0,0%,0/0,0%,0/0,0%,0,0,0,0,0,0,0,0,0,0,0,0,0
DGC,3,BAX,87,0,2,,5 Z. Samar,0:47,0,0/0,0%,0/0,0%,0/0,0%,0,0,0,0,0,0,0,0,0,1,0,1,-1
DGC,3,BAX,87,0,2,1,6 A. Albicy,8:27,3,0/0,0%,1/2,50%,0/0,0%,0,0,0,1,1,0,0,0,0,1,0,-9,1
DGC,3,BAX,87,0,2,1,9 N. Brussino,10:00,5,1/1,100%,1/2,50%,0/0,0%,1,0,1,0,0,0,0,0,0,0,0,-6,5
DGC,3,BAX,87,0,2,,10 M. Salvó,0:00,0,0/0,0%,0/0,0%,0/0,0%,0,0,0,0,0,0,0,0,0,0,0,0,0
DGC,3,BAX,87,0,2,,13 P. Pelos,7:14,8,1/1,100%,2/2,100%,0/0,0%,0,0,0,1,0,0,0,0,0,0,1,-5,10
DGC,3,BAX,87,0,2,1,18 M. Tobey,6:12,2,1/1,100%,0/0,0%,0/0,0%,0,1,1,1,1,0,0,0,0,0,1,-5,4
DGC,3,BAX,87,0,2,1,21 L. Labeyrie,6:34,2,1/1,100%,0/0,0%,0/0,0%,0,0,0,0,0,0,0,0,0,0,1,-2,3
DGC,3,BAX,87,0,2,,23 K. Kuath,0:00,0,0/0,0%,0/0,0%,0/0,0%,0,0,0,0,0,0,0,0,0,0,0,0,0
DGC,3,BAX,87,0,2,,24 B. Angola,4:05,0,0/0,0%,0/3,0%,0/0,0%,1,1,2,1,0,0,0,0,0,1,0,-2,-1
DGC,3,BAX,87,0,2,,Equipo,,0,0/0,0%,0/0,0%,0/0,0%,1,0,1,0,0,0,0,0,0,0,0,0,
DGC,3,BAX,87,0,3,,1 L. Maniema,0:00,0,0/0,0%,0/0,0%,0/0,0%,0,0,0,0,0,0,0,0,0,0,0,0,0
DGC,3,BAX,87,0,3,1,2 I. Wong,5:49,4,2/2,100%,0/0,0%,0/0,0%,0,1,1,0,2,0,0,0,0,0,1,3,4
DGC,3,BAX,87,0,3,,4 E. Vila,6:06,6,0/0,0%,2/3,67%,0/0,0%,0,0,0,0,0,0,0,0,0,0,0,4,5
DGC,3,BAX,87,0,3,,5 Z. Samar,5:16,0,0/0,0%,0/0,0%,0/0,0%,0,0,0,1,1,0,0,0,0,2,1,2,-1
DGC,3,BAX,87,0,3,1,6 A. Albicy,4:44,4,0/0,0%,1/1,100%,1/2,50%,0,0,0,0,0,0,0,0,0,0,1,0,4
DGC,3,BAX,87,0,3,1,9 N. Brussino,4:40,2,1/1,100%,0/0,0%,0/0,0%,0,0,0,0,0,0,0,0,0,0,0,2,2
DGC,3,BAX,87,0,3,,10 M. Salvó,5:07,0,0/1,0%,0/1,0%,0/0,0%,0,3,3,2,0,0,0,0,0,1,0,2,2
DGC,3,BAX,87,0,3,,13 P. Pelos,0:13,0,0/0,0%,0/0,0%,0/0,0%,0,0,0,0,0,0,0,0,0,0,0,-2,0
DGC,3,BAX,87,0,3,1,18 M. Tobey,5:43,2,1/1,100%,0/0,0%,0/0,0%,0,1,1,0,0,1,1,0,0,0,0,2,5
DGC,3,BAX,87,0,3,1,21 L. Labeyrie,3:41,0,0/1,0%,0/0,0%,0/0,0%,1,0,1,0,1,0,0,0,0,1,0,0,-2
DGC,3,BAX,87,0,3,,23 K. Kuath,4:17,0,0/0,0%,0/0,0%,0/0,0%,0,0,0,0,0,0,1,0,0,0,0,0,1
DGC,3,BAX,87,0,3,,24 B. Angola,4:24,2,1/1,100%,0/0,0%,0/0,0%,0,1,1,0,1,1,0,0,0,1,1,-3,3
DGC,3,BAX,87,0,3,,Equipo,,0,0/0,0%,0/0,0%,0/0,0%,0,0,0,0,0,0,0,0,0,0,0,0,
DGC,3,BAX,87,0,4,,1 L. Maniema,0:31,0,0/0,0%,0/0,0%,0/0,0%,0,0,0,0,0,0,0,0,0,0,0,-1,0
DGC,3,BAX,87,0,4,1,2 I. Wong,5:21,6,1/1,100%,0/1,0%,4/4,100%,0,1,1,0,0,0,0,0,0,1,2,6,7
DGC,3,BAX,87,0,4,,4 E. Vila,0:06,0,0/0,0%,0/0,0%,0/0,0%,0,0,0,0,0,0,0,0,0,0,0,-2,0
DGC,3,BAX,87,0,4,,5 Z. Samar,4:36,0,0/2,0%,0/0,0%,0/2,0%,0,0,0,0,0,0,0,0,0,0,1,-2,-3
DGC,3,BAX,87,0,4,1,6 A. Albicy,5:24,0,0/0,0%,0/0,0%,0/0,0%,0,0,0,1,2,0,0,0,0,0,1,1,0
DGC,3,BAX,87,0,4,1,9 N. Brussino,6:27,3,1/1,100%,0/0,0%,1/1,100%,0,0,0,0,1,3,0,0,0,1,1,-1,5
DGC,3,BAX,87,0,4,,10 M. Salvó,1:17,1,0/0,0%,0/0,0%,1/2,50%,0,1,1,0,0,0,0,0,0,0,1,-1,2
DGC,3,BAX,87,0,4,,13 P. Pelos,6:09,0,0/1,0%,0/1,0%,0/0,0%,0,2,2,1,1,0,0,0,0,0,0,4,0
DGC,3,BAX,87,0,4,1,18 M. Tobey,6:45,4,1/3,33%,0/1,0%,2/4,50%,1,2,3,0,0,0,0,0,0,2,2,3,2
DGC,3,BAX,87,0,4,1,21 L. Labeyrie,6:38,0,0/0,0%,0/0,0%,0/2,0%,0,2,2,0,0,0,0,0,0,0,1,-4,1
DGC,3,BAX,87,0,4,,23 K. Kuath,0:22,0,0/0,0%,0/0,0%,0/0,0%,0,0,0,0,0,0,0,0,0,0,0,-3,0
DGC,3,BAX,87,0,4,,24 B. Angola,6:24,0,0/0,0%,0/1,0%,0/0,0%,0,0,0,0,0,2,1,0,0,1,0,-5,1
DGC,3,BAX,87,0,4,,Equipo,,0,0/0,0%,0/0,0%,0/0,0%,0,1,1,0,0,0,0,0,0,0,0,0,
MBA,3,GIR,115,1,1,1,0 S. Evans,6:50,2,0/1,0%,0/0,0%,2/2,100%,0,1,1,3,1,3,0,0,0,1,1,15,7
MBA,3,GIR,115,1,1,,00 M. Udeze,4:44,5,1/2,50%,0/0,0%,3/3,100%,2,1,3,0,0,1,0,0,1,0,3,4,11
MBA,3,GIR,115,1,1,1,3 A. Best,4:04,6,0/0,0%,2/3,67%,0/0,0%,1,0,1,0,1,1,0,0,0,0,0,5,6
MBA,3,GIR,115,1,1,,5 R. Luz,3:10,2,0/0,0%,0/0,0%,2/2,100%,0,0,0,2,1,0,0,0,0,1,1,3,3
MBA,3,GIR,115,1,1,1,11 S. Okoye,4:44,4,0/0,0%,1/1,100%,1/2,50%,0,1,1,1,0,0,0,0,0,0,1,8,6
MBA,3,GIR,115,1,1,,13 C. Ortega,5:16,0,0/0,0%,0/0,0%,0/0,0%,1,0,1,0,1,0,0,0,0,0,0,10,0
MBA,3,GIR,115,1,1,,20 F. Bassas,0:00,0,0/0,0%,0/0,0%,0/0,0%,0,0,0,0,0,0,0,0,0,0,0,0,0
MBA,3,GIR,115,1,1,1,22 J. McKoy,6:10,0,0/2,0%,0/0,0%,0/0,0%,0,1,1,1,0,0,0,0,0,0,0,9,0
MBA,3,GIR,115,1,1,,24 K. Kuric,5:56,3,0/1,0%,1/1,100%,0/0,0%,0,0,0,0,0,0,0,0,0,0,1,13,3
MBA,3,GIR,115,1,1,,32 R. Guerrero,1:44,0,0/0,0%,0/0,0%,0/0,0%,0,2,2,0,1,0,0,0,0,1,0,7,0
MBA,3,GIR,115,1,1,,35 Y. Pons,3:50,6,0/1,0%,2/2,100%,0/0,0%,0,0,0,1,0,1,0,0,0,0,0,9,7
MBA,3,GIR,115,1,1,1,99 A. Pustovyi,3:32,0,0/0,0%,0/0,0%,0/0,0%,0,2,2,0,1,0,0,0,0,0,0,7,1
MBA,3,GIR,115,1,1,,Equipo,,0,0/0,0%,0/0,0%,0/0,0%,0,1,1,0,0,0,0,0,0,0,0,0,1
MBA,3,GIR,115,1,2,1,0 S. Evans,6:56,3,0/0,0%,1/3,33%,0/0,0%,0,0,0,1,1,1,0,0,0,0,1,-16,3
MBA,3,GIR,115,1,2,,00 M. Udeze,1:54,1,0/0,0%,0/0,0%,1/2,50%,0,0,0,0,0,1,0,0,0,0,1,-4,2
MBA,3,GIR,115,1,2,1,3 A. Best,6:23,8,0/0,0%,2/3,67%,2/2,100%,0,0,0,1,1,0,0,0,0,2,1,-9,6
MBA,3,GIR,115,1,2,,5 R. Luz,3:46,0,0/0,0%,0/0,0%,0/0,0%,0,0,0,0,0,0,0,0,0,1,0,-6,-1
MBA,3,GIR,115,1,2,1,11 S. Okoye,8:18,3,0/1,0%,1/2,50%,0/0,0%,0,0,0,3,0,0,0,0,0,1,0,-11,3
MBA,3,GIR,115,1,2,,13 C. Ortega,1:00,0,0/0,0%,0/0,0%,0/0,0%,0,0,0,0,0,0,0,0,0,0,0,-5,0
MBA,3,GIR,115,1,2,,20 F. Bassas,0:00,0,0/0,0%,0/0,0%,0/0,0%,0,0,0,0,0,0,0,0,0,0,0,0,0
MBA,3,GIR,115,1,2,1,22 J. McKoy,5:13,2,0/0,0%,0/0,0%,2/2,100%,0,0,0,0,0,0,0,0,0,0,2,-4,4
MBA,3,GIR,115,1,2,,24 K. Kuric,3:37,0,0/0,0%,0/1,0%,0/0,0%,0,0,0,1,0,0,0,0,0,1,0,-10,-1
MBA,3,GIR,115,1,2,,32 R. Guerrero,3:38,0,0/1,0%,0/0,0%,0/0,0%,0,1,1,0,0,0,0,0,0,0,0,-3,0
MBA,3,GIR,115,1,2,,35 Y. Pons,4:47,0,0/0,0%,0/1,0%,0/0,0%,0,0,0,0,0,0,0,0,0,0,0,-15,-1
MBA,3,GIR,115,1,2,1,99 A. Pustovyi,4:28,2,0/1,0%,0/0,0%,2/2,100%,0,1,1,0,1,0,0,0,0,0,2,-12,3
MBA,3,GIR,115,1,2,,Equipo,,0,0/0,0%,0/0,0%,0/0,0%,0,0,0,0,0,0,0,0,0,0,0,0,
MBA,3,GIR,115,1,3,1,0 S. Evans,7:35,9,0/2,0%,1/3,33%,6/6,100%,0,0,0,1,0,1,0,0,0,2,3,-3,8
MBA,3,GIR,115,1,3,,00 M. Udeze,4:04,0,0/0,0%,0/0,0%,0/0,0%,0,2,2,1,0,0,0,0,0,0,0,2,3
MBA,3,GIR,115,1,3,1,3 A. Best,8:28,0,0/1,0%,0/1,0%,0/0,0%,0,0,0,0,0,0,0,0,0,2,1,-10,-3
MBA,3,GIR,115,1,3,,5 R. Luz,2:25,0,0/0,0%,0/0,0%,0/0,0%,0,0,0,0,3,0,0,0,0,0,0,-5,-3
MBA,3,GIR,115,1,3,1,11 S. Okoye,7:54,0,0/0,0%,0/1,0%,0/0,0%,2,0,2,0,1,0,0,0,0,0,2,-5,2
MBA,3,GIR,115,1,3,,13 C. Ortega,3:38,3,0/0,0%,1/2,50%,0/0,0%,0,0,0,0,0,0,0,0,0,0,0,-1,2
MBA,3,GIR,115,1,3,,20 F. Bassas,0:00,0,0/0,0%,0/0,0%,0/0,0%,0,0,0,0,0,0,0,0,0,0,0,0,0
MBA,3,GIR,115,1,3,1,22 J. McKoy,0:00,0,0/0,0%,0/0,0%,0/0,0%,0,0,0,0,0,0,0,0,0,0,0,0,0
MBA,3,GIR,115,1,3,,24 K. Kuric,5:58,0,0/1,0%,0/0,0%,0/0,0%,0,1,1,0,0,0,0,0,0,0,0,-1,0
MBA,3,GIR,115,1,3,,32 R. Guerrero,5:56,2,1/1,100%,0/0,0%,0/0,0%,2,1,3,0,0,0,0,0,0,2,0,-10,3
MBA,3,GIR,115,1,3,,35 Y. Pons,4:02,0,0/0,0%,0/1,0%,0/0,0%,0,0,0,0,0,0,0,0,0,1,0,-7,-2
MBA,3,GIR,115,1,3,1,99 A. Pustovyi,0:00,0,0/0,0%,0/0,0%,0/0,0%,0,0,0,0,0,0,0,0,0,0,0,0,0
MBA,3,GIR,115,1,3,,Equipo,,0,0/0,0%,0/0,0%,0/0,0%,0,0,0,0,1,0,0,0,0,0,0,0,
MBA,3,GIR,115,1,4,1,0 S. Evans,5:03,4,1/2,50%,0/0,0%,2/2,100%,0,0,0,1,1,1,0,0,0,2,1,6,3
MBA,3,GIR,115,1,4,,00 M. Udeze,6:58,1,0/1,0%,0/0,0%,1/2,50%,0,0,0,0,0,0,0,1,0,4,2,2,-4
MBA,3,GIR,115,1,4,1,3 A. Best,3:44,1,0/0,0%,0/0,0%,1/2,50%,0,1,1,0,0,0,0,0,0,0,1,8,2
MBA,3,GIR,115,1,4,,5 R. Luz,4:57,7,0/0,0%,1/1,100%,4/6,67%,0,2,2,0,1,0,0,0,0,2,3,3,7
MBA,3,GIR,115,1,4,1,11 S. Okoye,6:03,3,0/0,0%,1/2,50%,0/0,0%,0,0,0,1,0,0,0,0,0,0,0,9,3
MBA,3,GIR,115,1,4,,13 C. Ortega,3:57,0,0/0,0%,0/1,0%,0/0,0%,0,0,0,1,0,1,0,0,0,0,1,0,2
MBA,3,GIR,115,1,4,,20 F. Bassas,0:00,0,0/0,0%,0/0,0%,0/0,0%,0,0,0,0,0,0,0,0,0,0,0,0,0
MBA,3,GIR,115,1,4,1,22 J. McKoy,6:16,6,2/2,100%,0/0,0%,2/2,100%,0,2,2,0,0,0,0,0,0,1,2,1,9
MBA,3,GIR,115,1,4,,24 K. Kuric,10:00,6,0/1,0%,2/5,40%,0/1,0%,2,0,2,3,0,2,0,0,0,1,1,9,8
MBA,3,GIR,115,1,4,,32 R. Guerrero,0:00,0,0/0,0%,0/0,0%,0/0,0%,0,0,0,0,0,0,0,0,0,0,0,0,0
MBA,3,GIR,115,1,4,,35 Y. Pons,3:02,3,0/0,0%,1/1,100%,0/0,0%,0,1,1,0,0,0,0,0,0,1,0,7,3
MBA,3,GIR,115,1,4,1,99 A. Pustovyi,0:00,0,0/0,0%,0/0,0%,0/0,0%,0,0,0,0,0,0,0,0,0,0,0,0,0
MBA,3,GIR,115,1,4,,Equipo,,0,0/0,0%,0/0,0%,0/0,0%,0,0,0,0,0,0,0,0,0,0,0,0,
MBA,3,GIR,115,1,5,1,0 S. Evans,0:00,0,0/0,0%,0/0,0%,0/0,0%,0,0,0,0,0,0,0,0,0,0,0,0,0
MBA,3,GIR,115,1,5,,00 M. Udeze,2:42,3,1/1,100%,0/0,0%,1/1,100%,0,0,0,0,0,0,0,0,1,1,1,4,3
MBA,3,GIR,115,1,5,1,3 A. Best,5:00,4,0/1,0%,1/2,50%,1/2,50%,0,0,0,1,0,0,0,0,0,0,1,0,3
MBA,3,GIR,115,1,5,,5 R. Luz,5:00,2,1/2,50%,0/0,0%,0/0,0%,0,0,0,1,0,0,0,0,0,0,0,0,2
MBA,3,GIR,115,1,5,1,11 S. Okoye,2:18,0,0/0,0%,0/0,0%,0/0,0%,0,1,1,0,0,0,0,0,0,0,0,-4,1
MBA,3,GIR,115,1,5,,13 C. Ortega,0:00,0,0/0,0%,0/0,0%,0/0,0%,0,0,0,0,0,0,0,0,0,0,0,0,0
MBA,3,GIR,115,1,5,,20 F. Bassas,0:00,0,0/0,0%,0/0,0%,0/0,0%,0,0,0,0,0,0,0,0,0,0,0,0,0
MBA,3,GIR,115,1,5,1,22 J. McKoy,0:00,0,0/0,0%,0/0,0%,0/0,0%,0,0,0,0,0,0,0,0,0,0,0,0,0
MBA,3,GIR,115,1,5,,24 K. Kuric,5:00,0,0/1,0%,0/0,0%,0/0,0%,0,1,1,0,0,0,0,0,0,0,0,0,0
MBA,3,GIR,115,1,5,,32 R. Guerrero,0:00,0,0/0,0%,0/0,0%,0/0,0%,0,0,0,0,0,0,0,0,0,0,0,0,0
MBA,3,GIR,115,1,5,,35 Y. Pons,5:00,2,1/1,100%,0/1,0%,0/0,0%,2,1,3,0,0,0,0,0,0,0,0,0,4
MBA,3,GIR,115,1,5,1,99 A. Pustovyi,0:00,0,0/0,0%,0/0,0%,0/0,0%,0,0,0,0,0,0,0,0,0,0,0,0,0
MBA,3,GIR,115,1,5,,Equipo,,0,0/0,0%,0/0,0%,0/0,0%,0,1,1,0,0,0,0,0,0,0,0,0,
MBA,3,GIR,115,1,6,,00 M. Udeze,0:00,0,0/0,0%,0/0,0%,0/0,0%,0,0,0,0,0,0,0,0,0,0,0,0,0
MBA,3,GIR,115,1,6,1,0 S. Evans,0:00,0,0/0,0%,0/0,0%,0/0,0%,0,0,0,0,0,0,0,0,0,0,0,0,0
MBA,3,GIR,115,1,6,1,3 A. Best,3:27,0,0/2,0%,0/0,0%,0/0,0%,1,0,1,0,0,0,0,0,0,1,0,7,-2
MBA,3,GIR,115,1,6,,5 R. Luz,4:54,2,1/1,100%,0/0,0%,0/0,0%,0,1,1,0,0,1,0,0,0,1,0,3,3
MBA,3,GIR,115,1,6,1,11 S. Okoye,5:00,0,0/0,0%,0/1,0%,0/0,0%,0,1,1,1,0,0,0,0,0,0,0,2,1
MBA,3,GIR,115,1,6,,13 C. Ortega,1:00,0,0/0,0%,0/0,0%,0/0,0%,0,0,0,0,0,0,0,0,0,0,0,-6,0
MBA,3,GIR,115,1,6,,20 F. Bassas,0:33,0,0/0,0%,0/0,0%,0/0,0%,0,0,0,0,0,0,0,0,0,0,0,1,0
MBA,3,GIR,115,1,6,1,22 J. McKoy,0:06,0,0/0,0%,0/0,0%,0/0,0%,0,1,1,0,0,0,0,0,0,0,0,-1,1
MBA,3,GIR,115,1,6,,24 K. Kuric,5:00,1,0/0,0%,0/0,0%,1/1,100%,0,1,1,0,1,0,0,0,0,1,1,2,1
MBA,3,GIR,115,1,6,,32 R. Guerrero,0:00,0,0/0,0%,0/0,0%,0/0,0%,0,0,0,0,0,0,0,0,0,0,0,0,0
MBA,3,GIR,115,1,6,,35 Y. Pons,5:00,9,2/2,100%,1/3,33%,2/2,100%,0,0,0,0,0,0,1,1,0,1,1,2,7
MBA,3,GIR,115,1,6,1,99 A. Pustovyi,0:00,0,0/0,0%,0/0,0%,0/0,0%,0,0,0,0,0,0,0,0,0,0,0,0,0
MBA,3,GIR,115,1,6,,Equipo,,0,0/0,0%,0/0,0%,0/0,0%,0,1,1,0,0,0,0,0,0,0,0,0,
GIR,3,MBA,113,0,1,,4 P. Busquets,4:44,1,0/0,0%,0/0,0%,1/2,50%,0,0,0,1,1,1,0,0,0,0,1,-6,2
GIR,3,MBA,113,0,1,,5 D. Needham,3:39,0,0/0,0%,0/1,0%,0/0,0%,0,0,0,0,0,0,0,0,0,2,0,-7,-3
GIR,3,MBA,113,0,1,1,7 S. Hollanders,3:32,0,0/0,0%,0/1,0%,0/0,0%,0,0,0,0,2,0,0,0,0,1,0,-7,-4
GIR,3,MBA,113,0,1,1,8 M. Hughes,6:21,0,0/1,0%,0/1,0%,0/0,0%,0,2,2,0,1,0,0,0,0,0,0,-11,-1
GIR,3,MBA,113,0,1,,9 G. Ferrando,1:44,0,0/0,0%,0/1,0%,0/0,0%,0,0,0,0,0,0,0,0,0,0,0,-5,-1
GIR,3,MBA,113,0,1,,10 P. Vildoza,3:39,3,0/0,0%,1/2,50%,0/0,0%,0,1,1,1,1,0,0,0,0,0,0,-7,3
GIR,3,MBA,113,0,1,1,11 O. Livingston,6:21,0,0/2,0%,0/1,0%,0/0,0%,0,0,0,0,2,0,0,0,0,1,1,-11,-5
GIR,3,MBA,113,0,1,1,12 M. Geben,5:04,0,0/0,0%,0/0,0%,0/0,0%,0,0,0,0,0,0,0,0,0,1,0,-13,-1
GIR,3,MBA,113,0,1,,21 J. Fernández,4:56,2,1/1,100%,0/0,0%,0/0,0%,0,0,0,0,0,0,0,0,0,1,0,-5,1
GIR,3,MBA,113,0,1,1,23 S. Martínez,5:49,0,0/0,0%,0/1,0%,0/0,0%,0,0,0,0,0,0,0,0,0,0,1,-13,0
GIR,3,MBA,113,0,1,,25 N. Maric,0:00,0,0/0,0%,0/0,0%,0/0,0%,0,0,0,0,0,0,0,0,0,0,0,0,0
GIR,3,MBA,113,0,1,,29 M. Susinskas,4:11,4,2/2,100%,0/0,0%,0/0,0%,0,0,0,0,0,0,0,0,0,1,0,-5,3
GIR,3,MBA,113,0,1,,Equipo,,0,0/0,0%,0/0,0%,0/0,0%,1,0,1,0,0,0,0,0,0,0,0,0,1
GIR,3,MBA,113,0,2,,4 P. Busquets,4:25,4,2/2,100%,0/0,0%,0/0,0%,1,1,2,2,0,0,0,0,0,0,0,4,8
GIR,3,MBA,113,0,2,,5 D. Needham,5:40,8,1/1,100%,2/2,100%,0/0,0%,0,1,1,2,0,0,0,0,0,0,0,13,11
GIR,3,MBA,113,0,2,1,7 S. Hollanders,3:05,0,0/0,0%,0/0,0%,0/0,0%,0,0,0,1,0,0,0,0,0,0,0,11,1
GIR,3,MBA,113,0,2,1,8 M. Hughes,3:38,3,0/0,0%,1/2,50%,0/0,0%,0,1,1,1,1,0,0,0,0,0,0,3,3
GIR,3,MBA,113,0,2,,9 G. Ferrando,2:30,0,0/0,0%,0/0,0%,0/0,0%,0,0,0,0,0,0,0,0,0,0,1,4,1
GIR,3,MBA,113,0,2,,10 P. Vildoza,6:22,3,0/1,0%,1/3,33%,0/0,0%,0,0,0,3,0,0,0,0,0,0,0,16,3
GIR,3,MBA,113,0,2,1,11 O. Livingston,4:20,0,0/0,0%,0/0,0%,0/0,0%,0,0,0,4,0,1,0,0,0,0,0,6,5
GIR,3,MBA,113,0,2,1,12 M. Geben,1:43,2,1/1,100%,0/0,0%,0/0,0%,0,2,2,0,0,0,0,0,0,1,0,4,3
GIR,3,MBA,113,0,2,,21 J. Fernández,4:12,2,0/0,0%,0/0,0%,2/2,100%,1,2,3,0,1,0,0,0,0,1,2,6,5
GIR,3,MBA,113,0,2,1,23 S. Martínez,7:36,7,2/2,100%,1/2,50%,0/0,0%,0,0,0,0,0,0,0,0,0,1,0,14,5
GIR,3,MBA,113,0,2,,25 N. Maric,4:05,6,3/3,100%,0/0,0%,0/1,0%,0,2,2,1,0,0,0,0,0,3,2,9,7
GIR,3,MBA,113,0,2,,29 M. Susinskas,2:24,3,0/0,0%,1/1,100%,0/0,0%,0,0,0,0,0,0,0,0,0,1,0,5,2
GIR,3,MBA,113,0,2,,Equipo,,0,0/0,0%,0/0,0%,0/0,0%,1,1,2,0,0,0,0,0,0,0,0,0,
GIR,3,MBA,113,0,3,,4 P. Busquets,5:56,1,0/0,0%,0/1,0%,1/2,50%,0,0,0,0,0,0,0,0,0,1,1,1,-1
GIR,3,MBA,113,0,3,,5 D. Needham,5:57,4,1/1,100%,0/2,0%,2/2,100%,0,1,1,0,1,2,0,0,0,1,1,3,4
GIR,3,MBA,113,0,3,1,7 S. Hollanders,0:00,0,0/0,0%,0/0,0%,0/0,0%,0,0,0,0,0,0,0,0,0,0,0,0,0
GIR,3,MBA,113,0,3,1,8 M. Hughes,4:54,3,0/0,0%,1/2,50%,0/0,0%,1,1,2,0,0,0,0,0,0,0,0,9,4
GIR,3,MBA,113,0,3,,9 G. Ferrando,1:48,0,0/0,0%,0/0,0%,0/0,0%,0,0,0,0,0,0,0,0,0,0,0,-2,0
GIR,3,MBA,113,0,3,,10 P. Vildoza,4:27,2,1/1,100%,0/1,0%,0/0,0%,0,0,0,0,0,0,0,0,0,1,0,6,0
GIR,3,MBA,113,0,3,1,11 O. Livingston,6:58,2,0/1,0%,0/0,0%,2/2,100%,0,1,1,2,1,0,0,0,0,0,2,7,5
GIR,3,MBA,113,0,3,1,12 M. Geben,2:54,4,2/2,100%,0/0,0%,0/0,0%,1,0,1,0,0,0,0,0,1,1,0,4,4
GIR,3,MBA,113,0,3,,21 J. Fernández,4:50,4,1/1,100%,0/0,0%,2/3,67%,0,1,1,2,0,1,0,0,0,0,2,2,9
GIR,3,MBA,113,0,3,1,23 S. Martínez,7:49,2,0/0,0%,0/1,0%,2/2,100%,1,2,3,1,0,0,0,0,0,0,1,3,6
GIR,3,MBA,113,0,3,,25 N. Maric,2:16,0,0/0,0%,0/0,0%,0/0,0%,0,0,0,0,0,0,0,0,0,1,0,2,-1
GIR,3,MBA,113,0,3,,29 M. Susinskas,2:11,0,0/0,0%,0/1,0%,0/0,0%,0,0,0,1,0,0,0,0,0,1,0,5,-1
GIR,3,MBA,113,0,3,,Equipo,,0,0/0,0%,0/0,0%,0/0,0%,0,0,0,0,0,1,0,0,0,0,0,0,
GIR,3,MBA,113,0,4,,4 P. Busquets,8:24,3,1/1,100%,0/0,0%,1/5,20%,0,2,2,0,1,0,0,0,0,2,4,-7,2
GIR,3,MBA,113,0,4,,5 D. Needham,4:53,7,2/2,100%,1/2,50%,0/0,0%,1,0,1,0,0,0,0,0,0,2,0,0,5
GIR,3,MBA,113,0,4,1,7 S. Hollanders,0:00,0,0/0,0%,0/0,0%,0/0,0%,0,0,0,0,0,0,0,0,0,0,0,0,0
GIR,3,MBA,113,0,4,1,8 M. Hughes,3:01,0,0/0,0%,0/0,0%,0/0,0%,0,0,0,0,0,0,0,0,0,2,1,-3,-1
GIR,3,MBA,113,0,4,,9 G. Ferrando,0:00,0,0/0,0%,0/0,0%,0/0,0%,0,0,0,0,0,0,0,0,0,0,0,0,0
GIR,3,MBA,113,0,4,,10 P. Vildoza,6:43,5,1/1,100%,1/3,33%,0/2,0%,0,0,0,0,1,0,0,0,0,0,1,-11,1
GIR,3,MBA,113,0,4,1,11 O. Livingston,6:59,3,0/0,0%,0/2,0%,3/4,75%,0,2,2,3,4,0,0,0,0,1,2,-6,2
GIR,3,MBA,113,0,4,1,12 M. Geben,2:08,0,0/0,0%,0/0,0%,0/0,0%,0,0,0,0,0,0,0,0,0,1,0,0,-1
GIR,3,MBA,113,0,4,,21 J. Fernández,7:52,2,1/1,100%,0/0,0%,0/3,0%,1,1,2,0,0,0,0,0,1,2,3,-9,2
GIR,3,MBA,113,0,4,1,23 S. Martínez,6:46,2,1/1,100%,0/0,0%,0/0,0%,0,1,1,0,0,0,1,0,0,0,0,-9,4
GIR,3,MBA,113,0,4,,25 N. Maric,0:00,0,0/0,0%,0/0,0%,0/0,0%,0,0,0,0,0,0,0,0,0,0,0,0,0
GIR,3,MBA,113,0,4,,29 M. Susinskas,3:14,0,0/0,0%,0/0,0%,0/0,0%,1,0,1,0,0,0,0,0,0,1,0,0,0
GIR,3,MBA,113,0,4,,Equipo,,0,0/0,0%,0/0,0%,0/0,0%,0,1,1,0,0,0,0,0,0,0,0,0,
GIR,3,MBA,113,0,5,,4 P. Busquets,5:00,2,1/1,100%,0/0,0%,0/0,0%,0,0,0,0,0,0,0,0,0,1,0,0,1
GIR,3,MBA,113,0,5,,5 D. Needham,0:00,0,0/0,0%,0/0,0%,0/0,0%,0,0,0,0,0,0,0,0,0,0,0,0,0
GIR,3,MBA,113,0,5,1,7 S. Hollanders,0:00,0,0/0,0%,0/0,0%,0/0,0%,0,0,0,0,0,0,0,0,0,0,0,0,0
GIR,3,MBA,113,0,5,1,8 M. Hughes,5:00,0,0/1,0%,0/0,0%,0/0,0%,1,1,2,1,0,0,0,0,0,1,0,0,1
GIR,3,MBA,113,0,5,,9 G. Ferrando,0:00,0,0/0,0%,0/0,0%,0/0,0%,0,0,0,0,0,0,0,0,0,0,0,0,0
GIR,3,MBA,113,0,5,,10 P. Vildoza,0:10,0,0/0,0%,0/0,0%,0/0,0%,0,0,0,0,0,0,0,0,0,0,0,0,0
GIR,3,MBA,113,0,5,1,11 O. Livingston,5:00,7,1/3,33%,1/2,50%,2/2,100%,0,0,0,1,0,0,0,0,0,0,1,0,6
GIR,3,MBA,113,0,5,1,12 M. Geben,3:11,0,0/1,0%,0/0,0%,0/0,0%,1,1,2,0,0,0,0,0,0,0,0,0,1
GIR,3,MBA,113,0,5,,21 J. Fernández,1:39,0,0/0,0%,0/0,0%,0/0,0%,0,0,0,0,0,0,0,0,0,0,0,0,0
GIR,3,MBA,113,0,5,1,23 S. Martínez,2:08,0,0/0,0%,0/0,0%,0/0,0%,0,1,1,0,0,0,0,0,0,0,0,4,1
GIR,3,MBA,113,0,5,,25 N. Maric,0:00,0,0/0,0%,0/0,0%,0/0,0%,0,0,0,0,0,0,0,0,0,0,0,0,0
GIR,3,MBA,113,0,5,,29 M. Susinskas,2:52,2,1/1,100%,0/1,0%,0/0,0%,0,0,0,0,0,0,0,0,1,0,0,-4,1
GIR,3,MBA,113,0,5,,Equipo,,0,0/0,0%,0/0,0%,0/0,0%,0,1,1,0,0,0,0,0,0,0,0,0,
GIR,3,MBA,113,0,6,,4 P. Busquets,5:00,3,0/0,0%,1/3,33%,0/0,0%,0,1,1,0,0,0,0,0,0,0,0,-2,2
GIR,3,MBA,113,0,6,,5 D. Needham,0:00,0,0/0,0%,0/0,0%,0/0,0%,0,0,0,0,0,0,0,0,0,0,0,0,0
GIR,3,MBA,113,0,6,1,7 S. Hollanders,0:00,0,0/0,0%,0/0,0%,0/0,0%,0,0,0,0,0,0,0,0,0,0,0,0,0
GIR,3,MBA,113,0,6,1,8 M. Hughes,4:27,4,1/2,50%,0/0,0%,2/2,100%,0,1,1,0,0,0,0,0,0,0,1,-1,5
GIR,3,MBA,113,0,6,,9 G. Ferrando,0:00,0,0/0,0%,0/0,0%,0/0,0%,0,0,0,0,0,0,0,0,0,0,0,0,0
GIR,3,MBA,113,0,6,,10 P. Vildoza,2:46,0,0/2,0%,0/0,0%,0/0,0%,1,0,1,0,0,0,0,1,0,0,0,5,-2
GIR,3,MBA,113,0,6,1,11 O. Livingston,2:47,1,0/0,0%,0/0,0%,1/2,50%,0,0,0,0,1,0,0,0,0,0,1,-8,0
GIR,3,MBA,113,0,6,1,12 M. Geben,1:39,0,0/0,0%,0/0,0%,0/0,0%,0,1,1,0,1,0,0,0,0,1,0,-2,-1
GIR,3,MBA,113,0,6,,21 J. Fernández,0:11,0,0/0,0%,0/0,0%,0/0,0%,0,0,0,0,0,0,0,0,0,1,0,0,-1
GIR,3,MBA,113,0,6,1,23 S. Martínez,4:54,0,0/0,0%,0/0,0%,0/0,0%,0,0,0,1,0,0,0,0,0,0,0,-3,1
GIR,3,MBA,113,0,6,,25 N. Maric,2:43,2,0/1,0%,0/0,0%,2/2,100%,1,1,2,0,0,0,1,0,0,0,2,2,6
GIR,3,MBA,113,0,6,,29 M. Susinskas,0:33,0,0/0,0%,0/0,0%,0/0,0%,0,0,0,0,0,0,0,0,0,0,0,-1,0
GIR,3,MBA,113,0,6,,Equipo,,0,0/0,0%,0/0,0%,0/0,0%,0,0,0,0,1,0,0,0,0,1,0,0,
LLT,3,UCM,96,1,1,,2 K. Kostadinov,0:00,0,0/0,0%,0/0,0%,0/0,0%,0,0,0,0,0,0,0,0,0,0,0,0,0
LLT,3,UCM,96,1,1,,3 J. Fernández,6:25,7,1/1,100%,1/1,100%,2/2,100%,0,0,0,2,0,0,0,0,0,0,1,9,10
LLT,3,UCM,96,1,1,,6 B. Fitipaldo,7:27,2,1/1,100%,0/1,0%,0/0,0%,0,0,0,1,0,0,0,0,0,1,1,10,2
LLT,3,UCM,96,1,1,1,9 M. Huertas,4:34,2,1/1,100%,0/0,0%,0/0,0%,0,1,1,1,3,0,0,0,0,0,2,-4,3
LLT,3,UCM,96,1,1,1,11 T. Scrubb,4:50,2,1/1,100%,0/0,0%,0/0,0%,1,0,1,0,0,0,0,0,0,1,0,-4,2
LLT,3,UCM,96,1,1,,13 L. Costa,0:00,0,0/0,0%,0/0,0%,0/0,0%,0,0,0,0,0,0,0,0,0,0,0,0,0
LLT,3,UCM,96,1,1,1,15 J. Sastre,1:34,0,0/0,0%,0/0,0%,0/0,0%,0,0,0,0,0,0,0,0,0,0,1,-7,1
LLT,3,UCM,96,1,1,1,19 G. Shermadini,7:26,4,2/4,50%,0/0,0%,0/0,0%,0,1,1,1,0,0,0,0,0,0,0,-2,4
LLT,3,UCM,96,1,1,,21 T. Abromaitis,2:36,0,0/0,0%,0/0,0%,0/0,0%,1,1,2,0,0,0,0,0,0,1,0,4,1
LLT,3,UCM,96,1,1,,31 R. Giedraitis,5:10,3,0/1,0%,1/1,100%,0/0,0%,0,3,3,0,0,0,0,0,0,1,0,8,4
LLT,3,UCM,96,1,1,,35 F. Guerra,2:34,4,1/1,100%,0/0,0%,2/2,100%,0,1,1,0,0,0,0,0,0,1,1,6,5
LLT,3,UCM,96,1,1,1,42 A. Doornekamp,7:24,2,0/0,0%,0/0,0%,2/2,100%,0,0,0,0,0,1,0,0,0,0,1,0,4
LLT,3,UCM,96,1,1,,Equipo,,0,0/0,0%,0/0,0%,0/0,0%,0,0,0,0,0,0,0,0,0,0,0,0,0
LLT,3,UCM,96,1,2,,2 K. Kostadinov,0:00,0,0/0,0%,0/0,0%,0/0,0%,0,0,0,0,0,0,0,0,0,0,0,0,0
LLT,3,UCM,96,1,2,,3 J. Fernández,3:53,3,0/2,0%,1/1,100%,0/0,0%,0,0,0,0,1,0,0,0,0,0,0,1,0
LLT,3,UCM,96,1,2,,6 B. Fitipaldo,1:31,0,0/0,0%,0/0,0%,0/0,0%,0,0,0,0,0,0,0,0,0,1,0,2,-1
LLT,3,UCM,96,1,2,1,9 M. Huertas,8:29,4,2/3,67%,0/0,0%,0/0,0%,0,1,1,4,0,0,0,0,0,0,0,9,8
LLT,3,UCM,96,1,2,1,11 T. Scrubb,2:44,0,0/0,0%,0/0,0%,0/0,0%,0,0,0,0,0,0,0,0,0,1,0,-3,-1
LLT,3,UCM,96,1,2,,13 L. Costa,0:00,0,0/0,0%,0/0,0%,0/0,0%,0,0,0,0,0,0,0,0,0,0,0,0,0
LLT,3,UCM,96,1,2,1,15 J. Sastre,6:07,0,0/0,0%,0/0,0%,0/0,0%,0,1,1,0,0,1,1,0,0,0,0,10,3
LLT,3,UCM,96,1,2,1,19 G. Shermadini,3:53,0,0/0,0%,0/0,0%,0/0,0%,0,0,0,0,0,0,0,0,0,1,1,1,0
LLT,3,UCM,96,1,2,,21 T. Abromaitis,4:32,0,0/2,0%,0/0,0%,0/0,0%,0,0,0,0,0,0,0,0,0,1,0,5,-3
LLT,3,UCM,96,1,2,,31 R. Giedraitis,7:16,5,1/2,50%,1/3,33%,0/0,0%,2,0,2,0,0,1,0,0,0,0,0,14,5
LLT,3,UCM,96,1,2,,35 F. Guerra,6:07,6,3/3,100%,0/0,0%,0/1,0%,0,0,0,1,1,0,0,0,1,0,2,10,7
LLT,3,UCM,96,1,2,1,42 A. Doornekamp,5:28,3,0/0,0%,1/1,100%,0/0,0%,0,2,2,0,0,1,0,0,0,0,0,6,6
LLT,3,UCM,96,1,2,,Equipo,,0,0/0,0%,0/0,0%,0/0,0%,0,1,1,0,0,1,0,0,0,0,0,0,
LLT,3,UCM,96,1,3,,2 K. Kostadinov,0:00,0,0/0,0%,0/0,0%,0/0,0%,0,0,0,0,0,0,0,0,0,0,0,0,0
LLT,3,UCM,96,1,3,,3 J. Fernández,3:05,0,0/1,0%,0/2,0%,0/0,0%,0,0,0,1,0,0,0,0,0,0,2,-2,0
LLT,3,UCM,96,1,3,,6 B. Fitipaldo,4:24,3,0/0,0%,1/1,100%,0/0,0%,0,0,0,0,0,0,0,0,0,1,0,0,2
LLT,3,UCM,96,1,3,1,9 M. Huertas,8:04,9,3/5,60%,1/1,100%,0/0,0%,0,0,0,1,0,0,0,0,0,1,0,2,7
LLT,3,UCM,96,1,3,1,11 T. Scrubb,0:12,0,0/0,0%,0/0,0%,0/0,0%,0,0,0,0,0,0,0,0,0,0,0,2,0
LLT,3,UCM,96,1,3,,13 L. Costa,0:00,0,0/0,0%,0/0,0%,0/0,0%,0,0,0,0,0,0,0,0,0,0,0,0,0
LLT,3,UCM,96,1,3,1,15 J. Sastre,4:27,0,0/0,0%,0/0,0%,0/0,0%,0,0,0,1,0,0,0,0,0,0,0,4,1
LLT,3,UCM,96,1,3,1,19 G. Shermadini,4:44,3,1/1,100%,0/0,0%,1/1,100%,0,1,1,1,1,0,0,0,0,1,1,4,4
LLT,3,UCM,96,1,3,,21 T. Abromaitis,2:20,2,0/0,0%,0/0,0%,2/2,100%,0,0,0,0,0,0,0,0,0,0,1,4,3
LLT,3,UCM,96,1,3,,31 R. Giedraitis,9:48,6,0/0,0%,1/1,100%,3/3,100%,0,2,2,0,0,0,0,0,0,0,2,0,10
LLT,3,UCM,96,1,3,,35 F. Guerra,5:16,2,1/1,100%,0/0,0%,0/0,0%,1,1,2,0,1,0,0,0,0,1,0,-2,2
LLT,3,UCM,96,1,3,1,42 A. Doornekamp,7:40,2,1/1,100%,0/0,0%,0/0,0%,0,1,1,1,0,0,0,0,0,1,0,-2,3
LLT,3,UCM,96,1,3,,Equipo,,0,0/0,0%,0/0,0%,0/0,0%,0,0,0,0,1,0,0,0,0,0,0,0,
LLT,3,UCM,96,1,4,,2 K. Kostadinov,0:00,0,0/0,0%,0/0,0%,0/0,0%,0,0,0,0,0,0,0,0,0,0,0,0,0
LLT,3,UCM,96,1,4,,3 J. Fernández,6:01,3,1/2,50%,0/1,0%,1/2,50%,0,0,0,2,1,0,0,0,0,1,2,2,2
LLT,3,UCM,96,1,4,,6 B. Fitipaldo,1:02,0,0/0,0%,0/0,0%,0/0,0%,0,0,0,0,0,0,0,0,0,0,0,-3,0
LLT,3,UCM,96,1,4,1,9 M. Huertas,7:32,4,2/2,100%,0/1,0%,0/0,0%,0,0,0,1,2,0,0,0,0,0,0,2,2
LLT,3,UCM,96,1,4,1,11 T. Scrubb,7:56,6,3/4,75%,0/0,0%,0/0,0%,1,2,3,0,0,0,0,0,0,1,0,-1,7
LLT,3,UCM,96,1,4,,13 L. Costa,0:00,0,0/0,0%,0/0,0%,0/0,0%,0,0,0,0,0,0,0,0,0,0,0,0,0
LLT,3,UCM,96,1,4,1,15 J. Sastre,5:27,0,0/0,0%,0/0,0%,0/0,0%,0,1,1,0,0,0,0,0,0,0,0,-3,1
LLT,3,UCM,96,1,4,1,19 G. Shermadini,5:53,6,2/3,67%,0/0,0%,2/2,100%,0,2,2,1,0,0,0,0,0,0,2,3,10
LLT,3,UCM,96,1,4,,21 T. Abromaitis,4:14,0,0/0,0%,0/0,0%,0/0,0%,0,0,0,0,0,0,0,0,0,0,0,-2,0
LLT,3,UCM,96,1,4,,31 R. Giedraitis,2:04,3,0/0,0%,1/1,100%,0/0,0%,1,0,1,0,0,0,0,0,0,0,0,0,4
LLT,3,UCM,96,1,4,,35 F. Guerra,3:52,0,0/1,0%,0/0,0%,0/0,0%,0,1,1,0,0,1,0,0,0,2,1,-5,0
LLT,3,UCM,96,1,4,1,42 A. Doornekamp,5:59,0,0/0,0%,0/0,0%,0/0,0%,0,1,1,0,0,0,0,0,0,1,1,2,1
LLT,3,UCM,96,1,4,,Equipo,,0,0/0,0%,0/0,0%,0/0,0%,0,0,0,0,0,0,0,0,0,0,0,0,
UCM,3,LLT,80,0,1,1,0 D. Cacok,1:32,4,1/1,100%,0/0,0%,2/2,100%,0,0,0,0,0,1,0,0,0,2,1,6,4
UCM,3,LLT,80,0,1,,1 M. Forrest,6:25,0,0/0,0%,0/3,0%,0/0,0%,0,0,0,0,0,0,0,0,0,2,0,-9,-5
UCM,3,LLT,80,0,1,1,2 S. Raieste,6:10,2,1/1,100%,0/0,0%,0/0,0%,0,1,1,0,0,0,0,0,1,0,0,-5,3
UCM,3,LLT,80,0,1,1,5 D. DeJulius,3:35,7,3/3,100%,0/0,0%,1/2,50%,0,0,0,1,0,1,0,0,0,0,1,5,9
UCM,3,LLT,80,0,1,,8 H. Sant-Roos,3:50,3,1/2,50%,0/0,0%,1/1,100%,0,0,0,2,0,1,0,0,0,0,2,1,7
UCM,3,LLT,80,0,1,,12 J. Radebaugh,5:10,2,1/2,50%,0/1,0%,0/0,0%,1,0,1,0,1,0,0,0,0,0,0,-8,0
UCM,3,LLT,80,0,1,,13 W. Falk,0:00,0,0/0,0%,0/0,0%,0/0,0%,0,0,0,0,0,0,0,0,0,0,0,0,0
UCM,3,LLT,80,0,1,,15 E. Cate,3:50,2,1/2,50%,0/0,0%,0/0,0%,1,1,2,0,0,0,0,0,0,1,0,1,2
UCM,3,LLT,80,0,1,,21 M. Diagné,4:38,0,0/0,0%,0/0,0%,0/0,0%,0,0,0,1,0,0,0,0,0,0,0,-11,1
UCM,3,LLT,80,0,1,,24 Z. Hicks,0:00,0,0/0,0%,0/0,0%,0/0,0%,0,0,0,0,0,0,0,0,0,0,0,0,0
UCM,3,LLT,80,0,1,1,31 D. Ennis,4:50,0,0/0,0%,0/0,0%,0/0,0%,0,0,0,1,0,0,0,0,0,2,0,4,-1
UCM,3,LLT,80,0,1,1,99 T. Nakic,10:00,2,1/1,100%,0/1,0%,0/0,0%,0,0,0,0,0,0,0,0,0,0,1,-4,2
UCM,3,LLT,80,0,1,,Equipo,,0,0/0,0%,0/0,0%,0/0,0%,0,0,0,0,0,0,0,0,0,0,0,0,0
UCM,3,LLT,80,0,2,1,0 D. Cacok,7:46,0,0/0,0%,0/0,0%,0/0,0%,0,1,1,1,2,0,0,0,0,0,0,-7,0
UCM,3,LLT,80,0,2,,1 M. Forrest,3:50,0,0/0,0%,0/1,0%,0/0,0%,0,1,1,0,0,1,0,0,0,0,1,-4,2
UCM,3,LLT,80,0,2,1,2 S. Raieste,3:30,3,1/2,50%,0/0,0%,1/2,50%,0,0,0,0,1,0,0,0,0,0,1,1,1
UCM,3,LLT,80,0,2,1,5 D. DeJulius,10:00,0,0/0,0%,0/0,0%,0/0,0%,0,1,1,0,1,0,0,0,0,0,1,-11,1
UCM,3,LLT,80,0,2,,8 H. Sant-Roos,6:30,4,2/2,100%,0/2,0%,0/0,0%,0,2,2,0,1,0,0,0,0,2,0,-12,1
UCM,3,LLT,80,0,2,,12 J. Radebaugh,6:10,3,1/1,100%,0/1,0%,1/2,50%,0,1,1,0,0,1,0,1,0,1,1,-7,2
UCM,3,LLT,80,0,2,,13 W. Falk,3:46,0,0/0,0%,0/1,0%,0/0,0%,0,0,0,0,0,0,0,0,0,0,0,-2,-1
UCM,3,LLT,80,0,2,,15 E. Cate,2:14,0,0/0,0%,0/0,0%,0/0,0%,1,0,1,0,0,0,0,0,0,0,0,-4,1
UCM,3,LLT,80,0,2,,21 M. Diagné,0:00,0,0/0,0%,0/0,0%,0/0,0%,0,0,0,0,0,0,0,0,0,0,0,0,0
UCM,3,LLT,80,0,2,,24 Z. Hicks,1:55,0,0/0,0%,0/0,0%,0/0,0%,0,0,0,0,0,0,0,0,0,0,0,-2,0
UCM,3,LLT,80,0,2,1,31 D. Ennis,0:00,0,0/0,0%,0/0,0%,0/0,0%,0,0,0,0,0,0,0,0,0,0,0,0,0
UCM,3,LLT,80,0,2,1,99 T. Nakic,4:19,0,0/0,0%,0/0,0%,0/0,0%,0,0,0,0,0,0,0,0,0,0,0,-7,0
UCM,3,LLT,80,0,2,,Equipo,,0,0/0,0%,0/0,0%,0/0,0%,0,1,1,0,1,0,0,0,0,0,0,0,0
UCM,3,LLT,80,0,3,1,0 D. Cacok,5:27,2,1/1,100%,0/0,0%,0/0,0%,0,0,0,0,1,0,0,0,0,1,0,2,0
UCM,3,LLT,80,0,3,,1 M. Forrest,2:03,2,0/1,0%,0/0,0%,2/2,100%,0,0,0,0,1,0,0,0,0,1,1,-4,0
UCM,3,LLT,80,0,3,1,2 S. Raieste,7:48,0,0/2,0%,0/1,0%,0/0,0%,0,2,2,0,0,0,0,0,0,1,0,4,-2
UCM,3,LLT,80,0,3,1,5 D. DeJulius,7:40,14,5/6,83%,1/3,33%,1/1,100%,0,0,0,0,0,0,0,0,0,0,2,2,13
UCM,3,LLT,80,0,3,,8 H. Sant-Roos,2:29,2,0/1,0%,0/0,0%,2/2,100%,0,1,1,0,0,1,0,0,0,1,1,-6,3
UCM,3,LLT,80,0,3,,12 J. Radebaugh,0:17,0,0/0,0%,0/0,0%,0/0,0%,0,0,0,0,0,0,0,0,0,0,0,0,0
UCM,3,LLT,80,0,3,,13 W. Falk,2:20,0,0/0,0%,0/0,0%,0/0,0%,0,0,0,0,0,0,0,0,0,1,0,-4,-1
UCM,3,LLT,80,0,3,,15 E. Cate,4:33,2,1/1,100%,0/0,0%,0/0,0%,1,0,1,0,0,0,0,0,1,1,0,-4,2
UCM,3,LLT,80,0,3,,21 M. Diagné,0:00,0,0/0,0%,0/0,0%,0/0,0%,0,0,0,0,0,0,0,0,0,0,0,0,0
UCM,3,LLT,80,0,3,,24 Z. Hicks,0:00,0,0/0,0%,0/0,0%,0/0,0%,0,0,0,0,0,0,0,0,0,0,0,0,0
UCM,3,LLT,80,0,3,1,31 D. Ennis,9:43,0,0/0,0%,0/0,0%,0/0,0%,0,1,1,2,0,0,0,0,0,0,1,-2,4
UCM,3,LLT,80,0,3,1,99 T. Nakic,7:40,3,0/0,0%,1/1,100%,0/0,0%,2,0,2,0,0,0,0,0,0,0,0,2,5
UCM,3,LLT,80,0,3,,Equipo,,0,0/0,0%,0/0,0%,0/0,0%,0,0,0,0,0,1,0,0,0,0,0,0,
UCM,3,LLT,80,0,4,1,0 D. Cacok,6:01,4,1/1,100%,0/0,0%,2/2,100%,1,1,2,0,0,0,0,0,0,0,1,-2,7
UCM,3,LLT,80,0,4,,1 M. Forrest,3:59,3,0/0,0%,1/2,50%,0/0,0%,0,0,0,0,1,0,0,0,0,0,0,3,1
UCM,3,LLT,80,0,4,1,2 S. Raieste,8:28,0,0/0,0%,0/2,0%,0/0,0%,0,1,1,0,0,0,0,0,0,2,0,4,-3
UCM,3,LLT,80,0,4,1,5 D. DeJulius,6:01,5,1/3,33%,1/1,100%,0/0,0%,1,0,1,0,0,0,0,0,0,0,0,-2,4
UCM,3,LLT,80,0,4,,8 H. Sant-Roos,8:56,4,1/2,50%,0/2,0%,2/2,100%,0,1,1,1,0,0,0,0,0,0,1,3,4
UCM,3,LLT,80,0,4,,12 J. Radebaugh,10:00,5,2/3,67%,0/0,0%,1/1,100%,0,0,0,0,0,2,0,0,0,2,1,1,5
UCM,3,LLT,80,0,4,,13 W. Falk,2:36,0,0/0,0%,0/0,0%,0/0,0%,0,0,0,0,0,0,0,0,0,1,0,-5,-1
UCM,3,LLT,80,0,4,,15 E. Cate,3:59,2,1/1,100%,0/0,0%,0/1,0%,1,0,1,0,0,0,0,0,0,1,2,3,3
UCM,3,LLT,80,0,4,,21 M. Diagné,0:00,0,0/0,0%,0/0,0%,0/0,0%,0,0,0,0,0,0,0,0,0,0,0,0,0
UCM,3,LLT,80,0,4,,24 Z. Hicks,0:00,0,0/0,0%,0/0,0%,0/0,0%,0,0,0,0,0,0,0,0,0,0,0,0,0
UCM,3,LLT,80,0,4,1,31 D. Ennis,0:00,0,0/0,0%,0/0,0%,0/0,0%,0,0,0,0,0,0,0,0,0,0,0,0,0
UCM,3,LLT,80,0,4,1,99 T. Nakic,0:00,0,0/0,0%,0/0,0%,0/0,0%,0,0,0,0,0,0,0,0,0,0,0,0,0
UCM,3,LLT,80,0,4,,Equipo,,0,0/0,0%,0/0,0%,0/0,0%,0,1,1,0,0,0,0,0,0,0,0,0,
CAZ,3,BRE,84,1,1,1,00 D. Robinson,6:38,2,1/3,33%,0/0,0%,0/0,0%,0,1,1,0,0,0,0,0,0,0,0,7,1
CAZ,3,BRE,84,1,1,,0 M. Spissu,3:29,0,0/0,0%,0/1,0%,0/0,0%,0,1,1,0,1,0,0,0,0,0,0,-4,-1
CAZ,3,BRE,84,1,1,1,2 T. Bell-Haynes,6:31,5,2/3,67%,0/0,0%,1/2,50%,0,0,0,1,1,1,0,1,0,1,3,7,5
CAZ,3,BRE,84,1,1,,3 E. Stevenson,3:22,0,0/0,0%,0/0,0%,0/0,0%,0,0,0,0,2,0,0,0,0,0,0,-4,-2
CAZ,3,BRE,84,1,1,1,4 S. Yusta,6:38,7,1/2,50%,1/1,100%,2/2,100%,0,0,0,1,0,1,0,0,0,2,1,7,7
CAZ,3,BRE,84,1,1,,5 L. Langarita,0:00,0,0/0,0%,0/0,0%,0/0,0%,0,0,0,0,0,0,0,0,0,0,0,0,0
CAZ,3,BRE,84,1,1,,7 M. González,3:29,1,0/0,0%,0/0,0%,1/2,50%,0,0,0,0,0,1,0,0,0,0,1,-4,2
CAZ,3,BRE,84,1,1,,10 J. Fernández,3:22,0,0/0,0%,0/1,0%,0/0,0%,0,0,0,0,0,0,1,0,0,0,0,-4,0
CAZ,3,BRE,84,1,1,,12 J. Soriano,3:29,2,1/3,33%,0/0,0%,0/0,0%,2,1,3,0,0,1,0,0,0,0,0,-4,4
CAZ,3,BRE,84,1,1,1,14 B. Dubljevic,6:31,0,0/0,0%,0/2,0%,0/0,0%,0,2,2,0,0,1,0,0,0,0,0,7,1
CAZ,3,BRE,84,1,1,,15 J. Rodríguez,0:00,0,0/0,0%,0/0,0%,0/0,0%,0,0,0,0,0,0,0,0,0,0,0,0,0
CAZ,3,BRE,84,1,1,1,20 D.J. Stephens,6:31,2,1/1,100%,0/0,0%,0/0,0%,0,2,2,0,0,0,0,0,0,1,0,7,3
CAZ,3,BRE,84,1,1,,Equipo,,0,0/0,0%,0/0,0%,0/0,0%,1,0,1,0,0,0,0,0,0,0,0,0,1
CAZ,3,BRE,84,1,2,,0 M. Spissu,1:07,0,0/0,0%,0/0,0%,0/0,0%,0,0,0,0,0,0,0,0,0,0,1,5,1
CAZ,3,BRE,84,1,2,1,00 D. Robinson,6:30,4,1/2,50%,0/0,0%,2/3,67%,0,1,1,1,1,0,0,0,0,0,3,-9,6
CAZ,3,BRE,84,1,2,1,2 T. Bell-Haynes,8:53,1,0/1,0%,0/2,0%,1/2,50%,0,2,2,2,0,0,0,1,0,0,1,-6,1
CAZ,3,BRE,84,1,2,,3 E. Stevenson,3:30,5,1/1,100%,1/1,100%,0/0,0%,0,0,0,1,1,0,1,0,0,0,0,6,6
CAZ,3,BRE,84,1,2,1,4 S. Yusta,5:15,2,1/1,100%,0/0,0%,0/0,0%,0,0,0,0,0,0,0,0,0,0,0,-6,2
CAZ,3,BRE,84,1,2,,5 L. Langarita,0:00,0,0/0,0%,0/0,0%,0/0,0%,0,0,0,0,0,0,0,0,0,0,0,0,0
CAZ,3,BRE,84,1,2,,7 M. González,3:30,5,1/1,100%,1/2,50%,0/0,0%,0,0,0,2,0,0,0,0,0,0,0,4,6
CAZ,3,BRE,84,1,2,,10 J. Fernández,3:30,0,0/0,0%,0/0,0%,0/0,0%,0,0,0,0,1,2,0,0,0,1,0,6,0
CAZ,3,BRE,84,1,2,,12 J. Soriano,7:20,6,3/3,100%,0/0,0%,0/0,0%,0,1,1,1,0,0,0,0,1,1,0,-2,7
CAZ,3,BRE,84,1,2,1,14 B. Dubljevic,2:40,1,0/0,0%,0/0,0%,1/2,50%,1,0,1,1,0,0,0,0,0,0,1,-1,3
CAZ,3,BRE,84,1,2,,15 J. Rodríguez,6:30,0,0/1,0%,0/1,0%,0/0,0%,0,0,0,1,0,0,0,0,0,1,0,-9,-2
CAZ,3,BRE,84,1,2,1,20 D.J. Stephens,1:15,0,0/0,0%,0/0,0%,0/0,0%,0,0,0,0,0,0,0,0,0,0,0,-3,0
CAZ,3,BRE,84,1,2,,Equipo,,0,0/0,0%,0/0,0%,0/0,0%,1,0,1,0,0,0,0,0,0,0,0,0,1
CAZ,3,BRE,84,1,3,1,00 D. Robinson,5:42,2,0/0,0%,0/1,0%,2/2,100%,0,0,0,0,0,0,1,0,0,0,1,2,3
CAZ,3,BRE,84,1,3,,0 M. Spissu,6:36,0,0/0,0%,0/0,0%,0/0,0%,0,1,1,2,0,0,0,0,0,2,0,6,1
CAZ,3,BRE,84,1,3,1,2 T. Bell-Haynes,3:24,0,0/0,0%,0/0,0%,0/0,0%,0,0,0,2,0,0,0,0,0,0,0,-5,2
CAZ,3,BRE,84,1,3,,3 E. Stevenson,3:26,2,1/1,100%,0/1,0%,0/0,0%,1,1,2,0,1,0,0,0,0,0,0,2,2
CAZ,3,BRE,84,1,3,1,4 S. Yusta,6:34,9,3/3,100%,1/3,33%,0/0,0%,0,0,0,1,2,1,0,0,0,0,1,-1,8
CAZ,3,BRE,84,1,3,,5 L. Langarita,0:00,0,0/0,0%,0/0,0%,0/0,0%,0,0,0,0,0,0,0,0,0,0,0,0,0
CAZ,3,BRE,84,1,3,,7 M. González,6:36,2,0/0,0%,0/0,0%,2/2,100%,0,1,1,0,2,1,0,0,0,0,1,6,3
CAZ,3,BRE,84,1,3,,10 J. Fernández,0:00,0,0/0,0%,0/0,0%,0/0,0%,0,0,0,0,0,0,0,0,0,0,0,0,0
CAZ,3,BRE,84,1,3,,12 J. Soriano,4:18,5,1/1,100%,0/0,0%,3/4,75%,0,0,0,0,0,1,0,0,0,1,2,-1,6
CAZ,3,BRE,84,1,3,1,14 B. Dubljevic,5:42,2,1/2,50%,0/0,0%,0/0,0%,1,1,2,0,0,0,0,0,0,2,2,2,3
CAZ,3,BRE,84,1,3,,15 J. Rodríguez,0:00,0,0/0,0%,0/0,0%,0/0,0%,0,0,0,0,0,0,0,0,0,0,0,0,0
CAZ,3,BRE,84,1,3,1,20 D.J. Stephens,7:42,2,1/2,50%,0/2,0%,0/0,0%,2,0,2,0,1,0,1,0,0,0,0,-6,1
CAZ,3,BRE,84,1,3,,Equipo,,0,0/0,0%,0/0,0%,0/0,0%,1,3,4,0,0,0,0,0,0,0,0,0,
CAZ,3,BRE,84,1,4,,0 M. Spissu,1:49,0,0/0,0%,0/1,0%,0/0,0%,0,1,1,0,0,0,0,0,0,1,0,-5,-1
CAZ,3,BRE,84,1,4,1,00 D. Robinson,8:37,5,1/1,100%,0/0,0%,3/5,60%,1,4,5,0,2,1,0,0,0,2,4,0,9
CAZ,3,BRE,84,1,4,1,2 T. Bell-Haynes,8:11,5,0/1,0%,1/2,50%,2/4,50%,0,1,1,0,2,1,0,1,0,0,2,0,2
CAZ,3,BRE,84,1,4,,3 E. Stevenson,5:33,3,1/1,100%,0/2,0%,1/1,100%,0,0,0,0,0,0,0,0,0,1,1,-12,1
CAZ,3,BRE,84,1,4,1,4 S. Yusta,8:11,4,1/1,100%,0/1,0%,2/2,100%,0,0,0,0,2,1,0,0,0,2,1,0,1
CAZ,3,BRE,84,1,4,,5 L. Langarita,0:00,0,0/0,0%,0/0,0%,0/0,0%,0,0,0,0,0,0,0,0,0,0,0,0,0
CAZ,3,BRE,84,1,4,,7 M. González,6:16,0,0/0,0%,0/1,0%,0/0,0%,2,1,3,0,0,0,1,0,0,0,0,2,3
CAZ,3,BRE,84,1,4,,10 J. Fernández,0:00,0,0/0,0%,0/0,0%,0/0,0%,0,0,0,0,0,0,0,0,0,0,0,0,0
CAZ,3,BRE,84,1,4,,12 J. Soriano,6:23,0,0/3,0%,0/0,0%,0/0,0%,0,2,2,0,1,0,0,0,0,1,0,0,-3
CAZ,3,BRE,84,1,4,1,14 B. Dubljevic,3:37,0,0/0,0%,0/0,0%,0/0,0%,0,1,1,0,1,0,0,0,0,1,1,-5,0
CAZ,3,BRE,84,1,4,,15 J. Rodríguez,0:00,0,0/0,0%,0/0,0%,0/0,0%,0,0,0,0,0,0,0,0,0,0,0,0,0
CAZ,3,BRE,84,1,4,1,20 D.J. Stephens,1:23,0,0/0,0%,0/0,0%,0/0,0%,0,0,0,0,0,0,0,0,0,0,0,-5,0
CAZ,3,BRE,84,1,4,,Equipo,,0,0/0,0%,0/0,0%,0/0,0%,0,0,0,0,0,0,0,0,0,0,0,0,
BRE,3,CAZ,88,0,1,,0 B. Dibba,4:37,2,1/1,100%,0/1,0%,0/0,0%,1,0,1,0,0,0,0,0,1,1,0,2,1
BRE,3,CAZ,88,0,1,1,1 K. Cook,8:31,0,0/1,0%,0/1,0%,0/0,0%,0,4,4,1,2,0,0,0,0,0,2,-2,3
BRE,3,CAZ,88,0,1,1,4 D. Russell,4:12,2,1/3,33%,0/0,0%,0/2,0%,0,1,1,1,0,0,0,0,0,2,1,-3,-1
BRE,3,CAZ,88,0,1,,8 D. Apic,1:29,0,0/0,0%,0/0,0%,0/0,0%,0,0,0,0,0,0,0,0,0,0,0,-1,0
BRE,3,CAZ,88,0,1,,10 F. Alonso,3:29,3,0/0,0%,1/3,33%,0/0,0%,0,0,0,0,0,0,0,0,0,0,0,4,1
BRE,3,CAZ,88,0,1,,17 A. Aranitovic,1:29,0,0/0,0%,0/0,0%,0/0,0%,0,1,1,0,0,0,0,0,0,0,0,-1,1
BRE,3,CAZ,88,0,1,1,18 J. Sakho,4:12,2,1/1,100%,0/0,0%,0/0,0%,0,0,0,0,1,1,0,0,0,1,0,-3,1
BRE,3,CAZ,88,0,1,,19 D. Mavra,5:48,5,1/1,100%,1/1,100%,0/0,0%,0,0,0,1,2,1,0,0,0,0,1,0,6
BRE,3,CAZ,88,0,1,,22 D. Brankovic,4:19,0,0/1,0%,0/0,0%,0/0,0%,0,1,1,0,0,1,1,1,0,0,0,1,1
BRE,3,CAZ,88,0,1,,23 E. Quintela,0:00,0,0/0,0%,0/0,0%,0/0,0%,0,0,0,0,0,0,0,0,0,0,0,0,0
BRE,3,CAZ,88,0,1,1,37 M. Andric,5:23,0,0/0,0%,0/0,0%,0/0,0%,0,1,1,0,0,0,0,0,0,1,0,-5,0
BRE,3,CAZ,88,0,1,1,47 A. Kurucs,6:31,2,1/1,100%,0/0,0%,0/0,0%,0,1,1,0,2,0,0,0,0,0,0,-7,1
BRE,3,CAZ,88,0,1,,Equipo,,0,0/0,0%,0/0,0%,0/0,0%,0,0,0,0,0,0,0,0,0,0,0,0,0
BRE,3,CAZ,88,0,2,,0 B. Dibba,2:59,0,0/0,0%,0/0,0%,0/0,0%,0,1,1,0,0,0,0,0,0,1,0,-4,0
BRE,3,CAZ,88,0,2,1,1 K. Cook,1:15,2,1/1,100%,0/0,0%,0/0,0%,0,0,0,0,0,0,0,0,0,0,0,3,2
BRE,3,CAZ,88,0,2,1,4 D. Russell,5:52,8,4/4,100%,0/1,0%,0/0,0%,0,0,0,0,0,0,0,0,0,0,1,4,8
BRE,3,CAZ,88,0,2,,8 D. Apic,3:30,2,0/1,0%,0/0,0%,2/2,100%,0,0,0,0,0,0,0,1,0,0,1,-6,1
BRE,3,CAZ,88,0,2,,10 F. Alonso,3:30,2,1/1,100%,0/0,0%,0/0,0%,1,1,2,2,2,0,0,0,0,0,0,-6,4
BRE,3,CAZ,88,0,2,,17 A. Aranitovic,8:45,2,1/1,100%,0/1,0%,0/0,0%,0,1,1,0,1,0,0,0,0,1,0,0,0
BRE,3,CAZ,88,0,2,1,18 J. Sakho,3:29,2,1/1,100%,0/0,0%,0/0,0%,0,1,1,0,0,0,1,0,0,0,0,5,4
BRE,3,CAZ,88,0,2,,19 D. Mavra,4:08,0,0/1,0%,0/0,0%,0/0,0%,0,1,1,2,0,1,0,0,0,1,0,-1,2
BRE,3,CAZ,88,0,2,,22 D. Brankovic,3:01,6,3/3,100%,0/1,0%,0/0,0%,0,0,0,1,0,0,0,0,1,1,0,4,5
BRE,3,CAZ,88,0,2,,23 E. Quintela,0:00,0,0/0,0%,0/0,0%,0/0,0%,0,0,0,0,0,0,0,0,0,0,0,0,0
BRE,3,CAZ,88,0,2,1,37 M. Andric,7:01,3,0/1,0%,1/2,50%,0/0,0%,1,1,2,0,0,0,0,0,0,1,1,7,3
BRE,3,CAZ,88,0,2,1,47 A. Kurucs,6:30,0,0/0,0%,0/0,0%,0/0,0%,1,1,2,2,0,0,0,0,0,1,0,9,3
BRE,3,CAZ,88,0,2,,Equipo,,0,0/0,0%,0/0,0%,0/0,0%,0,0,0,0,0,0,0,0,0,0,0,0,0
BRE,3,CAZ,88,0,3,,0 B. Dibba,2:15,0,0/0,0%,0/0,0%,0/0,0%,0,0,0,0,1,1,0,0,0,1,0,-2,-1
BRE,3,CAZ,88,0,3,1,1 K. Cook,4:52,0,0/0,0%,0/1,0%,0/0,0%,0,1,1,0,1,0,0,0,0,1,0,-2,-2
BRE,3,CAZ,88,0,3,1,4 D. Russell,3:24,2,1/2,50%,0/0,0%,0/0,0%,0,0,0,2,0,0,0,1,0,0,0,5,2
BRE,3,CAZ,88,0,3,,8 D. Apic,6:22,0,0/1,0%,0/0,0%,0/0,0%,0,1,1,1,1,0,0,1,0,0,0,-6,-1
BRE,3,CAZ,88,0,3,,10 F. Alonso,3:26,0,0/0,0%,0/1,0%,0/0,0%,0,0,0,0,0,0,0,0,0,0,0,-2,-1
BRE,3,CAZ,88,0,3,,17 A. Aranitovic,5:08,5,2/2,100%,0/0,0%,1/2,50%,0,0,0,0,0,1,0,0,0,2,1,1,4
BRE,3,CAZ,88,0,3,1,18 J. Sakho,1:44,2,0/0,0%,0/0,0%,2/2,100%,1,0,1,0,0,0,0,0,0,2,1,3,2
BRE,3,CAZ,88,0,3,,19 D. Mavra,6:36,2,0/1,0%,0/1,0%,2/2,100%,0,0,0,1,0,0,0,0,0,0,2,-6,3
BRE,3,CAZ,88,0,3,,22 D. Brankovic,1:54,0,0/0,0%,0/0,0%,0/0,0%,0,0,0,0,0,0,0,0,0,1,0,2,-1
BRE,3,CAZ,88,0,3,,23 E. Quintela,0:00,0,0/0,0%,0/0,0%,0/0,0%,0,0,0,0,0,0,0,0,0,0,0,0,0
BRE,3,CAZ,88,0,3,1,37 M. Andric,7:45,9,0/0,0%,3/3,100%,0/0,0%,1,0,1,0,1,2,0,0,0,0,0,1,11
BRE,3,CAZ,88,0,3,1,47 A. Kurucs,6:34,3,0/0,0%,1/4,25%,0/0,0%,0,0,0,1,0,1,0,0,0,0,1,1,3
BRE,3,CAZ,88,0,3,,Equipo,,0,0/0,0%,0/0,0%,0/0,0%,1,0,1,0,0,0,0,0,0,0,0,0,
BRE,3,CAZ,88,0,4,,0 B. Dibba,7:13,2,1/2,50%,0/0,0%,0/2,0%,0,1,1,0,0,4,0,0,1,2,1,6,3
BRE,3,CAZ,88,0,4,1,1 K. Cook,0:00,0,0/0,0%,0/0,0%,0/0,0%,0,0,0,0,0,0,0,0,0,0,0,0,0
BRE,3,CAZ,88,0,4,1,4 D. Russell,9:53,4,0/4,0%,0/1,0%,4/4,100%,0,0,0,3,2,0,0,0,0,2,2,3,0
BRE,3,CAZ,88,0,4,,8 D. Apic,0:00,0,0/0,0%,0/0,0%,0/0,0%,0,0,0,0,0,0,0,0,0,0,0,0,0
BRE,3,CAZ,88,0,4,,10 F. Alonso,8:06,7,1/1,100%,1/1,100%,2/2,100%,0,1,1,1,0,0,0,0,0,2,2,7,9
BRE,3,CAZ,88,0,4,,17 A. Aranitovic,7:20,3,0/0,0%,1/1,100%,0/0,0%,0,0,0,0,0,0,0,0,0,0,0,8,3
BRE,3,CAZ,88,0,4,1,18 J. Sakho,8:13,2,1/2,50%,0/0,0%,0/2,0%,1,4,5,0,1,0,1,0,0,1,2,9,5
BRE,3,CAZ,88,0,4,,19 D. Mavra,0:07,0,0/0,0%,0/0,0%,0/0,0%,0,0,0,0,0,0,0,0,0,0,0,2,0
BRE,3,CAZ,88,0,4,,22 D. Brankovic,1:47,2,1/2,50%,0/0,0%,0/0,0%,1,0,1,0,0,0,0,1,0,1,0,-4,0
BRE,3,CAZ,88,0,4,,23 E. Quintela,0:00,0,0/0,0%,0/0,0%,0/0,0%,0,0,0,0,0,0,0,0,0,0,0,0,0
BRE,3,CAZ,88,0,4,1,37 M. Andric,2:47,0,0/0,0%,0/2,0%,0/0,0%,0,1,1,0,0,0,0,0,0,1,0,-1,-2
BRE,3,CAZ,88,0,4,1,47 A. Kurucs,4:34,2,0/0,0%,0/0,0%,2/2,100%,0,1,1,0,0,1,0,0,0,0,1,-5,5
BRE,3,CAZ,88,0,4,,Equipo,,0,0/0,0%,0/0,0%,0/0,0%,0,0,0,0,0,0,0,0,0,0,0,0,
JOV,3,SBB,101,1,1,,0 H. Drell,3:54,2,1/1,100%,0/0,0%,0/0,0%,0,0,0,1,0,0,0,0,0,0,0,15,3
JOV,3,SBB,101,1,1,,1 Y. Kraag,5:08,0,0/0,0%,0/1,0%,0/0,0%,1,3,4,1,0,0,0,0,0,1,1,13,4
JOV,3,SBB,101,1,1,,9 R. Rubio,5:14,10,1/1,100%,1/1,100%,5/6,83%,0,2,2,2,0,1,0,0,0,0,4,15,18
JOV,3,SBB,101,1,1,1,12 L. Hakanson,6:24,0,0/0,0%,0/0,0%,0/0,0%,0,1,1,1,0,0,0,0,0,0,0,21,2
JOV,3,SBB,101,1,1,,16 G. Vives,3:36,3,0/0,0%,1/1,100%,0/0,0%,0,0,0,0,2,1,0,0,0,1,0,4,1
JOV,3,SBB,101,1,1,1,17 S. Dekker,6:06,5,1/3,33%,1/2,50%,0/0,0%,0,0,0,1,0,0,0,0,0,0,0,10,3
JOV,3,SBB,101,1,1,,21 M. Allen,0:00,0,0/0,0%,0/0,0%,0/0,0%,0,0,0,0,0,0,0,0,0,0,0,0,0
JOV,3,SBB,101,1,1,1,24 C. Hunt,4:52,3,0/2,0%,1/2,50%,0/0,0%,0,1,1,0,0,2,0,0,0,1,0,12,2
JOV,3,SBB,101,1,1,,32 F. Mauri,0:00,0,0/0,0%,0/0,0%,0/0,0%,0,0,0,0,0,0,0,0,0,0,0,0,0
JOV,3,SBB,101,1,1,1,35 S. Birgander,6:13,4,2/3,67%,0/0,0%,0/0,0%,1,1,2,2,0,0,0,0,1,1,0,13,6
JOV,3,SBB,101,1,1,,44 A. Tomic,3:47,4,1/2,50%,0/0,0%,2/3,67%,0,1,1,0,0,0,0,0,0,0,2,12,5
JOV,3,SBB,101,1,1,1,88 A. Hanga,4:46,0,0/0,0%,0/0,0%,0/0,0%,0,0,0,0,0,0,1,0,0,1,0,10,0
JOV,3,SBB,101,1,1,,Equipo,,0,0/0,0%,0/0,0%,0/0,0%,2,2,4,0,0,0,0,0,0,0,0,0,4
JOV,3,SBB,101,1,2,,0 H. Drell,4:48,1,0/0,0%,0/0,0%,1/2,50%,0,1,1,1,0,0,0,0,0,0,2,-11,4
JOV,3,SBB,101,1,2,,1 Y. Kraag,4:39,5,1/2,50%,1/3,33%,0/0,0%,0,0,0,0,0,0,0,0,0,0,0,-9,2
JOV,3,SBB,101,1,2,,9 R. Rubio,5:08,0,0/0,0%,0/1,0%,0/1,0%,0,1,1,1,1,0,0,0,0,0,0,-11,-1
JOV,3,SBB,101,1,2,1,12 L. Hakanson,4:09,0,0/0,0%,0/0,0%,0/0,0%,0,0,0,0,1,0,0,0,0,1,0,-1,-2
JOV,3,SBB,101,1,2,,16 G. Vives,5:51,0,0/0,0%,0/0,0%,0/0,0%,0,0,0,1,0,0,0,0,0,0,0,-10,1
JOV,3,SBB,101,1,2,1,17 S. Dekker,4:27,5,1/1,100%,1/1,100%,0/0,0%,0,0,0,0,0,0,0,0,0,2,0,3,3
JOV,3,SBB,101,1,2,,21 M. Allen,0:00,0,0/0,0%,0/0,0%,0/0,0%,0,0,0,0,0,0,0,0,0,0,0,0,0
JOV,3,SBB,101,1,2,1,24 C. Hunt,6:06,3,0/2,0%,1/1,100%,0/0,0%,0,0,0,1,0,0,0,1,0,0,1,-5,2
JOV,3,SBB,101,1,2,,32 F. Mauri,0:00,0,0/0,0%,0/0,0%,0/0,0%,0,0,0,0,0,0,0,0,0,0,0,0,0
JOV,3,SBB,101,1,2,1,35 S. Birgander,3:56,2,1/2,50%,0/0,0%,0/0,0%,1,0,1,0,0,0,0,0,0,1,0,-5,1
JOV,3,SBB,101,1,2,,44 A. Tomic,6:04,0,0/1,0%,0/0,0%,0/0,0%,0,2,2,0,1,0,0,0,0,1,0,-6,-1
JOV,3,SBB,101,1,2,1,88 A. Hanga,4:52,2,1/2,50%,0/0,0%,0/0,0%,0,0,0,0,0,0,0,0,0,0,0,0,1
JOV,3,SBB,101,1,2,,Equipo,,0,0/0,0%,0/0,0%,0/0,0%,0,2,2,0,0,0,0,0,0,0,0,0,
JOV,3,SBB,101,1,3,,0 H. Drell,0:00,0,0/0,0%,0/0,0%,0/0,0%,0,0,0,0,0,0,0,0,0,0,0,0,0
JOV,3,SBB,101,1,3,,1 Y. Kraag,4:22,2,1/3,33%,0/1,0%,0/0,0%,0,2,2,1,0,0,0,0,1,3,0,-4,-1
JOV,3,SBB,101,1,3,,9 R. Rubio,4:43,0,0/0,0%,0/0,0%,0/0,0%,0,1,1,3,0,0,0,0,0,1,1,-5,4
JOV,3,SBB,101,1,3,1,12 L. Hakanson,5:38,1,0/0,0%,0/1,0%,1/1,100%,0,1,1,0,0,1,0,0,0,0,1,10,3
JOV,3,SBB,101,1,3,,16 G. Vives,3:14,0,0/0,0%,0/0,0%,0/0,0%,0,0,0,1,0,0,0,0,0,0,0,5,1
JOV,3,SBB,101,1,3,1,17 S. Dekker,5:38,0,0/0,0%,0/0,0%,0/0,0%,0,0,0,0,0,0,0,0,0,0,0,10,0
JOV,3,SBB,101,1,3,,21 M. Allen,4:26,2,1/1,100%,0/0,0%,0/0,0%,0,0,0,0,0,0,0,0,0,0,0,-4,2
JOV,3,SBB,101,1,3,1,24 C. Hunt,6:46,2,0/0,0%,0/1,0%,2/2,100%,0,1,1,1,0,0,0,0,0,0,1,1,4
JOV,3,SBB,101,1,3,,32 F. Mauri,0:00,0,0/0,0%,0/0,0%,0/0,0%,0,0,0,0,0,0,0,0,0,0,0,0,0
JOV,3,SBB,101,1,3,1,35 S. Birgander,3:38,4,2/2,100%,0/0,0%,0/0,0%,1,0,1,1,1,0,1,0,1,1,0,6,5
JOV,3,SBB,101,1,3,,44 A. Tomic,6:18,11,5/6,83%,0/0,0%,1/2,50%,2,0,2,0,0,0,0,0,1,0,1,0,12
JOV,3,SBB,101,1,3,1,88 A. Hanga,5:17,2,1/1,100%,0/1,0%,0/0,0%,0,2,2,1,0,0,0,0,0,1,1,11,4
JOV,3,SBB,101,1,3,,Equipo,,0,0/0,0%,0/0,0%,0/0,0%,0,0,0,0,0,0,0,0,0,0,0,0,
JOV,3,SBB,101,1,4,,0 H. Drell,0:00,0,0/0,0%,0/0,0%,0/0,0%,0,0,0,0,0,0,0,0,0,0,0,0,0
JOV,3,SBB,101,1,4,,1 Y. Kraag,5:04,0,0/1,0%,0/0,0%,0/0,0%,0,0,0,0,1,0,0,0,0,0,0,3,-2
JOV,3,SBB,101,1,4,,9 R. Rubio,5:04,1,0/0,0%,0/1,0%,1/2,50%,1,1,2,3,0,0,0,0,0,1,1,3,4
JOV,3,SBB,101,1,4,1,12 L. Hakanson,6:20,3,1/1,100%,0/0,0%,1/1,100%,0,0,0,1,0,1,0,0,0,2,0,13,3
JOV,3,SBB,101,1,4,,16 G. Vives,0:00,0,0/0,0%,0/0,0%,0/0,0%,0,0,0,0,0,0,0,0,0,0,0,0,0
JOV,3,SBB,101,1,4,1,17 S. Dekker,3:14,3,0/0,0%,1/2,50%,0/0,0%,0,1,1,0,0,0,0,0,0,1,0,9,2
JOV,3,SBB,101,1,4,,21 M. Allen,6:46,5,1/1,100%,0/0,0%,3/3,100%,0,0,0,1,1,0,1,0,0,1,2,3,7
JOV,3,SBB,101,1,4,1,24 C. Hunt,5:33,3,0/1,0%,1/1,100%,0/0,0%,1,0,1,4,0,0,0,1,0,1,0,9,5
JOV,3,SBB,101,1,4,,32 F. Mauri,3:40,3,0/1,0%,1/2,50%,0/0,0%,0,0,0,0,0,0,0,0,0,0,0,-1,1
JOV,3,SBB,101,1,4,1,35 S. Birgander,6:32,2,1/1,100%,0/0,0%,0/0,0%,0,0,0,0,0,0,0,0,1,0,0,5,2
JOV,3,SBB,101,1,4,,44 A. Tomic,2:51,2,1/1,100%,0/0,0%,0/0,0%,0,2,2,1,0,0,0,0,0,0,0,7,5
JOV,3,SBB,101,1,4,1,88 A. Hanga,4:56,6,0/0,0%,2/2,100%,0/0,0%,0,1,1,0,0,0,0,0,0,0,1,9,8
JOV,3,SBB,101,1,4,,Equipo,,0,0/0,0%,0/0,0%,0/0,0%,0,2,2,0,1,0,0,0,0,1,0,0,
SBB,3,JOV,69,0,1,1,2 M. Normantas,3:44,0,0/0,0%,0/0,0%,0/0,0%,0,1,1,0,1,0,0,0,0,0,1,-10,1
SBB,3,JOV,69,0,1,,3 H. Frey,5:24,0,0/0,0%,0/1,0%,0/0,0%,0,1,1,0,0,1,0,0,0,1,0,-13,0
SBB,3,JOV,69,0,1,,7 J. Jaworski,6:16,2,0/1,0%,0/2,0%,2/2,100%,0,0,0,0,1,0,0,1,0,1,1,-15,-3
SBB,3,JOV,69,0,1,,10 M. Krampelj,3:59,2,0/0,0%,0/0,0%,2/2,100%,0,1,1,0,1,0,0,0,0,2,1,-8,1
SBB,3,JOV,69,0,1,1,11 D. Hilliard,7:10,0,0/1,0%,0/1,0%,0/0,0%,0,2,2,0,1,0,0,0,0,1,0,-22,-2
SBB,3,JOV,69,0,1,,13 B. Bagayoko,0:00,0,0/0,0%,0/0,0%,0/0,0%,0,0,0,0,0,0,0,0,0,0,0,0,0
SBB,3,JOV,69,0,1,1,18 L. Petrasek,5:52,0,0/1,0%,0/1,0%,0/0,0%,0,0,0,0,0,0,0,0,0,0,0,-16,-2
SBB,3,JOV,69,0,1,1,19 M. Pantzar,4:36,2,0/0,0%,0/0,0%,2/2,100%,0,1,1,1,1,0,0,0,0,0,1,-12,4
SBB,3,JOV,69,0,1,,20 A. Sylla,2:50,0,0/2,0%,0/0,0%,0/0,0%,0,1,1,0,0,0,0,0,0,0,0,-3,-1
SBB,3,JOV,69,0,1,,22 A. Font,0:00,0,0/0,0%,0/0,0%,0/0,0%,0,0,0,0,0,0,0,0,0,0,0,0,0
SBB,3,JOV,69,0,1,1,32 T. Hlinason,6:01,0,0/1,0%,0/0,0%,0/2,0%,2,0,2,0,2,0,0,0,0,1,1,-17,-3
SBB,3,JOV,69,0,1,,73 S. Lazarevic,4:08,0,0/1,0%,0/0,0%,0/0,0%,0,0,0,1,0,0,0,0,0,1,0,-9,-1
SBB,3,JOV,69,0,1,,Equipo,,0,0/0,0%,0/0,0%,0/0,0%,0,0,0,0,0,0,0,0,0,0,0,0,0
SBB,3,JOV,69,0,2,1,2 M. Normantas,10:00,8,1/1,100%,1/2,50%,3/3,100%,0,1,1,1,0,0,0,0,0,1,1,11,9
SBB,3,JOV,69,0,2,,3 H. Frey,0:45,0,0/0,0%,0/0,0%,0/0,0%,0,0,0,0,0,0,0,0,0,0,0,6,0
SBB,3,JOV,69,0,2,,7 J. Jaworski,6:33,6,0/2,0%,2/4,50%,0/0,0%,0,1,1,0,0,1,0,0,0,1,0,5,3
SBB,3,JOV,69,0,2,,10 M. Krampelj,3:11,5,1/1,100%,1/1,100%,0/0,0%,0,0,0,0,0,1,0,0,1,0,0,1,6
SBB,3,JOV,69,0,2,1,11 D. Hilliard,2:42,0,0/0,0%,0/0,0%,0/0,0%,0,0,0,0,0,0,0,0,0,0,0,0,0
SBB,3,JOV,69,0,2,,13 B. Bagayoko,0:00,0,0/0,0%,0/0,0%,0/0,0%,0,0,0,0,0,0,0,0,0,0,0,0,0
SBB,3,JOV,69,0,2,1,18 L. Petrasek,2:27,2,1/2,50%,0/0,0%,0/0,0%,0,0,0,0,0,0,0,0,0,0,0,-3,1
SBB,3,JOV,69,0,2,1,19 M. Pantzar,10:00,5,0/1,0%,1/1,100%,2/2,100%,0,3,3,4,0,1,0,0,0,1,2,11,13
SBB,3,JOV,69,0,2,,20 A. Sylla,4:22,2,1/1,100%,0/0,0%,0/0,0%,0,1,1,0,0,0,0,0,1,0,0,12,3
SBB,3,JOV,69,0,2,,22 A. Font,0:00,0,0/0,0%,0/0,0%,0/0,0%,0,0,0,0,0,0,0,0,0,0,0,0,0
SBB,3,JOV,69,0,2,1,32 T. Hlinason,2:27,1,0/1,0%,0/0,0%,1/2,50%,1,0,1,1,0,0,1,0,0,0,2,-2,4
SBB,3,JOV,69,0,2,,73 S. Lazarevic,7:33,0,0/0,0%,0/0,0%,0/0,0%,1,2,3,2,0,0,0,0,0,1,0,14,4
SBB,3,JOV,69,0,2,,Equipo,,0,0/0,0%,0/0,0%,0/0,0%,0,0,0,0,1,0,0,0,0,0,0,0,
SBB,3,JOV,69,0,3,1,2 M. Normantas,5:17,0,0/0,0%,0/1,0%,0/0,0%,0,0,0,1,0,0,0,0,0,1,0,-11,-1
SBB,3,JOV,69,0,3,,3 H. Frey,4:43,5,0/0,0%,1/3,33%,2/2,100%,0,0,0,0,0,0,0,0,0,1,1,5,3
SBB,3,JOV,69,0,3,,7 J. Jaworski,5:40,0,0/0,0%,0/0,0%,0/0,0%,0,0,0,3,0,0,0,0,0,0,0,1,3
SBB,3,JOV,69,0,3,,10 M. Krampelj,3:59,0,0/1,0%,0/0,0%,0/0,0%,0,0,0,0,0,0,0,1,0,0,0,-5,-2
SBB,3,JOV,69,0,3,1,11 D. Hilliard,8:42,3,0/0,0%,0/1,0%,3/4,75%,0,0,0,1,0,0,0,0,0,1,2,-3,3
SBB,3,JOV,69,0,3,,13 B. Bagayoko,0:00,0,0/0,0%,0/0,0%,0/0,0%,0,0,0,0,0,0,0,0,0,0,0,0,0
SBB,3,JOV,69,0,3,1,18 L. Petrasek,4:26,0,0/1,0%,0/1,0%,0/0,0%,1,1,2,0,0,0,0,0,0,0,0,4,0
SBB,3,JOV,69,0,3,1,19 M. Pantzar,5:17,2,1/1,100%,0/0,0%,0/0,0%,0,0,0,0,0,0,0,0,0,0,0,-11,2
SBB,3,JOV,69,0,3,,20 A. Sylla,3:14,0,0/2,0%,0/0,0%,0/0,0%,1,1,2,0,0,0,0,0,0,0,0,-5,0
SBB,3,JOV,69,0,3,,22 A. Font,0:21,0,0/0,0%,0/0,0%,0/0,0%,0,0,0,0,0,0,0,0,0,0,0,1,0
SBB,3,JOV,69,0,3,1,32 T. Hlinason,3:04,7,3/3,100%,0/0,0%,1/2,50%,0,1,1,0,0,0,0,0,1,1,2,5,8
SBB,3,JOV,69,0,3,,73 S. Lazarevic,5:17,1,0/0,0%,0/0,0%,1/2,50%,0,0,0,0,1,0,0,0,0,1,1,-11,-1
SBB,3,JOV,69,0,3,,Equipo,,0,0/0,0%,0/0,0%,0/0,0%,0,0,0,0,1,0,0,0,0,1,0,0,
SBB,3,JOV,69,0,4,1,2 M. Normantas,6:33,3,1/1,100%,0/1,0%,1/2,50%,0,0,0,1,1,0,0,0,0,1,1,-3,1
SBB,3,JOV,69,0,4,,3 H. Frey,7:07,2,1/2,50%,0/0,0%,0/0,0%,0,0,0,0,0,1,0,0,0,1,1,-8,2
SBB,3,JOV,69,0,4,,7 J. Jaworski,3:33,2,1/2,50%,0/1,0%,0/1,0%,0,2,2,0,1,0,0,0,0,0,0,-2,0
SBB,3,JOV,69,0,4,,10 M. Krampelj,4:07,0,0/1,0%,0/0,0%,0/0,0%,0,0,0,0,0,0,1,0,0,1,0,-7,-1
SBB,3,JOV,69,0,4,1,11 D. Hilliard,0:00,0,0/0,0%,0/0,0%,0/0,0%,0,0,0,0,0,0,0,0,0,0,0,0,0
SBB,3,JOV,69,0,4,,13 B. Bagayoko,0:00,0,0/0,0%,0/0,0%,0/0,0%,0,0,0,0,0,0,0,0,0,0,0,0,0
SBB,3,JOV,69,0,4,1,18 L. Petrasek,4:13,0,0/0,0%,0/0,0%,0/2,0%,0,0,0,0,0,0,0,0,0,0,1,0,-1
SBB,3,JOV,69,0,4,1,19 M. Pantzar,4:07,1,0/1,0%,0/0,0%,1/2,50%,0,0,0,2,0,0,0,0,0,0,2,-7,3
SBB,3,JOV,69,0,4,,20 A. Sylla,2:13,2,1/1,100%,0/0,0%,0/0,0%,0,2,2,0,0,0,0,0,0,0,0,4,4
SBB,3,JOV,69,0,4,,22 A. Font,8:40,3,0/0,0%,1/3,33%,0/0,0%,1,0,1,0,0,0,0,0,0,1,0,-16,1
SBB,3,JOV,69,0,4,1,32 T. Hlinason,5:53,0,0/0,0%,0/0,0%,0/0,0%,0,0,0,0,1,0,0,0,0,0,0,-15,-1
SBB,3,JOV,69,0,4,,73 S. Lazarevic,3:34,3,0/0,0%,1/1,100%,0/0,0%,0,0,0,0,1,0,0,0,0,1,1,-6,2
SBB,3,JOV,69,0,4,,Equipo,,0,0/0,0%,0/0,0%,0/0,0%,1,0,1,0,1,0,0,0,0,0,0,0,
RMB,3,BUR,90,1,1,,1 D. Kramer,4:47,7,2/2,100%,1/1,100%,0/0,0%,0,0,0,0,0,0,0,0,1,1,0,1,6
RMB,3,BUR,90,1,1,1,6 A. Abalde,5:13,0,0/0,0%,0/2,0%,0/0,0%,0,0,0,0,0,0,0,0,0,0,1,4,-1
RMB,3,BUR,90,1,1,,7 F. Campazzo,3:01,0,0/0,0%,0/1,0%,0/0,0%,0,1,1,1,0,0,0,0,0,1,0,0,0
RMB,3,BUR,90,1,1,,8 C. Okeke,3:01,0,0/0,0%,0/1,0%,0/0,0%,0,0,0,0,0,0,0,0,0,0,0,0,-1
RMB,3,BUR,90,1,1,1,9 G. Procida,6:59,7,2/2,100%,1/2,50%,0/0,0%,0,0,0,0,1,0,1,0,1,0,0,5,6
RMB,3,BUR,90,1,1,1,11 M. Hezonja,6:59,5,1/2,50%,1/1,100%,0/0,0%,1,1,2,4,1,2,0,0,0,1,0,5,10
RMB,3,BUR,90,1,1,1,12 T. Maledon,6:59,2,0/0,0%,0/0,0%,2/2,100%,0,0,0,1,0,1,0,0,0,1,2,5,5
RMB,3,BUR,90,1,1,,13 I. Almansa,0:00,0,0/0,0%,0/0,0%,0/0,0%,0,0,0,0,0,0,0,0,0,0,0,0,0
RMB,3,BUR,90,1,1,,14 G. Deck,3:01,0,0/0,0%,0/0,0%,0/0,0%,0,1,1,0,0,0,0,0,0,0,0,0,1
RMB,3,BUR,90,1,1,,16 U. Garuba,4:47,2,1/1,100%,0/0,0%,0/0,0%,1,0,1,2,1,1,0,0,0,1,0,1,4
RMB,3,BUR,90,1,1,1,20 B. Fernando,5:13,2,1/3,33%,0/0,0%,0/0,0%,1,1,2,0,0,0,1,0,0,0,1,4,4
RMB,3,BUR,90,1,1,,23 S. Llull,0:00,0,0/0,0%,0/0,0%,0/0,0%,0,0,0,0,0,0,0,0,0,0,0,0,0
RMB,3,BUR,90,1,1,,Equipo,,0,0/0,0%,0/0,0%,0/0,0%,0,0,0,0,0,0,0,0,0,0,0,0,0
RMB,3,BUR,90,1,2,,1 D. Kramer,0:00,0,0/0,0%,0/0,0%,0/0,0%,0,0,0,0,0,0,0,0,0,0,0,0,0
RMB,3,BUR,90,1,2,1,6 A. Abalde,3:07,0,0/0,0%,0/0,0%,0/0,0%,0,0,0,0,1,0,0,0,0,0,0,-5,-1
RMB,3,BUR,90,1,2,,7 F. Campazzo,5:29,0,0/1,0%,0/2,0%,0/0,0%,0,0,0,0,1,0,0,1,0,0,0,-7,-5
RMB,3,BUR,90,1,2,,8 C. Okeke,4:22,0,0/1,0%,0/0,0%,0/0,0%,0,0,0,0,0,0,0,0,0,0,0,-7,-1
RMB,3,BUR,90,1,2,1,9 G. Procida,5:38,1,0/0,0%,0/0,0%,1/2,50%,1,0,1,2,0,0,0,0,0,1,1,-3,3
RMB,3,BUR,90,1,2,1,11 M. Hezonja,5:38,4,0/2,0%,1/2,50%,1/2,50%,0,0,0,0,0,0,0,0,0,0,1,-3,1
RMB,3,BUR,90,1,2,1,12 T. Maledon,4:31,3,0/0,0%,1/1,100%,0/0,0%,0,0,0,0,0,0,0,0,0,0,0,-3,3
RMB,3,BUR,90,1,2,,13 I. Almansa,4:49,2,1/1,100%,0/0,0%,0/0,0%,1,2,3,0,0,0,0,0,0,0,0,-7,5
RMB,3,BUR,90,1,2,,14 G. Deck,4:22,0,0/0,0%,0/0,0%,0/0,0%,0,0,0,1,0,0,0,0,0,0,0,-7,1
RMB,3,BUR,90,1,2,,16 U. Garuba,0:40,2,1/1,100%,0/0,0%,0/0,0%,0,0,0,0,0,0,0,0,0,1,0,0,1
RMB,3,BUR,90,1,2,1,20 B. Fernando,4:31,2,1/3,33%,0/0,0%,0/0,0%,2,0,2,0,1,0,0,0,0,2,0,-3,-1
RMB,3,BUR,90,1,2,,23 S. Llull,6:53,2,1/1,100%,0/2,0%,0/0,0%,0,0,0,1,0,1,0,0,0,0,2,-5,4
RMB,3,BUR,90,1,2,,Equipo,,0,0/0,0%,0/0,0%,0/0,0%,0,0,0,0,0,0,0,0,0,0,0,0,0
RMB,3,BUR,90,1,3,,1 D. Kramer,0:00,0,0/0,0%,0/0,0%,0/0,0%,0,0,0,0,0,0,0,0,0,0,0,0,0
RMB,3,BUR,90,1,3,1,6 A. Abalde,5:37,2,0/0,0%,0/0,0%,2/2,100%,0,1,1,0,1,0,0,0,0,0,1,9,3
RMB,3,BUR,90,1,3,,7 F. Campazzo,6:45,2,1/1,100%,0/3,0%,0/0,0%,0,0,0,3,0,2,0,0,0,1,1,5,4
RMB,3,BUR,90,1,3,,8 C. Okeke,2:30,0,0/0,0%,0/0,0%,0/0,0%,0,1,1,0,0,0,0,0,0,0,0,0,1
RMB,3,BUR,90,1,3,1,9 G. Procida,4:23,2,1/1,100%,0/1,0%,0/0,0%,0,1,1,0,0,0,0,0,0,1,0,-4,1
RMB,3,BUR,90,1,3,1,11 M. Hezonja,7:30,6,0/0,0%,2/4,50%,0/0,0%,0,1,1,1,1,0,0,0,0,0,1,5,6
RMB,3,BUR,90,1,3,1,12 T. Maledon,3:15,2,0/0,0%,0/0,0%,2/2,100%,0,0,0,0,2,0,0,0,0,0,1,0,1
RMB,3,BUR,90,1,3,,13 I. Almansa,3:15,2,0/0,0%,0/0,0%,2/2,100%,1,0,1,0,0,0,0,0,0,0,1,0,4
RMB,3,BUR,90,1,3,,14 G. Deck,5:37,5,0/0,0%,1/1,100%,2/2,100%,0,1,1,0,0,0,0,0,0,0,1,9,7
RMB,3,BUR,90,1,3,,16 U. Garuba,6:45,6,2/2,100%,0/0,0%,2/2,100%,1,2,3,0,2,0,1,0,0,1,2,5,9
RMB,3,BUR,90,1,3,1,20 B. Fernando,0:00,0,0/0,0%,0/0,0%,0/0,0%,0,0,0,0,0,0,0,0,0,0,0,0,0
RMB,3,BUR,90,1,3,,23 S. Llull,4:23,0,0/1,0%,0/1,0%,0/0,0%,1,1,2,0,0,0,0,0,0,1,0,-4,-1
RMB,3,BUR,90,1,3,,Equipo,,0,0/0,0%,0/0,0%,0/0,0%,0,0,0,0,0,0,0,0,0,0,0,0,0
RMB,3,BUR,90,1,4,,1 D. Kramer,10:00,4,0/0,0%,0/1,0%,4/4,100%,0,0,0,0,0,0,0,0,0,1,3,10,5
RMB,3,BUR,90,1,4,1,6 A. Abalde,8:34,4,1/1,100%,0/0,0%,2/2,100%,1,0,1,0,0,0,0,0,0,0,2,10,7
RMB,3,BUR,90,1,4,,7 F. Campazzo,7:07,6,2/4,50%,0/1,0%,2/2,100%,0,0,0,0,1,1,0,0,0,2,1,8,2
RMB,3,BUR,90,1,4,,8 C. Okeke,6:46,4,1/1,100%,0/1,0%,2/2,100%,0,2,2,1,0,1,0,0,0,0,1,7,8
RMB,3,BUR,90,1,4,1,9 G. Procida,0:00,0,0/0,0%,0/0,0%,0/0,0%,0,0,0,0,0,0,0,0,0,0,0,0,0
RMB,3,BUR,90,1,4,1,11 M. Hezonja,3:14,2,1/1,100%,0/1,0%,0/0,0%,0,3,3,0,0,0,0,0,0,0,0,3,4
RMB,3,BUR,90,1,4,1,12 T. Maledon,2:53,0,0/0,0%,0/1,0%,0/0,0%,0,0,0,0,2,0,0,0,0,1,0,2,-4
RMB,3,BUR,90,1,4,,13 I. Almansa,3:43,2,1/2,50%,0/0,0%,0/0,0%,1,2,3,0,0,1,0,0,0,1,0,4,4
RMB,3,BUR,90,1,4,,14 G. Deck,0:00,0,0/0,0%,0/0,0%,0/0,0%,0,0,0,0,0,0,0,0,0,0,0,0,0
RMB,3,BUR,90,1,4,,16 U. Garuba,6:17,0,0/0,0%,0/0,0%,0/0,0%,0,0,0,0,0,0,0,0,0,0,0,6,0
RMB,3,BUR,90,1,4,1,20 B. Fernando,0:00,0,0/0,0%,0/0,0%,0/0,0%,0,0,0,0,0,0,0,0,0,0,0,0,0
RMB,3,BUR,90,1,4,,23 S. Llull,1:26,0,0/1,0%,0/0,0%,0/0,0%,0,0,0,0,0,0,0,0,0,1,0,0,-2
RMB,3,BUR,90,1,4,,Equipo,,0,0/0,0%,0/0,0%,0/0,0%,0,0,0,0,0,0,0,0,0,0,0,0,0
BUR,3,RMB,80,0,1,1,00 J. Samuels,5:13,0,0/2,0%,0/0,0%,0/0,0%,1,0,1,0,1,0,0,0,0,0,0,-4,-2
BUR,3,RMB,80,0,1,,3 Y. Nzosa,5:06,5,2/3,67%,0/0,0%,1/2,50%,0,0,0,1,0,0,0,0,0,1,1,-2,4
BUR,3,RMB,80,0,1,1,7 J. Rubio,5:13,0,0/0,0%,0/0,0%,0/0,0%,2,2,4,0,0,0,0,0,0,2,0,-4,2
BUR,3,RMB,80,0,1,,8 P. Almazán,4:47,0,0/0,0%,0/0,0%,0/0,0%,0,0,0,0,0,0,0,0,0,0,0,-1,0
BUR,3,RMB,80,0,1,,10 G. Corbalán,3:01,4,0/0,0%,0/0,0%,4/4,100%,0,0,0,1,0,1,0,0,0,0,2,0,8
BUR,3,RMB,80,0,1,,11 D. Díez,4:47,2,1/1,100%,0/1,0%,0/0,0%,0,0,0,0,0,0,0,1,0,0,0,-1,0
BUR,3,RMB,80,0,1,,17 S. García,0:00,0,0/0,0%,0/0,0%,0/0,0%,0,0,0,0,0,0,0,0,0,0,0,0,0
BUR,3,RMB,80,0,1,,19 R. Neto,3:01,0,0/1,0%,0/1,0%,0/0,0%,1,1,2,0,0,0,0,0,0,0,1,0,1
BUR,3,RMB,80,0,1,1,22 S. de Sousa,2:52,2,1/1,100%,0/0,0%,0/0,0%,1,1,2,0,2,0,0,0,0,0,0,-2,2
BUR,3,RMB,80,0,1,1,23 L. Meindl,6:59,0,0/2,0%,0/0,0%,0/0,0%,0,1,1,1,2,1,0,1,0,1,0,-5,-3
BUR,3,RMB,80,0,1,,40 L. Fischer,2:02,0,0/1,0%,0/0,0%,0/0,0%,0,0,0,1,0,0,0,0,0,0,0,-1,0
BUR,3,RMB,80,0,1,1,56 J. Jackson,6:59,7,2/2,100%,1/2,50%,0/0,0%,0,0,0,1,0,1,0,0,0,0,1,-5,9
BUR,3,RMB,80,0,1,,Equipo,,0,0/0,0%,0/0,0%,0/0,0%,1,0,1,0,0,0,0,0,0,0,0,0,1
BUR,3,RMB,80,0,2,1,00 J. Samuels,9:20,6,3/3,100%,0/1,0%,0/0,0%,0,3,3,0,0,1,0,0,1,1,0,10,8
BUR,3,RMB,80,0,2,,3 Y. Nzosa,1:18,2,1/1,100%,0/0,0%,0/0,0%,0,0,0,0,0,0,0,0,0,0,0,4,2
BUR,3,RMB,80,0,2,1,7 J. Rubio,0:00,0,0/0,0%,0/0,0%,0/0,0%,0,0,0,0,0,0,0,0,0,0,0,0,0
BUR,3,RMB,80,0,2,,8 P. Almazán,0:20,0,0/0,0%,0/0,0%,0/0,0%,0,0,0,0,0,0,0,0,0,0,0,0,0
BUR,3,RMB,80,0,2,,10 G. Corbalán,4:09,0,0/0,0%,0/0,0%,0/0,0%,0,0,0,0,0,0,0,0,0,0,0,3,0
BUR,3,RMB,80,0,2,,11 D. Díez,1:00,0,0/0,0%,0/0,0%,0/0,0%,0,1,1,0,0,0,0,0,0,0,0,2,1
BUR,3,RMB,80,0,2,,17 S. García,5:31,0,0/0,0%,0/0,0%,0/0,0%,1,0,1,1,1,0,0,0,0,0,1,5,2
BUR,3,RMB,80,0,2,,19 R. Neto,1:22,2,0/0,0%,0/0,0%,2/2,100%,0,0,0,0,0,0,0,0,0,0,1,0,3
BUR,3,RMB,80,0,2,1,22 S. de Sousa,3:13,7,3/3,100%,0/0,0%,1/2,50%,1,1,2,0,0,0,0,0,0,2,1,-1,7
BUR,3,RMB,80,0,2,1,23 L. Meindl,8:38,3,0/0,0%,1/2,50%,0/0,0%,0,2,2,3,0,0,0,0,0,0,0,10,7
BUR,3,RMB,80,0,2,,40 L. Fischer,5:29,4,2/2,100%,0/0,0%,0/0,0%,0,0,0,0,1,0,1,0,1,1,0,7,3
BUR,3,RMB,80,0,2,1,56 J. Jackson,9:40,2,0/1,0%,0/1,0%,2/2,100%,0,1,1,2,1,0,0,0,0,0,1,10,3
BUR,3,RMB,80,0,2,,Equipo,,0,0/0,0%,0/0,0%,0/0,0%,0,1,1,0,0,0,0,0,0,0,0,0,1
BUR,3,RMB,80,0,3,1,00 J. Samuels,5:20,8,1/1,100%,2/3,67%,0/0,0%,0,0,0,0,2,0,0,0,1,0,0,-9,5
BUR,3,RMB,80,0,3,,3 Y. Nzosa,0:00,0,0/0,0%,0/0,0%,0/0,0%,0,0,0,0,0,0,0,0,0,0,0,0,0
BUR,3,RMB,80,0,3,1,7 J. Rubio,2:38,0,0/0,0%,0/0,0%,0/0,0%,0,0,0,0,0,1,0,0,0,1,0,-5,0
BUR,3,RMB,80,0,3,,8 P. Almazán,0:00,0,0/0,0%,0/0,0%,0/0,0%,0,0,0,0,0,0,0,0,0,0,0,0,0
BUR,3,RMB,80,0,3,,10 G. Corbalán,4:40,2,1/1,100%,0/0,0%,0/0,0%,0,0,0,0,0,0,0,0,0,0,1,4,3
BUR,3,RMB,80,0,3,,11 D. Díez,4:40,0,0/0,0%,0/1,0%,0/0,0%,0,1,1,0,0,0,0,0,0,0,0,4,0
BUR,3,RMB,80,0,3,,17 S. García,0:00,0,0/0,0%,0/0,0%,0/0,0%,0,0,0,0,0,0,0,0,0,0,0,0,0
BUR,3,RMB,80,0,3,,19 R. Neto,5:52,4,2/4,50%,0/0,0%,0/0,0%,0,0,0,2,0,1,0,1,0,1,0,0,3
BUR,3,RMB,80,0,3,1,22 S. de Sousa,1:47,1,0/0,0%,0/0,0%,1/2,50%,1,1,2,0,1,0,0,0,0,2,1,1,0
BUR,3,RMB,80,0,3,1,23 L. Meindl,6:50,0,0/2,0%,0/1,0%,0/0,0%,1,1,2,0,0,0,0,0,0,1,0,-9,-2
BUR,3,RMB,80,0,3,,40 L. Fischer,8:13,7,3/4,75%,0/0,0%,1/2,50%,1,1,2,0,1,0,0,0,0,2,1,-6,5
BUR,3,RMB,80,0,3,1,56 J. Jackson,10:00,0,0/1,0%,0/1,0%,0/0,0%,0,1,1,3,0,3,0,0,0,1,1,-5,5
BUR,3,RMB,80,0,3,,Equipo,,0,0/0,0%,0/0,0%,0/0,0%,0,0,0,0,0,0,0,0,0,0,0,0,
BUR,3,RMB,80,0,4,1,00 J. Samuels,7:50,2,0/0,0%,0/0,0%,2/2,100%,0,2,2,0,1,0,0,0,0,0,1,-8,4
BUR,3,RMB,80,0,4,,3 Y. Nzosa,0:00,0,0/0,0%,0/0,0%,0/0,0%,0,0,0,0,0,0,0,0,0,0,0,0,0
BUR,3,RMB,80,0,4,1,7 J. Rubio,0:00,0,0/0,0%,0/0,0%,0/0,0%,0,0,0,0,0,0,0,0,0,0,0,0,0
BUR,3,RMB,80,0,4,,8 P. Almazán,0:00,0,0/0,0%,0/0,0%,0/0,0%,0,0,0,0,0,0,0,0,0,0,0,0,0
BUR,3,RMB,80,0,4,,10 G. Corbalán,8:13,0,0/0,0%,0/1,0%,0/0,0%,0,1,1,1,0,0,0,0,0,0,1,-11,2
BUR,3,RMB,80,0,4,,11 D. Díez,2:10,0,0/0,0%,0/1,0%,0/0,0%,0,1,1,0,1,0,0,0,0,0,1,-2,0
BUR,3,RMB,80,0,4,,17 S. García,0:00,0,0/0,0%,0/0,0%,0/0,0%,0,0,0,0,0,0,0,0,0,0,0,0,0
BUR,3,RMB,80,0,4,,19 R. Neto,6:19,3,1/2,50%,0/2,0%,1/2,50%,0,0,0,0,0,0,0,0,0,0,2,-8,1
BUR,3,RMB,80,0,4,1,22 S. de Sousa,5:15,0,0/1,0%,0/0,0%,0/0,0%,1,1,2,0,3,1,0,0,0,1,1,-7,-1
BUR,3,RMB,80,0,4,1,23 L. Meindl,8:33,0,0/0,0%,0/0,0%,0/0,0%,0,0,0,0,2,0,0,0,0,3,0,-6,-5
BUR,3,RMB,80,0,4,,40 L. Fischer,4:45,2,1/3,33%,0/0,0%,0/0,0%,0,0,0,0,0,0,0,0,0,1,0,-3,-1
BUR,3,RMB,80,0,4,1,56 J. Jackson,6:55,5,1/1,100%,1/2,50%,0/0,0%,0,1,1,1,0,1,0,0,0,2,0,-5,5
BUR,3,RMB,80,0,4,,Equipo,,0,0/0,0%,0/0,0%,0/0,0%,0,0,0,0,0,0,0,0,0,0,0,0,
HIO,3,VBC,78,1,1,1,1 J. Batemon,5:41,8,2/3,67%,1/1,100%,1/1,100%,1,0,1,1,0,0,0,0,0,0,1,8,10
HIO,3,VBC,78,1,1,,2 C. Walden,4:19,0,0/0,0%,0/0,0%,0/0,0%,0,0,0,0,0,0,0,0,0,0,0,-7,0
HIO,3,VBC,78,1,1,1,3 M. Ejim,4:54,0,0/0,0%,0/1,0%,0/0,0%,1,0,1,0,0,0,0,0,0,2,0,6,-2
HIO,3,VBC,78,1,1,1,4 C. Agada,5:41,6,0/3,0%,2/2,100%,0/0,0%,0,0,0,1,0,1,0,0,0,0,0,8,5
HIO,3,VBC,78,1,1,1,5 O. Paulí,4:54,0,0/0,0%,0/1,0%,0/0,0%,1,1,2,1,0,0,0,0,0,0,0,6,2
HIO,3,VBC,78,1,1,,6 K. Zoriks,4:19,3,0/2,0%,1/2,50%,0/0,0%,0,0,0,1,0,0,0,0,0,0,0,-7,1
HIO,3,VBC,78,1,1,,7 G. Golomán,3:45,4,2/2,100%,0/0,0%,0/0,0%,0,1,1,0,0,0,0,0,0,0,0,7,5
HIO,3,VBC,78,1,1,1,12 A. Diagne,3:33,1,0/0,0%,0/0,0%,1/2,50%,0,1,1,0,0,0,0,0,0,0,1,-3,2
HIO,3,VBC,78,1,1,,14 M. Sanz,5:06,1,0/0,0%,0/1,0%,1/2,50%,0,0,0,1,0,0,0,0,0,1,1,-5,0
HIO,3,VBC,78,1,1,,16 M. Jiménez,1:11,2,1/1,100%,0/0,0%,0/0,0%,0,0,0,0,0,0,0,0,0,1,0,2,1
HIO,3,VBC,78,1,1,,22 J. Shurna,3:55,0,0/1,0%,0/1,0%,0/0,0%,1,1,2,0,0,0,0,0,0,0,0,-7,0
HIO,3,VBC,78,1,1,,25 C. Krutwig,2:42,0,0/0,0%,0/0,0%,0/0,0%,0,0,0,0,0,0,0,0,0,0,0,-3,0
HIO,3,VBC,78,1,1,,Equipo,,0,0/0,0%,0/0,0%,0/0,0%,1,0,1,0,0,0,0,0,0,0,0,0,1
HIO,3,VBC,78,1,2,1,1 J. Batemon,4:56,3,1/2,50%,0/1,0%,1/1,100%,0,0,0,0,1,0,0,0,0,0,0,-7,0
HIO,3,VBC,78,1,2,,2 C. Walden,2:20,0,0/0,0%,0/1,0%,0/0,0%,0,0,0,0,0,0,0,0,0,2,0,-2,-3
HIO,3,VBC,78,1,2,1,3 M. Ejim,2:22,0,0/1,0%,0/0,0%,0/0,0%,0,1,1,0,0,0,0,0,0,1,0,1,-1
HIO,3,VBC,78,1,2,1,4 C. Agada,1:33,0,0/0,0%,0/0,0%,0/0,0%,0,0,0,0,0,0,0,0,0,2,0,-1,-2
HIO,3,VBC,78,1,2,1,5 O. Paulí,8:52,5,1/1,100%,1/4,25%,0/0,0%,0,1,1,0,1,0,0,0,0,0,0,-6,2
HIO,3,VBC,78,1,2,,6 K. Zoriks,6:07,0,0/1,0%,0/0,0%,0/0,0%,0,0,0,1,0,0,0,0,0,0,1,-6,1
HIO,3,VBC,78,1,2,,7 G. Golomán,5:07,6,3/4,75%,0/0,0%,0/2,0%,2,0,2,0,0,0,0,0,1,0,1,-2,6
HIO,3,VBC,78,1,2,1,12 A. Diagne,1:08,0,0/0,0%,0/0,0%,0/0,0%,0,0,0,0,0,0,0,0,0,0,0,0,0
HIO,3,VBC,78,1,2,,14 M. Sanz,1:08,0,0/0,0%,0/0,0%,0/0,0%,0,0,0,0,0,0,0,0,0,0,0,-3,0
HIO,3,VBC,78,1,2,,16 M. Jiménez,6:12,0,0/1,0%,0/0,0%,0/0,0%,0,2,2,1,1,0,0,0,0,1,0,-5,0
HIO,3,VBC,78,1,2,,22 J. Shurna,6:30,0,0/0,0%,0/0,0%,0/0,0%,0,1,1,3,0,0,0,0,0,0,0,-7,4
HIO,3,VBC,78,1,2,,25 C. Krutwig,3:45,2,1/1,100%,0/0,0%,0/0,0%,0,0,0,0,1,0,0,0,0,1,1,-7,1
HIO,3,VBC,78,1,2,,Equipo,,0,0/0,0%,0/0,0%,0/0,0%,0,0,0,0,1,2,0,0,0,1,0,0,
HIO,3,VBC,78,1,3,1,1 J. Batemon,8:15,3,0/1,0%,0/2,0%,3/4,75%,0,0,0,0,0,1,0,0,0,3,2,-1,-1
HIO,3,VBC,78,1,3,,2 C. Walden,4:50,2,1/1,100%,0/0,0%,0/0,0%,0,1,1,0,0,0,0,0,0,1,0,-8,2
HIO,3,VBC,78,1,3,1,3 M. Ejim,4:19,3,0/1,0%,1/1,100%,0/0,0%,0,1,1,0,1,0,0,0,0,1,0,-3,1
HIO,3,VBC,78,1,3,1,4 C. Agada,5:10,4,2/3,67%,0/2,0%,0/0,0%,0,0,0,1,1,1,0,0,0,1,0,0,1
HIO,3,VBC,78,1,3,1,5 O. Paulí,4:07,0,0/0,0%,0/0,0%,0/2,0%,0,0,0,0,0,1,0,0,0,0,2,-8,1
HIO,3,VBC,78,1,3,,6 K. Zoriks,3:31,0,0/0,0%,0/0,0%,0/0,0%,0,0,0,0,1,1,0,0,0,1,1,-9,0
HIO,3,VBC,78,1,3,,7 G. Golomán,3:53,0,0/1,0%,0/0,0%,0/0,0%,0,0,0,0,1,0,0,0,0,0,0,-3,-2
HIO,3,VBC,78,1,3,1,12 A. Diagne,3:33,4,1/1,100%,0/0,0%,2/2,100%,1,0,1,0,0,0,0,0,0,0,1,3,6
HIO,3,VBC,78,1,3,,14 M. Sanz,4:54,0,0/0,0%,0/0,0%,0/0,0%,0,1,1,1,1,0,0,0,0,1,0,0,0
HIO,3,VBC,78,1,3,,16 M. Jiménez,4:07,0,0/0,0%,0/0,0%,0/0,0%,0,0,0,0,1,0,0,0,0,1,1,2,-1
HIO,3,VBC,78,1,3,,22 J. Shurna,0:47,0,0/0,0%,0/0,0%,0/0,0%,1,0,1,0,0,0,0,0,0,0,0,-5,1
HIO,3,VBC,78,1,3,,25 C. Krutwig,2:34,0,0/1,0%,0/0,0%,0/0,0%,0,0,0,0,0,0,0,0,0,0,0,-8,-1
HIO,3,VBC,78,1,3,,Equipo,,0,0/0,0%,0/0,0%,0/0,0%,0,1,1,0,0,0,0,0,0,0,0,0,
HIO,3,VBC,78,1,4,1,1 J. Batemon,8:11,10,3/3,100%,1/1,100%,1/1,100%,0,0,0,0,1,0,0,0,0,1,2,1,10
HIO,3,VBC,78,1,4,,2 C. Walden,6:30,2,0/0,0%,0/2,0%,2/2,100%,0,0,0,0,1,0,0,0,0,1,1,1,-1
HIO,3,VBC,78,1,4,1,3 M. Ejim,6:47,4,2/3,67%,0/1,0%,0/0,0%,0,1,1,0,2,0,0,0,0,1,0,-2,0
HIO,3,VBC,78,1,4,1,4 C. Agada,3:30,0,0/0,0%,0/0,0%,0/0,0%,0,0,0,0,1,0,0,0,0,0,1,-6,0
HIO,3,VBC,78,1,4,1,5 O. Paulí,6:30,3,1/1,100%,0/0,0%,1/2,50%,0,1,1,1,0,0,0,0,0,0,1,1,5
HIO,3,VBC,78,1,4,,6 K. Zoriks,0:00,0,0/0,0%,0/0,0%,0/0,0%,0,0,0,0,0,0,0,0,0,0,0,0,0
HIO,3,VBC,78,1,4,,7 G. Golomán,2:13,0,0/1,0%,0/0,0%,0/0,0%,1,0,1,0,0,1,0,0,0,1,0,-5,0
HIO,3,VBC,78,1,4,1,12 A. Diagne,4:03,2,0/0,0%,0/0,0%,2/2,100%,1,0,1,0,0,0,0,0,0,2,2,4,3
HIO,3,VBC,78,1,4,,14 M. Sanz,6:43,0,0/2,0%,0/0,0%,0/0,0%,0,2,2,0,1,1,0,0,0,2,0,-9,-2
HIO,3,VBC,78,1,4,,16 M. Jiménez,1:49,0,0/0,0%,0/0,0%,0/0,0%,0,0,0,0,0,0,0,0,0,0,0,-6,0
HIO,3,VBC,78,1,4,,22 J. Shurna,0:00,0,0/0,0%,0/0,0%,0/0,0%,0,0,0,0,0,0,0,0,0,0,0,0,0
HIO,3,VBC,78,1,4,,25 C. Krutwig,3:44,0,0/0,0%,0/0,0%,0/0,0%,1,1,2,0,0,0,0,0,0,0,0,-4,2
HIO,3,VBC,78,1,4,,Equipo,,0,0/0,0%,0/0,0%,0/0,0%,0,0,0,0,1,0,0,0,0,1,0,0,
VBC,3,HIO,99,0,1,1,0 B. Badio,4:32,0,0/1,0%,0/1,0%,0/0,0%,0,1,1,0,0,0,0,0,0,1,0,-2,-2
VBC,3,HIO,99,0,1,1,1 K. Taylor,6:15,6,0/0,0%,1/1,100%,3/3,100%,0,3,3,0,0,0,0,0,0,1,2,6,10
VBC,3,HIO,99,0,1,,2 J. Puerto,4:56,0,0/0,0%,0/1,0%,0/0,0%,0,0,0,0,1,0,0,0,0,0,0,-9,-2
VBC,3,HIO,99,0,1,1,3 N. Reuvers,5:50,7,2/2,100%,1/1,100%,0/0,0%,1,0,1,0,0,0,0,0,0,1,0,5,7
VBC,3,HIO,99,0,1,1,4 J. Pradilla,4:30,0,0/1,0%,0/1,0%,0/0,0%,1,1,2,1,0,0,0,0,0,0,1,-6,2
VBC,3,HIO,99,0,1,1,5 S. de Larrea,4:32,0,0/0,0%,0/1,0%,0/0,0%,0,0,0,1,3,0,0,0,0,0,0,-3,-3
VBC,3,HIO,99,0,1,,6 López-Arostegui,0:00,0,0/0,0%,0/0,0%,0/0,0%,0,0,0,0,0,0,0,0,0,0,0,0,0
VBC,3,HIO,99,0,1,,10 O. Moore,5:28,0,0/1,0%,0/0,0%,0/0,0%,0,1,1,1,0,0,0,0,0,0,0,1,1
VBC,3,HIO,99,0,1,,12 N. Sako,3:45,0,0/0,0%,0/0,0%,0/0,0%,0,1,1,0,0,0,0,0,0,0,0,-7,1
VBC,3,HIO,99,0,1,,13 D. Thompson,5:28,4,2/2,100%,0/0,0%,0/0,0%,0,0,0,0,0,0,0,0,0,0,0,2,4
VBC,3,HIO,99,0,1,,24 M. Costello,4:44,7,0/0,0%,2/3,67%,1/2,50%,0,0,0,0,0,0,0,0,0,0,1,8,6
VBC,3,HIO,99,0,1,,32 I. Nogués,0:00,0,0/0,0%,0/0,0%,0/0,0%,0,0,0,0,0,0,0,0,0,0,0,0,0
VBC,3,HIO,99,0,1,,Equipo,,0,0/0,0%,0/0,0%,0/0,0%,1,1,2,0,0,0,0,0,0,0,0,0,2
VBC,3,HIO,99,0,2,1,0 B. Badio,4:58,9,1/1,100%,1/1,100%,4/4,100%,0,0,0,0,0,0,0,0,0,0,1,10,10
VBC,3,HIO,99,0,2,1,1 K. Taylor,4:42,3,0/1,0%,1/1,100%,0/0,0%,0,0,0,0,0,0,0,0,0,0,0,1,2
VBC,3,HIO,99,0,2,,2 J. Puerto,2:22,0,0/0,0%,0/0,0%,0/0,0%,0,0,0,0,0,0,0,0,0,0,0,-1,0
VBC,3,HIO,99,0,2,1,3 N. Reuvers,4:08,2,1/1,100%,0/0,0%,0/1,0%,0,0,0,0,0,0,0,0,0,0,1,1,2
VBC,3,HIO,99,0,2,1,4 J. Pradilla,6:59,2,1/2,50%,0/1,0%,0/0,0%,4,2,6,2,0,0,0,0,0,0,1,6,9
VBC,3,HIO,99,0,2,1,5 S. de Larrea,6:41,0,0/0,0%,0/0,0%,0/0,0%,0,0,0,1,0,0,0,0,0,0,1,11,2
VBC,3,HIO,99,0,2,,6 López-Arostegui,5:52,0,0/1,0%,0/3,0%,0/0,0%,1,1,2,0,1,0,0,0,0,0,1,8,-2
VBC,3,HIO,99,0,2,,10 O. Moore,4:28,4,2/4,50%,0/0,0%,0/0,0%,0,1,1,1,0,0,0,0,0,0,0,-1,4
VBC,3,HIO,99,0,2,,12 N. Sako,2:36,0,0/1,0%,0/0,0%,0/0,0%,1,0,1,0,0,0,0,0,0,1,0,6,-1
VBC,3,HIO,99,0,2,,13 D. Thompson,3:19,2,0/0,0%,0/1,0%,2/2,100%,0,1,1,2,0,0,0,0,0,0,2,-2,6
VBC,3,HIO,99,0,2,,24 M. Costello,3:55,3,0/1,0%,1/1,100%,0/0,0%,1,1,2,0,0,0,0,0,0,2,0,6,2
VBC,3,HIO,99,0,2,,32 I. Nogués,0:00,0,0/0,0%,0/0,0%,0/0,0%,0,0,0,0,0,0,0,0,0,0,0,0,0
VBC,3,HIO,99,0,2,,Equipo,,0,0/0,0%,0/0,0%,0/0,0%,0,2,2,0,3,0,0,0,0,1,0,0,
VBC,3,HIO,99,0,3,1,0 B. Badio,5:26,0,0/1,0%,0/0,0%,0/0,0%,0,2,2,0,0,1,0,0,0,0,1,9,3
VBC,3,HIO,99,0,3,1,1 K. Taylor,4:18,3,1/1,100%,0/0,0%,1/2,50%,0,1,1,1,2,1,0,0,0,3,1,8,1
VBC,3,HIO,99,0,3,,2 J. Puerto,4:45,0,0/0,0%,0/0,0%,0/0,0%,0,1,1,0,0,0,0,0,0,1,0,-1,0
VBC,3,HIO,99,0,3,1,3 N. Reuvers,6:13,3,0/0,0%,1/2,50%,0/0,0%,0,0,0,0,1,1,0,0,0,0,0,10,2
VBC,3,HIO,99,0,3,1,4 J. Pradilla,5:46,12,1/1,100%,3/3,100%,1/2,50%,0,0,0,0,0,0,0,0,0,1,2,7,12
VBC,3,HIO,99,0,3,1,5 S. de Larrea,3:36,3,0/1,0%,0/2,0%,3/4,75%,2,0,2,0,0,0,0,0,0,1,2,1,2
VBC,3,HIO,99,0,3,,6 López-Arostegui,0:57,0,0/0,0%,0/0,0%,0/0,0%,0,2,2,0,1,0,0,0,0,0,0,1,1
VBC,3,HIO,99,0,3,,10 O. Moore,4:28,2,0/0,0%,0/0,0%,2/2,100%,0,2,2,1,1,0,0,0,0,1,1,-1,4
VBC,3,HIO,99,0,3,,12 N. Sako,3:47,1,0/0,0%,0/0,0%,1/2,50%,0,0,0,0,0,0,0,0,0,0,1,-2,1
VBC,3,HIO,99,0,3,,13 D. Thompson,6:24,0,0/0,0%,0/1,0%,0/0,0%,0,0,0,3,1,0,0,0,0,0,1,7,2
VBC,3,HIO,99,0,3,,24 M. Costello,4:14,0,0/1,0%,0/0,0%,0/0,0%,0,0,0,0,0,2,0,0,0,0,0,1,1
VBC,3,HIO,99,0,3,,32 I. Nogués,0:06,0,0/0,0%,0/0,0%,0/0,0%,0,0,0,0,0,0,0,0,0,0,0,0,0
VBC,3,HIO,99,0,3,,Equipo,,0,0/0,0%,0/0,0%,0/0,0%,0,0,0,0,0,0,0,0,0,0,0,0,
VBC,3,HIO,99,0,4,1,0 B. Badio,3:48,4,2/2,100%,0/0,0%,0/0,0%,0,0,0,1,1,0,0,0,0,0,1,-2,5
VBC,3,HIO,99,0,4,1,1 K. Taylor,3:28,2,1/1,100%,0/0,0%,0/0,0%,0,0,0,0,0,0,0,0,0,0,0,-6,2
VBC,3,HIO,99,0,4,,2 J. Puerto,0:00,0,0/0,0%,0/0,0%,0/0,0%,0,0,0,0,0,0,0,0,0,0,0,0,0
VBC,3,HIO,99,0,4,1,3 N. Reuvers,4:22,0,0/0,0%,0/0,0%,0/0,0%,0,2,2,0,0,0,0,0,0,0,0,4,2
VBC,3,HIO,99,0,4,1,4 J. Pradilla,10:00,2,0/0,0%,0/1,0%,2/2,100%,0,0,0,0,1,0,0,0,0,0,2,5,2
VBC,3,HIO,99,0,4,1,5 S. de Larrea,4:15,6,1/1,100%,0/0,0%,4/4,100%,0,0,0,0,1,0,0,0,0,0,1,-1,6
VBC,3,HIO,99,0,4,,6 López-Arostegui,3:13,2,1/1,100%,0/1,0%,0/0,0%,0,0,0,0,0,0,0,0,0,1,0,3,0
VBC,3,HIO,99,0,4,,10 O. Moore,2:59,2,1/1,100%,0/1,0%,0/1,0%,1,0,1,0,0,1,0,0,0,0,1,4,3
VBC,3,HIO,99,0,4,,12 N. Sako,5:38,0,0/0,0%,0/0,0%,0/0,0%,0,0,0,0,0,0,0,0,0,3,0,1,-3
VBC,3,HIO,99,0,4,,13 D. Thompson,5:45,8,1/1,100%,1/1,100%,3/5,60%,0,1,1,1,1,1,0,0,0,1,3,6,10
VBC,3,HIO,99,0,4,,24 M. Costello,0:00,0,0/0,0%,0/2,0%,0/0,0%,0,0,0,0,0,0,0,0,0,0,0,0,-2
VBC,3,HIO,99,0,4,,32 I. Nogués,6:32,0,0/0,0%,0/1,0%,0/0,0%,1,1,2,1,0,1,0,0,0,2,0,11,1
VBC,3,HIO,99,0,4,,Equipo,,0,0/0,0%,0/0,0%,0/0,0%,0,0,0,0,0,0,0,0,0,0,0,0,
COV,3,BKN,80,1,1,1,2 J. Rousselle,6:29,3,0/0,0%,1/1,100%,0/0,0%,0,0,0,1,0,0,0,0,0,1,1,-8,4
COV,3,BKN,80,1,1,,3 M. Speight,3:31,0,0/0,0%,0/0,0%,0/0,0%,0,0,0,0,0,1,0,0,0,0,0,-1,1
COV,3,BKN,80,1,1,,7 B. Olumuyiwa,3:31,2,1/1,100%,0/0,0%,0/0,0%,0,0,0,1,0,0,0,0,0,0,0,-1,3
COV,3,BKN,80,1,1,1,11 E. Valtonen,8:20,2,1/1,100%,0/1,0%,0/0,0%,0,0,0,0,0,0,1,0,0,1,0,-8,1
COV,3,BKN,80,1,1,1,13 M. Thomas,6:28,2,1/1,100%,0/2,0%,0/0,0%,0,0,0,1,0,0,0,0,0,0,0,-5,1
COV,3,BKN,80,1,1,,15 I. Aurrecoechea,0:00,0,0/0,0%,0/0,0%,0/0,0%,0,0,0,0,0,0,0,0,0,0,0,0,0
COV,3,BKN,80,1,1,,19 P. Tomàs,0:00,0,0/0,0%,0/0,0%,0/0,0%,0,0,0,0,0,0,0,0,0,0,0,0,0
COV,3,BKN,80,1,1,,22 T. Munnings,0:00,0,0/0,0%,0/0,0%,0/0,0%,0,0,0,0,0,0,0,0,0,0,0,0,0
COV,3,BKN,80,1,1,,23 J. Kljajic,5:12,0,0/0,0%,0/1,0%,0/0,0%,0,0,0,2,0,0,0,1,0,0,0,-5,0
COV,3,BKN,80,1,1,1,29 L. Bozic,7:09,2,0/2,0%,0/1,0%,2/2,100%,1,1,2,1,1,0,0,0,0,0,1,-7,2
COV,3,BKN,80,1,1,1,35 Z. Hankins,6:29,6,3/3,100%,0/0,0%,0/0,0%,0,0,0,0,0,0,0,0,2,1,1,-8,6
COV,3,BKN,80,1,1,,77 B. Burjanadze,2:51,4,1/2,50%,0/0,0%,2/3,67%,0,2,2,0,0,0,0,0,0,1,1,-2,4
COV,3,BKN,80,1,1,,Equipo,,0,0/0,0%,0/0,0%,0/0,0%,0,0,0,0,0,0,0,0,0,0,0,0,0
COV,3,BKN,80,1,2,1,2 J. Rousselle,4:09,0,0/1,0%,0/0,0%,0/0,0%,0,0,0,1,0,0,0,0,0,2,0,4,-2
COV,3,BKN,80,1,2,,3 M. Speight,5:51,0,0/0,0%,0/0,0%,0/0,0%,0,1,1,0,0,0,0,0,0,0,0,-1,1
COV,3,BKN,80,1,2,,7 B. Olumuyiwa,4:42,3,1/1,100%,0/0,0%,1/2,50%,2,0,2,0,0,0,0,0,0,0,1,4,5
COV,3,BKN,80,1,2,1,11 E. Valtonen,5:54,0,0/0,0%,0/0,0%,0/0,0%,1,1,2,0,0,0,0,0,0,1,1,6,2
COV,3,BKN,80,1,2,1,13 M. Thomas,4:58,0,0/0,0%,0/2,0%,0/0,0%,0,1,1,0,1,0,0,0,0,0,0,-2,-2
COV,3,BKN,80,1,2,,15 I. Aurrecoechea,0:00,0,0/0,0%,0/0,0%,0/0,0%,0,0,0,0,0,0,0,0,0,0,0,0,0
COV,3,BKN,80,1,2,,19 P. Tomàs,0:21,0,0/0,0%,0/0,0%,0/0,0%,0,0,0,0,0,0,0,0,0,0,0,-1,0
COV,3,BKN,80,1,2,,22 T. Munnings,0:00,0,0/0,0%,0/0,0%,0/0,0%,0,0,0,0,0,0,0,0,0,0,0,0,0
COV,3,BKN,80,1,2,,23 J. Kljajic,5:21,9,2/3,67%,1/4,25%,2/2,100%,0,1,1,0,0,0,0,0,0,0,2,6,8
COV,3,BKN,80,1,2,1,29 L. Bozic,4:54,4,2/3,67%,0/0,0%,0/0,0%,1,2,3,0,1,0,0,0,0,3,0,-3,2
COV,3,BKN,80,1,2,1,35 Z. Hankins,5:18,0,0/1,0%,0/0,0%,0/0,0%,1,0,1,0,1,1,0,0,0,0,0,-1,0
COV,3,BKN,80,1,2,,77 B. Burjanadze,8:32,2,0/0,0%,0/0,0%,2/2,100%,0,1,1,0,1,0,1,0,0,0,2,3,5
COV,3,BKN,80,1,2,,Equipo,,0,0/0,0%,0/0,0%,0/0,0%,0,0,0,0,1,0,0,0,0,1,0,0,
COV,3,BKN,80,1,3,1,2 J. Rousselle,5:56,5,0/0,0%,1/2,50%,2/2,100%,0,0,0,2,1,0,0,0,0,0,1,9,6
COV,3,BKN,80,1,3,,3 M. Speight,4:04,0,0/1,0%,0/1,0%,0/0,0%,0,0,0,0,0,0,0,0,0,1,0,-5,-3
COV,3,BKN,80,1,3,,7 B. Olumuyiwa,2:26,0,0/0,0%,0/0,0%,0/0,0%,0,0,0,0,0,0,0,0,0,0,0,-3,0
COV,3,BKN,80,1,3,1,11 E. Valtonen,9:14,4,0/2,0%,0/0,0%,4/4,100%,1,1,2,0,0,1,0,1,0,0,2,5,6
COV,3,BKN,80,1,3,1,13 M. Thomas,8:20,5,0/0,0%,1/2,50%,2/2,100%,0,0,0,0,0,0,0,0,0,0,1,6,5
COV,3,BKN,80,1,3,,15 I. Aurrecoechea,0:00,0,0/0,0%,0/0,0%,0/0,0%,0,0,0,0,0,0,0,0,0,0,0,0,0
COV,3,BKN,80,1,3,,19 P. Tomàs,0:00,0,0/0,0%,0/0,0%,0/0,0%,0,0,0,0,0,0,0,0,0,0,0,0,0
COV,3,BKN,80,1,3,,22 T. Munnings,0:00,0,0/0,0%,0/0,0%,0/0,0%,0,0,0,0,0,0,0,0,0,0,0,0,0
COV,3,BKN,80,1,3,,23 J. Kljajic,2:26,2,1/1,100%,0/0,0%,0/0,0%,0,0,0,0,1,0,1,0,0,0,0,-3,2
COV,3,BKN,80,1,3,1,29 L. Bozic,5:44,4,2/3,67%,0/0,0%,0/0,0%,1,0,1,0,0,1,0,0,0,0,1,7,6
COV,3,BKN,80,1,3,1,35 Z. Hankins,7:34,0,0/0,0%,0/0,0%,0/0,0%,0,2,2,0,0,0,0,0,0,2,0,7,0
COV,3,BKN,80,1,3,,77 B. Burjanadze,4:16,1,0/0,0%,0/1,0%,1/2,50%,0,1,1,0,0,0,0,0,0,0,1,-3,1
COV,3,BKN,80,1,3,,Equipo,,0,0/0,0%,0/0,0%,0/0,0%,1,2,3,0,0,1,0,0,0,0,0,0,
COV,3,BKN,80,1,4,1,2 J. Rousselle,10:00,3,0/1,0%,1/2,50%,0/0,0%,0,1,1,1,1,0,0,1,0,1,0,-1,0
COV,3,BKN,80,1,4,,3 M. Speight,0:00,0,0/0,0%,0/0,0%,0/0,0%,0,0,0,0,0,0,0,0,0,0,0,0,0
COV,3,BKN,80,1,4,,7 B. Olumuyiwa,3:02,4,1/1,100%,0/0,0%,2/2,100%,0,0,0,0,0,0,0,0,0,0,1,-1,5
COV,3,BKN,80,1,4,1,11 E. Valtonen,6:09,0,0/1,0%,0/0,0%,0/0,0%,0,0,0,0,0,0,0,0,0,0,0,0,-1
COV,3,BKN,80,1,4,1,13 M. Thomas,10:00,5,1/1,100%,1/2,50%,0/0,0%,0,0,0,0,0,0,0,0,0,3,0,-1,1
COV,3,BKN,80,1,4,,15 I. Aurrecoechea,0:00,0,0/0,0%,0/0,0%,0/0,0%,0,0,0,0,0,0,0,0,0,0,0,0,0
COV,3,BKN,80,1,4,,19 P. Tomàs,0:00,0,0/0,0%,0/0,0%,0/0,0%,0,0,0,0,0,0,0,0,0,0,0,0,0
COV,3,BKN,80,1,4,,22 T. Munnings,0:00,0,0/0,0%,0/0,0%,0/0,0%,0,0,0,0,0,0,0,0,0,0,0,0,0
COV,3,BKN,80,1,4,,23 J. Kljajic,3:51,3,0/1,0%,1/1,100%,0/0,0%,0,0,0,0,0,0,0,0,0,0,0,-1,2
COV,3,BKN,80,1,4,1,29 L. Bozic,10:00,5,1/2,50%,0/0,0%,3/4,75%,0,1,1,1,0,1,0,1,0,0,4,-1,9
COV,3,BKN,80,1,4,1,35 Z. Hankins,6:58,0,0/1,0%,0/0,0%,0/0,0%,0,1,1,1,0,0,0,0,0,1,0,0,0
COV,3,BKN,80,1,4,,77 B. Burjanadze,0:00,0,0/0,0%,0/0,0%,0/0,0%,0,0,0,0,0,0,0,0,0,0,0,0,0
COV,3,BKN,80,1,4,,Equipo,,0,0/0,0%,0/0,0%,0/0,0%,0,1,1,0,0,0,0,0,0,0,0,0,
BKN,3,COV,83,0,1,1,1 M. Diakite,5:40,7,2/2,100%,1/1,100%,0/0,0%,0,1,1,0,0,0,0,0,1,1,0,5,7
BKN,3,COV,83,0,1,1,3 M. Nowell,4:53,3,0/0,0%,1/2,50%,0/0,0%,0,1,1,1,0,0,0,0,0,1,0,4,3
BKN,3,COV,83,0,1,1,4 R. Villar,4:48,0,0/0,0%,0/0,0%,0/0,0%,0,0,0,1,0,0,0,0,0,1,0,0,0
BKN,3,COV,83,0,1,1,6 H. Diallo,4:53,4,2/3,67%,0/1,0%,0/0,0%,0,0,0,1,0,0,0,0,0,0,0,4,3
BKN,3,COV,83,0,1,,8 T. Sedekerskis,5:12,6,1/1,100%,1/1,100%,1/1,100%,0,0,0,0,0,0,0,0,0,0,1,10,7
BKN,3,COV,83,0,1,,9 Luwawu-Cabarrot,6:03,6,0/0,0%,2/2,100%,0/0,0%,0,1,1,1,1,1,0,0,0,0,1,7,9
BKN,3,COV,83,0,1,,10 M. Spagnolo,5:07,0,0/1,0%,0/0,0%,0/0,0%,0,1,1,1,0,0,0,1,0,1,1,5,0
BKN,3,COV,83,0,1,,18 K. Diop,4:20,0,0/0,0%,0/0,0%,0/0,0%,0,0,0,2,0,0,1,0,0,0,0,4,3
BKN,3,COV,83,0,1,1,25 C. Frisch,4:48,0,0/0,0%,0/0,0%,0/0,0%,0,1,1,0,0,0,0,0,0,0,0,-1,1
BKN,3,COV,83,0,1,,77 S. Joksimovic,4:16,4,0/0,0%,1/1,100%,1/2,50%,0,2,2,1,1,0,0,0,0,0,1,7,6
BKN,3,COV,83,0,1,,Equipo,,0,0/0,0%,0/0,0%,0/0,0%,0,0,0,0,0,0,0,0,0,0,0,0,0
BKN,3,COV,83,0,2,1,1 M. Diakite,6:26,2,1/1,100%,0/0,0%,0/0,0%,1,0,1,1,0,1,0,0,0,1,0,-2,4
BKN,3,COV,83,0,2,1,3 M. Nowell,4:53,0,0/0,0%,0/1,0%,0/0,0%,0,1,1,1,1,0,0,0,0,0,0,5,0
BKN,3,COV,83,0,2,1,4 R. Villar,6:41,4,2/2,100%,0/0,0%,0/0,0%,0,0,0,0,0,0,0,0,0,0,1,1,5
BKN,3,COV,83,0,2,1,6 H. Diallo,6:07,0,0/1,0%,0/0,0%,0/0,0%,1,0,1,0,1,0,0,0,0,1,0,0,-2
BKN,3,COV,83,0,2,,8 T. Sedekerskis,6:06,0,0/0,0%,0/0,0%,0/0,0%,0,1,1,0,0,0,0,0,0,0,0,-9,1
BKN,3,COV,83,0,2,,9 Luwawu-Cabarrot,5:12,3,0/2,0%,1/5,20%,0/1,0%,0,0,0,0,0,0,0,0,0,0,0,0,-4
BKN,3,COV,83,0,2,,10 M. Spagnolo,5:15,2,0/1,0%,0/0,0%,2/2,100%,0,0,0,0,1,0,0,1,0,0,1,-9,0
BKN,3,COV,83,0,2,,18 K. Diop,3:34,1,0/0,0%,0/0,0%,1/2,50%,1,2,3,0,0,0,0,0,0,1,3,-1,5
BKN,3,COV,83,0,2,1,25 C. Frisch,2:35,3,0/1,0%,1/1,100%,0/0,0%,0,0,0,1,0,0,0,0,0,2,0,3,1
BKN,3,COV,83,0,2,,77 S. Joksimovic,3:11,0,0/0,0%,0/1,0%,0/2,0%,0,0,0,0,0,0,0,0,0,1,1,-3,-3
BKN,3,COV,83,0,2,,Equipo,,0,0/0,0%,0/0,0%,0/0,0%,0,1,1,0,0,0,0,0,0,0,0,0,
BKN,3,COV,83,0,3,1,1 M. Diakite,4:30,4,2/2,100%,0/0,0%,0/0,0%,0,1,1,0,0,0,0,0,0,0,0,-6,5
BKN,3,COV,83,0,3,1,3 M. Nowell,4:30,0,0/0,0%,0/2,0%,0/0,0%,0,0,0,1,1,0,0,0,0,0,0,-6,-2
BKN,3,COV,83,0,3,1,4 R. Villar,5:56,0,0/0,0%,0/0,0%,0/0,0%,0,0,0,0,0,0,0,0,0,2,1,-9,-1
BKN,3,COV,83,0,3,1,6 H. Diallo,4:30,0,0/2,0%,0/0,0%,0/0,0%,1,0,1,0,0,0,1,0,0,2,0,-6,-2
BKN,3,COV,83,0,3,,8 T. Sedekerskis,5:30,2,1/1,100%,0/1,0%,0/0,0%,0,1,1,0,0,0,0,0,0,0,0,2,2
BKN,3,COV,83,0,3,,9 Luwawu-Cabarrot,5:30,4,0/0,0%,1/1,100%,1/2,50%,0,1,1,0,0,0,0,0,0,1,1,2,4
BKN,3,COV,83,0,3,,10 M. Spagnolo,5:30,4,2/3,67%,0/0,0%,0/0,0%,0,0,0,1,0,0,0,0,0,0,1,2,5
BKN,3,COV,83,0,3,,18 K. Diop,5:30,0,0/1,0%,0/0,0%,0/0,0%,0,1,1,0,0,0,1,1,0,0,0,2,0
BKN,3,COV,83,0,3,1,25 C. Frisch,4:30,3,0/0,0%,1/2,50%,0/0,0%,0,0,0,0,1,0,0,0,0,1,0,-6,0
BKN,3,COV,83,0,3,,77 S. Joksimovic,4:04,0,0/0,0%,0/1,0%,0/0,0%,0,1,1,0,0,0,0,0,0,0,0,5,0
BKN,3,COV,83,0,3,,Equipo,,0,0/0,0%,0/0,0%,0/0,0%,2,0,2,0,1,0,0,0,0,0,0,0,
BKN,3,COV,83,0,4,1,1 M. Diakite,6:58,3,1/2,50%,0/0,0%,1/1,100%,1,1,2,0,1,0,2,0,0,0,1,-2,6
BKN,3,COV,83,0,4,1,3 M. Nowell,2:47,0,0/0,0%,0/0,0%,0/0,0%,0,1,1,2,1,0,0,0,0,0,0,0,2
BKN,3,COV,83,0,4,1,4 R. Villar,0:00,0,0/0,0%,0/0,0%,0/0,0%,0,0,0,0,0,0,0,0,0,0,0,0,0
BKN,3,COV,83,0,4,1,6 H. Diallo,7:13,6,3/4,75%,0/0,0%,0/0,0%,0,3,3,0,0,0,0,0,0,1,0,1,7
BKN,3,COV,83,0,4,,8 T. Sedekerskis,5:30,2,1/1,100%,0/1,0%,0/0,0%,0,2,2,0,0,0,0,0,1,1,0,4,2
BKN,3,COV,83,0,4,,9 Luwawu-Cabarrot,6:09,2,0/1,0%,0/0,0%,2/2,100%,0,0,0,0,0,0,0,0,0,1,1,0,1
BKN,3,COV,83,0,4,,10 M. Spagnolo,10:00,8,4/4,100%,0/0,0%,0/0,0%,0,0,0,0,0,1,0,0,1,0,3,1,12
BKN,3,COV,83,0,4,,18 K. Diop,3:02,0,0/0,0%,0/0,0%,0/0,0%,0,0,0,1,1,0,0,0,0,1,0,3,-1
BKN,3,COV,83,0,4,1,25 C. Frisch,4:30,0,0/1,0%,0/1,0%,0/0,0%,0,0,0,0,0,0,0,0,0,1,0,-3,-3
BKN,3,COV,83,0,4,,77 S. Joksimovic,3:51,0,0/0,0%,0/0,0%,0/0,0%,1,0,1,0,0,0,0,0,0,0,0,1,1
BKN,3,COV,83,0,4,,Equipo,,0,0/0,0%,0/0,0%,0/0,0%,0,1,1,0,0,0,0,0,0,0,0,0,
UNI,3,BAR,77,1,1,1,0 T. Pérez,4:52,5,1/1,100%,0/1,0%,3/4,75%,1,2,3,0,0,1,0,0,0,0,2,-6,9
UNI,3,BAR,77,1,1,1,2 O. Balcerowski,6:10,2,0/0,0%,0/0,0%,2/2,100%,0,0,0,0,0,0,0,0,0,0,1,-8,3
UNI,3,BAR,77,1,1,1,3 J. Webb,4:52,2,1/1,100%,0/1,0%,0/0,0%,0,0,0,0,0,0,0,0,0,0,0,-4,1
UNI,3,BAR,77,1,1,,4 T. Kalinoski,6:08,0,0/1,0%,0/0,0%,0/0,0%,0,1,1,1,0,1,0,1,0,2,0,0,-1
UNI,3,BAR,77,1,1,,7 J. Barreiro,0:00,0,0/0,0%,0/0,0%,0/0,0%,0,0,0,0,0,0,0,0,0,0,0,0,0
UNI,3,BAR,77,1,1,,9 A. Díaz,6:08,0,0/0,0%,0/1,0%,0/0,0%,0,0,0,1,1,0,0,0,0,0,0,0,-1
UNI,3,BAR,77,1,1,,14 N. Djedovic,5:08,3,1/2,50%,0/0,0%,1/2,50%,0,1,1,0,1,0,0,0,0,0,1,0,2
UNI,3,BAR,77,1,1,,19 E. Sulejmanovic,2:40,0,0/0,0%,0/1,0%,0/0,0%,1,0,1,0,0,1,0,0,0,0,0,-1,1
UNI,3,BAR,77,1,1,1,27 C. Duarte,3:52,0,0/1,0%,0/0,0%,0/0,0%,0,1,1,0,1,0,0,0,0,0,0,-4,-1
UNI,3,BAR,77,1,1,,33 K. Tillie,2:28,3,0/0,0%,1/1,100%,0/0,0%,0,0,0,0,0,0,0,0,0,0,0,3,3
UNI,3,BAR,77,1,1,,45 D. Kravish,3:50,2,1/2,50%,0/0,0%,0/0,0%,1,1,2,0,0,0,0,0,0,0,0,4,3
UNI,3,BAR,77,1,1,1,55 K. Perry,3:52,1,0/0,0%,0/1,0%,1/2,50%,1,0,1,0,0,0,0,0,0,1,1,-4,0
UNI,3,BAR,77,1,1,,Equipo,,0,0/0,0%,0/0,0%,0/0,0%,0,0,0,0,0,0,0,0,0,0,0,0,0
UNI,3,BAR,77,1,2,1,0 T. Pérez,4:41,2,1/1,100%,0/0,0%,0/0,0%,1,1,2,0,0,0,0,0,0,0,0,-6,4
UNI,3,BAR,77,1,2,1,2 O. Balcerowski,2:20,0,0/1,0%,0/0,0%,0/0,0%,0,0,0,0,0,0,0,0,0,1,0,-6,-2
UNI,3,BAR,77,1,2,1,3 J. Webb,3:40,2,1/1,100%,0/0,0%,0/0,0%,2,0,2,0,1,0,0,0,0,0,0,0,3
UNI,3,BAR,77,1,2,,4 T. Kalinoski,4:56,3,1/2,50%,0/2,0%,1/1,100%,1,0,1,0,0,1,0,0,0,0,0,-4,2
UNI,3,BAR,77,1,2,,7 J. Barreiro,5:09,3,0/0,0%,1/2,50%,0/0,0%,0,1,1,0,0,0,0,0,0,1,0,-1,2
UNI,3,BAR,77,1,2,,9 A. Díaz,4:01,0,0/1,0%,0/0,0%,0/0,0%,0,0,0,0,0,1,0,0,0,0,0,-4,0
UNI,3,BAR,77,1,2,,14 N. Djedovic,3:24,2,1/2,50%,0/1,0%,0/0,0%,0,0,0,0,1,0,0,0,0,1,0,-2,-2
UNI,3,BAR,77,1,2,,19 E. Sulejmanovic,0:00,0,0/0,0%,0/0,0%,0/0,0%,0,0,0,0,0,0,0,0,0,0,0,0,0
UNI,3,BAR,77,1,2,1,27 C. Duarte,2:51,0,0/1,0%,0/1,0%,0/0,0%,0,0,0,0,0,0,0,1,0,3,1,5,-5
UNI,3,BAR,77,1,2,,33 K. Tillie,5:19,0,0/1,0%,0/1,0%,0/0,0%,0,0,0,1,0,0,0,0,0,0,1,5,0
UNI,3,BAR,77,1,2,,45 D. Kravish,7:40,0,0/0,0%,0/0,0%,0/0,0%,0,1,1,1,1,0,0,0,0,2,0,5,-1
UNI,3,BAR,77,1,2,1,55 K. Perry,5:59,4,0/0,0%,1/2,50%,1/1,100%,0,1,1,0,0,0,0,0,0,0,2,3,6
UNI,3,BAR,77,1,2,,Equipo,,0,0/0,0%,0/0,0%,0/0,0%,0,1,1,0,1,0,0,0,0,0,0,0,0
UNI,3,BAR,77,1,3,1,0 T. Pérez,2:55,2,1/2,50%,0/0,0%,0/0,0%,0,1,1,0,0,0,0,0,0,0,0,-1,2
UNI,3,BAR,77,1,3,1,2 O. Balcerowski,5:11,2,1/2,50%,0/0,0%,0/0,0%,0,0,0,0,0,0,0,0,0,0,0,2,1
UNI,3,BAR,77,1,3,1,3 J. Webb,5:21,2,1/2,50%,0/2,0%,0/0,0%,0,1,1,0,0,1,0,0,0,1,0,0,0
UNI,3,BAR,77,1,3,,4 T. Kalinoski,3:30,0,0/0,0%,0/0,0%,0/0,0%,0,0,0,1,0,0,0,0,0,1,1,-5,1
UNI,3,BAR,77,1,3,,7 J. Barreiro,4:36,1,0/0,0%,0/0,0%,1/2,50%,0,1,1,0,0,0,0,0,0,1,1,0,1
UNI,3,BAR,77,1,3,,9 A. Díaz,4:39,2,0/0,0%,0/0,0%,2/2,100%,1,0,1,1,0,1,0,0,0,0,2,0,7
UNI,3,BAR,77,1,3,,14 N. Djedovic,3:18,6,2/2,100%,0/0,0%,2/2,100%,0,1,1,0,0,0,0,0,0,0,1,4,8
UNI,3,BAR,77,1,3,,19 E. Sulejmanovic,3:18,0,0/0,0%,0/1,0%,0/0,0%,0,1,1,0,0,0,0,0,0,2,0,4,-2
UNI,3,BAR,77,1,3,1,27 C. Duarte,3:12,0,0/0,0%,0/2,0%,0/0,0%,0,0,0,1,0,0,0,0,0,0,0,1,-1
UNI,3,BAR,77,1,3,,33 K. Tillie,3:47,3,0/0,0%,1/1,100%,0/0,0%,0,1,1,0,0,0,1,0,0,1,0,-3,4
UNI,3,BAR,77,1,3,,45 D. Kravish,4:49,3,0/0,0%,1/1,100%,0/0,0%,0,0,0,0,0,0,0,0,0,0,0,-2,3
UNI,3,BAR,77,1,3,1,55 K. Perry,5:24,2,0/0,0%,0/2,0%,2/2,100%,0,1,1,1,1,2,0,0,0,1,2,0,4
UNI,3,BAR,77,1,3,,Equipo,,0,0/0,0%,0/0,0%,0/0,0%,0,0,0,0,0,0,0,0,0,0,0,0,0
UNI,3,BAR,77,1,4,1,0 T. Pérez,0:06,0,0/0,0%,0/0,0%,0/0,0%,0,0,0,0,0,0,0,0,0,0,0,-2,0
UNI,3,BAR,77,1,4,1,2 O. Balcerowski,2:33,0,0/0,0%,0/0,0%,0/0,0%,0,0,0,0,1,0,0,0,0,0,1,2,0
UNI,3,BAR,77,1,4,1,3 J. Webb,6:14,2,1/1,100%,0/0,0%,0/0,0%,0,0,0,0,0,0,0,0,1,2,0,0,0
UNI,3,BAR,77,1,4,,4 T. Kalinoski,5:11,0,0/1,0%,0/2,0%,0/0,0%,1,0,1,0,0,0,0,0,0,1,0,-3,-3
UNI,3,BAR,77,1,4,,7 J. Barreiro,2:50,2,1/1,100%,0/1,0%,0/0,0%,1,0,1,0,0,0,0,0,0,0,0,2,2
UNI,3,BAR,77,1,4,,9 A. Díaz,3:49,0,0/0,0%,0/0,0%,0/0,0%,1,0,1,0,0,0,0,0,0,0,0,0,1
UNI,3,BAR,77,1,4,,14 N. Djedovic,2:50,0,0/1,0%,0/2,0%,0/0,0%,0,0,0,0,0,0,0,0,0,0,0,2,-3
UNI,3,BAR,77,1,4,,19 E. Sulejmanovic,5:02,4,2/2,100%,0/1,0%,0/0,0%,1,2,3,1,0,0,0,0,0,2,0,4,5
UNI,3,BAR,77,1,4,1,27 C. Duarte,2:55,2,1/1,100%,0/1,0%,0/0,0%,0,0,0,0,0,1,0,0,1,0,1,-3,3
UNI,3,BAR,77,1,4,,33 K. Tillie,4:58,0,0/0,0%,0/0,0%,0/0,0%,0,1,1,0,0,0,0,0,0,1,0,-5,0
UNI,3,BAR,77,1,4,,45 D. Kravish,7:21,6,3/3,100%,0/1,0%,0/0,0%,1,2,3,0,1,0,0,0,0,2,0,-1,5
UNI,3,BAR,77,1,4,1,55 K. Perry,6:11,4,2/4,50%,0/1,0%,0/0,0%,1,1,2,2,1,1,0,0,0,2,2,-1,5
UNI,3,BAR,77,1,4,,Equipo,,0,0/0,0%,0/0,0%,0/0,0%,1,0,1,0,1,0,0,0,0,1,0,0,
BAR,3,UNI,83,0,1,1,0 K. Punter,6:35,5,1/1,100%,1/2,50%,0/0,0%,0,1,1,1,1,2,0,0,0,0,1,8,8
BAR,3,UNI,83,0,1,1,2 J. Marcos,6:10,3,0/0,0%,1/2,50%,0/0,0%,0,0,0,1,0,0,0,0,0,1,1,8,3
BAR,3,UNI,83,0,1,,3 M. Cale,5:08,0,0/0,0%,0/0,0%,0/0,0%,1,0,1,0,0,0,0,0,0,0,0,-2,1
BAR,3,UNI,83,0,1,,6 J. Vesely,3:50,2,1/1,100%,0/0,0%,0/0,0%,0,1,1,1,0,0,0,0,0,0,0,-4,4
BAR,3,UNI,83,0,1,,8 D. Brizuela,3:25,0,0/1,0%,0/0,0%,0/0,0%,0,0,0,0,1,0,0,0,0,0,0,-4,-2
BAR,3,UNI,83,0,1,,13 T. Satoransky,3:50,0,0/1,0%,0/1,0%,0/0,0%,0,1,1,1,0,0,0,0,0,0,1,-4,1
BAR,3,UNI,83,0,1,,14 W. Hernangómez,0:00,0,0/0,0%,0/0,0%,0/0,0%,0,0,0,0,0,0,0,0,0,0,0,0,0
BAR,3,UNI,83,0,1,,19 Y. Fall,0:00,0,0/0,0%,0/0,0%,0/0,0%,0,0,0,0,0,0,0,0,0,0,0,0,0
BAR,3,UNI,83,0,1,1,21 W. Clyburn,4:52,6,0/0,0%,2/3,67%,0/0,0%,0,1,1,0,1,0,0,0,0,0,0,6,5
BAR,3,UNI,83,0,1,1,23 T. Shengelia,6:35,4,2/3,67%,0/0,0%,0/0,0%,0,0,0,1,0,0,0,0,0,2,0,8,2
BAR,3,UNI,83,0,1,1,41 S. Keita,6:10,0,0/1,0%,0/0,0%,0/0,0%,1,2,3,0,0,0,1,0,0,2,0,8,1
BAR,3,UNI,83,0,1,,44 J. Parra,3:25,2,1/1,100%,0/1,0%,0/0,0%,1,0,1,0,0,1,0,0,1,0,0,-4,3
BAR,3,UNI,83,0,1,,Equipo,,0,0/0,0%,0/0,0%,0/0,0%,0,1,1,0,0,0,0,0,0,0,0,0,1
BAR,3,UNI,83,0,2,1,0 K. Punter,6:59,0,0/0,0%,0/1,0%,0/2,0%,0,2,2,1,0,0,0,0,0,1,3,6,2
BAR,3,UNI,83,0,2,1,2 J. Marcos,6:59,3,0/0,0%,1/1,100%,0/0,0%,0,1,1,0,0,0,0,0,0,0,0,6,4
BAR,3,UNI,83,0,2,,3 M. Cale,3:48,2,1/1,100%,0/0,0%,0/0,0%,0,0,0,0,1,1,0,0,0,1,0,-7,1
BAR,3,UNI,83,0,2,,6 J. Vesely,4:00,0,0/0,0%,0/0,0%,0/0,0%,0,1,1,0,0,0,0,0,0,0,0,-5,1
BAR,3,UNI,83,0,2,,8 D. Brizuela,3:01,0,0/0,0%,0/1,0%,0/0,0%,0,0,0,0,0,0,0,0,0,1,0,-5,-2
BAR,3,UNI,83,0,2,,13 T. Satoransky,3:01,2,0/0,0%,0/0,0%,2/2,100%,0,1,1,0,2,0,0,0,0,0,1,-5,2
BAR,3,UNI,83,0,2,,14 W. Hernangómez,6:00,4,1/2,50%,0/0,0%,2/2,100%,0,1,1,0,0,0,0,0,1,0,1,6,5
BAR,3,UNI,83,0,2,,19 Y. Fall,0:00,0,0/0,0%,0/0,0%,0/0,0%,0,0,0,0,0,0,0,0,0,0,0,0,0
BAR,3,UNI,83,0,2,1,21 W. Clyburn,6:37,0,0/1,0%,0/1,0%,0/0,0%,0,1,1,1,0,0,0,0,0,0,1,6,1
BAR,3,UNI,83,0,2,1,23 T. Shengelia,2:21,4,2/2,100%,0/0,0%,0/0,0%,0,0,0,0,1,0,0,0,0,0,0,0,3
BAR,3,UNI,83,0,2,1,41 S. Keita,0:00,0,0/0,0%,0/0,0%,0/0,0%,0,0,0,0,0,0,0,0,0,0,0,0,0
BAR,3,UNI,83,0,2,,44 J. Parra,7:14,2,0/1,0%,0/0,0%,2/2,100%,1,1,2,0,0,0,1,0,0,2,2,3,4
BAR,3,UNI,83,0,2,,Equipo,,0,0/0,0%,0/0,0%,0/0,0%,0,0,0,0,1,1,0,0,0,0,0,0,
BAR,3,UNI,83,0,3,1,0 K. Punter,8:14,5,2/4,50%,0/1,0%,1/1,100%,1,0,1,0,1,0,0,1,0,1,1,2,1
BAR,3,UNI,83,0,3,1,2 J. Marcos,7:30,5,1/1,100%,1/2,50%,0/0,0%,0,1,1,2,1,1,0,0,0,1,0,2,6
BAR,3,UNI,83,0,3,,3 M. Cale,4:39,2,0/0,0%,0/0,0%,2/2,100%,0,1,1,0,0,0,0,0,0,1,1,0,3
BAR,3,UNI,83,0,3,,6 J. Vesely,4:36,4,1/4,25%,0/0,0%,2/2,100%,0,0,0,0,0,0,0,0,0,1,1,0,1
BAR,3,UNI,83,0,3,,8 D. Brizuela,0:00,0,0/0,0%,0/0,0%,0/0,0%,0,0,0,0,0,0,0,0,0,0,0,0,0
BAR,3,UNI,83,0,3,,13 T. Satoransky,1:46,0,0/0,0%,0/0,0%,0/0,0%,0,0,0,0,0,0,0,0,0,1,0,-2,-1
BAR,3,UNI,83,0,3,,14 W. Hernangómez,0:44,0,0/0,0%,0/0,0%,0/0,0%,0,0,0,0,0,0,0,0,0,0,0,0,0
BAR,3,UNI,83,0,3,,19 Y. Fall,0:00,0,0/0,0%,0/0,0%,0/0,0%,0,0,0,0,0,0,0,0,0,0,0,0,0
BAR,3,UNI,83,0,3,1,21 W. Clyburn,7:07,2,1/1,100%,0/2,0%,0/0,0%,1,2,3,2,0,0,0,0,0,1,0,-2,4
BAR,3,UNI,83,0,3,1,23 T. Shengelia,5:24,2,0/0,0%,0/0,0%,2/2,100%,0,0,0,0,2,0,0,0,0,0,2,0,2
BAR,3,UNI,83,0,3,1,41 S. Keita,5:21,0,0/0,0%,0/0,0%,0/2,0%,0,2,2,0,0,0,0,0,0,1,1,0,0
BAR,3,UNI,83,0,3,,44 J. Parra,4:39,3,1/1,100%,0/0,0%,1/1,100%,0,2,2,0,0,0,0,0,0,0,1,0,6
BAR,3,UNI,83,0,3,,Equipo,,0,0/0,0%,0/0,0%,0/0,0%,1,0,1,0,0,0,0,0,0,0,0,0,
BAR,3,UNI,83,0,4,1,0 K. Punter,7:10,7,1/1,100%,0/0,0%,5/5,100%,0,1,1,1,0,0,0,0,0,1,2,3,10
BAR,3,UNI,83,0,4,1,2 J. Marcos,3:23,0,0/0,0%,0/0,0%,0/0,0%,0,0,0,0,1,0,0,0,0,1,0,2,-2
BAR,3,UNI,83,0,4,,3 M. Cale,2:50,0,0/0,0%,0/0,0%,0/0,0%,0,1,1,0,1,0,0,0,0,1,0,-2,-1
BAR,3,UNI,83,0,4,,6 J. Vesely,4:58,0,0/0,0%,0/0,0%,0/0,0%,0,1,1,0,0,0,0,0,0,0,0,5,1
BAR,3,UNI,83,0,4,,8 D. Brizuela,0:00,0,0/0,0%,0/0,0%,0/0,0%,0,0,0,0,0,0,0,0,0,0,0,0,0
BAR,3,UNI,83,0,4,,13 T. Satoransky,6:37,3,0/0,0%,1/1,100%,0/2,0%,1,1,2,0,0,0,0,0,0,0,1,-1,4
BAR,3,UNI,83,0,4,,14 W. Hernangómez,5:02,0,0/1,0%,0/0,0%,0/0,0%,0,1,1,0,0,0,0,0,0,0,1,-4,1
BAR,3,UNI,83,0,4,,19 Y. Fall,0:00,0,0/0,0%,0/0,0%,0/0,0%,0,0,0,0,0,0,0,0,0,0,0,0,0
BAR,3,UNI,83,0,4,1,21 W. Clyburn,10:00,3,1/3,33%,0/2,0%,1/2,50%,0,1,1,0,1,3,0,0,1,0,1,1,2
BAR,3,UNI,83,0,4,1,23 T. Shengelia,8:24,8,1/1,100%,0/0,0%,6/6,100%,0,0,0,0,0,0,0,0,0,1,5,5,12
BAR,3,UNI,83,0,4,1,41 S. Keita,0:00,0,0/0,0%,0/0,0%,0/0,0%,0,0,0,0,0,0,0,0,0,0,0,0,0
BAR,3,UNI,83,0,4,,44 J. Parra,1:36,0,0/1,0%,0/0,0%,0/0,0%,0,0,0,0,0,0,0,0,0,0,0,-4,-1
BAR,3,UNI,83,0,4,,Equipo,,0,0/0,0%,0/0,0%,0/0,0%,0,0,0,0,0,0,0,0,0,0,0,0,
HIO,4,COV,99,1,1,1,1 J. Batemon,5:12,5,0/0,0%,1/2,50%,2/2,100%,0,0,0,0,0,0,0,0,0,0,1,1,5
HIO,4,COV,99,1,1,,2 C. Walden,4:48,3,0/0,0%,1/1,100%,0/0,0%,0,0,0,1,0,0,0,0,0,0,1,1,5
HIO,4,COV,99,1,1,1,3 M. Ejim,5:12,0,0/0,0%,0/0,0%,0/0,0%,0,3,3,0,1,0,0,0,0,1,0,1,1
HIO,4,COV,99,1,1,1,4 C. Agada,5:12,3,0/0,0%,1/1,100%,0/0,0%,0,1,1,2,1,0,0,0,0,1,0,1,4
HIO,4,COV,99,1,1,,5 O. Paulí,4:48,6,3/3,100%,0/1,0%,0/0,0%,0,0,0,0,0,0,0,0,0,0,1,1,6
HIO,4,COV,99,1,1,,6 K. Zoriks,4:48,0,0/1,0%,0/0,0%,0/0,0%,0,1,1,0,1,0,0,1,0,1,1,1,-2
HIO,4,COV,99,1,1,,7 G. Golomán,4:05,2,1/1,100%,0/1,0%,0/0,0%,0,0,0,0,0,0,0,0,1,0,0,0,1
HIO,4,COV,99,1,1,1,12 A. Diagne,2:35,0,0/0,0%,0/0,0%,0/0,0%,0,0,0,1,1,0,0,0,0,1,0,-2,-1
HIO,4,COV,99,1,1,,14 M. Sanz,0:00,0,0/0,0%,0/0,0%,0/0,0%,0,0,0,0,0,0,0,0,0,0,0,0,0
HIO,4,COV,99,1,1,1,16 M. Jiménez,5:12,3,0/1,0%,1/1,100%,0/0,0%,1,0,1,0,1,0,0,0,0,0,0,1,2
HIO,4,COV,99,1,1,,22 J. Shurna,4:48,0,0/0,0%,0/0,0%,0/0,0%,0,3,3,1,0,0,1,0,0,0,0,1,5
HIO,4,COV,99,1,1,,25 C. Krutwig,3:20,2,1/1,100%,0/0,0%,0/0,0%,0,0,0,1,0,0,0,0,0,2,0,4,1
HIO,4,COV,99,1,1,,Equipo,,0,0/0,0%,0/0,0%,0/0,0%,0,1,1,0,0,0,0,0,0,0,0,0,1
HIO,4,COV,99,1,2,1,1 J. Batemon,8:02,0,0/3,0%,0/2,0%,0/0,0%,0,0,0,3,0,1,0,1,0,0,1,-1,-1
HIO,4,COV,99,1,2,,2 C. Walden,3:32,0,0/1,0%,0/1,0%,0/0,0%,0,0,0,0,0,0,0,0,0,1,1,4,-2
HIO,4,COV,99,1,2,1,3 M. Ejim,8:46,3,1/1,100%,0/0,0%,1/2,50%,1,1,2,0,0,2,0,0,0,0,1,1,7
HIO,4,COV,99,1,2,1,4 C. Agada,4:03,5,2/3,67%,0/0,0%,1/1,100%,0,0,0,0,1,0,0,0,0,1,1,-6,3
HIO,4,COV,99,1,2,,5 O. Paulí,7:37,8,1/1,100%,2/2,100%,0/0,0%,1,0,1,1,0,0,0,0,0,1,0,7,9
HIO,4,COV,99,1,2,,6 K. Zoriks,4:23,0,0/1,0%,0/1,0%,0/0,0%,0,1,1,1,0,0,0,0,0,1,0,7,-1
HIO,4,COV,99,1,2,,7 G. Golomán,0:00,0,0/0,0%,0/0,0%,0/0,0%,0,0,0,0,0,0,0,0,0,0,0,0,0
HIO,4,COV,99,1,2,1,12 A. Diagne,1:35,1,0/1,0%,0/0,0%,1/2,50%,1,1,2,0,0,0,0,0,0,2,1,1,0
HIO,4,COV,99,1,2,,14 M. Sanz,2:23,0,0/0,0%,0/0,0%,0/0,0%,0,0,0,0,0,0,0,0,0,0,0,-5,0
HIO,4,COV,99,1,2,1,16 M. Jiménez,0:00,0,0/0,0%,0/0,0%,0/0,0%,0,0,0,0,0,0,0,0,0,0,0,0,0
HIO,4,COV,99,1,2,,22 J. Shurna,5:36,4,0/0,0%,1/1,100%,1/2,50%,1,1,2,0,0,0,2,0,0,0,1,8,8
HIO,4,COV,99,1,2,,25 C. Krutwig,4:03,1,0/0,0%,0/0,0%,1/2,50%,0,2,2,0,0,0,0,0,0,0,1,-6,3
HIO,4,COV,99,1,2,,Equipo,,0,0/0,0%,0/0,0%,0/0,0%,0,1,1,0,0,0,0,0,0,0,0,0,1
HIO,4,COV,99,1,3,1,1 J. Batemon,4:47,2,1/2,50%,0/1,0%,0/0,0%,0,0,0,2,0,0,0,0,0,1,0,6,1
HIO,4,COV,99,1,3,,2 C. Walden,4:38,0,0/0,0%,0/0,0%,0/0,0%,0,3,3,0,0,0,0,0,0,0,0,5,3
HIO,4,COV,99,1,3,1,3 M. Ejim,4:59,3,0/1,0%,1/1,100%,0/0,0%,0,0,0,0,0,0,0,0,0,1,1,1,2
HIO,4,COV,99,1,3,1,4 C. Agada,5:22,5,1/2,50%,0/1,0%,3/3,100%,1,1,2,0,0,0,0,0,0,1,3,-3,7
HIO,4,COV,99,1,3,,5 O. Paulí,4:35,3,0/1,0%,1/2,50%,0/0,0%,0,1,1,1,0,0,0,0,0,0,0,5,3
HIO,4,COV,99,1,3,,6 K. Zoriks,5:13,0,0/0,0%,0/1,0%,0/0,0%,0,0,0,0,1,0,0,0,0,1,0,-4,-3
HIO,4,COV,99,1,3,,7 G. Golomán,0:00,0,0/0,0%,0/0,0%,0/0,0%,0,0,0,0,0,0,0,0,0,0,0,0,0
HIO,4,COV,99,1,3,1,12 A. Diagne,2:00,2,1/2,50%,0/0,0%,0/0,0%,1,0,1,0,0,0,0,1,0,0,0,-4,1
HIO,4,COV,99,1,3,,14 M. Sanz,0:03,0,0/0,0%,0/0,0%,0/0,0%,0,0,0,0,0,0,0,0,0,0,0,0,0
HIO,4,COV,99,1,3,1,16 M. Jiménez,3:22,2,0/0,0%,0/0,0%,2/2,100%,0,0,0,0,0,0,0,0,0,1,1,1,2
HIO,4,COV,99,1,3,,22 J. Shurna,5:13,3,0/0,0%,1/2,50%,0/0,0%,0,1,1,0,0,0,1,0,0,2,0,2,2
HIO,4,COV,99,1,3,,25 C. Krutwig,9:48,3,1/1,100%,0/0,0%,1/2,50%,0,2,2,1,0,1,0,0,0,1,3,1,8
HIO,4,COV,99,1,3,,Equipo,,0,0/0,0%,0/0,0%,0/0,0%,0,0,0,0,0,0,0,0,0,0,0,0,
HIO,4,COV,99,1,4,1,1 J. Batemon,10:00,6,0/0,0%,0/0,0%,6/6,100%,0,0,0,2,0,0,0,0,0,1,3,3,10
HIO,4,COV,99,1,4,,2 C. Walden,4:40,4,1/1,100%,0/1,0%,2/2,100%,0,0,0,0,0,1,0,0,0,1,1,-2,4
HIO,4,COV,99,1,4,1,3 M. Ejim,9:03,9,1/1,100%,1/1,100%,4/4,100%,1,2,3,0,1,0,0,0,0,1,3,4,13
HIO,4,COV,99,1,4,1,4 C. Agada,5:20,3,1/2,50%,0/0,0%,1/2,50%,0,1,1,1,0,0,0,0,0,1,1,5,3
HIO,4,COV,99,1,4,,5 O. Paulí,6:33,2,0/0,0%,0/0,0%,2/2,100%,0,1,1,0,0,0,0,0,0,1,1,-2,3
HIO,4,COV,99,1,4,,6 K. Zoriks,0:00,0,0/0,0%,0/0,0%,0/0,0%,0,0,0,0,0,0,0,0,0,0,0,0,0
HIO,4,COV,99,1,4,,7 G. Golomán,0:00,0,0/0,0%,0/0,0%,0/0,0%,0,0,0,0,0,0,0,0,0,0,0,0,0
HIO,4,COV,99,1,4,1,12 A. Diagne,4:19,1,0/0,0%,0/0,0%,1/2,50%,0,0,0,0,0,0,0,0,0,1,1,7,0
HIO,4,COV,99,1,4,,14 M. Sanz,0:00,0,0/0,0%,0/0,0%,0/0,0%,0,0,0,0,0,0,0,0,0,0,0,0,0
HIO,4,COV,99,1,4,1,16 M. Jiménez,0:00,0,0/0,0%,0/0,0%,0/0,0%,0,0,0,0,0,0,0,0,0,0,0,0,0
HIO,4,COV,99,1,4,,22 J. Shurna,4:24,3,0/0,0%,1/2,50%,0/0,0%,0,1,1,0,0,0,0,0,0,2,0,4,1
HIO,4,COV,99,1,4,,25 C. Krutwig,5:41,2,1/3,33%,0/0,0%,0/0,0%,0,0,0,1,0,0,0,0,0,0,0,-4,1
HIO,4,COV,99,1,4,,Equipo,,0,0/0,0%,0/0,0%,0/0,0%,1,0,1,0,0,0,0,0,0,0,0,0,
COV,4,HIO,90,0,1,1,2 J. Rousselle,5:12,0,0/0,0%,0/1,0%,0/0,0%,2,0,2,0,0,0,0,0,0,0,1,-1,2
COV,4,HIO,90,0,1,,7 B. Olumuyiwa,3:54,0,0/0,0%,0/0,0%,0/0,0%,0,1,1,0,0,0,1,0,0,0,0,0,2
COV,4,HIO,90,0,1,,10 L. Costa,4:14,5,1/2,50%,0/1,0%,3/4,75%,0,0,0,0,0,1,0,1,0,0,2,1,4
COV,4,HIO,90,0,1,1,11 E. Valtonen,8:31,5,1/3,33%,0/1,0%,3/3,100%,0,0,0,2,0,2,0,0,0,0,2,-4,8
COV,4,HIO,90,0,1,1,13 M. Thomas,5:12,3,0/1,0%,1/1,100%,0/0,0%,0,0,0,0,1,0,0,0,0,0,0,-1,1
COV,4,HIO,90,0,1,,15 I. Aurrecoechea,0:54,0,0/0,0%,0/0,0%,0/0,0%,0,0,0,0,0,0,0,0,0,0,0,-1,0
COV,4,HIO,90,0,1,,16 E. Durán,0:00,0,0/0,0%,0/0,0%,0/0,0%,0,0,0,0,0,0,0,0,0,0,0,0,0
COV,4,HIO,90,0,1,,22 T. Munnings,2:03,0,0/0,0%,0/0,0%,0/0,0%,0,0,0,1,0,0,0,0,0,1,0,0,0
COV,4,HIO,90,0,1,,23 J. Kljajic,4:48,0,0/0,0%,0/2,0%,0/0,0%,0,0,0,0,0,0,0,0,0,1,0,-1,-3
COV,4,HIO,90,0,1,1,29 L. Bozic,7:57,6,3/6,50%,0/1,0%,0/2,0%,2,0,2,0,0,0,0,0,0,0,1,-2,3
COV,4,HIO,90,0,1,1,35 Z. Hankins,5:12,0,0/0,0%,0/0,0%,0/0,0%,0,0,0,0,0,1,0,0,0,1,0,-1,0
COV,4,HIO,90,0,1,,77 B. Burjanadze,2:03,3,0/0,0%,1/1,100%,0/0,0%,0,2,2,0,0,0,0,0,0,1,0,0,4
COV,4,HIO,90,0,1,,Equipo,,0,0/0,0%,0/0,0%,0/0,0%,1,1,2,0,0,0,0,0,0,0,0,0,
COV,4,HIO,90,0,2,1,2 J. Rousselle,4:28,3,0/0,0%,1/1,100%,0/0,0%,0,0,0,0,1,0,0,0,0,2,0,0,0
COV,4,HIO,90,0,2,,7 B. Olumuyiwa,3:38,2,1/1,100%,0/0,0%,0/0,0%,1,0,1,0,0,0,1,0,0,0,0,0,4
COV,4,HIO,90,0,2,,10 L. Costa,5:32,5,0/0,0%,0/0,0%,5/5,100%,0,0,0,0,1,0,0,0,0,0,2,-2,6
COV,4,HIO,90,0,2,1,11 E. Valtonen,5:56,2,1/1,100%,0/0,0%,0/0,0%,1,2,3,1,0,0,0,0,0,0,0,-3,6
COV,4,HIO,90,0,2,1,13 M. Thomas,6:11,6,0/0,0%,2/5,40%,0/0,0%,0,1,1,2,0,0,0,0,0,2,0,5,4
COV,4,HIO,90,0,2,,15 I. Aurrecoechea,0:00,0,0/0,0%,0/0,0%,0/0,0%,0,0,0,0,0,0,0,0,0,0,0,0,0
COV,4,HIO,90,0,2,,16 E. Durán,0:00,0,0/0,0%,0/0,0%,0/0,0%,0,0,0,0,0,0,0,0,0,0,0,0,0
COV,4,HIO,90,0,2,,22 T. Munnings,4:04,0,0/0,0%,0/1,0%,0/0,0%,0,0,0,0,0,0,0,0,0,1,0,1,-2
COV,4,HIO,90,0,2,,23 J. Kljajic,3:49,0,0/0,0%,0/1,0%,0/0,0%,0,0,0,0,0,0,0,0,0,0,0,-7,-1
COV,4,HIO,90,0,2,1,29 L. Bozic,7:06,0,0/3,0%,0/0,0%,0/0,0%,1,2,3,1,1,0,0,2,0,0,1,-2,-1
COV,4,HIO,90,0,2,1,35 Z. Hankins,4:04,1,0/1,0%,0/0,0%,1/2,50%,0,1,1,0,0,1,0,0,0,1,1,1,1
COV,4,HIO,90,0,2,,77 B. Burjanadze,5:12,1,0/0,0%,0/0,0%,1/2,50%,0,3,3,0,1,0,0,0,0,1,2,-3,3
COV,4,HIO,90,0,2,,Equipo,,0,0/0,0%,0/0,0%,0/0,0%,0,0,0,0,0,0,0,0,0,0,0,0,
COV,4,HIO,90,0,3,1,2 J. Rousselle,3:40,0,0/0,0%,0/1,0%,0/0,0%,0,1,1,0,0,0,0,0,0,0,0,-9,0
COV,4,HIO,90,0,3,,7 B. Olumuyiwa,3:54,0,0/0,0%,0/0,0%,0/0,0%,1,1,2,0,0,0,0,0,0,3,0,5,-1
COV,4,HIO,90,0,3,,10 L. Costa,6:20,2,0/0,0%,0/3,0%,2/2,100%,0,1,1,1,1,1,0,0,0,1,1,7,1
COV,4,HIO,90,0,3,1,11 E. Valtonen,7:53,5,0/2,0%,1/1,100%,2/2,100%,2,1,3,0,0,0,0,0,0,1,1,3,6
COV,4,HIO,90,0,3,1,13 M. Thomas,7:57,3,0/1,0%,1/2,50%,0/0,0%,2,0,2,0,0,0,0,0,0,0,0,-6,3
COV,4,HIO,90,0,3,,15 I. Aurrecoechea,0:00,0,0/0,0%,0/0,0%,0/0,0%,0,0,0,0,0,0,0,0,0,0,0,0,0
COV,4,HIO,90,0,3,,16 E. Durán,0:00,0,0/0,0%,0/0,0%,0/0,0%,0,0,0,0,0,0,0,0,0,0,0,0,0
COV,4,HIO,90,0,3,,22 T. Munnings,0:00,0,0/0,0%,0/0,0%,0/0,0%,0,0,0,0,0,0,0,0,0,0,0,0,0
COV,4,HIO,90,0,3,,23 J. Kljajic,4:10,0,0/1,0%,0/2,0%,0/0,0%,0,1,1,1,0,0,0,0,0,1,0,-1,-2
COV,4,HIO,90,0,3,1,29 L. Bozic,9:39,9,2/2,100%,0/0,0%,5/8,63%,0,2,2,1,0,0,0,0,0,1,5,-1,13
COV,4,HIO,90,0,3,1,35 Z. Hankins,4:58,0,0/2,0%,0/0,0%,0/0,0%,0,1,1,0,0,0,1,1,0,1,0,-7,-2
COV,4,HIO,90,0,3,,77 B. Burjanadze,1:29,2,0/0,0%,0/0,0%,2/2,100%,0,0,0,0,0,0,0,0,0,0,1,-1,3
COV,4,HIO,90,0,3,,Equipo,,0,0/0,0%,0/0,0%,0/0,0%,0,0,0,0,0,0,0,0,0,0,0,0,
COV,4,HIO,90,0,4,1,2 J. Rousselle,7:40,5,2/3,67%,0/0,0%,1/1,100%,0,0,0,1,0,0,0,0,0,1,2,0,6
COV,4,HIO,90,0,4,,7 B. Olumuyiwa,6:00,3,1/1,100%,0/0,0%,1/2,50%,0,0,0,1,0,0,0,0,0,0,1,-2,4
COV,4,HIO,90,0,4,,10 L. Costa,4:54,0,0/2,0%,0/1,0%,0/0,0%,0,0,0,0,1,0,0,0,0,1,0,-6,-5
COV,4,HIO,90,0,4,1,11 E. Valtonen,10:00,5,0/1,0%,1/1,100%,2/2,100%,0,0,0,1,1,0,0,0,0,3,3,-3,4
COV,4,HIO,90,0,4,1,13 M. Thomas,7:26,8,1/1,100%,2/2,100%,0/0,0%,0,0,0,0,0,0,0,0,0,2,0,0,6
COV,4,HIO,90,0,4,,15 I. Aurrecoechea,0:00,0,0/0,0%,0/0,0%,0/0,0%,0,0,0,0,0,0,0,0,0,0,0,0,0
COV,4,HIO,90,0,4,,16 E. Durán,0:00,0,0/0,0%,0/0,0%,0/0,0%,0,0,0,0,0,0,0,0,0,0,0,0,0
COV,4,HIO,90,0,4,,22 T. Munnings,0:00,0,0/0,0%,0/0,0%,0/0,0%,0,0,0,0,0,0,0,0,0,0,0,0,0
COV,4,HIO,90,0,4,,23 J. Kljajic,0:00,0,0/0,0%,0/0,0%,0/0,0%,0,0,0,0,0,0,0,0,0,0,0,0,0
COV,4,HIO,90,0,4,1,29 L. Bozic,10:00,6,1/2,50%,0/0,0%,4/4,100%,1,3,4,2,0,1,0,0,0,3,2,-3,11
COV,4,HIO,90,0,4,1,35 Z. Hankins,2:00,0,0/0,0%,0/0,0%,0/0,0%,0,0,0,0,0,0,0,0,0,0,0,-3,0
COV,4,HIO,90,0,4,,77 B. Burjanadze,2:00,0,0/0,0%,0/0,0%,0/0,0%,0,0,0,0,0,0,0,0,0,0,0,2,0
COV,4,HIO,90,0,4,,Equipo,,0,0/0,0%,0/0,0%,0/0,0%,0,0,0,0,0,0,0,0,0,0,0,0,
BAR,4,BRE,100,1,1,1,0 K. Punter,6:12,0,0/0,0%,0/1,0%,0/0,0%,0,2,2,1,1,0,0,0,0,0,0,3,1
BAR,4,BRE,100,1,1,1,2 J. Marcos,3:35,0,0/0,0%,0/0,0%,0/0,0%,0,0,0,0,0,0,0,0,0,0,0,2,0
BAR,4,BRE,100,1,1,1,3 M. Cale,9:07,6,0/0,0%,2/3,67%,0/0,0%,0,1,1,0,0,0,0,0,0,1,2,9,7
BAR,4,BRE,100,1,1,1,6 J. Vesely,6:12,3,1/1,100%,0/0,0%,1/2,50%,1,1,2,1,1,0,0,0,0,0,1,3,5
BAR,4,BRE,100,1,1,,8 D. Brizuela,0:53,3,0/0,0%,1/1,100%,0/0,0%,0,0,0,0,0,0,0,0,0,0,0,1,3
BAR,4,BRE,100,1,1,,13 T. Satoransky,6:25,0,0/0,0%,0/0,0%,0/0,0%,0,1,1,1,0,1,0,0,0,1,1,8,3
BAR,4,BRE,100,1,1,,14 W. Hernangómez,0:00,0,0/0,0%,0/0,0%,0/0,0%,0,0,0,0,0,0,0,0,0,0,0,0,0
BAR,4,BRE,100,1,1,,19 Y. Fall,3:48,0,0/0,0%,0/0,0%,0/0,0%,0,1,1,0,0,0,0,0,0,0,0,7,1
BAR,4,BRE,100,1,1,,21 W. Clyburn,3:48,8,1/1,100%,2/2,100%,0/0,0%,0,0,0,0,0,0,0,0,0,0,0,7,8
BAR,4,BRE,100,1,1,1,23 T. Shengelia,7:26,5,2/2,100%,0/1,0%,1/2,50%,1,0,1,2,3,0,0,0,1,0,1,4,4
BAR,4,BRE,100,1,1,,41 S. Keita,0:00,0,0/0,0%,0/0,0%,0/0,0%,0,0,0,0,0,0,0,0,0,0,0,0,0
BAR,4,BRE,100,1,1,,44 J. Parra,2:34,3,0/0,0%,1/1,100%,0/0,0%,0,0,0,0,0,0,1,0,0,0,0,6,4
BAR,4,BRE,100,1,1,,Equipo,,0,0/0,0%,0/0,0%,0/0,0%,0,0,0,0,0,0,0,0,0,0,0,0,0
BAR,4,BRE,100,1,2,1,0 K. Punter,6:27,6,2/2,100%,0/2,0%,2/2,100%,0,0,0,0,0,0,0,0,0,1,2,0,5
BAR,4,BRE,100,1,2,1,2 J. Marcos,3:02,0,0/0,0%,0/0,0%,0/0,0%,0,0,0,0,1,0,1,0,0,0,0,-6,0
BAR,4,BRE,100,1,2,1,3 M. Cale,2:20,0,0/0,0%,0/0,0%,0/0,0%,0,0,0,0,0,0,0,0,0,1,0,2,-1
BAR,4,BRE,100,1,2,1,6 J. Vesely,6:24,0,0/1,0%,0/0,0%,0/0,0%,0,2,2,1,0,0,1,0,0,1,0,0,2
BAR,4,BRE,100,1,2,,8 D. Brizuela,3:36,0,0/0,0%,0/3,0%,0/0,0%,0,0,0,1,0,0,0,0,0,1,0,-7,-3
BAR,4,BRE,100,1,2,,13 T. Satoransky,6:58,2,1/1,100%,0/0,0%,0/0,0%,0,0,0,0,0,0,0,0,0,0,1,-1,3
BAR,4,BRE,100,1,2,,14 W. Hernangómez,0:00,0,0/0,0%,0/0,0%,0/0,0%,0,0,0,0,0,0,0,0,0,0,0,0,0
BAR,4,BRE,100,1,2,,19 Y. Fall,3:33,2,1/1,100%,0/0,0%,0/0,0%,1,0,1,0,0,0,0,0,0,0,0,-7,3
BAR,4,BRE,100,1,2,,21 W. Clyburn,6:18,3,0/2,0%,1/2,50%,0/0,0%,0,0,0,0,1,0,0,0,0,0,1,-11,0
BAR,4,BRE,100,1,2,1,23 T. Shengelia,5:02,0,0/1,0%,0/0,0%,0/0,0%,0,0,0,1,0,0,0,0,0,1,0,6,-1
BAR,4,BRE,100,1,2,,41 S. Keita,0:00,0,0/0,0%,0/0,0%,0/0,0%,0,0,0,0,0,0,0,0,0,0,0,0,0
BAR,4,BRE,100,1,2,,44 J. Parra,6:20,3,1/1,100%,0/0,0%,1/2,50%,2,2,4,0,1,0,0,0,0,0,1,-11,6
BAR,4,BRE,100,1,2,,Equipo,,0,0/0,0%,0/0,0%,0/0,0%,0,1,1,0,0,1,0,0,0,0,0,0,
BAR,4,BRE,100,1,3,1,0 K. Punter,5:00,0,0/0,0%,0/0,0%,0/0,0%,0,0,0,1,1,1,0,0,0,0,0,7,1
BAR,4,BRE,100,1,3,1,2 J. Marcos,5:52,0,0/0,0%,0/0,0%,0/0,0%,0,1,1,0,1,0,0,0,0,0,0,-5,0
BAR,4,BRE,100,1,3,1,3 M. Cale,5:00,0,0/0,0%,0/0,0%,0/0,0%,0,0,0,0,0,0,0,0,0,0,0,-5,0
BAR,4,BRE,100,1,3,1,6 J. Vesely,1:06,0,0/1,0%,0/0,0%,0/0,0%,0,0,0,0,0,0,0,0,0,3,0,-1,-4
BAR,4,BRE,100,1,3,,8 D. Brizuela,2:43,3,0/0,0%,1/1,100%,0/0,0%,0,0,0,0,1,0,0,0,0,1,0,-2,1
BAR,4,BRE,100,1,3,,13 T. Satoransky,4:08,3,0/0,0%,1/1,100%,0/0,0%,0,2,2,0,0,0,0,0,0,1,1,7,5
BAR,4,BRE,100,1,3,,14 W. Hernangómez,1:37,0,0/0,0%,0/0,0%,0/0,0%,0,1,1,0,0,0,0,0,0,0,0,-1,1
BAR,4,BRE,100,1,3,,19 Y. Fall,7:17,7,3/3,100%,0/0,0%,1/1,100%,0,1,1,1,0,0,0,0,0,2,1,4,8
BAR,4,BRE,100,1,3,,21 W. Clyburn,7:17,10,2/3,67%,2/3,67%,0/0,0%,1,1,2,0,1,0,0,0,0,1,0,4,8
BAR,4,BRE,100,1,3,1,23 T. Shengelia,5:00,0,0/0,0%,0/1,0%,0/0,0%,0,0,0,0,0,0,0,0,0,2,1,7,-2
BAR,4,BRE,100,1,3,,41 S. Keita,0:00,0,0/0,0%,0/0,0%,0/0,0%,0,0,0,0,0,0,0,0,0,0,0,0,0
BAR,4,BRE,100,1,3,,44 J. Parra,5:00,5,2/2,100%,0/1,0%,1/1,100%,0,0,0,1,0,0,0,0,0,0,1,-5,6
BAR,4,BRE,100,1,3,,Equipo,,0,0/0,0%,0/0,0%,0/0,0%,0,1,1,0,1,0,0,0,0,0,0,0,
BAR,4,BRE,100,1,4,1,0 K. Punter,5:17,4,2/2,100%,0/1,0%,0/0,0%,0,0,0,0,0,0,0,0,0,1,0,4,2
BAR,4,BRE,100,1,4,1,2 J. Marcos,2:00,0,0/0,0%,0/0,0%,0/2,0%,0,0,0,0,0,0,0,0,0,1,1,1,-2
BAR,4,BRE,100,1,4,1,3 M. Cale,10:00,7,1/1,100%,1/3,33%,2/2,100%,1,1,2,1,0,0,1,0,1,1,1,10,9
BAR,4,BRE,100,1,4,1,6 J. Vesely,0:00,0,0/0,0%,0/0,0%,0/0,0%,0,0,0,0,0,0,0,0,0,0,0,0,0
BAR,4,BRE,100,1,4,,8 D. Brizuela,8:00,2,1/2,50%,0/1,0%,0/0,0%,1,1,2,1,1,1,0,0,0,0,1,9,4
BAR,4,BRE,100,1,4,,13 T. Satoransky,4:43,0,0/0,0%,0/0,0%,0/0,0%,0,0,0,0,0,0,0,0,0,1,0,6,-1
BAR,4,BRE,100,1,4,,14 W. Hernangómez,6:43,8,2/2,100%,0/0,0%,4/5,80%,1,1,2,0,1,0,0,0,0,0,3,7,11
BAR,4,BRE,100,1,4,,19 Y. Fall,3:17,2,1/1,100%,0/0,0%,0/0,0%,0,1,1,0,0,0,0,0,0,1,0,3,2
BAR,4,BRE,100,1,4,,21 W. Clyburn,0:00,0,0/0,0%,0/0,0%,0/0,0%,0,0,0,0,0,0,0,0,0,0,0,0,0
BAR,4,BRE,100,1,4,1,23 T. Shengelia,3:30,2,1/1,100%,0/0,0%,0/0,0%,1,0,1,1,0,0,0,0,0,0,0,6,4
BAR,4,BRE,100,1,4,,41 S. Keita,0:00,0,0/0,0%,0/0,0%,0/0,0%,0,0,0,0,0,0,0,0,0,0,0,0,0
BAR,4,BRE,100,1,4,,44 J. Parra,6:30,3,0/1,0%,1/3,33%,0/0,0%,1,0,1,3,0,1,1,0,0,0,0,4,6
BAR,4,BRE,100,1,4,,Equipo,,0,0/0,0%,0/0,0%,0/0,0%,0,2,2,0,0,0,0,0,0,0,0,0,
BRE,4,BAR,85,0,1,1,0 B. Dibba,6:12,4,2/2,100%,0/0,0%,0/0,0%,1,0,1,0,0,0,0,0,1,0,0,-3,5
BRE,4,BAR,85,0,1,1,1 K. Cook,5:11,0,0/0,0%,0/1,0%,0/0,0%,0,0,0,0,1,0,0,0,0,2,0,-3,-4
BRE,4,BAR,85,0,1,1,4 D. Russell,4:43,0,0/3,0%,0/1,0%,0/0,0%,0,0,0,1,0,0,0,0,0,1,1,-2,-3
BRE,4,BAR,85,0,1,,8 D. Apic,0:00,0,0/0,0%,0/0,0%,0/0,0%,0,0,0,0,0,0,0,0,0,0,0,0,0
BRE,4,BAR,85,0,1,,10 F. Alonso,2:34,0,0/1,0%,0/0,0%,0/0,0%,0,0,0,1,0,0,0,0,0,0,0,-6,0
BRE,4,BAR,85,0,1,,17 A. Aranitovic,4:49,3,0/0,0%,1/2,50%,0/0,0%,0,0,0,0,0,0,0,0,0,0,0,-7,2
BRE,4,BAR,85,0,1,1,18 J. Sakho,4:19,2,1/1,100%,0/0,0%,0/0,0%,0,1,1,1,0,1,0,0,0,1,0,-4,4
BRE,4,BAR,85,0,1,,19 D. Mavra,5:17,0,0/0,0%,0/1,0%,0/0,0%,1,0,1,1,1,1,0,0,0,0,1,-8,2
BRE,4,BAR,85,0,1,,22 D. Brankovic,5:41,9,3/3,100%,1/2,50%,0/0,0%,2,0,2,0,0,0,0,0,0,1,0,-6,9
BRE,4,BAR,85,0,1,,23 E. Quintela,0:00,0,0/0,0%,0/0,0%,0/0,0%,0,0,0,0,0,0,0,0,0,0,0,0,0
BRE,4,BAR,85,0,1,,37 M. Andric,3:48,0,0/1,0%,0/0,0%,0/0,0%,2,0,2,1,0,0,0,1,0,0,0,-7,1
BRE,4,BAR,85,0,1,1,47 A. Kurucs,7:26,0,0/0,0%,0/2,0%,0/0,0%,0,0,0,0,1,1,0,0,0,0,0,-4,-2
BRE,4,BAR,85,0,1,,Equipo,,0,0/0,0%,0/0,0%,0/0,0%,0,1,1,0,0,0,0,0,0,0,0,0,1
BRE,4,BAR,85,0,2,1,0 B. Dibba,5:37,0,0/0,0%,0/1,0%,0/0,0%,0,1,1,1,0,0,0,0,0,1,0,0,0
BRE,4,BAR,85,0,2,1,1 K. Cook,3:42,2,1/1,100%,0/0,0%,0/0,0%,0,1,1,0,0,0,0,0,0,0,1,-4,4
BRE,4,BAR,85,0,2,1,4 D. Russell,5:06,3,0/1,0%,1/1,100%,0/0,0%,0,1,1,1,0,0,0,1,0,0,1,5,4
BRE,4,BAR,85,0,2,,8 D. Apic,3:56,0,0/0,0%,0/0,0%,0/0,0%,0,0,0,0,0,0,0,0,0,1,0,7,-1
BRE,4,BAR,85,0,2,,10 F. Alonso,6:41,6,0/0,0%,2/2,100%,0/0,0%,0,1,1,0,1,1,0,0,0,0,2,11,9
BRE,4,BAR,85,0,2,,17 A. Aranitovic,6:18,2,1/2,50%,0/0,0%,0/0,0%,0,1,1,0,0,0,0,1,0,1,0,11,0
BRE,4,BAR,85,0,2,1,18 J. Sakho,2:49,2,1/2,50%,0/0,0%,0/2,0%,1,0,1,0,0,0,0,0,0,1,1,0,0
BRE,4,BAR,85,0,2,,19 D. Mavra,4:54,4,2/2,100%,0/1,0%,0/0,0%,0,0,0,2,0,1,0,0,0,0,0,2,6
BRE,4,BAR,85,0,2,,22 D. Brankovic,3:15,2,1/1,100%,0/0,0%,0/0,0%,0,0,0,0,0,1,0,0,0,0,0,0,3
BRE,4,BAR,85,0,2,,23 E. Quintela,0:00,0,0/0,0%,0/0,0%,0/0,0%,0,0,0,0,0,0,0,0,0,0,0,0,0
BRE,4,BAR,85,0,2,,37 M. Andric,4:23,2,1/1,100%,0/0,0%,0/0,0%,0,0,0,0,0,0,0,0,0,1,0,7,1
BRE,4,BAR,85,0,2,1,47 A. Kurucs,3:19,0,0/0,0%,0/0,0%,0/0,0%,0,0,0,0,0,0,0,0,0,0,0,-4,0
BRE,4,BAR,85,0,2,,Equipo,,0,0/0,0%,0/0,0%,0/0,0%,0,1,1,0,1,0,0,0,0,0,0,0,
BRE,4,BAR,85,0,3,1,0 B. Dibba,4:17,0,0/0,0%,0/0,0%,0/0,0%,0,1,1,0,0,0,0,0,0,1,0,4,0
BRE,4,BAR,85,0,3,1,1 K. Cook,8:23,10,1/1,100%,1/1,100%,5/5,100%,1,1,2,0,0,0,0,0,0,0,3,-3,15
BRE,4,BAR,85,0,3,1,4 D. Russell,7:17,3,0/3,0%,1/1,100%,0/0,0%,1,0,1,0,0,0,0,0,0,0,1,-4,2
BRE,4,BAR,85,0,3,,8 D. Apic,0:00,0,0/0,0%,0/0,0%,0/0,0%,0,0,0,0,0,0,0,0,0,0,0,0,0
BRE,4,BAR,85,0,3,,10 F. Alonso,5:52,9,1/1,100%,1/2,50%,4/5,80%,0,1,1,1,0,1,0,0,0,1,2,5,11
BRE,4,BAR,85,0,3,,17 A. Aranitovic,1:37,0,0/0,0%,0/0,0%,0/0,0%,0,1,1,0,0,0,0,0,0,0,0,1,1
BRE,4,BAR,85,0,3,1,18 J. Sakho,5:00,0,0/0,0%,0/0,0%,0/0,0%,0,0,0,1,0,0,0,0,0,0,1,-7,2
BRE,4,BAR,85,0,3,,19 D. Mavra,2:43,0,0/0,0%,0/0,0%,0/0,0%,0,0,0,0,1,0,0,0,0,0,0,2,-1
BRE,4,BAR,85,0,3,,22 D. Brankovic,5:00,2,0/0,0%,0/1,0%,2/2,100%,0,0,0,0,0,1,0,0,0,0,1,5,3
BRE,4,BAR,85,0,3,,23 E. Quintela,0:00,0,0/0,0%,0/0,0%,0/0,0%,0,0,0,0,0,0,0,0,0,0,0,0,0
BRE,4,BAR,85,0,3,,37 M. Andric,5:43,2,1/1,100%,0/1,0%,0/0,0%,0,0,0,0,0,0,0,0,0,1,1,-6,1
BRE,4,BAR,85,0,3,1,47 A. Kurucs,4:08,0,0/0,0%,0/2,0%,0/0,0%,0,0,0,0,1,0,0,0,0,1,0,-7,-4
BRE,4,BAR,85,0,3,,Equipo,,0,0/0,0%,0/0,0%,0/0,0%,0,0,0,0,0,0,0,0,0,0,0,0,
BRE,4,BAR,85,0,4,1,0 B. Dibba,5:33,6,0/1,0%,2/2,100%,0/0,0%,0,1,1,0,1,0,0,1,0,1,0,-7,3
BRE,4,BAR,85,0,4,1,1 K. Cook,1:47,0,0/0,0%,0/1,0%,0/0,0%,0,0,0,0,0,0,0,0,0,0,0,2,-1
BRE,4,BAR,85,0,4,1,4 D. Russell,5:17,5,2/3,67%,0/1,0%,1/1,100%,0,0,0,0,1,0,0,0,0,0,2,-4,4
BRE,4,BAR,85,0,4,,8 D. Apic,4:26,0,0/0,0%,0/0,0%,0/0,0%,0,0,0,0,0,0,0,0,0,2,0,-2,-2
BRE,4,BAR,85,0,4,,10 F. Alonso,6:17,2,1/1,100%,0/2,0%,0/0,0%,0,0,0,0,0,0,0,0,0,0,0,-4,0
BRE,4,BAR,85,0,4,,17 A. Aranitovic,8:13,2,1/1,100%,0/1,0%,0/0,0%,0,1,1,0,1,0,0,0,0,1,0,-12,0
BRE,4,BAR,85,0,4,1,18 J. Sakho,3:17,0,0/0,0%,0/0,0%,0/0,0%,0,0,0,0,0,0,0,0,0,0,0,-3,0
BRE,4,BAR,85,0,4,,19 D. Mavra,4:43,0,0/0,0%,0/1,0%,0/0,0%,0,1,1,3,1,0,0,0,0,1,0,-6,1
BRE,4,BAR,85,0,4,,22 D. Brankovic,2:17,2,0/0,0%,0/0,0%,2/2,100%,0,0,0,0,0,0,0,0,0,1,1,-5,2
BRE,4,BAR,85,0,4,,23 E. Quintela,0:00,0,0/0,0%,0/0,0%,0/0,0%,0,0,0,0,0,0,0,0,0,0,0,0,0
BRE,4,BAR,85,0,4,,37 M. Andric,4:27,1,0/0,0%,0/0,0%,1/2,50%,0,1,1,0,0,0,0,0,0,0,1,-3,2
BRE,4,BAR,85,0,4,1,47 A. Kurucs,3:43,0,0/0,0%,0/2,0%,0/0,0%,0,0,0,0,0,0,0,0,0,0,1,-6,-1
BRE,4,BAR,85,0,4,,Equipo,,0,0/0,0%,0/0,0%,0/0,0%,3,0,3,0,0,0,0,0,0,0,0,0,
LLT,4,UNI,95,1,1,,2 K. Kostadinov,0:00,0,0/0,0%,0/0,0%,0/0,0%,0,0,0,0,0,0,0,0,0,0,0,0,0
LLT,4,UNI,95,1,1,,3 J. Fernández,3:35,2,1/1,100%,0/1,0%,0/0,0%,0,0,0,2,0,0,0,0,0,0,0,-1,3
LLT,4,UNI,95,1,1,,6 B. Fitipaldo,5:26,0,0/0,0%,0/0,0%,0/0,0%,0,0,0,1,0,0,0,0,0,0,1,2,2
LLT,4,UNI,95,1,1,1,9 M. Huertas,4:34,0,0/2,0%,0/0,0%,0/0,0%,1,0,1,0,0,0,0,0,0,1,0,2,-2
LLT,4,UNI,95,1,1,,11 T. Scrubb,5:26,8,2/2,100%,1/1,100%,1/2,50%,1,0,1,0,0,0,0,0,0,0,2,2,10
LLT,4,UNI,95,1,1,1,15 J. Sastre,6:25,3,0/0,0%,1/2,50%,0/0,0%,0,0,0,1,0,0,0,0,0,0,0,5,3
LLT,4,UNI,95,1,1,1,19 G. Shermadini,6:47,4,2/2,100%,0/0,0%,0/0,0%,1,1,2,1,0,0,0,0,0,0,0,-1,7
LLT,4,UNI,95,1,1,,21 T. Abromaitis,4:42,1,0/0,0%,0/1,0%,1/2,50%,0,1,1,0,0,0,0,0,0,0,1,-1,1
LLT,4,UNI,95,1,1,1,31 R. Giedraitis,4:34,3,0/0,0%,1/2,50%,0/0,0%,0,2,2,1,0,0,0,0,0,1,0,2,4
LLT,4,UNI,95,1,1,,33 H. Alderete,0:00,0,0/0,0%,0/0,0%,0/0,0%,0,0,0,0,0,0,0,0,0,0,0,0,0
LLT,4,UNI,95,1,1,,35 F. Guerra,3:13,0,0/0,0%,0/1,0%,0/0,0%,0,0,0,0,0,0,0,0,0,0,0,5,-1
LLT,4,UNI,95,1,1,1,42 A. Doornekamp,5:18,3,0/0,0%,1/1,100%,0/0,0%,0,0,0,1,0,0,0,0,0,1,0,5,3
LLT,4,UNI,95,1,1,,Equipo,,0,0/0,0%,0/0,0%,0/0,0%,0,1,1,0,0,1,0,0,0,0,0,0,2
LLT,4,UNI,95,1,2,,2 K. Kostadinov,0:00,0,0/0,0%,0/0,0%,0/0,0%,0,0,0,0,0,0,0,0,0,0,0,0,0
LLT,4,UNI,95,1,2,,3 J. Fernández,2:04,0,0/0,0%,0/0,0%,0/0,0%,0,1,1,0,0,0,0,0,0,0,1,-1,2
LLT,4,UNI,95,1,2,,6 B. Fitipaldo,4:56,3,0/0,0%,1/4,25%,0/0,0%,0,0,0,1,0,1,0,0,0,1,0,-3,1
LLT,4,UNI,95,1,2,1,9 M. Huertas,7:46,4,0/2,0%,1/2,50%,1/2,50%,0,0,0,2,0,0,0,0,0,0,1,12,3
LLT,4,UNI,95,1,2,,11 T. Scrubb,5:15,0,0/0,0%,0/0,0%,0/0,0%,0,0,0,0,0,0,0,0,0,1,1,2,0
LLT,4,UNI,95,1,2,1,15 J. Sastre,5:29,3,0/0,0%,1/1,100%,0/0,0%,0,2,2,0,0,0,0,0,0,1,0,7,4
LLT,4,UNI,95,1,2,1,19 G. Shermadini,4:18,0,0/0,0%,0/0,0%,0/0,0%,1,1,2,0,0,0,0,0,0,0,0,0,2
LLT,4,UNI,95,1,2,,21 T. Abromaitis,0:43,0,0/0,0%,0/0,0%,0/0,0%,0,0,0,0,0,0,0,0,0,2,0,0,-2
LLT,4,UNI,95,1,2,1,31 R. Giedraitis,6:55,3,0/2,0%,1/2,50%,0/0,0%,0,2,2,0,0,0,0,1,0,0,0,1,1
LLT,4,UNI,95,1,2,,33 H. Alderete,2:31,0,0/0,0%,0/0,0%,0/0,0%,0,0,0,0,0,0,0,0,0,0,0,0,0
LLT,4,UNI,95,1,2,,35 F. Guerra,5:42,7,3/3,100%,0/0,0%,1/1,100%,0,0,0,2,0,0,0,0,0,1,2,7,10
LLT,4,UNI,95,1,2,1,42 A. Doornekamp,4:21,3,0/1,0%,1/1,100%,0/0,0%,0,1,1,2,0,0,0,0,0,1,0,10,4
LLT,4,UNI,95,1,2,,Equipo,,0,0/0,0%,0/0,0%,0/0,0%,0,0,0,0,1,0,0,0,0,1,0,0,
LLT,4,UNI,95,1,3,,2 K. Kostadinov,0:00,0,0/0,0%,0/0,0%,0/0,0%,0,0,0,0,0,0,0,0,0,0,0,0,0
LLT,4,UNI,95,1,3,,3 J. Fernández,2:37,3,0/0,0%,1/1,100%,0/0,0%,0,0,0,1,0,0,0,0,0,1,0,0,3
LLT,4,UNI,95,1,3,,6 B. Fitipaldo,4:57,0,0/0,0%,0/0,0%,0/0,0%,0,0,0,0,0,0,0,0,0,2,1,8,-1
LLT,4,UNI,95,1,3,1,9 M. Huertas,7:23,8,2/3,67%,1/1,100%,1/1,100%,0,0,0,2,1,1,0,0,0,0,1,9,10
LLT,4,UNI,95,1,3,,11 T. Scrubb,7:28,2,0/2,0%,0/0,0%,2/3,67%,0,0,0,0,0,0,0,0,0,0,1,4,0
LLT,4,UNI,95,1,3,1,15 J. Sastre,5:03,3,0/0,0%,1/1,100%,0/0,0%,0,1,1,0,0,0,0,0,0,0,0,1,4
LLT,4,UNI,95,1,3,1,19 G. Shermadini,5:09,7,2/3,67%,0/0,0%,3/3,100%,1,3,4,1,0,0,0,1,0,0,3,5,13
LLT,4,UNI,95,1,3,,21 T. Abromaitis,3:17,2,0/0,0%,0/0,0%,2/2,100%,0,0,0,0,0,0,0,0,0,0,1,4,3
LLT,4,UNI,95,1,3,1,31 R. Giedraitis,2:32,0,0/0,0%,0/0,0%,0/0,0%,0,0,0,1,0,0,0,0,0,0,0,5,1
LLT,4,UNI,95,1,3,,33 H. Alderete,0:00,0,0/0,0%,0/0,0%,0/0,0%,0,0,0,0,0,0,0,0,0,0,0,0,0
LLT,4,UNI,95,1,3,,35 F. Guerra,4:51,0,0/1,0%,0/0,0%,0/0,0%,0,0,0,0,0,0,0,0,0,0,0,4,-1
LLT,4,UNI,95,1,3,1,42 A. Doornekamp,6:43,3,0/0,0%,1/2,50%,0/0,0%,0,2,2,1,0,0,0,0,0,1,1,5,5
LLT,4,UNI,95,1,3,,Equipo,,0,0/0,0%,0/0,0%,0/0,0%,0,1,1,0,0,0,0,0,0,0,0,0,
LLT,4,UNI,95,1,4,,2 K. Kostadinov,0:00,0,0/0,0%,0/0,0%,0/0,0%,0,0,0,0,0,0,0,0,0,0,0,0,0
LLT,4,UNI,95,1,4,,3 J. Fernández,6:18,3,0/0,0%,1/1,100%,0/0,0%,0,0,0,0,1,0,0,0,0,1,1,-8,2
LLT,4,UNI,95,1,4,,6 B. Fitipaldo,4:13,2,0/0,0%,0/0,0%,2/2,100%,0,0,0,0,0,0,0,0,0,2,1,2,1
LLT,4,UNI,95,1,4,1,9 M. Huertas,8:14,7,3/4,75%,0/0,0%,1/1,100%,0,1,1,2,1,1,0,0,0,1,1,-4,9
LLT,4,UNI,95,1,4,,11 T. Scrubb,4:17,0,0/0,0%,0/0,0%,0/0,0%,0,1,1,1,0,0,0,0,0,0,0,-1,2
LLT,4,UNI,95,1,4,1,15 J. Sastre,6:58,0,0/0,0%,0/1,0%,0/0,0%,0,1,1,0,0,1,0,0,0,0,0,-1,1
LLT,4,UNI,95,1,4,1,19 G. Shermadini,6:49,4,1/1,100%,0/0,0%,2/2,100%,0,0,0,0,2,0,0,0,1,3,1,-3,0
LLT,4,UNI,95,1,4,,21 T. Abromaitis,2:53,2,0/1,0%,0/0,0%,2/2,100%,0,0,0,0,0,0,0,0,0,0,1,-1,2
LLT,4,UNI,95,1,4,1,31 R. Giedraitis,0:00,0,0/0,0%,0/0,0%,0/0,0%,0,0,0,0,0,0,0,0,0,0,0,0,0
LLT,4,UNI,95,1,4,,33 H. Alderete,0:00,0,0/0,0%,0/0,0%,0/0,0%,0,0,0,0,0,0,0,0,0,0,0,0,0
LLT,4,UNI,95,1,4,,35 F. Guerra,3:11,2,0/0,0%,0/0,0%,2/2,100%,0,0,0,0,0,0,0,0,0,0,1,-1,3
LLT,4,UNI,95,1,4,1,42 A. Doornekamp,7:07,0,0/0,0%,0/2,0%,0/0,0%,0,0,0,1,0,0,0,0,0,1,1,-3,-1
LLT,4,UNI,95,1,4,,Equipo,,0,0/0,0%,0/0,0%,0/0,0%,0,0,0,0,0,0,0,0,0,0,0,0,
UNI,4,LLT,79,0,1,1,0 T. Pérez,6:25,2,1/2,50%,0/0,0%,0/0,0%,2,2,4,0,0,0,0,0,0,0,0,-5,5
UNI,4,LLT,79,0,1,,2 O. Balcerowski,5:26,4,2/3,67%,0/0,0%,0/0,0%,1,1,2,0,0,0,0,0,1,0,1,-2,6
UNI,4,LLT,79,0,1,,3 J. Webb,3:35,8,1/1,100%,2/2,100%,0/0,0%,1,0,1,0,0,0,0,0,0,1,0,1,8
UNI,4,LLT,79,0,1,1,4 T. Kalinoski,4:34,3,0/2,0%,1/1,100%,0/0,0%,0,0,0,0,0,0,0,0,0,0,0,-2,1
UNI,4,LLT,79,0,1,,7 J. Barreiro,5:26,0,0/0,0%,0/0,0%,0/0,0%,0,1,1,0,0,0,0,0,0,1,0,-2,0
UNI,4,LLT,79,0,1,1,9 A. Díaz,5:18,3,0/1,0%,0/0,0%,3/3,100%,0,0,0,1,0,0,0,0,0,0,1,-5,4
UNI,4,LLT,79,0,1,,13 X. Castañeda,4:42,0,0/2,0%,0/0,0%,0/0,0%,0,0,0,1,0,0,0,0,0,1,0,1,-2
UNI,4,LLT,79,0,1,1,27 C. Duarte,5:18,0,0/0,0%,0/1,0%,0/0,0%,0,0,0,0,0,0,0,0,0,0,1,-5,0
UNI,4,LLT,79,0,1,,33 K. Tillie,0:00,0,0/0,0%,0/0,0%,0/0,0%,0,0,0,0,0,0,0,0,0,0,0,0,0
UNI,4,LLT,79,0,1,1,45 D. Kravish,4:34,0,0/1,0%,0/0,0%,0/0,0%,0,0,0,0,0,0,0,0,0,0,0,-2,-1
UNI,4,LLT,79,0,1,,55 K. Perry,4:42,0,0/0,0%,0/0,0%,0/0,0%,0,0,0,1,1,0,0,0,0,1,0,1,-1
UNI,4,LLT,79,0,1,,Equipo,,0,0/0,0%,0/0,0%,0/0,0%,0,1,1,0,1,0,0,0,0,0,0,0,0
UNI,4,LLT,79,0,2,1,0 T. Pérez,7:10,4,2/3,67%,0/0,0%,0/0,0%,3,4,7,0,1,0,1,0,1,0,0,-2,10
UNI,4,LLT,79,0,2,,2 O. Balcerowski,3:22,6,1/2,50%,0/0,0%,4/7,57%,1,0,1,0,0,0,0,0,1,0,4,-3,7
UNI,4,LLT,79,0,2,,3 J. Webb,3:07,0,0/0,0%,0/0,0%,0/0,0%,0,1,1,0,0,0,0,0,0,0,0,-3,1
UNI,4,LLT,79,0,2,1,4 T. Kalinoski,7:03,0,0/1,0%,0/0,0%,0/0,0%,2,1,3,0,0,0,0,0,0,1,0,-2,1
UNI,4,LLT,79,0,2,,7 J. Barreiro,2:50,0,0/0,0%,0/1,0%,0/0,0%,0,0,0,0,0,0,0,0,0,1,0,-5,-2
UNI,4,LLT,79,0,2,1,9 A. Díaz,5:51,0,0/1,0%,0/2,0%,0/0,0%,1,0,1,0,0,0,0,0,0,0,0,-5,-2
UNI,4,LLT,79,0,2,,13 X. Castañeda,2:37,0,0/0,0%,0/0,0%,0/0,0%,0,0,0,0,0,0,0,0,0,1,0,-1,-1
UNI,4,LLT,79,0,2,1,27 C. Duarte,7:13,4,0/2,0%,0/2,0%,4/4,100%,0,2,2,2,0,0,0,0,0,1,2,-8,5
UNI,4,LLT,79,0,2,,33 K. Tillie,0:00,0,0/0,0%,0/0,0%,0/0,0%,0,0,0,0,0,0,0,0,0,0,0,0,0
UNI,4,LLT,79,0,2,1,45 D. Kravish,6:38,2,1/1,100%,0/2,0%,0/0,0%,0,0,0,0,0,0,0,0,0,0,0,-4,0
UNI,4,LLT,79,0,2,,55 K. Perry,4:09,0,0/0,0%,0/0,0%,0/1,0%,0,0,0,1,1,0,0,0,0,1,1,-2,-1
UNI,4,LLT,79,0,2,,Equipo,,0,0/0,0%,0/0,0%,0/0,0%,0,0,0,0,0,0,0,0,0,0,0,0,0
UNI,4,LLT,79,0,3,1,0 T. Pérez,4:50,0,0/1,0%,0/0,0%,0/0,0%,0,0,0,0,0,0,0,0,0,0,0,-5,-1
UNI,4,LLT,79,0,3,,2 O. Balcerowski,8:04,4,2/2,100%,0/0,0%,0/1,0%,0,0,0,0,1,0,1,0,0,3,1,-9,1
UNI,4,LLT,79,0,3,,3 J. Webb,6:07,2,1/2,50%,0/1,0%,0/0,0%,0,1,1,0,0,1,0,0,0,2,0,-2,0
UNI,4,LLT,79,0,3,1,4 T. Kalinoski,8:21,5,1/1,100%,1/1,100%,0/0,0%,0,0,0,0,1,0,0,0,0,1,1,-7,4
UNI,4,LLT,79,0,3,,7 J. Barreiro,5:50,5,1/2,50%,1/2,50%,0/0,0%,1,0,1,0,0,0,0,0,0,0,1,-4,5
UNI,4,LLT,79,0,3,1,9 A. Díaz,6:48,3,0/0,0%,1/1,100%,0/0,0%,0,0,0,2,0,0,0,0,0,1,0,-7,4
UNI,4,LLT,79,0,3,,13 X. Castañeda,1:39,0,0/0,0%,0/0,0%,0/0,0%,0,0,0,1,0,0,0,0,0,0,0,-2,1
UNI,4,LLT,79,0,3,1,27 C. Duarte,5:09,0,0/1,0%,0/1,0%,0/0,0%,0,1,1,0,1,0,0,0,0,1,1,-7,-2
UNI,4,LLT,79,0,3,,33 K. Tillie,0:00,0,0/0,0%,0/0,0%,0/0,0%,0,0,0,0,0,0,0,0,0,0,0,0,0
UNI,4,LLT,79,0,3,1,45 D. Kravish,0:00,0,0/0,0%,0/0,0%,0/0,0%,0,0,0,0,0,0,0,0,0,0,0,0,0
UNI,4,LLT,79,0,3,,55 K. Perry,3:12,0,0/1,0%,0/0,0%,0/0,0%,0,2,2,1,0,0,0,0,0,0,0,-2,2
UNI,4,LLT,79,0,3,,Equipo,,0,0/0,0%,0/0,0%,0/0,0%,0,1,1,0,0,0,0,0,0,0,0,0,
UNI,4,LLT,79,0,4,1,0 T. Pérez,6:49,5,2/2,100%,0/1,0%,1/2,50%,1,0,1,1,0,1,0,0,1,1,2,3,7
UNI,4,LLT,79,0,4,,2 O. Balcerowski,4:26,4,2/2,100%,0/0,0%,0/0,0%,1,0,1,0,3,0,0,0,1,2,0,0,0
UNI,4,LLT,79,0,4,,3 J. Webb,4:17,0,0/0,0%,0/0,0%,0/0,0%,0,0,0,0,1,0,0,0,0,1,1,2,-1
UNI,4,LLT,79,0,4,1,4 T. Kalinoski,5:43,0,0/0,0%,0/0,0%,0/0,0%,0,0,0,2,0,1,0,0,0,1,0,2,2
UNI,4,LLT,79,0,4,,7 J. Barreiro,4:49,4,2/2,100%,0/0,0%,0/0,0%,1,0,1,1,0,0,0,0,0,0,0,2,6
UNI,4,LLT,79,0,4,1,9 A. Díaz,2:53,3,0/0,0%,1/1,100%,0/0,0%,0,1,1,1,0,0,0,0,0,0,0,1,5
UNI,4,LLT,79,0,4,,13 X. Castañeda,10:00,3,0/0,0%,0/0,0%,3/4,75%,0,0,0,2,0,1,0,0,0,1,4,4,8
UNI,4,LLT,79,0,4,1,27 C. Duarte,3:56,3,0/0,0%,1/2,50%,0/0,0%,0,0,0,0,0,0,0,0,0,0,0,3,2
UNI,4,LLT,79,0,4,,33 K. Tillie,0:00,0,0/0,0%,0/0,0%,0/0,0%,0,0,0,0,0,0,0,0,0,0,0,0,0
UNI,4,LLT,79,0,4,1,45 D. Kravish,0:00,0,0/0,0%,0/0,0%,0/0,0%,0,0,0,0,0,0,0,0,0,0,0,0,0
UNI,4,LLT,79,0,4,,55 K. Perry,7:07,2,0/2,0%,0/0,0%,2/2,100%,0,2,2,1,0,0,0,0,0,1,1,3,3
UNI,4,LLT,79,0,4,,Equipo,,0,0/0,0%,0/0,0%,0/0,0%,0,1,1,0,0,0,0,0,0,0,0,0,
BUR,4,CAZ,89,1,1,1,00 J. Samuels,5:43,2,0/0,0%,0/1,0%,2/2,100%,0,0,0,0,1,0,0,0,0,1,1,-5,0
BUR,4,CAZ,89,1,1,,3 Y. Nzosa,1:08,2,1/1,100%,0/0,0%,0/0,0%,1,0,1,0,0,0,0,0,0,0,0,3,3
BUR,4,CAZ,89,1,1,1,6 J. Gudmundsson,5:48,0,0/1,0%,0/1,0%,0/0,0%,1,0,1,0,1,0,0,0,0,2,0,-4,-4
BUR,4,CAZ,89,1,1,,7 J. Rubio,2:16,0,0/0,0%,0/0,0%,0/0,0%,0,0,0,0,0,1,0,0,0,0,0,2,1
BUR,4,CAZ,89,1,1,,8 P. Almazán,0:00,0,0/0,0%,0/0,0%,0/0,0%,0,0,0,0,0,0,0,0,0,0,0,0,0
BUR,4,CAZ,89,1,1,,10 G. Corbalán,3:47,5,0/0,0%,1/2,50%,2/2,100%,0,0,0,0,1,0,0,0,0,0,1,1,4
BUR,4,CAZ,89,1,1,,11 D. Díez,4:17,0,0/1,0%,0/1,0%,0/0,0%,2,2,4,0,0,0,0,0,0,0,0,3,2
BUR,4,CAZ,89,1,1,,19 R. Neto,4:12,5,1/1,100%,1/2,50%,0/0,0%,0,0,0,1,0,0,0,0,0,0,0,2,5
BUR,4,CAZ,89,1,1,1,22 S. de Sousa,4:35,0,0/0,0%,0/0,0%,0/0,0%,0,1,1,0,0,0,0,0,0,0,1,-7,2
BUR,4,CAZ,89,1,1,1,23 L. Meindl,6:13,2,1/1,100%,0/1,0%,0/0,0%,1,1,2,0,0,0,0,0,0,1,1,-3,3
BUR,4,CAZ,89,1,1,,40 L. Fischer,4:17,4,2/2,100%,0/0,0%,0/1,0%,0,0,0,1,0,0,0,0,0,1,1,2,4
BUR,4,CAZ,89,1,1,1,56 J. Jackson,7:44,3,1/2,50%,0/1,0%,1/2,50%,0,0,0,2,3,1,0,0,0,1,2,-4,1
BUR,4,CAZ,89,1,1,,Equipo,,0,0/0,0%,0/0,0%,0/0,0%,0,1,1,0,0,0,0,0,0,0,0,0,1
BUR,4,CAZ,89,1,2,1,00 J. Samuels,3:26,4,2/3,67%,0/0,0%,0/2,0%,1,0,1,0,0,0,0,0,0,2,1,-2,1
BUR,4,CAZ,89,1,2,,3 Y. Nzosa,4:29,0,0/0,0%,0/0,0%,0/0,0%,0,1,1,1,2,1,0,0,0,2,0,-4,-1
BUR,4,CAZ,89,1,2,1,6 J. Gudmundsson,3:56,2,1/1,100%,0/0,0%,0/0,0%,0,1,1,0,0,0,0,0,0,1,1,0,3
BUR,4,CAZ,89,1,2,,7 J. Rubio,3:47,4,2/2,100%,0/3,0%,0/0,0%,0,1,1,0,0,1,0,0,2,0,0,2,3
BUR,4,CAZ,89,1,2,,8 P. Almazán,2:05,0,0/0,0%,0/0,0%,0/0,0%,0,0,0,0,0,1,0,0,0,0,0,2,1
BUR,4,CAZ,89,1,2,,10 G. Corbalán,7:35,0,0/0,0%,0/1,0%,0/0,0%,0,0,0,0,0,0,0,0,0,0,0,-6,-1
BUR,4,CAZ,89,1,2,,11 D. Díez,4:29,3,0/0,0%,1/1,100%,0/0,0%,0,0,0,0,0,0,0,0,0,0,0,-4,3
BUR,4,CAZ,89,1,2,,19 R. Neto,5:31,3,0/1,0%,1/3,33%,0/0,0%,0,0,0,1,0,0,0,0,0,2,0,0,-1
BUR,4,CAZ,89,1,2,1,22 S. de Sousa,3:26,0,0/0,0%,0/0,0%,0/0,0%,1,0,1,0,0,0,0,0,0,0,0,-2,1
BUR,4,CAZ,89,1,2,1,23 L. Meindl,6:13,4,1/1,100%,0/1,0%,2/2,100%,0,1,1,0,1,0,0,0,0,0,1,-6,4
BUR,4,CAZ,89,1,2,,40 L. Fischer,2:05,0,0/0,0%,0/0,0%,0/0,0%,0,0,0,0,0,0,1,0,0,0,0,2,1
BUR,4,CAZ,89,1,2,1,56 J. Jackson,2:58,1,0/1,0%,0/0,0%,1/2,50%,0,0,0,0,0,0,0,0,0,1,1,-2,-1
BUR,4,CAZ,89,1,2,,Equipo,,0,0/0,0%,0/0,0%,0/0,0%,0,1,1,0,0,0,0,0,0,0,0,0,1
BUR,4,CAZ,89,1,3,1,00 J. Samuels,2:01,0,0/2,0%,0/0,0%,0/0,0%,0,1,1,0,0,0,0,0,0,0,0,-3,-1
BUR,4,CAZ,89,1,3,,3 Y. Nzosa,0:00,0,0/0,0%,0/0,0%,0/0,0%,0,0,0,0,0,0,0,0,0,0,0,0,0
BUR,4,CAZ,89,1,3,1,6 J. Gudmundsson,5:48,0,0/1,0%,0/0,0%,0/0,0%,0,0,0,0,0,0,0,0,0,0,2,1,1
BUR,4,CAZ,89,1,3,,7 J. Rubio,4:08,0,0/0,0%,0/0,0%,0/0,0%,1,0,1,0,0,0,0,0,0,0,0,-2,1
BUR,4,CAZ,89,1,3,,8 P. Almazán,0:00,0,0/0,0%,0/0,0%,0/0,0%,0,0,0,0,0,0,0,0,0,0,0,0,0
BUR,4,CAZ,89,1,3,,10 G. Corbalán,4:12,6,0/1,0%,1/1,100%,3/4,75%,1,0,1,0,0,0,1,0,0,0,2,-2,8
BUR,4,CAZ,89,1,3,,11 D. Díez,7:59,5,1/1,100%,0/0,0%,3/3,100%,0,0,0,1,0,0,0,0,0,0,1,2,7
BUR,4,CAZ,89,1,3,,19 R. Neto,4:12,3,1/3,33%,0/0,0%,1/1,100%,0,0,0,2,0,0,0,0,0,1,2,-2,4
BUR,4,CAZ,89,1,3,1,22 S. de Sousa,5:21,3,1/2,50%,0/0,0%,1/2,50%,0,0,0,0,1,0,0,1,0,0,1,-5,0
BUR,4,CAZ,89,1,3,1,23 L. Meindl,5:48,7,1/3,33%,1/1,100%,2/2,100%,0,1,1,2,0,1,0,1,1,1,1,1,8
BUR,4,CAZ,89,1,3,,40 L. Fischer,4:39,0,0/1,0%,0/0,0%,0/0,0%,1,1,2,0,1,0,1,0,0,2,0,4,-1
BUR,4,CAZ,89,1,3,1,56 J. Jackson,5:52,2,1/1,100%,0/1,0%,0/1,0%,0,0,0,0,0,1,0,0,0,2,0,1,-1
BUR,4,CAZ,89,1,3,,Equipo,,0,0/0,0%,0/0,0%,0/0,0%,0,0,0,0,0,0,0,0,0,0,0,0,
BUR,4,CAZ,89,1,4,1,00 J. Samuels,3:31,1,0/0,0%,0/0,0%,1/3,33%,0,0,0,0,0,0,0,0,0,0,1,-2,0
BUR,4,CAZ,89,1,4,,3 Y. Nzosa,1:30,0,0/0,0%,0/1,0%,0/0,0%,0,0,0,0,0,2,0,0,0,1,0,-3,0
BUR,4,CAZ,89,1,4,1,6 J. Gudmundsson,4:17,0,0/1,0%,0/0,0%,0/0,0%,0,0,0,1,0,0,0,0,0,2,0,-1,-2
BUR,4,CAZ,89,1,4,,7 J. Rubio,0:22,2,1/1,100%,0/0,0%,0/0,0%,0,0,0,0,0,0,0,0,1,0,0,-5,2
BUR,4,CAZ,89,1,4,,8 P. Almazán,0:00,0,0/0,0%,0/0,0%,0/0,0%,0,0,0,0,0,0,0,0,0,0,0,0,0
BUR,4,CAZ,89,1,4,,10 G. Corbalán,10:00,6,1/2,50%,1/1,100%,1/1,100%,0,1,1,0,0,0,0,0,0,0,1,-6,7
BUR,4,CAZ,89,1,4,,11 D. Díez,3:35,0,0/0,0%,0/2,0%,0/0,0%,0,1,1,1,0,0,0,0,0,0,0,-4,0
BUR,4,CAZ,89,1,4,,19 R. Neto,5:21,2,1/1,100%,0/1,0%,0/0,0%,0,0,0,2,1,1,0,0,0,0,0,0,3
BUR,4,CAZ,89,1,4,1,22 S. de Sousa,2:36,0,0/0,0%,0/0,0%,0/2,0%,0,2,2,0,0,0,0,0,0,0,1,-3,1
BUR,4,CAZ,89,1,4,1,23 L. Meindl,10:00,4,2/3,67%,0/1,0%,0/0,0%,0,2,2,0,1,0,0,0,1,1,1,-6,3
BUR,4,CAZ,89,1,4,,40 L. Fischer,5:54,1,0/0,0%,0/0,0%,1/2,50%,0,0,0,0,0,0,1,0,0,1,1,0,1
BUR,4,CAZ,89,1,4,1,56 J. Jackson,2:54,3,0/0,0%,1/3,33%,0/0,0%,0,0,0,0,0,0,0,0,0,1,0,0,0
BUR,4,CAZ,89,1,4,,Equipo,,0,0/0,0%,0/0,0%,0/0,0%,1,0,1,0,1,0,0,0,0,0,0,0,
CAZ,4,BUR,102,0,1,1,00 D. Robinson,7:00,10,4/4,100%,0/1,0%,2/2,100%,2,0,2,0,0,0,0,0,2,1,1,5,11
CAZ,4,BUR,102,0,1,,0 M. Spissu,4:12,2,0/0,0%,0/1,0%,2/2,100%,0,0,0,2,0,0,0,0,0,1,1,0,3
CAZ,4,BUR,102,0,1,1,2 T. Bell-Haynes,5:43,2,1/3,33%,0/0,0%,0/0,0%,1,0,1,3,2,0,0,0,0,1,0,5,1
CAZ,4,BUR,102,0,1,,3 E. Stevenson,3:00,0,0/0,0%,0/0,0%,0/0,0%,0,0,0,0,0,0,0,0,0,1,0,-3,-1
CAZ,4,BUR,102,0,1,1,4 S. Yusta,5:00,1,0/0,0%,0/0,0%,1/2,50%,0,0,0,0,1,2,0,0,0,1,3,6,3
CAZ,4,BUR,102,0,1,,7 M. González,4:17,0,0/0,0%,0/1,0%,0/0,0%,0,0,0,0,0,1,0,0,0,0,0,-3,0
CAZ,4,BUR,102,0,1,,10 J. Fernández,0:00,0,0/0,0%,0/0,0%,0/0,0%,0,0,0,0,0,0,0,0,0,0,0,0,0
CAZ,4,BUR,102,0,1,,12 J. Soriano,5:00,0,0/1,0%,0/0,0%,0/0,0%,1,2,3,0,1,0,0,0,0,0,0,-4,1
CAZ,4,BUR,102,0,1,1,14 B. Dubljevic,5:00,0,0/0,0%,0/2,0%,0/0,0%,0,1,1,0,0,0,0,0,0,1,0,6,-2
CAZ,4,BUR,102,0,1,,15 J. Rodríguez,5:00,7,1/2,50%,1/1,100%,2/2,100%,0,1,1,0,0,0,0,0,0,1,1,-4,7
CAZ,4,BUR,102,0,1,1,20 D.J. Stephens,5:48,3,0/0,0%,1/1,100%,0/0,0%,0,1,1,0,0,0,0,0,0,0,0,2,4
CAZ,4,BUR,102,0,1,,23 Y. Traoré,0:00,0,0/0,0%,0/0,0%,0/0,0%,0,0,0,0,0,0,0,0,0,0,0,0,0
CAZ,4,BUR,102,0,1,,Equipo,,0,0/0,0%,0/0,0%,0/0,0%,0,1,1,0,0,0,0,0,0,0,0,0,1
CAZ,4,BUR,102,0,2,,0 M. Spissu,3:26,0,0/0,0%,0/3,0%,0/0,0%,0,0,0,0,2,0,0,0,0,0,0,-1,-5
CAZ,4,BUR,102,0,2,1,00 D. Robinson,8:14,8,1/1,100%,0/0,0%,6/7,86%,0,2,2,0,0,0,0,0,0,0,4,4,13
CAZ,4,BUR,102,0,2,1,2 T. Bell-Haynes,6:34,3,0/1,0%,0/1,0%,3/4,75%,1,0,1,3,1,1,0,1,0,1,2,5,4
CAZ,4,BUR,102,0,2,,3 E. Stevenson,3:56,2,1/1,100%,0/1,0%,0/0,0%,1,0,1,0,0,0,0,0,0,0,0,1,2
CAZ,4,BUR,102,0,2,1,4 S. Yusta,3:07,2,1/1,100%,0/1,0%,0/0,0%,0,1,1,0,0,0,0,0,0,1,0,1,1
CAZ,4,BUR,102,0,2,,7 M. González,6:19,0,0/0,0%,0/0,0%,0/0,0%,0,1,1,0,0,1,0,0,0,0,0,-2,2
CAZ,4,BUR,102,0,2,,10 J. Fernández,0:00,0,0/0,0%,0/0,0%,0/0,0%,0,0,0,0,0,0,0,0,0,0,0,0,0
CAZ,4,BUR,102,0,2,,12 J. Soriano,5:27,1,0/0,0%,0/0,0%,1/2,50%,1,1,2,0,0,0,0,0,0,0,1,1,3
CAZ,4,BUR,102,0,2,1,14 B. Dubljevic,4:33,0,0/1,0%,0/1,0%,0/0,0%,0,1,1,1,0,0,0,0,0,0,0,3,0
CAZ,4,BUR,102,0,2,,15 J. Rodríguez,4:43,4,2/2,100%,0/0,0%,0/0,0%,0,1,1,0,1,0,0,0,0,0,0,2,4
CAZ,4,BUR,102,0,2,1,20 D.J. Stephens,3:41,5,1/1,100%,1/1,100%,0/0,0%,0,1,1,0,2,0,0,0,0,2,1,6,3
CAZ,4,BUR,102,0,2,,23 Y. Traoré,0:00,0,0/0,0%,0/0,0%,0/0,0%,0,0,0,0,0,0,0,0,0,0,0,0,0
CAZ,4,BUR,102,0,2,,Equipo,,0,0/0,0%,0/0,0%,0/0,0%,1,1,2,0,0,0,0,0,0,0,0,0,
CAZ,4,BUR,102,0,3,1,00 D. Robinson,7:24,4,2/2,100%,0/0,0%,0/0,0%,0,2,2,0,0,0,0,0,0,1,1,-3,6
CAZ,4,BUR,102,0,3,,0 M. Spissu,8:48,2,0/0,0%,0/0,0%,2/2,100%,0,0,0,3,1,0,0,0,0,0,1,6,5
CAZ,4,BUR,102,0,3,1,2 T. Bell-Haynes,0:56,0,0/0,0%,0/0,0%,0/0,0%,0,0,0,0,0,0,0,0,0,1,0,-5,-1
CAZ,4,BUR,102,0,3,,3 E. Stevenson,0:16,0,0/0,0%,0/0,0%,0/0,0%,0,0,0,0,0,0,0,0,0,0,0,2,0
CAZ,4,BUR,102,0,3,1,4 S. Yusta,10:00,6,1/2,50%,0/1,0%,4/4,100%,1,3,4,2,1,0,0,0,0,0,2,1,11
CAZ,4,BUR,102,0,3,,7 M. González,5:55,3,0/1,0%,1/1,100%,0/0,0%,0,0,0,0,0,0,1,1,0,3,0,3,-1
CAZ,4,BUR,102,0,3,,10 J. Fernández,0:00,0,0/0,0%,0/0,0%,0/0,0%,0,0,0,0,0,0,0,0,0,0,0,0,0
CAZ,4,BUR,102,0,3,,12 J. Soriano,8:56,6,2/3,67%,0/0,0%,2/2,100%,1,3,4,0,2,0,0,0,0,1,2,1,8
CAZ,4,BUR,102,0,3,1,14 B. Dubljevic,1:04,0,0/1,0%,0/1,0%,0/0,0%,1,0,1,0,0,0,1,1,0,1,0,0,-2
CAZ,4,BUR,102,0,3,,15 J. Rodríguez,3:39,3,0/0,0%,1/1,100%,0/0,0%,0,0,0,0,1,0,0,0,0,1,0,-4,1
CAZ,4,BUR,102,0,3,1,20 D.J. Stephens,3:02,3,0/0,0%,1/1,100%,0/0,0%,0,0,0,0,1,0,0,0,0,2,0,4,0
CAZ,4,BUR,102,0,3,,23 Y. Traoré,0:00,0,0/0,0%,0/0,0%,0/0,0%,0,0,0,0,0,0,0,0,0,0,0,0,0
CAZ,4,BUR,102,0,3,,Equipo,,0,0/0,0%,0/0,0%,0/0,0%,0,0,0,0,2,0,0,0,0,1,0,0,
CAZ,4,BUR,102,0,4,1,00 D. Robinson,9:46,2,1/1,100%,0/0,0%,0/0,0%,1,2,3,1,0,0,0,0,0,1,1,3,6
CAZ,4,BUR,102,0,4,,0 M. Spissu,6:08,1,0/1,0%,0/0,0%,1/2,50%,0,1,1,2,0,1,0,0,0,0,2,1,5
CAZ,4,BUR,102,0,4,1,2 T. Bell-Haynes,9:59,4,1/5,20%,0/0,0%,2/2,100%,0,1,1,0,3,0,0,1,0,0,3,3,0
CAZ,4,BUR,102,0,4,,3 E. Stevenson,0:00,0,0/0,0%,0/0,0%,0/0,0%,0,0,0,0,0,0,0,0,0,0,0,0,0
CAZ,4,BUR,102,0,4,1,4 S. Yusta,10:00,7,2/3,67%,1/2,50%,0/0,0%,0,2,2,0,1,1,0,0,0,2,0,6,5
CAZ,4,BUR,102,0,4,,7 M. González,0:00,0,0/0,0%,0/0,0%,0/0,0%,0,0,0,0,0,0,0,0,0,0,0,0,0
CAZ,4,BUR,102,0,4,,10 J. Fernández,0:00,0,0/0,0%,0/0,0%,0/0,0%,0,0,0,0,0,0,0,0,0,0,0,0,0
CAZ,4,BUR,102,0,4,,12 J. Soriano,1:17,0,0/0,0%,0/0,0%,0/0,0%,0,0,0,0,0,0,0,0,0,0,0,-3,0
CAZ,4,BUR,102,0,4,1,14 B. Dubljevic,8:37,5,1/2,50%,1/1,100%,0/0,0%,2,2,4,3,0,0,0,0,0,1,0,9,10
CAZ,4,BUR,102,0,4,,15 J. Rodríguez,3:53,6,0/0,0%,2/3,67%,0/0,0%,0,1,1,0,1,0,0,0,0,2,0,8,3
CAZ,4,BUR,102,0,4,1,20 D.J. Stephens,0:20,0,0/0,0%,0/0,0%,0/0,0%,0,0,0,0,0,0,0,0,0,0,0,3,0
CAZ,4,BUR,102,0,4,,23 Y. Traoré,0:00,0,0/0,0%,0/0,0%,0/0,0%,0,0,0,0,0,0,0,0,0,0,0,0,0
CAZ,4,BUR,102,0,4,,Equipo,,0,0/0,0%,0/0,0%,0/0,0%,1,0,1,0,1,1,0,0,0,0,0,0,
GIR,4,DGC,85,1,1,,2 M. Fjellerup,2:37,0,0/1,0%,0/0,0%,0/0,0%,0,1,1,0,1,0,0,0,0,2,0,3,-3
GIR,4,DGC,85,1,1,1,4 P. Busquets,8:06,4,2/2,100%,0/2,0%,0/0,0%,0,0,0,0,0,1,0,0,1,1,0,3,2
GIR,4,DGC,85,1,1,1,5 D. Needham,6:12,0,0/0,0%,0/0,0%,0/0,0%,0,0,0,0,1,0,0,0,0,1,1,3,-1
GIR,4,DGC,85,1,1,,7 S. Hollanders,0:00,0,0/0,0%,0/0,0%,0/0,0%,0,0,0,0,0,0,0,0,0,0,0,0,0
GIR,4,DGC,85,1,1,,8 M. Hughes,3:48,6,0/0,0%,2/3,67%,0/0,0%,0,1,1,0,0,0,0,0,0,0,1,-3,7
GIR,4,DGC,85,1,1,,9 G. Ferrando,0:00,0,0/0,0%,0/0,0%,0/0,0%,0,0,0,0,0,0,0,0,0,0,0,0,0
GIR,4,DGC,85,1,1,,10 P. Vildoza,3:12,0,0/0,0%,0/0,0%,0/0,0%,0,0,0,1,1,1,0,0,0,0,0,-2,1
GIR,4,DGC,85,1,1,1,11 O. Livingston,6:48,6,0/0,0%,2/2,100%,0/0,0%,1,1,2,1,0,1,0,0,0,0,1,2,11
GIR,4,DGC,85,1,1,,12 M. Geben,4:45,3,0/0,0%,0/0,0%,3/4,75%,1,0,1,0,0,0,0,0,0,0,3,-2,6
GIR,4,DGC,85,1,1,,21 J. Fernández,5:23,0,0/1,0%,0/0,0%,0/0,0%,0,1,1,1,2,0,0,0,0,2,0,1,-3
GIR,4,DGC,85,1,1,1,23 S. Martínez,7:23,4,2/2,100%,0/1,0%,0/0,0%,0,2,2,1,0,0,0,0,1,1,0,0,5
GIR,4,DGC,85,1,1,1,25 N. Maric,1:46,0,0/1,0%,0/0,0%,0/0,0%,0,0,0,0,1,0,0,0,0,0,0,-5,-2
GIR,4,DGC,85,1,1,,Equipo,,0,0/0,0%,0/0,0%,0/0,0%,0,0,0,0,0,0,0,0,0,0,0,0,0
GIR,4,DGC,85,1,2,,2 M. Fjellerup,1:51,0,0/1,0%,0/0,0%,0/0,0%,0,1,1,0,0,0,0,0,0,1,0,-1,-1
GIR,4,DGC,85,1,2,1,4 P. Busquets,4:43,2,1/2,50%,0/0,0%,0/2,0%,0,1,1,0,1,0,0,1,0,0,1,-3,-1
GIR,4,DGC,85,1,2,1,5 D. Needham,5:48,6,0/0,0%,2/2,100%,0/0,0%,0,0,0,1,0,0,0,0,0,1,2,11,8
GIR,4,DGC,85,1,2,,7 S. Hollanders,3:39,0,0/0,0%,0/0,0%,0/0,0%,0,1,1,0,0,0,0,0,0,1,0,-9,0
GIR,4,DGC,85,1,2,,8 M. Hughes,7:22,5,1/1,100%,1/1,100%,0/0,0%,0,2,2,1,0,0,0,0,1,0,0,3,8
GIR,4,DGC,85,1,2,,9 G. Ferrando,0:00,0,0/0,0%,0/0,0%,0/0,0%,0,0,0,0,0,0,0,0,0,0,0,0,0
GIR,4,DGC,85,1,2,,10 P. Vildoza,3:52,0,0/0,0%,0/1,0%,0/0,0%,0,0,0,1,1,0,0,0,0,0,0,1,-1
GIR,4,DGC,85,1,2,1,11 O. Livingston,6:08,5,0/1,0%,1/1,100%,2/2,100%,0,0,0,1,1,0,0,0,0,0,1,3,5
GIR,4,DGC,85,1,2,,12 M. Geben,5:01,0,0/0,0%,0/1,0%,0/0,0%,0,2,2,1,0,0,0,0,0,0,0,7,2
GIR,4,DGC,85,1,2,,21 J. Fernández,0:00,0,0/0,0%,0/0,0%,0/0,0%,0,0,0,0,0,0,0,0,0,0,0,0,0
GIR,4,DGC,85,1,2,1,23 S. Martínez,6:37,2,1/1,100%,0/0,0%,0/0,0%,2,3,5,0,0,0,0,0,0,1,0,11,6
GIR,4,DGC,85,1,2,1,25 N. Maric,4:59,4,1/1,100%,0/0,0%,2/4,50%,0,0,0,0,0,0,0,0,0,0,2,-3,4
GIR,4,DGC,85,1,2,,Equipo,,0,0/0,0%,0/0,0%,0/0,0%,0,0,0,0,1,0,0,0,0,1,0,0,
GIR,4,DGC,85,1,3,,2 M. Fjellerup,3:22,2,0/1,0%,0/0,0%,2/4,50%,0,0,0,0,0,0,0,0,0,0,2,0,1
GIR,4,DGC,85,1,3,1,4 P. Busquets,6:38,0,0/1,0%,0/1,0%,0/0,0%,1,0,1,0,0,0,0,1,0,0,0,1,-2
GIR,4,DGC,85,1,3,1,5 D. Needham,5:21,3,0/0,0%,1/3,33%,0/0,0%,0,1,1,0,0,0,0,0,0,0,0,1,2
GIR,4,DGC,85,1,3,,7 S. Hollanders,0:00,0,0/0,0%,0/0,0%,0/0,0%,0,0,0,0,0,0,0,0,0,0,0,0,0
GIR,4,DGC,85,1,3,,8 M. Hughes,4:39,2,1/1,100%,0/0,0%,0/0,0%,0,0,0,0,0,0,0,0,0,2,0,0,0
GIR,4,DGC,85,1,3,,9 G. Ferrando,0:00,0,0/0,0%,0/0,0%,0/0,0%,0,0,0,0,0,0,0,0,0,0,0,0,0
GIR,4,DGC,85,1,3,,10 P. Vildoza,4:39,2,1/1,100%,0/1,0%,0/0,0%,0,0,0,0,0,0,0,0,0,0,0,0,1
GIR,4,DGC,85,1,3,1,11 O. Livingston,5:21,0,0/1,0%,0/1,0%,0/0,0%,0,1,1,0,0,0,0,0,0,0,1,1,0
GIR,4,DGC,85,1,3,,12 M. Geben,5:53,0,0/1,0%,0/1,0%,0/0,0%,0,1,1,0,0,0,0,0,0,2,0,-1,-3
GIR,4,DGC,85,1,3,,21 J. Fernández,8:35,6,3/4,75%,0/1,0%,0/0,0%,1,5,6,0,0,0,1,0,0,0,1,1,12
GIR,4,DGC,85,1,3,1,23 S. Martínez,3:22,2,0/0,0%,0/0,0%,2/2,100%,0,1,1,0,0,0,0,0,0,1,1,0,3
GIR,4,DGC,85,1,3,1,25 N. Maric,2:10,0,0/0,0%,0/0,0%,0/0,0%,1,0,1,0,0,0,1,0,0,0,0,2,2
GIR,4,DGC,85,1,3,,Equipo,,0,0/0,0%,0/0,0%,0/0,0%,0,1,1,0,0,0,0,0,0,0,0,0,
GIR,4,DGC,85,1,4,,2 M. Fjellerup,3:29,2,0/1,0%,0/0,0%,2/2,100%,0,0,0,0,0,0,0,1,0,0,1,-4,1
GIR,4,DGC,85,1,4,1,4 P. Busquets,6:31,7,0/0,0%,1/2,50%,4/5,80%,0,1,1,0,0,0,0,0,0,0,2,3,8
GIR,4,DGC,85,1,4,1,5 D. Needham,3:45,0,0/1,0%,0/1,0%,0/0,0%,0,0,0,0,1,1,0,0,0,3,0,0,-5
GIR,4,DGC,85,1,4,,7 S. Hollanders,0:00,0,0/0,0%,0/0,0%,0/0,0%,0,0,0,0,0,0,0,0,0,0,0,0,0
GIR,4,DGC,85,1,4,,8 M. Hughes,3:12,0,0/1,0%,0/0,0%,0/0,0%,0,0,0,0,0,1,0,0,0,0,1,-2,1
GIR,4,DGC,85,1,4,,9 G. Ferrando,0:00,0,0/0,0%,0/0,0%,0/0,0%,0,0,0,0,0,0,0,0,0,0,0,0,0
GIR,4,DGC,85,1,4,,10 P. Vildoza,5:55,5,1/1,100%,1/2,50%,0/0,0%,1,2,3,2,0,0,0,0,0,0,0,3,9
GIR,4,DGC,85,1,4,1,11 O. Livingston,7:17,3,0/0,0%,1/3,33%,0/2,0%,0,0,0,1,1,0,0,0,0,1,1,-1,-1
GIR,4,DGC,85,1,4,,12 M. Geben,2:54,0,0/0,0%,0/0,0%,0/0,0%,0,0,0,0,1,0,0,0,0,0,0,-3,-1
GIR,4,DGC,85,1,4,,21 J. Fernández,5:53,0,0/0,0%,0/0,0%,0/0,0%,1,1,2,0,0,0,1,0,0,1,1,-2,3
GIR,4,DGC,85,1,4,1,23 S. Martínez,7:06,2,1/3,33%,0/0,0%,0/0,0%,1,0,1,2,0,1,1,1,0,0,0,2,4
GIR,4,DGC,85,1,4,1,25 N. Maric,3:58,2,1/1,100%,0/0,0%,0/0,0%,0,1,1,0,0,0,0,0,0,1,0,-1,2
GIR,4,DGC,85,1,4,,Equipo,,0,0/0,0%,0/0,0%,0/0,0%,0,1,1,0,1,0,0,0,0,1,0,0,
DGC,4,GIR,81,0,1,,1 L. Maniema,0:00,0,0/0,0%,0/0,0%,0/0,0%,0,0,0,0,0,0,0,0,0,0,0,0,0
DGC,4,GIR,81,0,1,1,2 I. Wong,6:48,6,2/3,67%,0/2,0%,2/2,100%,0,0,0,2,0,0,0,0,0,0,1,-2,6
DGC,4,GIR,81,0,1,,4 E. Vila,0:30,0,0/1,0%,0/0,0%,0/0,0%,0,0,0,0,0,0,0,0,0,0,0,1,-1
DGC,4,GIR,81,0,1,,5 Z. Samar,4:09,6,0/0,0%,2/3,67%,0/0,0%,0,1,1,0,1,1,0,0,0,0,1,7,7
DGC,4,GIR,81,0,1,1,6 A. Albicy,5:51,1,0/0,0%,0/0,0%,1/2,50%,0,0,0,1,2,0,0,0,0,0,1,-7,0
DGC,4,GIR,81,0,1,1,9 N. Brussino,8:35,6,1/1,100%,1/2,50%,1/2,50%,0,2,2,0,0,0,0,0,0,1,2,-2,7
DGC,4,GIR,81,0,1,,10 M. Salvó,1:25,2,1/1,100%,0/0,0%,0/0,0%,1,1,2,0,0,0,0,0,0,0,0,2,4
DGC,4,GIR,81,0,1,,13 P. Pelos,4:07,0,0/0,0%,0/0,0%,0/0,0%,1,0,1,1,0,0,0,0,0,2,0,3,0
DGC,4,GIR,81,0,1,1,18 M. Tobey,7:36,0,0/0,0%,0/0,0%,0/0,0%,0,1,1,0,0,1,0,0,0,1,0,-4,1
DGC,4,GIR,81,0,1,1,21 L. Labeyrie,5:23,0,0/0,0%,0/0,0%,0/0,0%,2,0,2,0,0,0,0,0,0,0,1,-4,3
DGC,4,GIR,81,0,1,,23 K. Kuath,2:24,0,0/1,0%,0/0,0%,0/0,0%,0,0,0,0,0,0,0,0,0,0,0,4,-1
DGC,4,GIR,81,0,1,,24 B. Angola,3:12,2,0/1,0%,0/0,0%,2/2,100%,0,0,0,0,1,1,0,0,0,2,1,2,0
DGC,4,GIR,81,0,1,,Equipo,,0,0/0,0%,0/0,0%,0/0,0%,0,0,0,0,0,0,0,0,0,0,0,0,
DGC,4,GIR,81,0,2,,1 L. Maniema,0:00,0,0/0,0%,0/0,0%,0/0,0%,0,0,0,0,0,0,0,0,0,0,0,0,0
DGC,4,GIR,81,0,2,1,2 I. Wong,8:23,5,2/2,100%,0/3,0%,1/1,100%,0,1,1,1,0,1,0,0,0,0,0,-2,5
DGC,4,GIR,81,0,2,,4 E. Vila,6:41,0,0/0,0%,0/0,0%,0/0,0%,0,0,0,0,0,1,0,0,0,2,0,6,-1
DGC,4,GIR,81,0,2,,5 Z. Samar,3:11,0,0/1,0%,0/0,0%,0/0,0%,0,0,0,0,0,0,0,0,0,2,0,-1,-3
DGC,4,GIR,81,0,2,1,6 A. Albicy,6:49,2,1/1,100%,0/2,0%,0/0,0%,0,0,0,1,0,0,0,0,0,0,0,-3,1
DGC,4,GIR,81,0,2,1,9 N. Brussino,6:23,6,1/2,50%,1/2,50%,1/1,100%,1,1,2,0,0,0,0,0,0,0,1,-1,7
DGC,4,GIR,81,0,2,,10 M. Salvó,5:14,7,2/3,67%,1/2,50%,0/0,0%,0,1,1,0,0,0,0,0,0,1,2,-5,7
DGC,4,GIR,81,0,2,,13 P. Pelos,0:00,0,0/0,0%,0/0,0%,0/0,0%,0,0,0,0,0,0,0,0,0,0,0,0,0
DGC,4,GIR,81,0,2,1,18 M. Tobey,3:52,0,0/1,0%,0/0,0%,0/0,0%,0,0,0,0,0,0,0,0,0,0,0,-9,-1
DGC,4,GIR,81,0,2,1,21 L. Labeyrie,3:19,0,0/0,0%,0/0,0%,0/0,0%,0,0,0,0,0,0,0,0,0,1,0,-10,-1
DGC,4,GIR,81,0,2,,23 K. Kuath,6:08,0,0/1,0%,0/0,0%,0/0,0%,0,2,2,0,0,0,1,0,0,0,1,5,3
DGC,4,GIR,81,0,2,,24 B. Angola,0:00,0,0/0,0%,0/0,0%,0/0,0%,0,0,0,0,0,0,0,0,0,0,0,0,0
DGC,4,GIR,81,0,2,,Equipo,,0,0/0,0%,0/0,0%,0/0,0%,0,0,0,0,0,0,0,0,0,0,0,0,
DGC,4,GIR,81,0,3,,1 L. Maniema,0:00,0,0/0,0%,0/0,0%,0/0,0%,0,0,0,0,0,0,0,0,0,0,0,0,0
DGC,4,GIR,81,0,3,1,2 I. Wong,5:22,0,0/1,0%,0/0,0%,0/0,0%,0,1,1,0,0,0,0,0,0,1,0,-1,-1
DGC,4,GIR,81,0,3,,4 E. Vila,3:21,0,0/1,0%,0/2,0%,0/0,0%,0,0,0,0,0,0,0,1,0,1,0,0,-5
DGC,4,GIR,81,0,3,,5 Z. Samar,4:38,0,0/0,0%,0/1,0%,0/0,0%,1,0,1,0,0,0,0,0,0,1,0,0,-1
DGC,4,GIR,81,0,3,1,6 A. Albicy,5:22,0,0/0,0%,0/0,0%,0/0,0%,0,0,0,2,0,0,0,0,0,0,0,-1,2
DGC,4,GIR,81,0,3,1,9 N. Brussino,6:54,0,0/0,0%,0/1,0%,0/0,0%,0,0,0,2,0,0,0,0,0,0,0,-2,1
DGC,4,GIR,81,0,3,,10 M. Salvó,3:06,2,1/2,50%,0/0,0%,0/0,0%,1,2,3,0,0,0,0,0,0,0,0,1,4
DGC,4,GIR,81,0,3,,13 P. Pelos,5:21,6,3/5,60%,0/0,0%,0/0,0%,0,1,1,0,0,0,0,1,0,1,1,-1,4
DGC,4,GIR,81,0,3,1,18 M. Tobey,5:22,2,1/2,50%,0/1,0%,0/0,0%,0,2,2,0,0,0,0,0,0,0,0,-1,2
DGC,4,GIR,81,0,3,1,21 L. Labeyrie,1:17,0,0/0,0%,0/0,0%,0/0,0%,0,0,0,0,0,0,0,0,0,0,0,0,0
DGC,4,GIR,81,0,3,,23 K. Kuath,4:39,1,0/0,0%,0/0,0%,1/2,50%,0,1,1,1,2,0,1,0,0,1,2,0,2
DGC,4,GIR,81,0,3,,24 B. Angola,4:38,5,1/1,100%,1/2,50%,0/1,0%,0,1,1,0,0,0,0,0,0,0,2,0,6
DGC,4,GIR,81,0,3,,Equipo,,0,0/0,0%,0/0,0%,0/0,0%,1,1,2,0,0,0,0,0,0,0,0,0,
DGC,4,GIR,81,0,4,,1 L. Maniema,0:00,0,0/0,0%,0/0,0%,0/0,0%,0,0,0,0,0,0,0,0,0,0,0,0,0
DGC,4,GIR,81,0,4,1,2 I. Wong,7:20,5,0/2,0%,0/1,0%,5/5,100%,0,0,0,2,0,0,0,0,0,1,2,3,5
DGC,4,GIR,81,0,4,,4 E. Vila,0:00,0,0/0,0%,0/0,0%,0/0,0%,0,0,0,0,0,0,0,0,0,0,0,0,0
DGC,4,GIR,81,0,4,,5 Z. Samar,2:04,0,0/0,0%,0/1,0%,0/0,0%,0,1,1,0,1,1,0,0,0,0,1,-2,1
DGC,4,GIR,81,0,4,1,6 A. Albicy,7:56,3,0/0,0%,1/1,100%,0/0,0%,0,0,0,2,0,0,0,0,0,0,0,3,5
DGC,4,GIR,81,0,4,1,9 N. Brussino,7:56,7,1/2,50%,1/1,100%,2/2,100%,0,3,3,0,2,0,1,1,0,1,1,3,7
DGC,4,GIR,81,0,4,,10 M. Salvó,2:13,0,0/0,0%,0/0,0%,0/0,0%,0,0,0,1,0,0,0,0,0,1,1,-4,1
DGC,4,GIR,81,0,4,,13 P. Pelos,7:47,5,0/0,0%,1/2,50%,2/2,100%,0,2,2,0,0,0,0,0,0,0,1,5,7
DGC,4,GIR,81,0,4,1,18 M. Tobey,7:52,0,0/1,0%,0/0,0%,0/0,0%,0,0,0,0,0,0,0,1,0,2,0,5,-4
DGC,4,GIR,81,0,4,1,21 L. Labeyrie,2:04,0,0/0,0%,0/0,0%,0/0,0%,0,0,0,0,0,0,0,0,0,1,0,-2,-1
DGC,4,GIR,81,0,4,,23 K. Kuath,2:08,2,1/1,100%,0/0,0%,0/0,0%,0,0,0,0,1,0,2,0,1,0,0,-4,3
DGC,4,GIR,81,0,4,,24 B. Angola,2:40,0,0/1,0%,0/0,0%,0/0,0%,0,2,2,0,1,0,0,0,0,0,0,-2,0
DGC,4,GIR,81,0,4,,Equipo,,0,0/0,0%,0/0,0%,0/0,0%,1,0,1,0,0,0,0,0,0,0,0,0,
UCM,4,BKN,89,1,1,1,0 D. Cacok,5:52,2,1/1,100%,0/0,0%,0/0,0%,0,0,0,1,1,0,0,0,0,2,1,4,1
UCM,4,BKN,89,1,1,,1 M. Forrest,4:08,6,0/0,0%,1/2,50%,3/4,75%,0,1,1,0,0,0,0,0,0,0,2,1,7
UCM,4,BKN,89,1,1,1,2 S. Raieste,6:20:00,3,0/0,0%,1/1,100%,0/0,0%,0,2,2,1,0,0,2,0,0,1,0,2,7
UCM,4,BKN,89,1,1,1,5 D. DeJulius,5:52,7,2/2,100%,1/3,33%,0/0,0%,0,0,0,1,0,0,0,0,0,0,0,4,6
UCM,4,BKN,89,1,1,,8 H. Sant-Roos,3:40,3,0/1,0%,1/1,100%,0/0,0%,1,1,2,0,0,0,0,0,0,0,0,3,4
UCM,4,BKN,89,1,1,,12 J. Radebaugh,4:08,0,0/0,0%,0/1,0%,0/0,0%,0,0,0,1,0,0,0,0,0,0,0,1,0
UCM,4,BKN,89,1,1,,13 W. Falk,3:40,0,0/1,0%,0/1,0%,0/0,0%,0,1,1,0,0,0,0,0,0,1,0,3,-2
UCM,4,BKN,89,1,1,,15 E. Cate,4:08:00,0,0/0,0%,0/0,0%,0/0,0%,1,0,1,0,0,1,0,0,0,0,0,1,2
UCM,4,BKN,89,1,1,,21 M. Diagné,0:00,0,0/0,0%,0/0,0%,0/0,0%,0,0,0,0,0,0,0,0,0,0,0,0,0
UCM,4,BKN,89,1,1,,24 Z. Hicks,0:00,0,0/0,0%,0/0,0%,0/0,0%,0,0,0,0,0,0,0,0,0,0,0,0,0
UCM,4,BKN,89,1,1,1,31 D. Ennis,5:52:00,0,0/0,0%,0/0,0%,0/0,0%,1,1,2,0,2,0,0,0,0,0,2,4,2
UCM,4,BKN,89,1,1,1,99 T. Nakic,6:20,5,0/0,0%,1/2,50%,2/3,67%,0,0,0,1,0,0,0,0,0,1,1,2,4
UCM,4,BKN,89,1,1,,Equipo,,0,0/0,0%,0/0,0%,0/0,0%,0,1,1,0,0,0,0,0,0,0,0,0,
UCM,4,BKN,89,1,2,1,0 D. Cacok,0:35,0,0/0,0%,0/0,0%,0/0,0%,0,0,0,0,0,0,0,0,0,1,0,0,-1
UCM,4,BKN,89,1,2,,1 M. Forrest,5:54,2,1/3,33%,0/0,0%,0/0,0%,0,0,0,0,0,0,0,0,0,0,1,1,1
UCM,4,BKN,89,1,2,1,2 S. Raieste,4:22,0,0/1,0%,0/0,0%,0/0,0%,0,1,1,1,0,0,0,1,0,1,0,5,-1
UCM,4,BKN,89,1,2,1,5 D. DeJulius,4:06,6,3/4,75%,0/1,0%,0/0,0%,0,2,2,0,0,0,0,0,0,0,0,5,6
UCM,4,BKN,89,1,2,,8 H. Sant-Roos,5:38,4,2/2,100%,0/1,0%,0/0,0%,0,1,1,1,0,0,0,0,0,0,0,1,5
UCM,4,BKN,89,1,2,,12 J. Radebaugh,5:17,0,0/0,0%,0/0,0%,0/0,0%,0,0,0,0,0,0,0,0,0,0,1,1,1
UCM,4,BKN,89,1,2,,13 W. Falk,6:09,0,0/0,0%,0/1,0%,0/0,0%,1,2,3,0,1,0,0,0,0,0,0,-1,1
UCM,4,BKN,89,1,2,,15 E. Cate,9:25,6,3/3,100%,0/0,0%,0/0,0%,0,1,1,0,1,0,0,0,0,1,0,6,5
UCM,4,BKN,89,1,2,,21 M. Diagné,0:00,0,0/0,0%,0/0,0%,0/0,0%,0,0,0,0,0,0,0,0,0,0,0,0,0
UCM,4,BKN,89,1,2,,24 Z. Hicks,0:00,0,0/0,0%,0/0,0%,0/0,0%,0,0,0,0,0,0,0,0,0,0,0,0,0
UCM,4,BKN,89,1,2,1,31 D. Ennis,4:43,3,1/1,100%,0/0,0%,1/1,100%,0,1,1,1,0,0,0,0,0,1,1,5,5
UCM,4,BKN,89,1,2,1,99 T. Nakic,3:51,2,1/1,100%,0/1,0%,0/0,0%,1,0,1,0,0,1,0,0,0,1,0,7,2
UCM,4,BKN,89,1,2,,Equipo,,0,0/0,0%,0/0,0%,0/0,0%,0,1,1,0,1,0,0,0,0,1,0,0,
UCM,4,BKN,89,1,3,1,0 D. Cacok,2:56,0,0/0,0%,0/0,0%,0/0,0%,0,0,0,0,1,0,0,0,0,1,0,-12,-2
UCM,4,BKN,89,1,3,,1 M. Forrest,5:42,3,0/3,0%,1/2,50%,0/0,0%,0,1,1,2,1,1,0,0,0,1,0,-5,1
UCM,4,BKN,89,1,3,1,2 S. Raieste,6:24,2,1/1,100%,0/0,0%,0/0,0%,1,1,2,0,1,1,1,0,1,0,0,7,5
UCM,4,BKN,89,1,3,1,5 D. DeJulius,4:18,7,2/2,100%,1/2,50%,0/0,0%,1,0,1,0,1,0,0,0,0,1,2,0,7
UCM,4,BKN,89,1,3,,8 H. Sant-Roos,3:36,0,0/1,0%,0/0,0%,0/0,0%,0,0,0,0,0,0,0,0,0,0,0,-12,-1
UCM,4,BKN,89,1,3,,12 J. Radebaugh,3:03,2,1/2,50%,0/0,0%,0/0,0%,1,0,1,0,0,0,0,0,0,2,0,-12,0
UCM,4,BKN,89,1,3,,13 W. Falk,0:00,0,0/0,0%,0/0,0%,0/0,0%,0,0,0,0,0,0,0,0,0,0,0,0,0
UCM,4,BKN,89,1,3,,15 E. Cate,7:04,0,0/0,0%,0/0,0%,0/2,0%,0,2,2,0,0,0,0,0,0,0,2,7,2
UCM,4,BKN,89,1,3,,21 M. Diagné,0:00,0,0/0,0%,0/0,0%,0/0,0%,0,0,0,0,0,0,0,0,0,0,0,0,0
UCM,4,BKN,89,1,3,,24 Z. Hicks,0:00,0,0/0,0%,0/0,0%,0/0,0%,0,0,0,0,0,0,0,0,0,0,0,0,0
UCM,4,BKN,89,1,3,1,31 D. Ennis,6:57,2,1/2,50%,0/1,0%,0/1,0%,0,1,1,0,0,0,0,0,0,0,1,7,1
UCM,4,BKN,89,1,3,1,99 T. Nakic,10:00,3,0/0,0%,0/1,0%,3/3,100%,0,2,2,0,0,0,0,0,0,0,1,-5,5
UCM,4,BKN,89,1,3,,Equipo,,0,0/0,0%,0/0,0%,0/0,0%,0,0,0,0,0,0,0,0,0,0,0,0,
UCM,4,BKN,89,1,4,1,0 D. Cacok,4:12,2,1/1,100%,0/0,0%,0/0,0%,0,0,0,0,0,0,0,0,1,0,0,-1,2
UCM,4,BKN,89,1,4,,1 M. Forrest,0:00,0,0/0,0%,0/0,0%,0/0,0%,0,0,0,0,0,0,0,0,0,0,0,0,0
UCM,4,BKN,89,1,4,1,2 S. Raieste,6:59,0,0/0,0%,0/1,0%,0/0,0%,0,2,2,1,2,1,1,0,0,1,0,-4,1
UCM,4,BKN,89,1,4,1,5 D. DeJulius,9:18,5,1/2,50%,0/0,0%,3/4,75%,0,1,1,3,0,0,0,0,0,0,4,2,11
UCM,4,BKN,89,1,4,,8 H. Sant-Roos,4:44,3,1/1,100%,0/0,0%,1/2,50%,0,1,1,0,0,0,0,0,0,0,2,-1,5
UCM,4,BKN,89,1,4,,12 J. Radebaugh,0:00,0,0/0,0%,0/0,0%,0/0,0%,0,0,0,0,0,0,0,0,0,0,0,0,0
UCM,4,BKN,89,1,4,,13 W. Falk,5:35,0,0/0,0%,0/0,0%,0/0,0%,0,0,0,0,0,0,0,0,0,0,0,1,0
UCM,4,BKN,89,1,4,,15 E. Cate,5:35,6,3/6,50%,0/0,0%,0/0,0%,1,1,2,0,1,0,0,1,0,2,0,1,1
UCM,4,BKN,89,1,4,,21 M. Diagné,0:00,0,0/0,0%,0/0,0%,0/0,0%,0,0,0,0,0,0,0,0,0,0,0,0,0
UCM,4,BKN,89,1,4,,24 Z. Hicks,0:00,0,0/0,0%,0/0,0%,0/0,0%,0,0,0,0,0,0,0,0,0,0,0,0,0
UCM,4,BKN,89,1,4,1,31 D. Ennis,10:00,2,1/3,33%,0/1,0%,0/0,0%,0,2,2,0,1,0,0,0,0,0,0,-1,0
UCM,4,BKN,89,1,4,1,99 T. Nakic,3:37,3,0/0,0%,1/1,100%,0/0,0%,0,1,1,0,0,0,0,0,0,1,0,-2,3
UCM,4,BKN,89,1,4,,Equipo,,0,0/0,0%,0/0,0%,0/0,0%,0,0,0,0,0,0,0,0,0,0,0,0,
BKN,4,UCM,84,0,1,1,1 M. Diakite,5:48,0,0/0,0%,0/0,0%,0/0,0%,1,0,1,1,0,0,1,0,0,1,0,3,2
BKN,4,UCM,84,0,1,1,2 K. Simmons,10:00,9,3/3,100%,1/4,25%,0/0,0%,1,1,2,0,1,0,0,0,0,2,0,1,5
BKN,4,UCM,84,0,1,,3 M. Nowell,0:00,0,0/0,0%,0/0,0%,0/0,0%,0,0,0,0,0,0,0,0,0,0,0,0,0
BKN,4,UCM,84,0,1,1,4 R. Villar,0:00,0,0/0,0%,0/0,0%,0/0,0%,0,0,0,0,0,0,0,0,0,0,0,0,0
BKN,4,UCM,84,0,1,1,6 H. Diallo,6:02,5,2/2,100%,0/1,0%,1/1,100%,0,3,3,0,2,0,0,0,0,1,1,1,5
BKN,4,UCM,84,0,1,1,7 R. Kurucs,5:53,2,0/1,0%,0/0,0%,2/2,100%,0,0,0,0,0,1,0,0,0,0,1,1,3
BKN,4,UCM,84,0,1,,8 T. Sedekerskis,3:01,0,0/0,0%,0/0,0%,0/0,0%,0,0,0,0,0,0,0,0,0,1,0,-2,-1
BKN,4,UCM,84,0,1,,9 Luwawu-Cabarrot,8:05,0,0/2,0%,0/3,0%,0/0,0%,3,2,5,0,1,1,0,0,0,1,1,5,0
BKN,4,UCM,84,0,1,,10 M. Spagnolo,8:19,6,2/5,40%,0/0,0%,2/2,100%,0,1,1,0,0,0,0,0,0,0,1,-2,5
BKN,4,UCM,84,0,1,,18 K. Diop,0:00,0,0/0,0%,0/0,0%,0/0,0%,0,0,0,0,0,0,0,0,0,0,0,0,0
BKN,4,UCM,84,0,1,,25 C. Frisch,2:52,0,0/0,0%,0/0,0%,0/0,0%,0,0,0,0,0,0,0,0,0,0,0,-2,0
BKN,4,UCM,84,0,1,,77 S. Joksimovic,0:00,0,0/0,0%,0/0,0%,0/0,0%,0,0,0,0,0,0,0,0,0,0,0,0,0
BKN,4,UCM,84,0,1,,Equipo,,0,0/0,0%,0/0,0%,0/0,0%,0,1,1,0,0,0,0,0,0,0,0,0,1
BKN,4,UCM,84,0,2,1,1 M. Diakite,2:54,0,0/0,0%,0/0,0%,0/0,0%,0,1,1,0,0,0,0,0,0,0,0,-2,1
BKN,4,UCM,84,0,2,1,2 K. Simmons,3:53,2,1/2,50%,0/0,0%,0/0,0%,0,0,0,0,1,1,0,0,0,0,0,-1,1
BKN,4,UCM,84,0,2,,3 M. Nowell,3:08,0,0/1,0%,0/0,0%,0/0,0%,0,0,0,0,0,0,0,0,0,0,0,-2,-1
BKN,4,UCM,84,0,2,1,4 R. Villar,3:58,0,0/0,0%,0/0,0%,0/0,0%,0,0,0,0,0,0,0,0,0,0,1,-2,1
BKN,4,UCM,84,0,2,1,6 H. Diallo,6:16,2,1/3,33%,0/0,0%,0/2,0%,1,1,2,0,1,0,1,0,1,0,1,-5,1
BKN,4,UCM,84,0,2,1,7 R. Kurucs,6:02,3,1/1,100%,0/0,0%,1/1,100%,0,0,0,0,0,0,0,0,0,0,2,-4,5
BKN,4,UCM,84,0,2,,8 T. Sedekerskis,4:57,0,0/0,0%,0/0,0%,0/0,0%,0,1,1,0,0,0,0,0,0,0,0,-1,1
BKN,4,UCM,84,0,2,,9 Luwawu-Cabarrot,7:06,6,1/4,25%,1/1,100%,1/1,100%,0,1,1,0,0,0,0,0,0,0,1,-4,5
BKN,4,UCM,84,0,2,,10 M. Spagnolo,2:45,0,0/0,0%,0/1,0%,0/0,0%,0,0,0,0,0,0,0,0,0,1,0,-2,-2
BKN,4,UCM,84,0,2,,18 K. Diop,6:07,4,2/3,67%,0/0,0%,0/0,0%,1,2,3,1,0,1,0,0,0,1,0,-5,7
BKN,4,UCM,84,0,2,,25 C. Frisch,0:00,0,0/0,0%,0/0,0%,0/0,0%,0,0,0,0,0,0,0,0,0,0,0,0,0
BKN,4,UCM,84,0,2,,77 S. Joksimovic,2:54,0,0/1,0%,0/0,0%,0/0,0%,0,0,0,0,1,0,0,0,0,1,0,-2,-3
BKN,4,UCM,84,0,2,,Equipo,,0,0/0,0%,0/0,0%,0/0,0%,0,0,0,0,0,0,0,0,0,0,0,0,
BKN,4,UCM,84,0,3,1,1 M. Diakite,3:25,0,0/0,0%,0/0,0%,0/0,0%,0,1,1,1,0,0,0,0,0,1,0,3,1
BKN,4,UCM,84,0,3,1,2 K. Simmons,7:14,3,0/2,0%,1/1,100%,0/0,0%,0,0,0,2,0,0,0,0,0,0,0,12,3
BKN,4,UCM,84,0,3,,3 M. Nowell,1:39,0,0/0,0%,0/1,0%,0/0,0%,0,0,0,0,1,0,0,0,0,0,1,-5,-1
BKN,4,UCM,84,0,3,1,4 R. Villar,5:25,2,1/1,100%,0/0,0%,0/0,0%,0,0,0,0,0,1,0,0,0,2,1,-2,2
BKN,4,UCM,84,0,3,1,6 H. Diallo,5:42,4,2/2,100%,0/0,0%,0/3,0%,0,5,5,2,1,0,0,0,0,1,2,5,8
BKN,4,UCM,84,0,3,1,7 R. Kurucs,6:37,8,1/1,100%,2/3,67%,0/0,0%,0,0,0,1,0,1,0,0,0,2,0,13,7
BKN,4,UCM,84,0,3,,8 T. Sedekerskis,6:47,0,0/0,0%,0/0,0%,0/0,0%,1,1,2,0,0,0,0,0,0,0,0,3,2
BKN,4,UCM,84,0,3,,9 Luwawu-Cabarrot,6:24,2,1/2,50%,0/2,0%,0/0,0%,0,1,1,0,0,0,0,1,0,0,0,-7,-1
BKN,4,UCM,84,0,3,,10 M. Spagnolo,3:36,5,2/2,100%,0/0,0%,1/1,100%,0,0,0,0,0,1,0,0,0,0,1,12,7
BKN,4,UCM,84,0,3,,18 K. Diop,3:11,0,0/0,0%,0/0,0%,0/0,0%,0,0,0,0,0,0,0,0,0,0,0,-9,0
BKN,4,UCM,84,0,3,,25 C. Frisch,0:00,0,0/0,0%,0/0,0%,0/0,0%,0,0,0,0,0,0,0,0,0,0,0,0,0
BKN,4,UCM,84,0,3,,77 S. Joksimovic,0:00,0,0/0,0%,0/0,0%,0/0,0%,0,0,0,0,0,0,0,0,0,0,0,0,0
BKN,4,UCM,84,0,3,,Equipo,,0,0/0,0%,0/0,0%,0/0,0%,0,0,0,0,0,0,0,0,0,0,0,0,
BKN,4,UCM,84,0,4,1,1 M. Diakite,5:48,0,0/0,0%,0/0,0%,0/0,0%,1,0,1,1,0,0,1,0,0,1,0,3,2
BKN,4,UCM,84,0,4,1,2 K. Simmons,10:00,9,3/3,100%,1/4,25%,0/0,0%,1,1,2,0,1,0,0,0,0,2,0,1,5
BKN,4,UCM,84,0,4,,3 M. Nowell,0:00,0,0/0,0%,0/0,0%,0/0,0%,0,0,0,0,0,0,0,0,0,0,0,0,0
BKN,4,UCM,84,0,4,1,4 R. Villar,0:00,0,0/0,0%,0/0,0%,0/0,0%,0,0,0,0,0,0,0,0,0,0,0,0,0
BKN,4,UCM,84,0,4,1,6 H. Diallo,6:02,5,2/2,100%,0/1,0%,1/1,100%,0,3,3,0,2,0,0,0,0,1,1,1,5
BKN,4,UCM,84,0,4,1,7 R. Kurucs,5:53,2,0/1,0%,0/0,0%,2/2,100%,0,0,0,0,0,1,0,0,0,0,1,1,3
BKN,4,UCM,84,0,4,,8 T. Sedekerskis,3:01,0,0/0,0%,0/0,0%,0/0,0%,0,0,0,0,0,0,0,0,0,1,0,-2,-1
BKN,4,UCM,84,0,4,,9 Luwawu-Cabarrot,8:05,0,0/2,0%,0/3,0%,0/0,0%,3,2,5,0,1,1,0,0,0,1,1,5,0
BKN,4,UCM,84,0,4,,10 M. Spagnolo,8:19,6,2/5,40%,0/0,0%,2/2,100%,0,1,1,0,0,0,0,0,0,0,1,-2,5
BKN,4,UCM,84,0,4,,18 K. Diop,0:00,0,0/0,0%,0/0,0%,0/0,0%,0,0,0,0,0,0,0,0,0,0,0,0,0
BKN,4,UCM,84,0,4,,25 C. Frisch,2:52,0,0/0,0%,0/0,0%,0/0,0%,0,0,0,0,0,0,0,0,0,0,0,-2,0
BKN,4,UCM,84,0,4,,77 S. Joksimovic,0:00,0,0/0,0%,0/0,0%,0/0,0%,0,0,0,0,0,0,0,0,0,0,0,0,0
BKN,4,UCM,84,0,4,,Equipo,,0,0/0,0%,0/0,0%,0/0,0%,0,1,1,0,0,0,0,0,0,0,0,0,
SBB,4,MBA,81,1,1,,2 M. Normantas,2:47,0,0/0,0%,0/1,0%,0/0,0%,0,0,0,0,0,0,0,0,0,2,0,1,-3
SBB,4,MBA,81,1,1,,3 H. Frey,4:54,3,0/0,0%,1/2,50%,0/0,0%,0,1,1,0,2,0,0,0,0,0,0,-5,1
SBB,4,MBA,81,1,1,,5 B. Errasti,0:00,0,0/0,0%,0/0,0%,0/0,0%,0,0,0,0,0,0,0,0,0,0,0,0,0
SBB,4,MBA,81,1,1,1,7 J. Jaworski,6:58,2,1/1,100%,0/2,0%,0/0,0%,0,0,0,0,0,0,0,0,0,0,0,10,0
SBB,4,MBA,81,1,1,1,10 M. Krampelj,3:55,5,0/0,0%,1/2,50%,2/2,100%,0,3,3,1,0,0,0,0,0,0,1,8,9
SBB,4,MBA,81,1,1,1,11 D. Hilliard,3:40,2,1/1,100%,0/0,0%,0/0,0%,0,0,0,0,0,0,0,0,0,1,0,8,1
SBB,4,MBA,81,1,1,,13 B. Bagayoko,2:47,2,1/1,100%,0/0,0%,0/0,0%,0,1,1,1,0,0,0,0,0,0,0,1,4
SBB,4,MBA,81,1,1,,18 L. Petrasek,6:20,2,1/1,100%,0/3,0%,0/0,0%,1,0,1,0,0,0,0,0,0,1,0,3,-1
SBB,4,MBA,81,1,1,1,19 M. Pantzar,5:06,2,0/0,0%,0/0,0%,2/2,100%,0,1,1,2,0,0,0,0,0,1,1,16,5
SBB,4,MBA,81,1,1,,22 A. Font,0:15,0,0/0,0%,0/0,0%,0/0,0%,0,0,0,0,0,0,0,0,0,0,0,0,0
SBB,4,MBA,81,1,1,1,32 T. Hlinason,6:58,4,1/1,100%,0/0,0%,2/2,100%,2,2,4,0,1,0,0,0,0,0,2,10,9
SBB,4,MBA,81,1,1,,73 S. Lazarevic,6:20,0,0/0,0%,0/1,0%,0/0,0%,1,2,3,0,0,0,0,0,0,0,1,3,3
SBB,4,MBA,81,1,1,,Equipo,,0,0/0,0%,0/0,0%,0/0,0%,0,0,0,0,0,0,0,0,0,0,0,0,0
SBB,4,MBA,81,1,2,,2 M. Normantas,3:53,3,0/0,0%,1/2,50%,0/0,0%,1,0,1,1,0,0,0,0,0,0,1,-1,5
SBB,4,MBA,81,1,2,,3 H. Frey,7:51,5,1/1,100%,1/2,50%,0/0,0%,0,0,0,2,0,0,0,0,0,0,0,4,6
SBB,4,MBA,81,1,2,,5 B. Errasti,0:00,0,0/0,0%,0/0,0%,0/0,0%,0,0,0,0,0,0,0,0,0,0,0,0,0
SBB,4,MBA,81,1,2,1,7 J. Jaworski,3:45,3,0/0,0%,1/1,100%,0/0,0%,0,0,0,0,0,1,0,0,0,0,1,4,5
SBB,4,MBA,81,1,2,1,10 M. Krampelj,6:02,4,2/3,67%,0/0,0%,0/0,0%,0,1,1,1,0,0,0,0,2,1,0,1,4
SBB,4,MBA,81,1,2,1,11 D. Hilliard,8:15,3,1/1,100%,0/1,0%,1/2,50%,0,1,1,0,1,1,0,0,0,0,1,3,3
SBB,4,MBA,81,1,2,,13 B. Bagayoko,1:45,0,0/0,0%,0/0,0%,0/0,0%,0,0,0,0,0,0,0,0,0,1,1,3,0
SBB,4,MBA,81,1,2,,18 L. Petrasek,3:58,0,0/0,0%,0/0,0%,0/0,0%,0,0,0,1,0,0,0,0,0,0,0,2,1
SBB,4,MBA,81,1,2,1,19 M. Pantzar,2:09,2,1/1,100%,0/0,0%,0/0,0%,1,0,1,2,0,0,0,0,0,1,0,-1,4
SBB,4,MBA,81,1,2,,22 A. Font,1:45,0,0/0,0%,0/0,0%,0/0,0%,0,0,0,0,0,0,0,0,0,0,0,0,0
SBB,4,MBA,81,1,2,1,32 T. Hlinason,8:15,4,2/4,50%,0/0,0%,0/0,0%,0,2,2,0,1,0,1,1,1,0,0,0,3
SBB,4,MBA,81,1,2,,73 S. Lazarevic,2:22,0,0/0,0%,0/0,0%,0/0,0%,0,0,0,0,0,0,0,0,0,0,0,0,0
SBB,4,MBA,81,1,2,,Equipo,,0,0/0,0%,0/0,0%,0/0,0%,0,1,1,0,0,0,0,0,0,0,0,0,
SBB,4,MBA,81,1,3,,2 M. Normantas,4:56,2,0/0,0%,0/1,0%,2/2,100%,0,0,0,0,0,0,0,0,0,0,0,-3,1
SBB,4,MBA,81,1,3,,3 H. Frey,5:04,3,1/1,100%,0/0,0%,1/2,50%,0,0,0,1,1,0,0,0,0,0,1,2,3
SBB,4,MBA,81,1,3,,5 B. Errasti,0:00,0,0/0,0%,0/0,0%,0/0,0%,0,0,0,0,0,0,0,0,0,0,0,0,0
SBB,4,MBA,81,1,3,1,7 J. Jaworski,5:04,9,1/3,33%,2/3,67%,1/1,100%,0,0,0,0,0,1,0,1,0,1,2,2,7
SBB,4,MBA,81,1,3,1,10 M. Krampelj,3:52,0,0/0,0%,0/0,0%,0/0,0%,0,0,0,0,0,0,0,0,0,0,0,-2,0
SBB,4,MBA,81,1,3,1,11 D. Hilliard,3:41,2,1/1,100%,0/0,0%,0/0,0%,0,0,0,0,2,1,0,0,0,0,0,-2,1
SBB,4,MBA,81,1,3,,13 B. Bagayoko,4:14,0,0/0,0%,0/0,0%,0/0,0%,0,0,0,0,0,1,0,0,0,0,1,1,2
SBB,4,MBA,81,1,3,,18 L. Petrasek,6:08,0,0/1,0%,0/1,0%,0/0,0%,0,1,1,0,0,0,0,0,0,0,0,1,-1
SBB,4,MBA,81,1,3,1,19 M. Pantzar,4:56,2,0/3,0%,0/0,0%,2/2,100%,0,0,0,0,0,0,0,0,0,0,1,-3,0
SBB,4,MBA,81,1,3,,22 A. Font,0:00,0,0/0,0%,0/0,0%,0/0,0%,0,0,0,0,0,0,0,0,0,0,0,0,0
SBB,4,MBA,81,1,3,1,32 T. Hlinason,5:46,0,0/0,0%,0/0,0%,0/0,0%,2,2,4,0,0,0,0,0,0,1,1,-2,4
SBB,4,MBA,81,1,3,,73 S. Lazarevic,6:19,2,1/1,100%,0/0,0%,0/0,0%,0,0,0,1,0,0,0,0,0,2,0,1,1
SBB,4,MBA,81,1,3,,Equipo,,0,0/0,0%,0/0,0%,0/0,0%,1,1,2,0,0,0,0,0,0,0,0,0,
SBB,4,MBA,81,1,4,,2 M. Normantas,2:18,0,0/0,0%,0/0,0%,0/0,0%,0,0,0,0,0,0,0,0,0,0,0,-3,0
SBB,4,MBA,81,1,4,,3 H. Frey,3:25,2,0/0,0%,0/1,0%,2/2,100%,0,0,0,0,1,0,0,0,0,1,1,-6,0
SBB,4,MBA,81,1,4,,5 B. Errasti,0:00,0,0/0,0%,0/0,0%,0/0,0%,0,0,0,0,0,0,0,0,0,0,0,0,0
SBB,4,MBA,81,1,4,1,7 J. Jaworski,7:42,6,0/1,0%,2/4,50%,0/0,0%,0,0,0,0,0,0,0,0,0,1,0,0,2
SBB,4,MBA,81,1,4,1,10 M. Krampelj,7:43,1,0/1,0%,0/0,0%,1/2,50%,1,1,2,0,0,0,0,0,0,2,3,1,2
SBB,4,MBA,81,1,4,1,11 D. Hilliard,5:22,5,1/1,100%,1/4,25%,0/1,0%,0,1,1,1,0,0,0,0,0,0,1,4,4
SBB,4,MBA,81,1,4,,13 B. Bagayoko,4:17,0,0/0,0%,0/0,0%,0/0,0%,1,0,1,0,0,0,0,0,0,0,0,6,1
SBB,4,MBA,81,1,4,,18 L. Petrasek,5:42,0,0/0,0%,0/0,0%,0/0,0%,0,0,0,0,1,1,0,0,0,2,0,-9,-2
SBB,4,MBA,81,1,4,1,19 M. Pantzar,6:35,0,0/2,0%,0/0,0%,0/0,0%,1,1,2,0,2,1,0,0,0,1,0,3,-2
SBB,4,MBA,81,1,4,,22 A. Font,0:00,0,0/0,0%,0/0,0%,0/0,0%,0,0,0,0,0,0,0,0,0,0,0,0,0
SBB,4,MBA,81,1,4,1,32 T. Hlinason,2:18,1,0/1,0%,0/0,0%,1/2,50%,0,0,0,0,0,0,0,1,0,0,1,-4,-1
SBB,4,MBA,81,1,4,,73 S. Lazarevic,4:38,0,0/0,0%,0/0,0%,0/0,0%,2,0,2,0,0,0,0,0,0,0,0,-7,2
SBB,4,MBA,81,1,4,,Equipo,,0,0/0,0%,0/0,0%,0/0,0%,1,0,1,0,0,0,0,0,0,0,0,0,
MBA,4,SBB,71,0,1,1,0 S. Evans,4:04,1,0/0,0%,0/1,0%,1/2,50%,0,0,0,0,1,0,0,0,0,1,1,-13,-2
MBA,4,SBB,71,0,1,,00 M. Udeze,3:33,2,1/2,50%,0/0,0%,0/0,0%,0,0,0,0,0,0,0,0,0,0,0,-2,1
MBA,4,SBB,71,0,1,1,3 A. Best,4:04,0,0/2,0%,0/0,0%,0/0,0%,0,0,0,0,0,0,0,0,0,0,0,-13,-2
MBA,4,SBB,71,0,1,,5 R. Luz,5:56,2,0/0,0%,0/0,0%,2/2,100%,0,1,1,2,0,0,0,0,0,1,1,2,5
MBA,4,SBB,71,0,1,1,11 S. Okoye,6:27,3,0/1,0%,1/1,100%,0/0,0%,0,0,0,0,0,2,0,0,0,1,1,-9,4
MBA,4,SBB,71,0,1,,13 C. Ortega,3:33,0,0/0,0%,0/1,0%,0/0,0%,0,0,0,0,0,1,0,0,0,0,0,-2,0
MBA,4,SBB,71,0,1,,20 F. Bassas,0:00,0,0/0,0%,0/0,0%,0/0,0%,0,0,0,0,0,0,0,0,0,0,0,0,0
MBA,4,SBB,71,0,1,1,22 J. McKoy,6:27,0,0/0,0%,0/3,0%,0/0,0%,0,1,1,0,0,0,0,0,0,0,0,-9,-2
MBA,4,SBB,71,0,1,,24 K. Kuric,5:56,0,0/1,0%,0/0,0%,0/0,0%,0,0,0,1,0,0,0,0,0,0,1,2,1
MBA,4,SBB,71,0,1,,32 R. Guerrero,0:00,0,0/0,0%,0/0,0%,0/0,0%,0,0,0,0,0,0,0,0,0,0,0,0,0
MBA,4,SBB,71,0,1,,35 Y. Pons,3:33,0,0/0,0%,0/0,0%,0/0,0%,0,1,1,0,0,0,0,0,0,1,0,-2,0
MBA,4,SBB,71,0,1,1,99 A. Pustovyi,6:27,3,1/1,100%,0/0,0%,1/2,50%,1,1,2,0,1,0,0,0,0,1,1,-9,3
MBA,4,SBB,71,0,1,,Equipo,,0,0/0,0%,0/0,0%,0/0,0%,1,0,1,0,0,0,0,0,0,0,0,0,1
MBA,4,SBB,71,0,2,1,0 S. Evans,8:58,5,1/1,100%,1/3,33%,0/0,0%,0,0,0,4,0,1,0,0,0,0,0,0,8
MBA,4,SBB,71,0,2,,00 M. Udeze,5:19,4,2/4,50%,0/0,0%,0/0,0%,1,1,2,1,0,0,0,1,0,0,1,-1,5
MBA,4,SBB,71,0,2,1,3 A. Best,5:43,3,0/0,0%,0/1,0%,3/3,100%,0,1,1,0,1,0,0,0,0,1,1,-5,2
MBA,4,SBB,71,0,2,,5 R. Luz,1:02,0,0/0,0%,0/0,0%,0/0,0%,0,0,0,0,1,0,0,0,0,0,0,-3,-1
MBA,4,SBB,71,0,2,1,11 S. Okoye,7:51,0,0/1,0%,0/1,0%,0/0,0%,1,1,2,0,0,0,0,0,0,0,0,-4,0
MBA,4,SBB,71,0,2,,13 C. Ortega,2:09,3,0/0,0%,1/1,100%,0/0,0%,0,0,0,0,0,0,0,0,0,0,0,1,3
MBA,4,SBB,71,0,2,,20 F. Bassas,0:00,0,0/0,0%,0/0,0%,0/0,0%,0,0,0,0,0,0,0,0,0,0,0,0,0
MBA,4,SBB,71,0,2,1,22 J. McKoy,4:41,0,0/0,0%,0/0,0%,0/0,0%,1,2,3,0,0,0,0,0,0,0,0,-2,3
MBA,4,SBB,71,0,2,,24 K. Kuric,5:19,2,1/1,100%,0/1,0%,0/0,0%,0,0,0,0,0,0,0,0,0,1,0,-1,0
MBA,4,SBB,71,0,2,,32 R. Guerrero,0:00,0,0/0,0%,0/0,0%,0/0,0%,0,0,0,0,0,0,0,0,0,0,0,0,0
MBA,4,SBB,71,0,2,,35 Y. Pons,4:17,0,0/0,0%,0/1,0%,0/0,0%,0,0,0,0,0,0,0,0,0,0,0,2,-1
MBA,4,SBB,71,0,2,1,99 A. Pustovyi,4:41,4,2/2,100%,0/0,0%,0/0,0%,0,0,0,0,1,0,1,0,0,2,1,-2,3
MBA,4,SBB,71,0,2,,Equipo,,0,0/0,0%,0/0,0%,0/0,0%,0,0,0,0,0,0,0,0,0,0,0,0,
MBA,4,SBB,71,0,3,,00 M. Udeze,7:51,4,2/3,67%,0/0,0%,0/1,0%,0,1,1,0,1,0,0,0,1,3,1,7,0
MBA,4,SBB,71,0,3,1,0 S. Evans,4:22,0,0/1,0%,0/1,0%,0/0,0%,0,1,1,1,2,1,0,0,0,0,0,-9,-1
MBA,4,SBB,71,0,3,1,3 A. Best,6:43,0,0/0,0%,0/0,0%,0/0,0%,0,0,0,1,0,0,0,0,0,0,0,3,1
MBA,4,SBB,71,0,3,,5 R. Luz,5:38,2,0/0,0%,0/0,0%,2/2,100%,0,0,0,4,1,0,0,0,0,2,1,10,4
MBA,4,SBB,71,0,3,1,11 S. Okoye,6:50,5,1/3,33%,1/1,100%,0/0,0%,2,1,3,0,0,0,0,0,0,0,0,10,6
MBA,4,SBB,71,0,3,,13 C. Ortega,3:10,0,0/0,0%,0/0,0%,0/0,0%,0,0,0,0,0,0,0,0,0,0,0,-9,0
MBA,4,SBB,71,0,3,,20 F. Bassas,0:00,0,0/0,0%,0/0,0%,0/0,0%,0,0,0,0,0,0,0,0,0,0,0,0,0
MBA,4,SBB,71,0,3,1,22 J. McKoy,0:00,0,0/0,0%,0/0,0%,0/0,0%,0,0,0,0,0,0,0,0,0,0,0,0,0
MBA,4,SBB,71,0,3,,24 K. Kuric,8:55,8,1/1,100%,2/3,67%,0/0,0%,0,0,0,0,2,0,1,0,0,0,2,8,8
MBA,4,SBB,71,0,3,,32 R. Guerrero,0:54,0,0/0,0%,0/0,0%,0/0,0%,0,0,0,0,0,0,0,0,0,0,0,-5,0
MBA,4,SBB,71,0,3,,35 Y. Pons,4:20,0,0/0,0%,0/0,0%,0/0,0%,1,0,1,0,0,0,0,0,0,0,0,-6,1
MBA,4,SBB,71,0,3,1,99 A. Pustovyi,1:17,2,1/1,100%,0/0,0%,0/0,0%,0,0,0,0,0,0,0,0,0,1,0,-4,1
MBA,4,SBB,71,0,3,,Equipo,,0,0/0,0%,0/0,0%,0/0,0%,0,3,3,0,1,0,0,0,0,1,0,0,
MBA,4,SBB,71,0,4,1,0 S. Evans,5:25,3,1/3,33%,0/0,0%,1/2,50%,0,0,0,2,0,0,0,0,0,0,1,-1,3
MBA,4,SBB,71,0,4,,00 M. Udeze,3:21,4,1/1,100%,0/0,0%,2/2,100%,0,1,1,0,0,0,0,0,0,0,2,0,7
MBA,4,SBB,71,0,4,1,3 A. Best,10:00,0,0/1,0%,0/1,0%,0/0,0%,1,1,2,0,2,2,0,0,0,2,0,3,-2
MBA,4,SBB,71,0,4,,5 R. Luz,4:35,2,0/0,0%,0/0,0%,2/2,100%,0,1,1,0,0,0,0,0,0,2,3,4,4
MBA,4,SBB,71,0,4,1,11 S. Okoye,9:17,0,0/1,0%,0/2,0%,0/0,0%,0,0,0,1,0,2,1,0,0,0,0,5,1
MBA,4,SBB,71,0,4,,13 C. Ortega,0:43,0,0/0,0%,0/0,0%,0/0,0%,0,0,0,0,0,0,0,0,0,0,0,-2,0
MBA,4,SBB,71,0,4,,20 F. Bassas,0:00,0,0/0,0%,0/0,0%,0/0,0%,0,0,0,0,0,0,0,0,0,0,0,0,0
MBA,4,SBB,71,0,4,1,22 J. McKoy,0:00,0,0/0,0%,0/0,0%,0/0,0%,0,0,0,0,0,0,0,0,0,0,0,0,0
MBA,4,SBB,71,0,4,,24 K. Kuric,4:38,0,0/0,0%,0/0,0%,0/0,0%,0,0,0,0,0,0,0,0,0,0,0,8,0
MBA,4,SBB,71,0,4,,32 R. Guerrero,2:01,0,0/0,0%,0/0,0%,0/0,0%,0,0,0,0,0,0,0,0,0,0,0,-5,0
MBA,4,SBB,71,0,4,,35 Y. Pons,10:00,9,2/2,100%,1/2,50%,2/2,100%,0,2,2,0,0,0,0,0,0,2,1,3,9
MBA,4,SBB,71,0,4,1,99 A. Pustovyi,0:00,0,0/0,0%,0/0,0%,0/0,0%,0,0,0,0,0,0,0,0,0,0,0,0,0
MBA,4,SBB,71,0,4,,Equipo,,0,0/0,0%,0/0,0%,0/0,0%,0,1,1,0,0,0,0,0,0,0,0,0,
VBC,4,JOV,102,1,1,,0 B. Badio,4:04,0,0/1,0%,0/0,0%,0/0,0%,0,0,0,0,2,0,0,0,0,0,0,-1,-3
VBC,4,JOV,102,1,1,1,1 K. Taylor,6:12,6,0/0,0%,2/2,100%,0/0,0%,0,1,1,0,0,0,0,0,0,0,0,5,7
VBC,4,JOV,102,1,1,,3 N. Reuvers,2:26,0,0/0,0%,0/0,0%,0/0,0%,0,0,0,0,0,0,0,0,0,1,0,-1,-1
VBC,4,JOV,102,1,1,1,4 J. Pradilla,5:53,6,3/3,100%,0/1,0%,0/0,0%,0,1,1,2,1,0,0,0,0,0,1,3,8
VBC,4,JOV,102,1,1,1,5 S. de Larrea,3:48,3,0/0,0%,1/1,100%,0/0,0%,0,0,0,2,0,0,0,0,0,1,0,6,4
VBC,4,JOV,102,1,1,,6 López-Arostegui,3:48,2,0/0,0%,0/1,0%,2/2,100%,1,0,1,0,0,0,0,0,0,1,1,-2,2
VBC,4,JOV,102,1,1,,8 J. Montero,2:08,3,0/0,0%,1/1,100%,0/0,0%,0,0,0,0,0,0,0,0,0,0,0,-2,3
VBC,4,JOV,102,1,1,1,10 O. Moore,5:56,0,0/0,0%,0/0,0%,0/0,0%,0,0,0,3,0,0,0,0,0,1,0,4,2
VBC,4,JOV,102,1,1,,12 N. Sako,3:46,2,1/1,100%,0/0,0%,0/0,0%,0,1,1,0,0,0,1,0,0,1,0,-2,3
VBC,4,JOV,102,1,1,,13 D. Thompson,4:04,0,0/0,0%,0/1,0%,0/0,0%,1,0,1,0,0,0,0,0,0,1,0,-1,-1
VBC,4,JOV,102,1,1,1,24 M. Costello,7:55,5,1/1,100%,1/3,33%,0/0,0%,0,2,2,0,0,0,0,0,0,0,1,6,6
VBC,4,JOV,102,1,1,,32 I. Nogués,0:00,0,0/0,0%,0/0,0%,0/0,0%,0,0,0,0,0,0,0,0,0,0,0,0,0
VBC,4,JOV,102,1,1,,Equipo,,0,0/0,0%,0/0,0%,0/0,0%,0,1,1,0,0,0,0,0,0,0,0,0,1
VBC,4,JOV,102,1,2,,0 B. Badio,3:48,0,0/0,0%,0/1,0%,0/0,0%,0,0,0,0,0,0,0,0,0,0,0,-2,-1
VBC,4,JOV,102,1,2,1,1 K. Taylor,3:11,3,0/1,0%,1/1,100%,0/0,0%,0,0,0,0,0,1,0,0,0,0,0,2,3
VBC,4,JOV,102,1,2,,3 N. Reuvers,6:52,3,0/0,0%,1/4,25%,0/0,0%,0,2,2,0,0,0,0,0,0,0,0,-4,2
VBC,4,JOV,102,1,2,1,4 J. Pradilla,5:13,2,0/0,0%,0/0,0%,2/2,100%,1,0,1,0,0,1,0,0,0,0,1,-3,5
VBC,4,JOV,102,1,2,1,5 S. de Larrea,3:48,0,0/0,0%,0/1,0%,0/0,0%,0,1,1,0,1,0,0,0,0,0,0,-2,-1
VBC,4,JOV,102,1,2,,6 López-Arostegui,0:00,0,0/0,0%,0/0,0%,0/0,0%,0,0,0,0,0,0,0,0,0,0,0,0,0
VBC,4,JOV,102,1,2,,8 J. Montero,6:12,3,1/1,100%,0/1,0%,1/2,50%,1,0,1,0,2,0,0,0,0,0,2,-1,2
VBC,4,JOV,102,1,2,1,10 O. Moore,4:16,2,0/1,0%,0/1,0%,2/2,100%,0,0,0,1,0,0,1,0,0,0,1,0,3
VBC,4,JOV,102,1,2,,12 N. Sako,3:08,0,0/0,0%,0/0,0%,0/0,0%,0,2,2,0,0,0,0,0,0,1,0,1,1
VBC,4,JOV,102,1,2,,13 D. Thompson,3:54,2,1/1,100%,0/0,0%,0/0,0%,1,0,1,0,0,0,0,0,0,0,0,-4,3
VBC,4,JOV,102,1,2,1,24 M. Costello,4:47,0,0/0,0%,0/0,0%,0/0,0%,0,1,1,1,1,0,1,0,0,2,1,0,1
VBC,4,JOV,102,1,2,,32 I. Nogués,4:51,2,1/1,100%,0/1,0%,0/0,0%,0,1,1,0,0,0,0,0,0,2,0,-2,0
VBC,4,JOV,102,1,2,,Equipo,,0,0/0,0%,0/0,0%,0/0,0%,1,0,1,0,0,0,0,0,0,0,0,0,1
VBC,4,JOV,102,1,3,,0 B. Badio,4:20,0,0/0,0%,0/0,0%,0/0,0%,0,1,1,1,1,0,0,0,0,1,0,2,0
VBC,4,JOV,102,1,3,1,1 K. Taylor,5:33,6,3/3,100%,0/0,0%,0/0,0%,0,1,1,1,0,0,1,0,0,0,1,2,10
VBC,4,JOV,102,1,3,,3 N. Reuvers,4:51,4,1/1,100%,0/1,0%,2/2,100%,0,0,0,1,0,1,1,0,1,2,2,9,6
VBC,4,JOV,102,1,3,1,4 J. Pradilla,7:50,0,0/0,0%,0/0,0%,0/0,0%,0,1,1,0,0,0,0,0,0,1,1,4,1
VBC,4,JOV,102,1,3,1,5 S. de Larrea,4:08,7,1/1,100%,1/1,100%,2/2,100%,0,0,0,1,2,0,0,0,0,0,1,8,7
VBC,4,JOV,102,1,3,,6 López-Arostegui,4:27,4,0/0,0%,0/1,0%,4/4,100%,0,1,1,1,0,1,0,0,0,0,2,10,8
VBC,4,JOV,102,1,3,,8 J. Montero,2:17,0,0/0,0%,0/0,0%,0/0,0%,0,0,0,0,2,0,0,0,0,0,0,1,-2
VBC,4,JOV,102,1,3,1,10 O. Moore,3:23,0,0/0,0%,0/0,0%,0/0,0%,0,1,1,0,0,0,0,0,0,0,0,9,1
VBC,4,JOV,102,1,3,,12 N. Sako,2:52,4,2/2,100%,0/0,0%,0/0,0%,0,1,1,0,0,0,1,0,1,1,0,1,5
VBC,4,JOV,102,1,3,,13 D. Thompson,5:52,3,0/0,0%,1/1,100%,0/0,0%,0,0,0,1,0,0,0,0,0,1,0,4,3
VBC,4,JOV,102,1,3,1,24 M. Costello,4:27,0,0/0,0%,0/0,0%,0/0,0%,1,2,3,0,0,0,0,0,0,0,0,10,3
VBC,4,JOV,102,1,3,,32 I. Nogués,0:00,0,0/0,0%,0/0,0%,0/0,0%,0,0,0,0,0,0,0,0,0,0,0,0,0
VBC,4,JOV,102,1,3,,Equipo,,0,0/0,0%,0/0,0%,0/0,0%,0,1,1,0,0,0,0,0,0,0,0,0,1
VBC,4,JOV,102,1,4,,0 B. Badio,2:54,2,0/0,0%,0/1,0%,2/2,100%,0,0,0,0,0,1,0,0,0,0,1,1,3
VBC,4,JOV,102,1,4,1,1 K. Taylor,4:21,2,0/1,0%,0/0,0%,2/2,100%,0,0,0,0,0,0,0,0,0,0,1,7,2
VBC,4,JOV,102,1,4,,3 N. Reuvers,4:30,6,0/0,0%,1/2,50%,3/4,75%,0,0,0,0,0,0,0,0,0,0,2,2,6
VBC,4,JOV,102,1,4,1,4 J. Pradilla,6:06,4,0/0,0%,1/1,100%,1/2,50%,0,0,0,1,0,0,0,0,0,0,1,-4,5
VBC,4,JOV,102,1,4,1,5 S. de Larrea,3:23,0,0/0,0%,0/0,0%,0/0,0%,0,0,0,0,0,0,0,0,0,1,0,-1,-1
VBC,4,JOV,102,1,4,,6 López-Arostegui,1:43,0,0/0,0%,0/0,0%,0/0,0%,0,0,0,0,0,0,0,0,0,0,0,-2,0
VBC,4,JOV,102,1,4,,8 J. Montero,7:06,10,3/4,75%,1/2,50%,1/1,100%,0,1,1,2,0,0,0,0,0,0,2,-1,13
VBC,4,JOV,102,1,4,1,10 O. Moore,0:00,0,0/0,0%,0/0,0%,0/0,0%,0,0,0,0,0,0,0,0,0,0,0,0,0
VBC,4,JOV,102,1,4,,12 N. Sako,5:30,4,2/2,100%,0/0,0%,0/0,0%,0,1,1,1,0,1,0,0,2,1,0,-2,6
VBC,4,JOV,102,1,4,,13 D. Thompson,6:37,2,1/1,100%,0/1,0%,0/0,0%,0,1,1,2,0,1,0,0,0,0,1,1,6
VBC,4,JOV,102,1,4,1,24 M. Costello,3:54,0,0/0,0%,0/0,0%,0/0,0%,0,2,2,0,0,0,0,0,0,0,0,4,2
VBC,4,JOV,102,1,4,,32 I. Nogués,3:56,0,0/0,0%,0/1,0%,0/0,0%,1,0,1,1,0,0,0,0,0,1,0,-5,0
VBC,4,JOV,102,1,4,,Equipo,,0,0/0,0%,0/0,0%,0/0,0%,0,1,1,0,1,0,0,0,0,1,0,0,
JOV,4,VBC,90,0,1,,0 H. Drell,3:46,0,0/0,0%,0/1,0%,0/0,0%,0,0,0,0,0,0,0,0,0,0,0,2,-1
JOV,4,VBC,90,0,1,,1 Y. Kraag,4:48,0,0/1,0%,0/1,0%,0/0,0%,2,1,3,0,0,0,0,1,0,1,0,4,-1
JOV,4,VBC,90,0,1,,9 R. Rubio,5:03,4,0/1,0%,0/0,0%,4/4,100%,0,1,1,1,1,0,0,0,0,0,3,7,7
JOV,4,VBC,90,0,1,,12 L. Hakanson,4:04,2,0/0,0%,0/1,0%,2/2,100%,0,0,0,0,0,0,0,0,0,0,1,3,2
JOV,4,VBC,90,0,1,1,16 G. Vives,4:57,3,0/0,0%,1/1,100%,0/0,0%,0,0,0,1,0,0,0,0,0,0,0,-10,4
JOV,4,VBC,90,0,1,1,17 S. Dekker,2:38,0,0/1,0%,0/1,0%,0/0,0%,0,0,0,0,0,0,0,0,0,0,0,-4,-2
JOV,4,VBC,90,0,1,,21 M. Allen,3:36,5,2/2,100%,0/0,0%,1/1,100%,0,0,0,0,0,2,0,0,0,2,1,-1,6
JOV,4,VBC,90,0,1,1,24 C. Hunt,5:56,6,0/0,0%,2/2,100%,0/0,0%,0,0,0,1,0,0,0,0,0,0,0,-6,7
JOV,4,VBC,90,0,1,1,35 S. Birgander,5:56,2,1/2,50%,0/0,0%,0/0,0%,0,0,0,2,0,0,0,0,0,0,0,-6,3
JOV,4,VBC,90,0,1,,44 A. Tomic,4:04,0,0/1,0%,0/0,0%,0/0,0%,1,1,2,0,1,0,0,0,0,0,0,3,0
JOV,4,VBC,90,0,1,1,88 A. Hanga,5:12,2,1/1,100%,0/0,0%,0/0,0%,0,1,1,0,0,1,0,0,0,0,1,-7,5
JOV,4,VBC,90,0,1,,Equipo,,0,0/0,0%,0/0,0%,0/0,0%,0,0,0,0,0,0,0,0,0,0,0,0,0
JOV,4,VBC,90,0,2,,0 H. Drell,2:37,0,0/0,0%,0/0,0%,0/0,0%,0,0,0,0,0,0,0,0,0,1,0,1,-1
JOV,4,VBC,90,0,2,,1 Y. Kraag,3:54,0,0/0,0%,0/0,0%,0/0,0%,0,2,2,1,0,0,0,0,0,0,0,4,3
JOV,4,VBC,90,0,2,,9 R. Rubio,5:09,4,1/2,50%,0/0,0%,2/2,100%,0,0,0,0,1,0,0,0,0,0,1,1,3
JOV,4,VBC,90,0,2,,12 L. Hakanson,4:08,0,0/0,0%,0/0,0%,0/0,0%,0,0,0,0,0,0,0,0,0,0,0,0,0
JOV,4,VBC,90,0,2,1,16 G. Vives,3:15,0,0/1,0%,0/0,0%,0/0,0%,0,0,0,0,1,0,0,0,0,0,1,0,-1
JOV,4,VBC,90,0,2,1,17 S. Dekker,6:06,0,0/1,0%,0/0,0%,0/0,0%,0,0,0,0,0,1,0,0,0,1,0,-1,-1
JOV,4,VBC,90,0,2,,21 M. Allen,1:17,0,0/0,0%,0/1,0%,0/0,0%,0,0,0,0,0,0,0,0,0,1,0,3,-2
JOV,4,VBC,90,0,2,1,24 C. Hunt,7:28,12,3/3,100%,2/3,67%,0/0,0%,1,0,1,0,1,0,0,0,0,1,0,5,10
JOV,4,VBC,90,0,2,1,35 S. Birgander,5:13,0,0/0,0%,0/0,0%,0/0,0%,0,1,1,0,0,0,0,0,0,1,0,1,0
JOV,4,VBC,90,0,2,,44 A. Tomic,4:47,4,1/2,50%,0/0,0%,2/2,100%,0,1,1,0,0,0,0,1,0,0,2,2,5
JOV,4,VBC,90,0,2,1,88 A. Hanga,6:06,0,0/0,0%,0/2,0%,0/0,0%,0,1,1,0,0,0,0,1,0,0,1,-1,-1
JOV,4,VBC,90,0,2,,Equipo,,0,0/0,0%,0/0,0%,0/0,0%,0,1,1,0,0,0,0,0,0,0,0,0,
JOV,4,VBC,90,0,3,,0 H. Drell,0:00,0,0/0,0%,0/0,0%,0/0,0%,0,0,0,0,0,0,0,0,0,0,0,0,0
JOV,4,VBC,90,0,3,,1 Y. Kraag,5:38,0,0/0,0%,0/0,0%,0/0,0%,0,0,0,0,0,1,0,0,0,0,0,-10,1
JOV,4,VBC,90,0,3,,9 R. Rubio,4:27,0,0/2,0%,0/1,0%,0/0,0%,0,0,0,2,0,0,0,0,0,0,0,-10,-1
JOV,4,VBC,90,0,3,,12 L. Hakanson,5:19,3,0/1,0%,1/1,100%,0/0,0%,0,0,0,0,1,1,0,1,0,0,1,-4,2
JOV,4,VBC,90,0,3,1,16 G. Vives,4:41,0,0/0,0%,0/0,0%,0/0,0%,0,0,0,1,0,0,0,0,0,0,0,-8,1
JOV,4,VBC,90,0,3,1,17 S. Dekker,5:35,0,0/0,0%,0/0,0%,0/0,0%,1,0,1,0,0,1,0,0,0,1,0,-2,1
JOV,4,VBC,90,0,3,,21 M. Allen,3:02,0,0/0,0%,0/0,0%,0/0,0%,0,0,0,0,0,0,0,0,0,1,0,-8,-1
JOV,4,VBC,90,0,3,1,24 C. Hunt,5:33,0,0/1,0%,0/0,0%,0/0,0%,0,0,0,0,1,0,0,0,0,2,1,-2,-3
JOV,4,VBC,90,0,3,1,35 S. Birgander,4:21,3,1/2,50%,0/0,0%,1/2,50%,1,0,1,0,0,0,0,1,0,2,1,-4,0
JOV,4,VBC,90,0,3,,44 A. Tomic,5:32,5,2/6,33%,0/0,0%,1/1,100%,0,0,0,0,0,0,0,1,0,0,3,-8,3
JOV,4,VBC,90,0,3,1,88 A. Hanga,5:52,5,1/1,100%,1/2,50%,0/0,0%,0,1,1,0,2,1,0,0,0,1,0,-4,3
JOV,4,VBC,90,0,3,,Equipo,,0,0/0,0%,0/0,0%,0/0,0%,0,0,0,0,0,0,0,0,0,0,0,0,
JOV,4,VBC,90,0,4,,0 H. Drell,3:18,3,1/1,100%,0/1,0%,1/2,50%,0,1,1,0,1,0,0,0,0,1,1,0,1
JOV,4,VBC,90,0,4,,1 Y. Kraag,3:23,0,0/0,0%,0/0,0%,0/0,0%,0,0,0,1,0,0,0,0,0,2,0,-1,-1
JOV,4,VBC,90,0,4,,9 R. Rubio,7:15,5,1/1,100%,1/1,100%,0/1,0%,0,2,2,4,1,0,0,0,0,1,1,3,9
JOV,4,VBC,90,0,4,,12 L. Hakanson,2:45,0,0/0,0%,0/0,0%,0/0,0%,0,0,0,1,0,0,0,0,0,1,0,-3,0
JOV,4,VBC,90,0,4,1,16 G. Vives,0:00,0,0/0,0%,0/0,0%,0/0,0%,0,0,0,0,0,0,0,0,0,0,0,0,0
JOV,4,VBC,90,0,4,1,17 S. Dekker,3:42,3,0/0,0%,1/3,33%,0/0,0%,0,0,0,0,0,0,0,0,0,0,0,-4,1
JOV,4,VBC,90,0,4,,21 M. Allen,2:29,2,1/1,100%,0/0,0%,0/0,0%,0,0,0,0,0,0,0,0,1,1,0,6,1
JOV,4,VBC,90,0,4,1,24 C. Hunt,10:00,10,0/1,0%,3/5,60%,1/1,100%,0,0,0,1,0,0,0,0,0,0,0,0,8
JOV,4,VBC,90,0,4,1,35 S. Birgander,3:18,0,0/0,0%,0/0,0%,0/0,0%,0,0,0,0,0,0,0,0,0,1,0,3,-1
JOV,4,VBC,90,0,4,,44 A. Tomic,6:42,4,2/3,67%,0/0,0%,0/0,0%,0,1,1,1,0,0,0,0,0,0,1,-3,6
JOV,4,VBC,90,0,4,1,88 A. Hanga,7:08,3,0/0,0%,1/2,50%,0/0,0%,1,2,3,2,1,0,0,0,0,1,0,-1,5
JOV,4,VBC,90,0,4,,Equipo,,0,0/0,0%,0/0,0%,0/0,0%,1,1,2,0,0,0,0,0,0,0,0,0,
RMB,4,BAX,87,1,1,1,0 T. Lyles,6:10,0,0/0,0%,0/3,0%,0/0,0%,0,0,0,0,0,1,0,0,0,1,1,4,-2
RMB,4,BAX,87,1,1,,1 D. Kramer,0:00,0,0/0,0%,0/0,0%,0/0,0%,0,0,0,0,0,0,0,0,0,0,0,0,0
RMB,4,BAX,87,1,1,1,6 A. Abalde,6:29,6,0/0,0%,2/2,100%,0/0,0%,0,1,1,1,0,0,0,0,0,0,0,7,8
RMB,4,BAX,87,1,1,,7 F. Campazzo,4:40,5,1/1,100%,1/2,50%,0/0,0%,0,1,1,1,0,0,0,0,0,0,0,2,6
RMB,4,BAX,87,1,1,,8 C. Okeke,3:50,0,0/0,0%,0/0,0%,0/0,0%,0,0,0,0,1,0,0,0,0,1,0,0,-2
RMB,4,BAX,87,1,1,,9 G. Procida,3:50,0,0/0,0%,0/1,0%,0/0,0%,0,0,0,1,0,0,0,0,0,0,0,0,0
RMB,4,BAX,87,1,1,1,11 M. Hezonja,6:10,2,1/2,50%,0/1,0%,0/0,0%,0,0,0,0,0,0,0,0,0,0,0,4,0
RMB,4,BAX,87,1,1,1,12 T. Maledon,5:20,0,0/0,0%,0/1,0%,0/2,0%,0,0,0,2,1,0,0,0,0,1,1,2,-2
RMB,4,BAX,87,1,1,,13 I. Almansa,0:00,0,0/0,0%,0/0,0%,0/0,0%,0,0,0,0,0,0,0,0,0,0,0,0,0
RMB,4,BAX,87,1,1,,16 U. Garuba,3:31,2,1/1,100%,0/0,0%,0/0,0%,1,0,1,0,0,0,0,0,0,0,0,-3,3
RMB,4,BAX,87,1,1,1,22 W. Tavares,6:29,6,1/1,100%,0/0,0%,4/4,100%,2,4,6,0,2,1,2,0,0,0,2,7,15
RMB,4,BAX,87,1,1,,23 S. Llull,3:31,0,0/0,0%,0/0,0%,0/0,0%,0,0,0,1,1,0,0,0,0,2,0,-3,-2
RMB,4,BAX,87,1,1,,Equipo,,0,0/0,0%,0/0,0%,0/0,0%,0,0,0,0,0,0,0,0,0,0,0,0,0
RMB,4,BAX,87,1,2,1,0 T. Lyles,4:12,5,1/1,100%,0/0,0%,3/3,100%,0,2,2,0,0,0,0,0,0,0,2,6,9
RMB,4,BAX,87,1,2,,1 D. Kramer,4:42,0,0/0,0%,0/0,0%,0/0,0%,0,0,0,0,0,0,0,0,0,1,0,0,-1
RMB,4,BAX,87,1,2,1,6 A. Abalde,3:09,2,1/3,33%,0/0,0%,0/0,0%,0,0,0,0,0,0,0,1,0,0,0,2,-1
RMB,4,BAX,87,1,2,,7 F. Campazzo,6:21,0,0/1,0%,0/0,0%,0/0,0%,0,0,0,1,1,0,0,0,0,2,1,7,-2
RMB,4,BAX,87,1,2,,8 C. Okeke,5:48,6,0/0,0%,2/2,100%,0/0,0%,0,2,2,0,0,0,0,0,0,0,1,-3,9
RMB,4,BAX,87,1,2,,9 G. Procida,1:37,0,0/0,0%,0/0,0%,0/0,0%,0,0,0,0,0,0,0,0,0,0,0,2,0
RMB,4,BAX,87,1,2,1,11 M. Hezonja,8:23,2,1/1,100%,0/0,0%,0/0,0%,1,1,2,0,2,1,0,0,0,1,0,1,2
RMB,4,BAX,87,1,2,1,12 T. Maledon,3:39,0,0/2,0%,0/1,0%,0/0,0%,0,0,0,2,0,0,0,0,0,1,0,-4,-2
RMB,4,BAX,87,1,2,,13 I. Almansa,4:28,2,1/2,50%,0/0,0%,0/0,0%,0,0,0,0,0,0,1,0,0,0,0,-4,2
RMB,4,BAX,87,1,2,,16 U. Garuba,1:20,2,1/1,100%,0/0,0%,0/0,0%,0,0,0,0,1,0,0,0,0,1,0,1,0
RMB,4,BAX,87,1,2,1,22 W. Tavares,4:12,2,0/1,0%,0/0,0%,2/2,100%,0,2,2,0,0,0,3,0,0,0,2,6,8
RMB,4,BAX,87,1,2,,23 S. Llull,2:09,0,0/0,0%,0/0,0%,0/0,0%,0,0,0,0,0,0,0,0,0,0,0,1,0
RMB,4,BAX,87,1,2,,Equipo,,0,0/0,0%,0/0,0%,0/0,0%,1,0,1,0,0,0,0,0,0,0,0,0,
RMB,4,BAX,87,1,3,1,0 T. Lyles,7:10,7,2/2,100%,0/0,0%,3/3,100%,0,1,1,0,0,0,0,0,0,0,3,6,11
RMB,4,BAX,87,1,3,,1 D. Kramer,0:00,0,0/0,0%,0/0,0%,0/0,0%,0,0,0,0,0,0,0,0,0,0,0,0,0
RMB,4,BAX,87,1,3,1,6 A. Abalde,5:51,0,0/0,0%,0/0,0%,0/0,0%,0,0,0,0,0,0,0,0,0,1,0,5,-1
RMB,4,BAX,87,1,3,,7 F. Campazzo,5:08,0,0/1,0%,0/0,0%,0/0,0%,0,1,1,0,1,0,0,0,0,1,1,4,-1
RMB,4,BAX,87,1,3,,8 C. Okeke,2:50,0,0/1,0%,0/1,0%,0/0,0%,0,0,0,0,0,0,0,0,0,0,0,-3,-2
RMB,4,BAX,87,1,3,,9 G. Procida,5:38,0,0/0,0%,0/0,0%,0/0,0%,0,0,0,0,1,0,0,0,0,0,0,3,-1
RMB,4,BAX,87,1,3,1,11 M. Hezonja,4:22,0,0/0,0%,0/2,0%,0/0,0%,0,1,1,0,1,0,0,0,0,1,0,0,-3
RMB,4,BAX,87,1,3,1,12 T. Maledon,4:52,6,0/0,0%,0/0,0%,6/6,100%,0,0,0,0,1,1,0,0,0,0,4,-1,10
RMB,4,BAX,87,1,3,,13 I. Almansa,0:00,0,0/0,0%,0/0,0%,0/0,0%,0,0,0,0,0,0,0,0,0,0,0,0,0
RMB,4,BAX,87,1,3,,16 U. Garuba,2:50,2,1/1,100%,0/0,0%,0/0,0%,2,1,3,0,2,0,0,0,0,3,0,-3,0
RMB,4,BAX,87,1,3,1,22 W. Tavares,7:10,8,2/2,100%,0/0,0%,4/4,100%,2,3,5,1,1,0,0,0,1,0,2,6,15
RMB,4,BAX,87,1,3,,23 S. Llull,4:09,0,0/0,0%,0/0,0%,0/0,0%,0,0,0,0,1,0,0,0,0,0,0,-2,-1
RMB,4,BAX,87,1,3,,Equipo,,0,0/0,0%,0/0,0%,0/0,0%,0,1,1,0,0,1,0,0,0,0,0,0,
RMB,4,BAX,87,1,4,1,0 T. Lyles,4:36,0,0/1,0%,0/0,0%,0/0,0%,1,0,1,0,1,0,0,0,0,1,0,0,-2
RMB,4,BAX,87,1,4,,1 D. Kramer,4:36,0,0/1,0%,0/0,0%,0/0,0%,0,1,1,0,2,1,0,0,0,2,0,4,-3
RMB,4,BAX,87,1,4,1,6 A. Abalde,6:02,1,0/0,0%,0/0,0%,1/2,50%,0,0,0,0,1,1,0,0,0,1,1,0,0
RMB,4,BAX,87,1,4,,7 F. Campazzo,7:00,7,2/2,100%,1/2,50%,0/1,0%,1,0,1,1,0,0,0,0,0,0,2,-2,9
RMB,4,BAX,87,1,4,,8 C. Okeke,3:58,0,0/0,0%,0/0,0%,0/0,0%,0,3,3,0,0,0,0,0,0,0,0,2,3
RMB,4,BAX,87,1,4,,9 G. Procida,1:26,0,0/0,0%,0/0,0%,0/0,0%,0,0,0,0,0,0,0,0,0,0,0,0,0
RMB,4,BAX,87,1,4,1,11 M. Hezonja,5:24,4,1/3,33%,0/1,0%,2/2,100%,0,1,1,0,1,0,0,1,0,0,2,-2,2
RMB,4,BAX,87,1,4,1,12 T. Maledon,3:00,2,1/3,33%,0/0,0%,0/0,0%,1,0,1,0,0,0,0,0,0,2,1,4,0
RMB,4,BAX,87,1,4,,13 I. Almansa,2:18,0,0/0,0%,0/0,0%,0/0,0%,0,0,0,0,0,0,0,0,0,0,0,0,0
RMB,4,BAX,87,1,4,,16 U. Garuba,4:36,6,3/5,60%,0/0,0%,0/0,0%,5,0,5,0,0,1,2,0,1,0,1,4,13
RMB,4,BAX,87,1,4,1,22 W. Tavares,3:06,0,0/0,0%,0/0,0%,0/0,0%,0,1,1,0,0,0,0,0,0,0,0,-2,1
RMB,4,BAX,87,1,4,,23 S. Llull,3:58,2,0/3,0%,0/1,0%,2/2,100%,0,0,0,0,0,0,0,0,0,0,1,2,-1
RMB,4,BAX,87,1,4,,Equipo,,0,0/0,0%,0/0,0%,0/0,0%,1,0,1,0,0,1,0,0,0,0,0,0,
BAX,4,RMB,75,0,1,1,0 K. Akobundu,2:50,2,1/2,50%,0/0,0%,0/0,0%,0,0,0,0,0,0,0,0,1,0,0,3,1
BAX,4,RMB,75,0,1,,2 H. Benitez,5:28,0,0/0,0%,0/0,0%,0/0,0%,0,0,0,0,1,0,0,0,0,0,0,-5,-1
BAX,4,RMB,75,0,1,,4 M. Gaspà,0:28,0,0/0,0%,0/0,0%,0/0,0%,0,0,0,0,0,0,0,0,0,0,0,-2,0
BAX,4,RMB,75,0,1,1,8 A. Reyes,6:34,2,1/2,50%,0/1,0%,0/0,0%,0,2,2,0,0,1,0,0,0,0,1,3,4
BAX,4,RMB,75,0,1,,11 A. Ubal,5:28,0,0/1,0%,0/0,0%,0/0,0%,0,0,0,1,0,0,0,0,0,0,1,-5,1
BAX,4,RMB,75,0,1,,12 M. Steinbergs,3:48,0,0/1,0%,0/0,0%,0/0,0%,0,0,0,0,0,0,0,0,0,2,0,-7,-3
BAX,4,RMB,75,0,1,,18 G. Knudsen,3:26,0,0/0,0%,0/0,0%,0/0,0%,0,2,2,0,2,0,0,0,0,1,0,-5,-1
BAX,4,RMB,75,0,1,1,19 L. Olinde,5:44,2,1/1,100%,0/0,0%,0/0,0%,0,0,0,0,0,2,0,0,0,0,1,3,5
BAX,4,RMB,75,0,1,1,32 R. Obasohan,4:32,5,0/1,0%,1/1,100%,2/2,100%,0,0,0,0,1,1,0,1,0,0,1,1,4
BAX,4,RMB,75,0,1,,33 G. Golden,4:40,6,3/4,75%,0/0,0%,0/0,0%,0,1,1,0,1,0,0,0,0,0,0,-2,5
BAX,4,RMB,75,0,1,,47 A. Izaw-Bolavie,2:30,0,0/2,0%,0/0,0%,0/0,0%,2,0,2,0,0,0,0,1,0,0,0,-5,-1
BAX,4,RMB,75,0,1,1,55 D. Pérez,4:32,0,0/2,0%,0/0,0%,0/0,0%,0,1,1,2,0,0,0,0,0,1,1,1,1
BAX,4,RMB,75,0,1,,Equipo,,0,0/0,0%,0/0,0%,0/0,0%,1,0,1,0,0,0,0,0,0,0,0,0,1
BAX,4,RMB,75,0,2,1,0 K. Akobundu,5:35,3,1/1,100%,0/0,0%,1/1,100%,1,1,2,0,0,0,1,0,0,0,1,4,7
BAX,4,RMB,75,0,2,,2 H. Benitez,4:25,2,1/1,100%,0/0,0%,0/0,0%,0,1,1,1,0,0,0,0,0,0,0,2,4
BAX,4,RMB,75,0,2,,4 M. Gaspà,0:00,0,0/0,0%,0/0,0%,0/0,0%,0,0,0,0,0,0,0,0,0,0,0,0,0
BAX,4,RMB,75,0,2,1,8 A. Reyes,5:52,2,1/3,33%,0/0,0%,0/0,0%,0,1,1,0,0,0,0,1,0,1,1,-3,0
BAX,4,RMB,75,0,2,,11 A. Ubal,3:44,0,0/0,0%,0/1,0%,0/0,0%,0,0,0,0,1,0,0,0,0,1,1,2,-2
BAX,4,RMB,75,0,2,,12 M. Steinbergs,2:35,0,0/0,0%,0/0,0%,0/0,0%,0,0,0,0,0,0,0,0,0,1,0,-7,-1
BAX,4,RMB,75,0,2,,18 G. Knudsen,1:03,0,0/0,0%,0/0,0%,0/0,0%,0,0,0,0,0,0,0,0,0,0,0,-4,0
BAX,4,RMB,75,0,2,1,19 L. Olinde,7:25,5,0/1,0%,1/1,100%,2/2,100%,0,2,2,0,0,0,1,1,0,1,1,4,6
BAX,4,RMB,75,0,2,1,32 R. Obasohan,8:05,4,1/2,50%,0/3,0%,2/4,50%,0,0,0,0,1,0,0,1,0,0,2,-1,-2
BAX,4,RMB,75,0,2,,33 G. Golden,4:25,2,1/3,33%,0/0,0%,0/0,0%,1,0,1,1,1,0,0,0,0,2,0,-7,-1
BAX,4,RMB,75,0,2,,47 A. Izaw-Bolavie,0:00,0,0/0,0%,0/0,0%,0/0,0%,0,0,0,0,0,0,0,0,0,0,0,0,0
BAX,4,RMB,75,0,2,1,55 D. Pérez,6:51,0,0/1,0%,0/1,0%,0/0,0%,0,1,1,1,0,0,0,1,0,0,0,-5,-1
BAX,4,RMB,75,0,2,,Equipo,,0,0/0,0%,0/0,0%,0/0,0%,3,0,3,0,0,0,0,0,0,0,0,0,
BAX,4,RMB,75,0,3,1,0 K. Akobundu,3:57,0,0/0,0%,0/0,0%,0/0,0%,1,0,1,0,0,0,1,0,0,0,0,-2,2
BAX,4,RMB,75,0,3,,2 H. Benitez,5:36,2,1/1,100%,0/1,0%,0/0,0%,0,0,0,1,0,0,0,0,0,2,0,3,0
BAX,4,RMB,75,0,3,,4 M. Gaspà,0:00,0,0/0,0%,0/0,0%,0/0,0%,0,0,0,0,0,0,0,0,0,0,0,0,0
BAX,4,RMB,75,0,3,1,8 A. Reyes,7:25,2,1/1,100%,0/2,0%,0/0,0%,0,0,0,0,0,0,0,0,0,1,1,-6,0
BAX,4,RMB,75,0,3,,11 A. Ubal,4:46,2,1/2,50%,0/0,0%,0/0,0%,0,0,0,0,1,1,0,0,0,1,1,0,1
BAX,4,RMB,75,0,3,,12 M. Steinbergs,2:58,0,0/0,0%,0/1,0%,0/0,0%,0,0,0,0,1,0,0,0,0,2,0,-5,-4
BAX,4,RMB,75,0,3,,18 G. Knudsen,2:35,0,0/0,0%,0/0,0%,0/0,0%,0,0,0,0,0,0,0,0,0,0,0,3,0
BAX,4,RMB,75,0,3,1,19 L. Olinde,5:58,2,1/2,50%,0/1,0%,0/0,0%,1,1,2,0,0,0,0,0,0,1,0,4,1
BAX,4,RMB,75,0,3,1,32 R. Obasohan,5:29,0,0/2,0%,0/1,0%,0/0,0%,1,0,1,0,0,0,0,0,0,1,1,-3,-2
BAX,4,RMB,75,0,3,,33 G. Golden,6:52,10,4/5,80%,0/0,0%,2/3,67%,2,0,2,0,0,1,0,0,0,1,3,-3,13
BAX,4,RMB,75,0,3,,47 A. Izaw-Bolavie,0:00,0,0/0,0%,0/0,0%,0/0,0%,0,0,0,0,0,0,0,0,0,0,0,0,0
BAX,4,RMB,75,0,3,1,55 D. Pérez,4:24,2,1/3,33%,0/0,0%,0/0,0%,0,0,0,1,1,1,0,0,0,1,0,-6,0
BAX,4,RMB,75,0,3,,Equipo,,0,0/0,0%,0/0,0%,0/0,0%,1,0,1,0,1,0,0,0,0,0,0,0,
BAX,4,RMB,75,0,4,1,0 K. Akobundu,6:35,0,0/0,0%,0/0,0%,0/0,0%,0,1,1,0,0,0,1,0,0,1,1,-2,2
BAX,4,RMB,75,0,4,,2 H. Benitez,4:30,6,3/5,60%,0/0,0%,0/0,0%,0,0,0,0,0,1,0,1,0,0,1,-4,5
BAX,4,RMB,75,0,4,,4 M. Gaspà,0:00,0,0/0,0%,0/0,0%,0/0,0%,0,0,0,0,0,0,0,0,0,0,0,0,0
BAX,4,RMB,75,0,4,1,8 A. Reyes,10:00,7,2/3,67%,1/3,33%,0/0,0%,0,2,2,0,0,0,0,1,0,1,0,-2,4
BAX,4,RMB,75,0,4,,11 A. Ubal,4:17,5,0/0,0%,1/1,100%,2/2,100%,0,1,1,0,0,0,0,0,0,0,1,2,7
BAX,4,RMB,75,0,4,,12 M. Steinbergs,0:00,0,0/0,0%,0/0,0%,0/0,0%,0,0,0,0,0,0,0,0,0,0,0,0,0
BAX,4,RMB,75,0,4,,18 G. Knudsen,5:47,0,0/0,0%,0/0,0%,0/0,0%,0,0,0,0,0,0,0,0,0,1,0,-2,-1
BAX,4,RMB,75,0,4,1,19 L. Olinde,4:13,0,0/1,0%,0/0,0%,0/0,0%,1,0,1,0,0,0,0,0,0,0,1,0,1
BAX,4,RMB,75,0,4,1,32 R. Obasohan,5:43,2,1/2,50%,0/0,0%,0/0,0%,0,0,0,0,1,0,0,0,0,3,0,-4,-3
BAX,4,RMB,75,0,4,,33 G. Golden,3:25,0,0/1,0%,0/0,0%,0/0,0%,1,0,1,1,0,0,0,0,0,0,0,0,1
BAX,4,RMB,75,0,4,,47 A. Izaw-Bolavie,0:00,0,0/0,0%,0/0,0%,0/0,0%,0,0,0,0,0,0,0,0,0,0,0,0,0
BAX,4,RMB,75,0,4,1,55 D. Pérez,5:30,0,0/1,0%,0/0,0%,0/0,0%,0,1,1,3,3,0,0,0,0,2,2,2,0
BAX,4,RMB,75,0,4,,Equipo,,0,0/0,0%,0/0,0%,0/0,0%,1,0,1,0,1,0,0,0,0,0,0,0,